names,timestamp,id_can,prioridade,dado
VENTOR_LINEAR_ACC_X,1771300942.9536242,0x001,3,4889500.00 Linear acceleration in x
VENTOR_ANGULAR_SPEED_X,1771300942.9536242,0x001,3,0.00 Angular speed in x
VENTOR_LINEAR_ACC_Y,1771300942.9536242,0x001,3,5631900.00 Linear acceleration in y
VENTOR_ANGULAR_SPEED_Y,1771300942.9536242,0x001,3,0.00 Angular speed in y
VENTOR_LINEAR_ACC_Z,1771300942.9536724,0x002,4,5401900.00 Linear acceleration in z
VENTOR_ANGULAR_SPEED_Z,1771300942.9536724,0x002,4,0.00 Angular speed in z
VENTOR_LINEAR_SPEED_X,1771300942.9536724,0x002,4,5325500.00 Linear speed in x
VENTOR_LINEAR_SPEED_Y,1771300942.9536724,0x002,4,1152000.00 Linear speed in y
VENTOR_LINEAR_ACC_X,1771300942.9637146,0x001,3,4889500.00 Linear acceleration in x
VENTOR_ANGULAR_SPEED_X,1771300942.9637146,0x001,3,0.00 Angular speed in x
VENTOR_LINEAR_ACC_Y,1771300942.9637146,0x001,3,5631900.00 Linear acceleration in y
VENTOR_ANGULAR_SPEED_Y,1771300942.9637146,0x001,3,0.00 Angular speed in y
VENTOR_LINEAR_ACC_Z,1771300942.9637606,0x002,4,5401900.00 Linear acceleration in z
VENTOR_ANGULAR_SPEED_Z,1771300942.9637606,0x002,4,0.00 Angular speed in z
VENTOR_LINEAR_SPEED_X,1771300942.9637606,0x002,4,5325500.00 Linear speed in x
VENTOR_LINEAR_SPEED_Y,1771300942.9637606,0x002,4,1152000.00 Linear speed in y
VENTOR_LINEAR_ACC_X,1771300942.9743302,0x001,3,4889500.00 Linear acceleration in x
VENTOR_ANGULAR_SPEED_X,1771300942.9743302,0x001,3,0.00 Angular speed in x
VENTOR_LINEAR_ACC_Y,1771300942.9743302,0x001,3,5631900.00 Linear acceleration in y
VENTOR_ANGULAR_SPEED_Y,1771300942.9743302,0x001,3,0.00 Angular speed in y
VENTOR_LINEAR_ACC_Z,1771300942.974402,0x002,4,5401900.00 Linear acceleration in z
VENTOR_ANGULAR_SPEED_Z,1771300942.974402,0x002,4,0.00 Angular speed in z
VENTOR_LINEAR_SPEED_X,1771300942.974402,0x002,4,5325500.00 Linear speed in x
VENTOR_LINEAR_SPEED_Y,1771300942.974402,0x002,4,1152000.00 Linear speed in y
VENTOR_LINEAR_ACC_X,1771300942.98444,0x001,3,4889500.00 Linear acceleration in x
VENTOR_ANGULAR_SPEED_X,1771300942.98444,0x001,3,0.00 Angular speed in x
VENTOR_LINEAR_ACC_Y,1771300942.98444,0x001,3,5631900.00 Linear acceleration in y
VENTOR_ANGULAR_SPEED_Y,1771300942.98444,0x001,3,0.00 Angular speed in y
VENTOR_LINEAR_ACC_Z,1771300942.984549,0x002,4,5401900.00 Linear acceleration in z
VENTOR_ANGULAR_SPEED_Z,1771300942.984549,0x002,4,0.00 Angular speed in z
VENTOR_LINEAR_SPEED_X,1771300942.984549,0x002,4,5325500.00 Linear speed in x
VENTOR_LINEAR_SPEED_Y,1771300942.984549,0x002,4,1152000.00 Linear speed in y
VENTOR_LINEAR_ACC_X,1771300942.9945145,0x001,3,4889500.00 Linear acceleration in x
VENTOR_ANGULAR_SPEED_X,1771300942.9945145,0x001,3,0.00 Angular speed in x
VENTOR_LINEAR_ACC_Y,1771300942.9945145,0x001,3,5631900.00 Linear acceleration in y
VENTOR_ANGULAR_SPEED_Y,1771300942.9945145,0x001,3,0.00 Angular speed in y
VENTOR_LINEAR_ACC_Z,1771300942.994577,0x002,4,5401900.00 Linear acceleration in z
VENTOR_ANGULAR_SPEED_Z,1771300942.994577,0x002,4,0.00 Angular speed in z
VENTOR_LINEAR_SPEED_X,1771300942.994577,0x002,4,5325500.00 Linear speed in x
VENTOR_LINEAR_SPEED_Y,1771300942.994577,0x002,4,1152000.00 Linear speed in y
VENTOR_LINEAR_ACC_X,1771300943.0046313,0x001,3,4889500.00 Linear acceleration in x
VENTOR_ANGULAR_SPEED_X,1771300943.0046313,0x001,3,0.00 Angular speed in x
VENTOR_LINEAR_ACC_Y,1771300943.0046313,0x001,3,5631900.00 Linear acceleration in y
VENTOR_ANGULAR_SPEED_Y,1771300943.0046313,0x001,3,0.00 Angular speed in y
VENTOR_LINEAR_ACC_Z,1771300943.004681,0x002,4,5401900.00 Linear acceleration in z
VENTOR_ANGULAR_SPEED_Z,1771300943.004681,0x002,4,0.00 Angular speed in z
VENTOR_LINEAR_SPEED_X,1771300943.004681,0x002,4,5325500.00 Linear speed in x
VENTOR_LINEAR_SPEED_Y,1771300943.004681,0x002,4,1152000.00 Linear speed in y
VENTOR_LINEAR_ACC_X,1771300943.0147567,0x001,3,4889500.00 Linear acceleration in x
VENTOR_ANGULAR_SPEED_X,1771300943.0147567,0x001,3,0.00 Angular speed in x
VENTOR_LINEAR_ACC_Y,1771300943.0147567,0x001,3,5631900.00 Linear acceleration in y
VENTOR_ANGULAR_SPEED_Y,1771300943.0147567,0x001,3,0.00 Angular speed in y
VENTOR_LINEAR_ACC_Z,1771300943.0148046,0x002,4,5401900.00 Linear acceleration in z
VENTOR_ANGULAR_SPEED_Z,1771300943.0148046,0x002,4,0.00 Angular speed in z
VENTOR_LINEAR_SPEED_X,1771300943.0148046,0x002,4,5325500.00 Linear speed in x
VENTOR_LINEAR_SPEED_Y,1771300943.0148046,0x002,4,1152000.00 Linear speed in y
VENTOR_LINEAR_ACC_X,1771300943.0249884,0x001,3,4889500.00 Linear acceleration in x
VENTOR_ANGULAR_SPEED_X,1771300943.0249884,0x001,3,0.00 Angular speed in x
VENTOR_LINEAR_ACC_Y,1771300943.0249884,0x001,3,5631900.00 Linear acceleration in y
VENTOR_ANGULAR_SPEED_Y,1771300943.0249884,0x001,3,0.00 Angular speed in y
VENTOR_LINEAR_ACC_Z,1771300943.0251157,0x002,4,5401900.00 Linear acceleration in z
VENTOR_ANGULAR_SPEED_Z,1771300943.0251157,0x002,4,0.00 Angular speed in z
VENTOR_LINEAR_SPEED_X,1771300943.0251157,0x002,4,5325500.00 Linear speed in x
VENTOR_LINEAR_SPEED_Y,1771300943.0251157,0x002,4,1152000.00 Linear speed in y
VENTOR_LINEAR_ACC_X,1771300943.0349839,0x001,3,4889500.00 Linear acceleration in x
VENTOR_ANGULAR_SPEED_X,1771300943.0349839,0x001,3,0.00 Angular speed in x
VENTOR_LINEAR_ACC_Y,1771300943.0349839,0x001,3,5631900.00 Linear acceleration in y
VENTOR_ANGULAR_SPEED_Y,1771300943.0349839,0x001,3,0.00 Angular speed in y
VENTOR_LINEAR_ACC_Z,1771300943.035074,0x002,4,5401900.00 Linear acceleration in z
VENTOR_ANGULAR_SPEED_Z,1771300943.035074,0x002,4,0.00 Angular speed in z
VENTOR_LINEAR_SPEED_X,1771300943.035074,0x002,4,5325500.00 Linear speed in x
VENTOR_LINEAR_SPEED_Y,1771300943.035074,0x002,4,1152000.00 Linear speed in y
VENTOR_LINEAR_ACC_X,1771300943.045166,0x001,3,4863900.00 Linear acceleration in x
VENTOR_ANGULAR_SPEED_X,1771300943.045166,0x001,3,0.00 Angular speed in x
VENTOR_LINEAR_ACC_Y,1771300943.045166,0x001,3,5631900.00 Linear acceleration in y
VENTOR_ANGULAR_SPEED_Y,1771300943.045166,0x001,3,0.00 Angular speed in y
VENTOR_LINEAR_ACC_Z,1771300943.0452178,0x002,4,5401900.00 Linear acceleration in z
VENTOR_ANGULAR_SPEED_Z,1771300943.0452178,0x002,4,0.00 Angular speed in z
VENTOR_LINEAR_SPEED_X,1771300943.0452178,0x002,4,5325500.00 Linear speed in x
VENTOR_LINEAR_SPEED_Y,1771300943.0452178,0x002,4,1152000.00 Linear speed in y
VENTOR_LINEAR_ACC_X,1771300943.0552013,0x001,3,4889500.00 Linear acceleration in x
VENTOR_ANGULAR_SPEED_X,1771300943.0552013,0x001,3,0.00 Angular speed in x
VENTOR_LINEAR_ACC_Y,1771300943.0552013,0x001,3,5631900.00 Linear acceleration in y
VENTOR_ANGULAR_SPEED_Y,1771300943.0552013,0x001,3,0.00 Angular speed in y
VENTOR_LINEAR_ACC_Z,1771300943.0552464,0x002,4,5401900.00 Linear acceleration in z
VENTOR_ANGULAR_SPEED_Z,1771300943.0552464,0x002,4,0.00 Angular speed in z
VENTOR_LINEAR_SPEED_X,1771300943.0552464,0x002,4,5325500.00 Linear speed in x
VENTOR_LINEAR_SPEED_Y,1771300943.0552464,0x002,4,1152000.00 Linear speed in y
VENTOR_LINEAR_ACC_X,1771300943.0652869,0x001,3,4889500.00 Linear acceleration in x
VENTOR_ANGULAR_SPEED_X,1771300943.0652869,0x001,3,0.00 Angular speed in x
VENTOR_LINEAR_ACC_Y,1771300943.0652869,0x001,3,5631900.00 Linear acceleration in y
VENTOR_ANGULAR_SPEED_Y,1771300943.0652869,0x001,3,0.00 Angular speed in y
VENTOR_LINEAR_ACC_Z,1771300943.065357,0x002,4,5401900.00 Linear acceleration in z
VENTOR_ANGULAR_SPEED_Z,1771300943.065357,0x002,4,0.00 Angular speed in z
VENTOR_LINEAR_SPEED_X,1771300943.065357,0x002,4,5325500.00 Linear speed in x
VENTOR_LINEAR_SPEED_Y,1771300943.065357,0x002,4,1152000.00 Linear speed in y
VENTOR_LINEAR_ACC_X,1771300943.0754495,0x001,3,4889500.00 Linear acceleration in x
VENTOR_ANGULAR_SPEED_X,1771300943.0754495,0x001,3,0.00 Angular speed in x
VENTOR_LINEAR_ACC_Y,1771300943.0754495,0x001,3,5631900.00 Linear acceleration in y
VENTOR_ANGULAR_SPEED_Y,1771300943.0754495,0x001,3,0.00 Angular speed in y
VENTOR_LINEAR_ACC_Z,1771300943.075524,0x002,4,5401900.00 Linear acceleration in z
VENTOR_ANGULAR_SPEED_Z,1771300943.075524,0x002,4,0.00 Angular speed in z
VENTOR_LINEAR_SPEED_X,1771300943.075524,0x002,4,5325500.00 Linear speed in x
VENTOR_LINEAR_SPEED_Y,1771300943.075524,0x002,4,1152000.00 Linear speed in y
VENTOR_LINEAR_ACC_X,1771300943.0855105,0x001,3,4889500.00 Linear acceleration in x
VENTOR_ANGULAR_SPEED_X,1771300943.0855105,0x001,3,0.00 Angular speed in x
VENTOR_LINEAR_ACC_Y,1771300943.0855105,0x001,3,5631900.00 Linear acceleration in y
VENTOR_ANGULAR_SPEED_Y,1771300943.0855105,0x001,3,0.00 Angular speed in y
VENTOR_LINEAR_ACC_Z,1771300943.085556,0x002,4,5401900.00 Linear acceleration in z
VENTOR_ANGULAR_SPEED_Z,1771300943.085556,0x002,4,0.00 Angular speed in z
VENTOR_LINEAR_SPEED_X,1771300943.085556,0x002,4,5325500.00 Linear speed in x
VENTOR_LINEAR_SPEED_Y,1771300943.085556,0x002,4,1152000.00 Linear speed in y
VENTOR_LINEAR_ACC_X,1771300943.0955756,0x001,3,4889500.00 Linear acceleration in x
VENTOR_ANGULAR_SPEED_X,1771300943.0955756,0x001,3,0.00 Angular speed in x
VENTOR_LINEAR_ACC_Y,1771300943.0955756,0x001,3,5631900.00 Linear acceleration in y
VENTOR_ANGULAR_SPEED_Y,1771300943.0955756,0x001,3,0.00 Angular speed in y
VENTOR_LINEAR_ACC_Z,1771300943.0956264,0x002,4,5401900.00 Linear acceleration in z
VENTOR_ANGULAR_SPEED_Z,1771300943.0956264,0x002,4,0.00 Angular speed in z
VENTOR_LINEAR_SPEED_X,1771300943.0956264,0x002,4,5325500.00 Linear speed in x
VENTOR_LINEAR_SPEED_Y,1771300943.0956264,0x002,4,1152000.00 Linear speed in y
VENTOR_LINEAR_ACC_X,1771300943.1056879,0x001,3,4889500.00 Linear acceleration in x
VENTOR_ANGULAR_SPEED_X,1771300943.1056879,0x001,3,0.00 Angular speed in x
VENTOR_LINEAR_ACC_Y,1771300943.1056879,0x001,3,5631900.00 Linear acceleration in y
VENTOR_ANGULAR_SPEED_Y,1771300943.1056879,0x001,3,0.00 Angular speed in y
VENTOR_LINEAR_ACC_Z,1771300943.105743,0x002,4,5401900.00 Linear acceleration in z
VENTOR_ANGULAR_SPEED_Z,1771300943.105743,0x002,4,0.00 Angular speed in z
VENTOR_LINEAR_SPEED_X,1771300943.105743,0x002,4,5325500.00 Linear speed in x
VENTOR_LINEAR_SPEED_Y,1771300943.105743,0x002,4,1152000.00 Linear speed in y
VENTOR_LINEAR_ACC_X,1771300943.1158073,0x001,3,4889500.00 Linear acceleration in x
VENTOR_ANGULAR_SPEED_X,1771300943.1158073,0x001,3,0.00 Angular speed in x
VENTOR_LINEAR_ACC_Y,1771300943.1158073,0x001,3,5631900.00 Linear acceleration in y
VENTOR_ANGULAR_SPEED_Y,1771300943.1158073,0x001,3,0.00 Angular speed in y
VENTOR_LINEAR_ACC_Z,1771300943.115864,0x002,4,5401900.00 Linear acceleration in z
VENTOR_ANGULAR_SPEED_Z,1771300943.115864,0x002,4,0.00 Angular speed in z
VENTOR_LINEAR_SPEED_X,1771300943.115864,0x002,4,5325500.00 Linear speed in x
VENTOR_LINEAR_SPEED_Y,1771300943.115864,0x002,4,1152000.00 Linear speed in y
VENTOR_LINEAR_ACC_X,1771300943.1258886,0x001,3,4889500.00 Linear acceleration in x
VENTOR_ANGULAR_SPEED_X,1771300943.1258886,0x001,3,0.00 Angular speed in x
VENTOR_LINEAR_ACC_Y,1771300943.1258886,0x001,3,5631900.00 Linear acceleration in y
VENTOR_ANGULAR_SPEED_Y,1771300943.1258886,0x001,3,0.00 Angular speed in y
VENTOR_LINEAR_ACC_Z,1771300943.125939,0x002,4,5401900.00 Linear acceleration in z
VENTOR_ANGULAR_SPEED_Z,1771300943.125939,0x002,4,0.00 Angular speed in z
VENTOR_LINEAR_SPEED_X,1771300943.125939,0x002,4,5325500.00 Linear speed in x
VENTOR_LINEAR_SPEED_Y,1771300943.125939,0x002,4,1152000.00 Linear speed in y
VENTOR_LINEAR_ACC_X,1771300943.136107,0x001,3,4889500.00 Linear acceleration in x
VENTOR_ANGULAR_SPEED_X,1771300943.136107,0x001,3,0.00 Angular speed in x
VENTOR_LINEAR_ACC_Y,1771300943.136107,0x001,3,5631900.00 Linear acceleration in y
VENTOR_ANGULAR_SPEED_Y,1771300943.136107,0x001,3,0.00 Angular speed in y
VENTOR_LINEAR_ACC_Z,1771300943.1361692,0x002,4,5401900.00 Linear acceleration in z
VENTOR_ANGULAR_SPEED_Z,1771300943.1361692,0x002,4,0.00 Angular speed in z
VENTOR_LINEAR_SPEED_X,1771300943.1361692,0x002,4,5325500.00 Linear speed in x
VENTOR_LINEAR_SPEED_Y,1771300943.1361692,0x002,4,1152000.00 Linear speed in y
VENTOR_LINEAR_ACC_X,1771300943.1461186,0x001,3,4889500.00 Linear acceleration in x
VENTOR_ANGULAR_SPEED_X,1771300943.1461186,0x001,3,0.00 Angular speed in x
VENTOR_LINEAR_ACC_Y,1771300943.1461186,0x001,3,5631900.00 Linear acceleration in y
VENTOR_ANGULAR_SPEED_Y,1771300943.1461186,0x001,3,0.00 Angular speed in y
VENTOR_LINEAR_ACC_Z,1771300943.1474464,0x002,4,5401900.00 Linear acceleration in z
VENTOR_ANGULAR_SPEED_Z,1771300943.1474464,0x002,4,0.00 Angular speed in z
VENTOR_LINEAR_SPEED_X,1771300943.1474464,0x002,4,5325500.00 Linear speed in x
VENTOR_LINEAR_SPEED_Y,1771300943.1474464,0x002,4,1152000.00 Linear speed in y
VENTOR_LINEAR_ACC_X,1771300943.1562192,0x001,3,4889500.00 Linear acceleration in x
VENTOR_ANGULAR_SPEED_X,1771300943.1562192,0x001,3,0.00 Angular speed in x
VENTOR_LINEAR_ACC_Y,1771300943.1562192,0x001,3,5631900.00 Linear acceleration in y
VENTOR_ANGULAR_SPEED_Y,1771300943.1562192,0x001,3,0.00 Angular speed in y
VENTOR_LINEAR_ACC_Z,1771300943.1562731,0x002,4,5401900.00 Linear acceleration in z
VENTOR_ANGULAR_SPEED_Z,1771300943.1562731,0x002,4,0.00 Angular speed in z
VENTOR_LINEAR_SPEED_X,1771300943.1562731,0x002,4,5325500.00 Linear speed in x
VENTOR_LINEAR_SPEED_Y,1771300943.1562731,0x002,4,1152000.00 Linear speed in y
VENTOR_LINEAR_ACC_X,1771300943.1663816,0x001,3,4889500.00 Linear acceleration in x
VENTOR_ANGULAR_SPEED_X,1771300943.1663816,0x001,3,0.00 Angular speed in x
VENTOR_LINEAR_ACC_Y,1771300943.1663816,0x001,3,5631900.00 Linear acceleration in y
VENTOR_ANGULAR_SPEED_Y,1771300943.1663816,0x001,3,0.00 Angular speed in y
VENTOR_LINEAR_ACC_Z,1771300943.1664329,0x002,4,5401900.00 Linear acceleration in z
VENTOR_ANGULAR_SPEED_Z,1771300943.1664329,0x002,4,0.00 Angular speed in z
VENTOR_LINEAR_SPEED_X,1771300943.1664329,0x002,4,5325500.00 Linear speed in x
VENTOR_LINEAR_SPEED_Y,1771300943.1664329,0x002,4,1152000.00 Linear speed in y
VENTOR_LINEAR_ACC_X,1771300943.1765509,0x001,3,4889500.00 Linear acceleration in x
VENTOR_ANGULAR_SPEED_X,1771300943.1765509,0x001,3,0.00 Angular speed in x
VENTOR_LINEAR_ACC_Y,1771300943.1765509,0x001,3,5631900.00 Linear acceleration in y
VENTOR_ANGULAR_SPEED_Y,1771300943.1765509,0x001,3,0.00 Angular speed in y
VENTOR_LINEAR_ACC_Z,1771300943.1766064,0x002,4,5401900.00 Linear acceleration in z
VENTOR_ANGULAR_SPEED_Z,1771300943.1766064,0x002,4,0.00 Angular speed in z
VENTOR_LINEAR_SPEED_X,1771300943.1766064,0x002,4,5325500.00 Linear speed in x
VENTOR_LINEAR_SPEED_Y,1771300943.1766064,0x002,4,1152000.00 Linear speed in y
VENTOR_LINEAR_ACC_X,1771300943.187211,0x001,3,4889500.00 Linear acceleration in x
VENTOR_ANGULAR_SPEED_X,1771300943.187211,0x001,3,0.00 Angular speed in x
VENTOR_LINEAR_ACC_Y,1771300943.187211,0x001,3,5631900.00 Linear acceleration in y
VENTOR_ANGULAR_SPEED_Y,1771300943.187211,0x001,3,0.00 Angular speed in y
VENTOR_LINEAR_ACC_Z,1771300943.1872678,0x002,4,5401900.00 Linear acceleration in z
VENTOR_ANGULAR_SPEED_Z,1771300943.1872678,0x002,4,0.00 Angular speed in z
VENTOR_LINEAR_SPEED_X,1771300943.1872678,0x002,4,5325500.00 Linear speed in x
VENTOR_LINEAR_SPEED_Y,1771300943.1872678,0x002,4,1152000.00 Linear speed in y
VENTOR_LINEAR_ACC_X,1771300943.1973376,0x001,3,4889500.00 Linear acceleration in x
VENTOR_ANGULAR_SPEED_X,1771300943.1973376,0x001,3,0.00 Angular speed in x
VENTOR_LINEAR_ACC_Y,1771300943.1973376,0x001,3,5631900.00 Linear acceleration in y
VENTOR_ANGULAR_SPEED_Y,1771300943.1973376,0x001,3,0.00 Angular speed in y
VENTOR_LINEAR_ACC_Z,1771300943.1973946,0x002,4,5401900.00 Linear acceleration in z
VENTOR_ANGULAR_SPEED_Z,1771300943.1973946,0x002,4,0.00 Angular speed in z
VENTOR_LINEAR_SPEED_X,1771300943.1973946,0x002,4,5325500.00 Linear speed in x
VENTOR_LINEAR_SPEED_Y,1771300943.1973946,0x002,4,1152000.00 Linear speed in y
VENTOR_LINEAR_ACC_X,1771300943.2074401,0x001,3,4889500.00 Linear acceleration in x
VENTOR_ANGULAR_SPEED_X,1771300943.2074401,0x001,3,0.00 Angular speed in x
VENTOR_LINEAR_ACC_Y,1771300943.2074401,0x001,3,5631900.00 Linear acceleration in y
VENTOR_ANGULAR_SPEED_Y,1771300943.2074401,0x001,3,0.00 Angular speed in y
VENTOR_LINEAR_ACC_Z,1771300943.2074964,0x002,4,5401900.00 Linear acceleration in z
VENTOR_ANGULAR_SPEED_Z,1771300943.2074964,0x002,4,0.00 Angular speed in z
VENTOR_LINEAR_SPEED_X,1771300943.2074964,0x002,4,5325500.00 Linear speed in x
VENTOR_LINEAR_SPEED_Y,1771300943.2074964,0x002,4,1152000.00 Linear speed in y
VENTOR_LINEAR_ACC_X,1771300943.2175522,0x001,3,4889500.00 Linear acceleration in x
VENTOR_ANGULAR_SPEED_X,1771300943.2175522,0x001,3,0.00 Angular speed in x
VENTOR_LINEAR_ACC_Y,1771300943.2175522,0x001,3,5631900.00 Linear acceleration in y
VENTOR_ANGULAR_SPEED_Y,1771300943.2175522,0x001,3,0.00 Angular speed in y
VENTOR_LINEAR_ACC_Z,1771300943.2176147,0x002,4,5401900.00 Linear acceleration in z
VENTOR_ANGULAR_SPEED_Z,1771300943.2176147,0x002,4,0.00 Angular speed in z
VENTOR_LINEAR_SPEED_X,1771300943.2176147,0x002,4,5325500.00 Linear speed in x
VENTOR_LINEAR_SPEED_Y,1771300943.2176147,0x002,4,1152000.00 Linear speed in y
VENTOR_LINEAR_ACC_X,1771300943.2276425,0x001,3,4889500.00 Linear acceleration in x
VENTOR_ANGULAR_SPEED_X,1771300943.2276425,0x001,3,0.00 Angular speed in x
VENTOR_LINEAR_ACC_Y,1771300943.2276425,0x001,3,5631900.00 Linear acceleration in y
VENTOR_ANGULAR_SPEED_Y,1771300943.2276425,0x001,3,0.00 Angular speed in y
VENTOR_LINEAR_ACC_Z,1771300943.2276917,0x002,4,5401900.00 Linear acceleration in z
VENTOR_ANGULAR_SPEED_Z,1771300943.2276917,0x002,4,0.00 Angular speed in z
VENTOR_LINEAR_SPEED_X,1771300943.2276917,0x002,4,5325500.00 Linear speed in x
VENTOR_LINEAR_SPEED_Y,1771300943.2276917,0x002,4,1152000.00 Linear speed in y
VENTOR_LINEAR_ACC_X,1771300943.237734,0x001,3,4889500.00 Linear acceleration in x
VENTOR_ANGULAR_SPEED_X,1771300943.237734,0x001,3,0.00 Angular speed in x
VENTOR_LINEAR_ACC_Y,1771300943.237734,0x001,3,5631900.00 Linear acceleration in y
VENTOR_ANGULAR_SPEED_Y,1771300943.237734,0x001,3,0.00 Angular speed in y
VENTOR_LINEAR_ACC_Z,1771300943.2377849,0x002,4,5401900.00 Linear acceleration in z
VENTOR_ANGULAR_SPEED_Z,1771300943.2377849,0x002,4,0.00 Angular speed in z
VENTOR_LINEAR_SPEED_X,1771300943.2377849,0x002,4,5325500.00 Linear speed in x
VENTOR_LINEAR_SPEED_Y,1771300943.2377849,0x002,4,1152000.00 Linear speed in y
VENTOR_LINEAR_ACC_X,1771300943.2478342,0x001,3,4889500.00 Linear acceleration in x
VENTOR_ANGULAR_SPEED_X,1771300943.2478342,0x001,3,0.00 Angular speed in x
VENTOR_LINEAR_ACC_Y,1771300943.2478342,0x001,3,5631900.00 Linear acceleration in y
VENTOR_ANGULAR_SPEED_Y,1771300943.2478342,0x001,3,0.00 Angular speed in y
VENTOR_LINEAR_ACC_Z,1771300943.2478828,0x002,4,5401900.00 Linear acceleration in z
VENTOR_ANGULAR_SPEED_Z,1771300943.2478828,0x002,4,0.00 Angular speed in z
VENTOR_LINEAR_SPEED_X,1771300943.2478828,0x002,4,5325500.00 Linear speed in x
VENTOR_LINEAR_SPEED_Y,1771300943.2478828,0x002,4,1152000.00 Linear speed in y
VENTOR_LINEAR_ACC_X,1771300943.2578948,0x001,3,4889500.00 Linear acceleration in x
VENTOR_ANGULAR_SPEED_X,1771300943.2578948,0x001,3,0.00 Angular speed in x
VENTOR_LINEAR_ACC_Y,1771300943.2578948,0x001,3,5631900.00 Linear acceleration in y
VENTOR_ANGULAR_SPEED_Y,1771300943.2578948,0x001,3,0.00 Angular speed in y
VENTOR_LINEAR_ACC_Z,1771300943.2579532,0x002,4,5401900.00 Linear acceleration in z
VENTOR_ANGULAR_SPEED_Z,1771300943.2579532,0x002,4,0.00 Angular speed in z
VENTOR_LINEAR_SPEED_X,1771300943.2579532,0x002,4,5325500.00 Linear speed in x
VENTOR_LINEAR_SPEED_Y,1771300943.2579532,0x002,4,1152000.00 Linear speed in y
VENTOR_LINEAR_ACC_X,1771300943.2680078,0x001,3,4889500.00 Linear acceleration in x
VENTOR_ANGULAR_SPEED_X,1771300943.2680078,0x001,3,0.00 Angular speed in x
VENTOR_LINEAR_ACC_Y,1771300943.2680078,0x001,3,5631900.00 Linear acceleration in y
VENTOR_ANGULAR_SPEED_Y,1771300943.2680078,0x001,3,0.00 Angular speed in y
VENTOR_LINEAR_ACC_Z,1771300943.2680748,0x002,4,5401900.00 Linear acceleration in z
VENTOR_ANGULAR_SPEED_Z,1771300943.2680748,0x002,4,0.00 Angular speed in z
VENTOR_LINEAR_SPEED_X,1771300943.2680748,0x002,4,5325500.00 Linear speed in x
VENTOR_LINEAR_SPEED_Y,1771300943.2680748,0x002,4,1152000.00 Linear speed in y
VENTOR_LINEAR_ACC_X,1771300943.2781148,0x001,3,4889500.00 Linear acceleration in x
VENTOR_ANGULAR_SPEED_X,1771300943.2781148,0x001,3,0.00 Angular speed in x
VENTOR_LINEAR_ACC_Y,1771300943.2781148,0x001,3,5631900.00 Linear acceleration in y
VENTOR_ANGULAR_SPEED_Y,1771300943.2781148,0x001,3,0.00 Angular speed in y
VENTOR_LINEAR_ACC_Z,1771300943.2781825,0x002,4,5401900.00 Linear acceleration in z
VENTOR_ANGULAR_SPEED_Z,1771300943.2781825,0x002,4,0.00 Angular speed in z
VENTOR_LINEAR_SPEED_X,1771300943.2781825,0x002,4,5325500.00 Linear speed in x
VENTOR_LINEAR_SPEED_Y,1771300943.2781825,0x002,4,1152000.00 Linear speed in y
VENTOR_LINEAR_ACC_X,1771300943.2882469,0x001,3,4889500.00 Linear acceleration in x
VENTOR_ANGULAR_SPEED_X,1771300943.2882469,0x001,3,0.00 Angular speed in x
VENTOR_LINEAR_ACC_Y,1771300943.2882469,0x001,3,5631900.00 Linear acceleration in y
VENTOR_ANGULAR_SPEED_Y,1771300943.2882469,0x001,3,0.00 Angular speed in y
VENTOR_LINEAR_ACC_Z,1771300943.2883015,0x002,4,5401900.00 Linear acceleration in z
VENTOR_ANGULAR_SPEED_Z,1771300943.2883015,0x002,4,0.00 Angular speed in z
VENTOR_LINEAR_SPEED_X,1771300943.2883015,0x002,4,5325500.00 Linear speed in x
VENTOR_LINEAR_SPEED_Y,1771300943.2883015,0x002,4,1152000.00 Linear speed in y
VENTOR_LINEAR_ACC_X,1771300943.2983356,0x001,3,4889500.00 Linear acceleration in x
VENTOR_ANGULAR_SPEED_X,1771300943.2983356,0x001,3,0.00 Angular speed in x
VENTOR_LINEAR_ACC_Y,1771300943.2983356,0x001,3,5631900.00 Linear acceleration in y
VENTOR_ANGULAR_SPEED_Y,1771300943.2983356,0x001,3,0.00 Angular speed in y
VENTOR_LINEAR_ACC_Z,1771300943.2983892,0x002,4,5401900.00 Linear acceleration in z
VENTOR_ANGULAR_SPEED_Z,1771300943.2983892,0x002,4,0.00 Angular speed in z
VENTOR_LINEAR_SPEED_X,1771300943.2983892,0x002,4,5325500.00 Linear speed in x
VENTOR_LINEAR_SPEED_Y,1771300943.2983892,0x002,4,1152000.00 Linear speed in y
VENTOR_LINEAR_ACC_X,1771300943.309278,0x001,3,4889500.00 Linear acceleration in x
VENTOR_ANGULAR_SPEED_X,1771300943.309278,0x001,3,0.00 Angular speed in x
VENTOR_LINEAR_ACC_Y,1771300943.309278,0x001,3,5631900.00 Linear acceleration in y
VENTOR_ANGULAR_SPEED_Y,1771300943.309278,0x001,3,0.00 Angular speed in y
VENTOR_LINEAR_ACC_Z,1771300943.3093257,0x002,4,5401900.00 Linear acceleration in z
VENTOR_ANGULAR_SPEED_Z,1771300943.3093257,0x002,4,0.00 Angular speed in z
VENTOR_LINEAR_SPEED_X,1771300943.3093257,0x002,4,5325500.00 Linear speed in x
VENTOR_LINEAR_SPEED_Y,1771300943.3093257,0x002,4,1152000.00 Linear speed in y
VENTOR_LINEAR_ACC_X,1771300943.3193889,0x001,3,4889500.00 Linear acceleration in x
VENTOR_ANGULAR_SPEED_X,1771300943.3193889,0x001,3,0.00 Angular speed in x
VENTOR_LINEAR_ACC_Y,1771300943.3193889,0x001,3,5631900.00 Linear acceleration in y
VENTOR_ANGULAR_SPEED_Y,1771300943.3193889,0x001,3,0.00 Angular speed in y
VENTOR_LINEAR_ACC_Z,1771300943.3194432,0x002,4,5401900.00 Linear acceleration in z
VENTOR_ANGULAR_SPEED_Z,1771300943.3194432,0x002,4,0.00 Angular speed in z
VENTOR_LINEAR_SPEED_X,1771300943.3194432,0x002,4,5325500.00 Linear speed in x
VENTOR_LINEAR_SPEED_Y,1771300943.3194432,0x002,4,1152000.00 Linear speed in y
VENTOR_LINEAR_ACC_X,1771300943.3294775,0x001,3,4889500.00 Linear acceleration in x
VENTOR_ANGULAR_SPEED_X,1771300943.3294775,0x001,3,0.00 Angular speed in x
VENTOR_LINEAR_ACC_Y,1771300943.3294775,0x001,3,5631900.00 Linear acceleration in y
VENTOR_ANGULAR_SPEED_Y,1771300943.3294775,0x001,3,0.00 Angular speed in y
VENTOR_LINEAR_ACC_Z,1771300943.329537,0x002,4,5401900.00 Linear acceleration in z
VENTOR_ANGULAR_SPEED_Z,1771300943.329537,0x002,4,0.00 Angular speed in z
VENTOR_LINEAR_SPEED_X,1771300943.329537,0x002,4,5325500.00 Linear speed in x
VENTOR_LINEAR_SPEED_Y,1771300943.329537,0x002,4,1152000.00 Linear speed in y
VENTOR_LINEAR_ACC_X,1771300943.339575,0x001,3,4889500.00 Linear acceleration in x
VENTOR_ANGULAR_SPEED_X,1771300943.339575,0x001,3,0.00 Angular speed in x
VENTOR_LINEAR_ACC_Y,1771300943.339575,0x001,3,5631900.00 Linear acceleration in y
VENTOR_ANGULAR_SPEED_Y,1771300943.339575,0x001,3,0.00 Angular speed in y
VENTOR_LINEAR_ACC_Z,1771300943.3396525,0x002,4,5401900.00 Linear acceleration in z
VENTOR_ANGULAR_SPEED_Z,1771300943.3396525,0x002,4,0.00 Angular speed in z
VENTOR_LINEAR_SPEED_X,1771300943.3396525,0x002,4,5325500.00 Linear speed in x
VENTOR_LINEAR_SPEED_Y,1771300943.3396525,0x002,4,1152000.00 Linear speed in y
VENTOR_LINEAR_ACC_X,1771300943.3497007,0x001,3,4889500.00 Linear acceleration in x
VENTOR_ANGULAR_SPEED_X,1771300943.3497007,0x001,3,0.00 Angular speed in x
VENTOR_LINEAR_ACC_Y,1771300943.3497007,0x001,3,5631900.00 Linear acceleration in y
VENTOR_ANGULAR_SPEED_Y,1771300943.3497007,0x001,3,0.00 Angular speed in y
VENTOR_LINEAR_ACC_Z,1771300943.3497577,0x002,4,5401900.00 Linear acceleration in z
VENTOR_ANGULAR_SPEED_Z,1771300943.3497577,0x002,4,0.00 Angular speed in z
VENTOR_LINEAR_SPEED_X,1771300943.3497577,0x002,4,5325500.00 Linear speed in x
VENTOR_LINEAR_SPEED_Y,1771300943.3497577,0x002,4,1152000.00 Linear speed in y
VENTOR_LINEAR_ACC_X,1771300943.3598218,0x001,3,4889500.00 Linear acceleration in x
VENTOR_ANGULAR_SPEED_X,1771300943.3598218,0x001,3,0.00 Angular speed in x
VENTOR_LINEAR_ACC_Y,1771300943.3598218,0x001,3,5631900.00 Linear acceleration in y
VENTOR_ANGULAR_SPEED_Y,1771300943.3598218,0x001,3,0.00 Angular speed in y
VENTOR_LINEAR_ACC_Z,1771300943.3598804,0x002,4,5401900.00 Linear acceleration in z
VENTOR_ANGULAR_SPEED_Z,1771300943.3598804,0x002,4,0.00 Angular speed in z
VENTOR_LINEAR_SPEED_X,1771300943.3598804,0x002,4,5325500.00 Linear speed in x
VENTOR_LINEAR_SPEED_Y,1771300943.3598804,0x002,4,1152000.00 Linear speed in y
VENTOR_LINEAR_ACC_X,1771300943.369924,0x001,3,4889500.00 Linear acceleration in x
VENTOR_ANGULAR_SPEED_X,1771300943.369924,0x001,3,0.00 Angular speed in x
VENTOR_LINEAR_ACC_Y,1771300943.369924,0x001,3,5631900.00 Linear acceleration in y
VENTOR_ANGULAR_SPEED_Y,1771300943.369924,0x001,3,0.00 Angular speed in y
VENTOR_LINEAR_ACC_Z,1771300943.3699815,0x002,4,5401900.00 Linear acceleration in z
VENTOR_ANGULAR_SPEED_Z,1771300943.3699815,0x002,4,0.00 Angular speed in z
VENTOR_LINEAR_SPEED_X,1771300943.3699815,0x002,4,5325500.00 Linear speed in x
VENTOR_LINEAR_SPEED_Y,1771300943.3699815,0x002,4,1152000.00 Linear speed in y
VENTOR_LINEAR_ACC_X,1771300943.3800442,0x001,3,4889500.00 Linear acceleration in x
VENTOR_ANGULAR_SPEED_X,1771300943.3800442,0x001,3,0.00 Angular speed in x
VENTOR_LINEAR_ACC_Y,1771300943.3800442,0x001,3,5631900.00 Linear acceleration in y
VENTOR_ANGULAR_SPEED_Y,1771300943.3800442,0x001,3,0.00 Angular speed in y
VENTOR_LINEAR_ACC_Z,1771300943.3801045,0x002,4,5401900.00 Linear acceleration in z
VENTOR_ANGULAR_SPEED_Z,1771300943.3801045,0x002,4,0.00 Angular speed in z
VENTOR_LINEAR_SPEED_X,1771300943.3801045,0x002,4,5325500.00 Linear speed in x
VENTOR_LINEAR_SPEED_Y,1771300943.3801045,0x002,4,1152000.00 Linear speed in y
VENTOR_LINEAR_ACC_X,1771300943.3901677,0x001,3,4889500.00 Linear acceleration in x
VENTOR_ANGULAR_SPEED_X,1771300943.3901677,0x001,3,0.00 Angular speed in x
VENTOR_LINEAR_ACC_Y,1771300943.3901677,0x001,3,5631900.00 Linear acceleration in y
VENTOR_ANGULAR_SPEED_Y,1771300943.3901677,0x001,3,0.00 Angular speed in y
VENTOR_LINEAR_ACC_Z,1771300943.3902187,0x002,4,5401900.00 Linear acceleration in z
VENTOR_ANGULAR_SPEED_Z,1771300943.3902187,0x002,4,0.00 Angular speed in z
VENTOR_LINEAR_SPEED_X,1771300943.3902187,0x002,4,5325500.00 Linear speed in x
VENTOR_LINEAR_SPEED_Y,1771300943.3902187,0x002,4,1152000.00 Linear speed in y
VENTOR_LINEAR_ACC_X,1771300943.4003117,0x001,3,4889500.00 Linear acceleration in x
VENTOR_ANGULAR_SPEED_X,1771300943.4003117,0x001,3,0.00 Angular speed in x
VENTOR_LINEAR_ACC_Y,1771300943.4003117,0x001,3,5631900.00 Linear acceleration in y
VENTOR_ANGULAR_SPEED_Y,1771300943.4003117,0x001,3,0.00 Angular speed in y
VENTOR_LINEAR_ACC_Z,1771300943.400365,0x002,4,5401900.00 Linear acceleration in z
VENTOR_ANGULAR_SPEED_Z,1771300943.400365,0x002,4,0.00 Angular speed in z
VENTOR_LINEAR_SPEED_X,1771300943.400365,0x002,4,5325500.00 Linear speed in x
VENTOR_LINEAR_SPEED_Y,1771300943.400365,0x002,4,1152000.00 Linear speed in y
VENTOR_LINEAR_ACC_X,1771300943.4104211,0x001,3,4889500.00 Linear acceleration in x
VENTOR_ANGULAR_SPEED_X,1771300943.4104211,0x001,3,0.00 Angular speed in x
VENTOR_LINEAR_ACC_Y,1771300943.4104211,0x001,3,5631900.00 Linear acceleration in y
VENTOR_ANGULAR_SPEED_Y,1771300943.4104211,0x001,3,0.00 Angular speed in y
VENTOR_LINEAR_ACC_Z,1771300943.4104888,0x002,4,5401900.00 Linear acceleration in z
VENTOR_ANGULAR_SPEED_Z,1771300943.4104888,0x002,4,0.00 Angular speed in z
VENTOR_LINEAR_SPEED_X,1771300943.4104888,0x002,4,5325500.00 Linear speed in x
VENTOR_LINEAR_SPEED_Y,1771300943.4104888,0x002,4,1152000.00 Linear speed in y
VENTOR_LINEAR_ACC_X,1771300943.4205508,0x001,3,4889500.00 Linear acceleration in x
VENTOR_ANGULAR_SPEED_X,1771300943.4205508,0x001,3,0.00 Angular speed in x
VENTOR_LINEAR_ACC_Y,1771300943.4205508,0x001,3,5631900.00 Linear acceleration in y
VENTOR_ANGULAR_SPEED_Y,1771300943.4205508,0x001,3,0.00 Angular speed in y
VENTOR_LINEAR_ACC_Z,1771300943.42063,0x002,4,5401900.00 Linear acceleration in z
VENTOR_ANGULAR_SPEED_Z,1771300943.42063,0x002,4,0.00 Angular speed in z
VENTOR_LINEAR_SPEED_X,1771300943.42063,0x002,4,5325500.00 Linear speed in x
VENTOR_LINEAR_SPEED_Y,1771300943.42063,0x002,4,1152000.00 Linear speed in y
VENTOR_LINEAR_ACC_X,1771300943.4306114,0x001,3,4889500.00 Linear acceleration in x
VENTOR_ANGULAR_SPEED_X,1771300943.4306114,0x001,3,0.00 Angular speed in x
VENTOR_LINEAR_ACC_Y,1771300943.4306114,0x001,3,5631900.00 Linear acceleration in y
VENTOR_ANGULAR_SPEED_Y,1771300943.4306114,0x001,3,0.00 Angular speed in y
VENTOR_LINEAR_ACC_Z,1771300943.4306624,0x002,4,5401900.00 Linear acceleration in z
VENTOR_ANGULAR_SPEED_Z,1771300943.4306624,0x002,4,0.00 Angular speed in z
VENTOR_LINEAR_SPEED_X,1771300943.4306624,0x002,4,5325500.00 Linear speed in x
VENTOR_LINEAR_SPEED_Y,1771300943.4306624,0x002,4,1152000.00 Linear speed in y
VENTOR_LINEAR_ACC_X,1771300943.4407594,0x001,3,4889500.00 Linear acceleration in x
VENTOR_ANGULAR_SPEED_X,1771300943.4407594,0x001,3,0.00 Angular speed in x
VENTOR_LINEAR_ACC_Y,1771300943.4407594,0x001,3,5631900.00 Linear acceleration in y
VENTOR_ANGULAR_SPEED_Y,1771300943.4407594,0x001,3,0.00 Angular speed in y
VENTOR_LINEAR_ACC_Z,1771300943.4408374,0x002,4,5401900.00 Linear acceleration in z
VENTOR_ANGULAR_SPEED_Z,1771300943.4408374,0x002,4,0.00 Angular speed in z
VENTOR_LINEAR_SPEED_X,1771300943.4408374,0x002,4,5325500.00 Linear speed in x
VENTOR_LINEAR_SPEED_Y,1771300943.4408374,0x002,4,1152000.00 Linear speed in y
VENTOR_LINEAR_ACC_X,1771300943.4508696,0x001,3,4889500.00 Linear acceleration in x
VENTOR_ANGULAR_SPEED_X,1771300943.4508696,0x001,3,0.00 Angular speed in x
VENTOR_LINEAR_ACC_Y,1771300943.4508696,0x001,3,5631900.00 Linear acceleration in y
VENTOR_ANGULAR_SPEED_Y,1771300943.4508696,0x001,3,0.00 Angular speed in y
VENTOR_LINEAR_ACC_Z,1771300943.4509282,0x002,4,5401900.00 Linear acceleration in z
VENTOR_ANGULAR_SPEED_Z,1771300943.4509282,0x002,4,0.00 Angular speed in z
VENTOR_LINEAR_SPEED_X,1771300943.4509282,0x002,4,5325500.00 Linear speed in x
VENTOR_LINEAR_SPEED_Y,1771300943.4509282,0x002,4,1152000.00 Linear speed in y
VENTOR_LINEAR_ACC_X,1771300943.461725,0x001,3,4889500.00 Linear acceleration in x
VENTOR_ANGULAR_SPEED_X,1771300943.461725,0x001,3,0.00 Angular speed in x
VENTOR_LINEAR_ACC_Y,1771300943.461725,0x001,3,5631900.00 Linear acceleration in y
VENTOR_ANGULAR_SPEED_Y,1771300943.461725,0x001,3,0.00 Angular speed in y
VENTOR_LINEAR_ACC_Z,1771300943.4618483,0x002,4,5401900.00 Linear acceleration in z
VENTOR_ANGULAR_SPEED_Z,1771300943.4618483,0x002,4,0.00 Angular speed in z
VENTOR_LINEAR_SPEED_X,1771300943.4618483,0x002,4,5325500.00 Linear speed in x
VENTOR_LINEAR_SPEED_Y,1771300943.4618483,0x002,4,1152000.00 Linear speed in y
VENTOR_LINEAR_ACC_X,1771300943.4719033,0x001,3,4889500.00 Linear acceleration in x
VENTOR_ANGULAR_SPEED_X,1771300943.4719033,0x001,3,0.00 Angular speed in x
VENTOR_LINEAR_ACC_Y,1771300943.4719033,0x001,3,5631900.00 Linear acceleration in y
VENTOR_ANGULAR_SPEED_Y,1771300943.4719033,0x001,3,0.00 Angular speed in y
VENTOR_LINEAR_ACC_Z,1771300943.4719658,0x002,4,5401900.00 Linear acceleration in z
VENTOR_ANGULAR_SPEED_Z,1771300943.4719658,0x002,4,0.00 Angular speed in z
VENTOR_LINEAR_SPEED_X,1771300943.4719658,0x002,4,5325500.00 Linear speed in x
VENTOR_LINEAR_SPEED_Y,1771300943.4719658,0x002,4,1152000.00 Linear speed in y
VENTOR_LINEAR_ACC_X,1771300943.4819756,0x001,3,4889500.00 Linear acceleration in x
VENTOR_ANGULAR_SPEED_X,1771300943.4819756,0x001,3,0.00 Angular speed in x
VENTOR_LINEAR_ACC_Y,1771300943.4819756,0x001,3,5631900.00 Linear acceleration in y
VENTOR_ANGULAR_SPEED_Y,1771300943.4819756,0x001,3,0.00 Angular speed in y
VENTOR_LINEAR_ACC_Z,1771300943.4820461,0x002,4,5401900.00 Linear acceleration in z
VENTOR_ANGULAR_SPEED_Z,1771300943.4820461,0x002,4,0.00 Angular speed in z
VENTOR_LINEAR_SPEED_X,1771300943.4820461,0x002,4,5325500.00 Linear speed in x
VENTOR_LINEAR_SPEED_Y,1771300943.4820461,0x002,4,1152000.00 Linear speed in y
VENTOR_LINEAR_ACC_X,1771300943.492028,0x001,3,4889500.00 Linear acceleration in x
VENTOR_ANGULAR_SPEED_X,1771300943.492028,0x001,3,0.00 Angular speed in x
VENTOR_LINEAR_ACC_Y,1771300943.492028,0x001,3,5631900.00 Linear acceleration in y
VENTOR_ANGULAR_SPEED_Y,1771300943.492028,0x001,3,0.00 Angular speed in y
VENTOR_LINEAR_ACC_Z,1771300943.4920733,0x002,4,5401900.00 Linear acceleration in z
VENTOR_ANGULAR_SPEED_Z,1771300943.4920733,0x002,4,0.00 Angular speed in z
VENTOR_LINEAR_SPEED_X,1771300943.4920733,0x002,4,5325500.00 Linear speed in x
VENTOR_LINEAR_SPEED_Y,1771300943.4920733,0x002,4,1152000.00 Linear speed in y
VENTOR_LINEAR_ACC_X,1771300943.5021107,0x001,3,4889500.00 Linear acceleration in x
VENTOR_ANGULAR_SPEED_X,1771300943.5021107,0x001,3,0.00 Angular speed in x
VENTOR_LINEAR_ACC_Y,1771300943.5021107,0x001,3,5631900.00 Linear acceleration in y
VENTOR_ANGULAR_SPEED_Y,1771300943.5021107,0x001,3,0.00 Angular speed in y
VENTOR_LINEAR_ACC_Z,1771300943.5021486,0x002,4,5401900.00 Linear acceleration in z
VENTOR_ANGULAR_SPEED_Z,1771300943.5021486,0x002,4,0.00 Angular speed in z
VENTOR_LINEAR_SPEED_X,1771300943.5021486,0x002,4,5325500.00 Linear speed in x
VENTOR_LINEAR_SPEED_Y,1771300943.5021486,0x002,4,1152000.00 Linear speed in y
VENTOR_LINEAR_ACC_X,1771300943.512297,0x001,3,4889500.00 Linear acceleration in x
VENTOR_ANGULAR_SPEED_X,1771300943.512297,0x001,3,0.00 Angular speed in x
VENTOR_LINEAR_ACC_Y,1771300943.512297,0x001,3,5631900.00 Linear acceleration in y
VENTOR_ANGULAR_SPEED_Y,1771300943.512297,0x001,3,0.00 Angular speed in y
VENTOR_LINEAR_ACC_Z,1771300943.5123558,0x002,4,5401900.00 Linear acceleration in z
VENTOR_ANGULAR_SPEED_Z,1771300943.5123558,0x002,4,0.00 Angular speed in z
VENTOR_LINEAR_SPEED_X,1771300943.5123558,0x002,4,5325500.00 Linear speed in x
VENTOR_LINEAR_SPEED_Y,1771300943.5123558,0x002,4,1152000.00 Linear speed in y
VENTOR_LINEAR_ACC_X,1771300943.5223713,0x001,3,4889500.00 Linear acceleration in x
VENTOR_ANGULAR_SPEED_X,1771300943.5223713,0x001,3,0.00 Angular speed in x
VENTOR_LINEAR_ACC_Y,1771300943.5223713,0x001,3,5631900.00 Linear acceleration in y
VENTOR_ANGULAR_SPEED_Y,1771300943.5223713,0x001,3,0.00 Angular speed in y
VENTOR_LINEAR_ACC_Z,1771300943.5224292,0x002,4,5401900.00 Linear acceleration in z
VENTOR_ANGULAR_SPEED_Z,1771300943.5224292,0x002,4,0.00 Angular speed in z
VENTOR_LINEAR_SPEED_X,1771300943.5224292,0x002,4,5325500.00 Linear speed in x
VENTOR_LINEAR_SPEED_Y,1771300943.5224292,0x002,4,1152000.00 Linear speed in y
VENTOR_LINEAR_ACC_X,1771300943.5325122,0x001,3,4889500.00 Linear acceleration in x
VENTOR_ANGULAR_SPEED_X,1771300943.5325122,0x001,3,0.00 Angular speed in x
VENTOR_LINEAR_ACC_Y,1771300943.5325122,0x001,3,5631900.00 Linear acceleration in y
VENTOR_ANGULAR_SPEED_Y,1771300943.5325122,0x001,3,0.00 Angular speed in y
VENTOR_LINEAR_ACC_Z,1771300943.5325644,0x002,4,5401900.00 Linear acceleration in z
VENTOR_ANGULAR_SPEED_Z,1771300943.5325644,0x002,4,0.00 Angular speed in z
VENTOR_LINEAR_SPEED_X,1771300943.5325644,0x002,4,5325500.00 Linear speed in x
VENTOR_LINEAR_SPEED_Y,1771300943.5325644,0x002,4,1152000.00 Linear speed in y
VENTOR_LINEAR_ACC_X,1771300943.5426311,0x001,3,4889500.00 Linear acceleration in x
VENTOR_ANGULAR_SPEED_X,1771300943.5426311,0x001,3,0.00 Angular speed in x
VENTOR_LINEAR_ACC_Y,1771300943.5426311,0x001,3,5631900.00 Linear acceleration in y
VENTOR_ANGULAR_SPEED_Y,1771300943.5426311,0x001,3,0.00 Angular speed in y
VENTOR_LINEAR_ACC_Z,1771300943.5426896,0x002,4,5401900.00 Linear acceleration in z
VENTOR_ANGULAR_SPEED_Z,1771300943.5426896,0x002,4,0.00 Angular speed in z
VENTOR_LINEAR_SPEED_X,1771300943.5426896,0x002,4,5325500.00 Linear speed in x
VENTOR_LINEAR_SPEED_Y,1771300943.5426896,0x002,4,1152000.00 Linear speed in y
VENTOR_LINEAR_ACC_X,1771300943.552718,0x001,3,4889500.00 Linear acceleration in x
VENTOR_ANGULAR_SPEED_X,1771300943.552718,0x001,3,0.00 Angular speed in x
VENTOR_LINEAR_ACC_Y,1771300943.552718,0x001,3,5631900.00 Linear acceleration in y
VENTOR_ANGULAR_SPEED_Y,1771300943.552718,0x001,3,0.00 Angular speed in y
VENTOR_LINEAR_ACC_Z,1771300943.5527744,0x002,4,5401900.00 Linear acceleration in z
VENTOR_ANGULAR_SPEED_Z,1771300943.5527744,0x002,4,0.00 Angular speed in z
VENTOR_LINEAR_SPEED_X,1771300943.5527744,0x002,4,5325500.00 Linear speed in x
VENTOR_LINEAR_SPEED_Y,1771300943.5527744,0x002,4,1152000.00 Linear speed in y
VENTOR_LINEAR_ACC_X,1771300943.5627973,0x001,3,4889500.00 Linear acceleration in x
VENTOR_ANGULAR_SPEED_X,1771300943.5627973,0x001,3,0.00 Angular speed in x
VENTOR_LINEAR_ACC_Y,1771300943.5627973,0x001,3,5631900.00 Linear acceleration in y
VENTOR_ANGULAR_SPEED_Y,1771300943.5627973,0x001,3,0.00 Angular speed in y
VENTOR_LINEAR_ACC_Z,1771300943.56288,0x002,4,5401900.00 Linear acceleration in z
VENTOR_ANGULAR_SPEED_Z,1771300943.56288,0x002,4,0.00 Angular speed in z
VENTOR_LINEAR_SPEED_X,1771300943.56288,0x002,4,5325500.00 Linear speed in x
VENTOR_LINEAR_SPEED_Y,1771300943.56288,0x002,4,1152000.00 Linear speed in y
VENTOR_LINEAR_ACC_X,1771300943.5728664,0x001,3,4889500.00 Linear acceleration in x
VENTOR_ANGULAR_SPEED_X,1771300943.5728664,0x001,3,0.00 Angular speed in x
VENTOR_LINEAR_ACC_Y,1771300943.5728664,0x001,3,5631900.00 Linear acceleration in y
VENTOR_ANGULAR_SPEED_Y,1771300943.5728664,0x001,3,0.00 Angular speed in y
VENTOR_LINEAR_ACC_Z,1771300943.5729322,0x002,4,5401900.00 Linear acceleration in z
VENTOR_ANGULAR_SPEED_Z,1771300943.5729322,0x002,4,0.00 Angular speed in z
VENTOR_LINEAR_SPEED_X,1771300943.5729322,0x002,4,5325500.00 Linear speed in x
VENTOR_LINEAR_SPEED_Y,1771300943.5729322,0x002,4,1177600.00 Linear speed in y
VENTOR_LINEAR_ACC_X,1771300943.5829647,0x001,3,4889500.00 Linear acceleration in x
VENTOR_ANGULAR_SPEED_X,1771300943.5829647,0x001,3,0.00 Angular speed in x
VENTOR_LINEAR_ACC_Y,1771300943.5829647,0x001,3,5631900.00 Linear acceleration in y
VENTOR_ANGULAR_SPEED_Y,1771300943.5829647,0x001,3,0.00 Angular speed in y
VENTOR_LINEAR_ACC_Z,1771300943.5830123,0x002,4,5401900.00 Linear acceleration in z
VENTOR_ANGULAR_SPEED_Z,1771300943.5830123,0x002,4,0.00 Angular speed in z
VENTOR_LINEAR_SPEED_X,1771300943.5830123,0x002,4,5325500.00 Linear speed in x
VENTOR_LINEAR_SPEED_Y,1771300943.5830123,0x002,4,1177600.00 Linear speed in y
VENTOR_LINEAR_ACC_X,1771300943.593032,0x001,3,4889500.00 Linear acceleration in x
VENTOR_ANGULAR_SPEED_X,1771300943.593032,0x001,3,0.00 Angular speed in x
VENTOR_LINEAR_ACC_Y,1771300943.593032,0x001,3,5631900.00 Linear acceleration in y
VENTOR_ANGULAR_SPEED_Y,1771300943.593032,0x001,3,0.00 Angular speed in y
VENTOR_LINEAR_ACC_Z,1771300943.5930905,0x002,4,5401900.00 Linear acceleration in z
VENTOR_ANGULAR_SPEED_Z,1771300943.5930905,0x002,4,0.00 Angular speed in z
VENTOR_LINEAR_SPEED_X,1771300943.5930905,0x002,4,5325500.00 Linear speed in x
VENTOR_LINEAR_SPEED_Y,1771300943.5930905,0x002,4,1177600.00 Linear speed in y
VENTOR_LINEAR_ACC_X,1771300943.6031632,0x001,3,4889500.00 Linear acceleration in x
VENTOR_ANGULAR_SPEED_X,1771300943.6031632,0x001,3,0.00 Angular speed in x
VENTOR_LINEAR_ACC_Y,1771300943.6031632,0x001,3,5631900.00 Linear acceleration in y
VENTOR_ANGULAR_SPEED_Y,1771300943.6031632,0x001,3,0.00 Angular speed in y
VENTOR_LINEAR_ACC_Z,1771300943.6032395,0x002,4,5401900.00 Linear acceleration in z
VENTOR_ANGULAR_SPEED_Z,1771300943.6032395,0x002,4,0.00 Angular speed in z
VENTOR_LINEAR_SPEED_X,1771300943.6032395,0x002,4,5325500.00 Linear speed in x
VENTOR_LINEAR_SPEED_Y,1771300943.6032395,0x002,4,1177600.00 Linear speed in y
VENTOR_LINEAR_ACC_X,1771300943.6133542,0x001,3,4889500.00 Linear acceleration in x
VENTOR_ANGULAR_SPEED_X,1771300943.6133542,0x001,3,0.00 Angular speed in x
VENTOR_LINEAR_ACC_Y,1771300943.6133542,0x001,3,5631900.00 Linear acceleration in y
VENTOR_ANGULAR_SPEED_Y,1771300943.6133542,0x001,3,0.00 Angular speed in y
VENTOR_LINEAR_ACC_Z,1771300943.613447,0x002,4,5401900.00 Linear acceleration in z
VENTOR_ANGULAR_SPEED_Z,1771300943.613447,0x002,4,0.00 Angular speed in z
VENTOR_LINEAR_SPEED_X,1771300943.613447,0x002,4,5325500.00 Linear speed in x
VENTOR_LINEAR_SPEED_Y,1771300943.613447,0x002,4,1177600.00 Linear speed in y
VENTOR_LINEAR_ACC_X,1771300943.6233437,0x001,3,4889500.00 Linear acceleration in x
VENTOR_ANGULAR_SPEED_X,1771300943.6233437,0x001,3,0.00 Angular speed in x
VENTOR_LINEAR_ACC_Y,1771300943.6233437,0x001,3,5631900.00 Linear acceleration in y
VENTOR_ANGULAR_SPEED_Y,1771300943.6233437,0x001,3,0.00 Angular speed in y
VENTOR_LINEAR_ACC_Z,1771300943.6233883,0x002,4,5401900.00 Linear acceleration in z
VENTOR_ANGULAR_SPEED_Z,1771300943.6233883,0x002,4,0.00 Angular speed in z
VENTOR_LINEAR_SPEED_X,1771300943.6233883,0x002,4,5325500.00 Linear speed in x
VENTOR_LINEAR_SPEED_Y,1771300943.6233883,0x002,4,1177600.00 Linear speed in y
VENTOR_LINEAR_ACC_X,1771300943.6335254,0x001,3,4889500.00 Linear acceleration in x
VENTOR_ANGULAR_SPEED_X,1771300943.6335254,0x001,3,0.00 Angular speed in x
VENTOR_LINEAR_ACC_Y,1771300943.6335254,0x001,3,5631900.00 Linear acceleration in y
VENTOR_ANGULAR_SPEED_Y,1771300943.6335254,0x001,3,0.00 Angular speed in y
VENTOR_LINEAR_ACC_Z,1771300943.6346073,0x002,4,5401900.00 Linear acceleration in z
VENTOR_ANGULAR_SPEED_Z,1771300943.6346073,0x002,4,0.00 Angular speed in z
VENTOR_LINEAR_SPEED_X,1771300943.6346073,0x002,4,5325500.00 Linear speed in x
VENTOR_LINEAR_SPEED_Y,1771300943.6346073,0x002,4,1177600.00 Linear speed in y
VENTOR_LINEAR_ACC_X,1771300943.6436253,0x001,3,4889500.00 Linear acceleration in x
VENTOR_ANGULAR_SPEED_X,1771300943.6436253,0x001,3,0.00 Angular speed in x
VENTOR_LINEAR_ACC_Y,1771300943.6436253,0x001,3,5631900.00 Linear acceleration in y
VENTOR_ANGULAR_SPEED_Y,1771300943.6436253,0x001,3,0.00 Angular speed in y
VENTOR_LINEAR_ACC_Z,1771300943.6436868,0x002,4,5401900.00 Linear acceleration in z
VENTOR_ANGULAR_SPEED_Z,1771300943.6436868,0x002,4,0.00 Angular speed in z
VENTOR_LINEAR_SPEED_X,1771300943.6436868,0x002,4,5325500.00 Linear speed in x
VENTOR_LINEAR_SPEED_Y,1771300943.6436868,0x002,4,1177600.00 Linear speed in y
VENTOR_LINEAR_ACC_X,1771300943.6537223,0x001,3,4889500.00 Linear acceleration in x
VENTOR_ANGULAR_SPEED_X,1771300943.6537223,0x001,3,0.00 Angular speed in x
VENTOR_LINEAR_ACC_Y,1771300943.6537223,0x001,3,5631900.00 Linear acceleration in y
VENTOR_ANGULAR_SPEED_Y,1771300943.6537223,0x001,3,0.00 Angular speed in y
VENTOR_LINEAR_ACC_Z,1771300943.6537817,0x002,4,5427500.00 Linear acceleration in z
VENTOR_ANGULAR_SPEED_Z,1771300943.6537817,0x002,4,0.00 Angular speed in z
VENTOR_LINEAR_SPEED_X,1771300943.6537817,0x002,4,5325500.00 Linear speed in x
VENTOR_LINEAR_SPEED_Y,1771300943.6537817,0x002,4,1177600.00 Linear speed in y
VENTOR_LINEAR_ACC_X,1771300943.6638293,0x001,3,4889500.00 Linear acceleration in x
VENTOR_ANGULAR_SPEED_X,1771300943.6638293,0x001,3,0.00 Angular speed in x
VENTOR_LINEAR_ACC_Y,1771300943.6638293,0x001,3,5631900.00 Linear acceleration in y
VENTOR_ANGULAR_SPEED_Y,1771300943.6638293,0x001,3,0.00 Angular speed in y
VENTOR_LINEAR_ACC_Z,1771300943.6638837,0x002,4,5401900.00 Linear acceleration in z
VENTOR_ANGULAR_SPEED_Z,1771300943.6638837,0x002,4,0.00 Angular speed in z
VENTOR_LINEAR_SPEED_X,1771300943.6638837,0x002,4,5325500.00 Linear speed in x
VENTOR_LINEAR_SPEED_Y,1771300943.6638837,0x002,4,1177600.00 Linear speed in y
VENTOR_LINEAR_ACC_X,1771300943.6743822,0x001,3,4889500.00 Linear acceleration in x
VENTOR_ANGULAR_SPEED_X,1771300943.6743822,0x001,3,0.00 Angular speed in x
VENTOR_LINEAR_ACC_Y,1771300943.6743822,0x001,3,5631900.00 Linear acceleration in y
VENTOR_ANGULAR_SPEED_Y,1771300943.6743822,0x001,3,0.00 Angular speed in y
VENTOR_LINEAR_ACC_Z,1771300943.6744385,0x002,4,5401900.00 Linear acceleration in z
VENTOR_ANGULAR_SPEED_Z,1771300943.6744385,0x002,4,0.00 Angular speed in z
VENTOR_LINEAR_SPEED_X,1771300943.6744385,0x002,4,5325500.00 Linear speed in x
VENTOR_LINEAR_SPEED_Y,1771300943.6744385,0x002,4,1177600.00 Linear speed in y
VENTOR_LINEAR_ACC_X,1771300943.6845233,0x001,3,4889500.00 Linear acceleration in x
VENTOR_ANGULAR_SPEED_X,1771300943.6845233,0x001,3,0.00 Angular speed in x
VENTOR_LINEAR_ACC_Y,1771300943.6845233,0x001,3,5631900.00 Linear acceleration in y
VENTOR_ANGULAR_SPEED_Y,1771300943.6845233,0x001,3,0.00 Angular speed in y
VENTOR_LINEAR_ACC_Z,1771300943.6845784,0x002,4,5401900.00 Linear acceleration in z
VENTOR_ANGULAR_SPEED_Z,1771300943.6845784,0x002,4,0.00 Angular speed in z
VENTOR_LINEAR_SPEED_X,1771300943.6845784,0x002,4,5325500.00 Linear speed in x
VENTOR_LINEAR_SPEED_Y,1771300943.6845784,0x002,4,1177600.00 Linear speed in y
VENTOR_LINEAR_ACC_X,1771300943.6945975,0x001,3,4889500.00 Linear acceleration in x
VENTOR_ANGULAR_SPEED_X,1771300943.6945975,0x001,3,0.00 Angular speed in x
VENTOR_LINEAR_ACC_Y,1771300943.6945975,0x001,3,5631900.00 Linear acceleration in y
VENTOR_ANGULAR_SPEED_Y,1771300943.6945975,0x001,3,0.00 Angular speed in y
VENTOR_LINEAR_ACC_Z,1771300943.6946552,0x002,4,5401900.00 Linear acceleration in z
VENTOR_ANGULAR_SPEED_Z,1771300943.6946552,0x002,4,0.00 Angular speed in z
VENTOR_LINEAR_SPEED_X,1771300943.6946552,0x002,4,5325500.00 Linear speed in x
VENTOR_LINEAR_SPEED_Y,1771300943.6946552,0x002,4,1177600.00 Linear speed in y
VENTOR_LINEAR_ACC_X,1771300943.7047057,0x001,3,4889500.00 Linear acceleration in x
VENTOR_ANGULAR_SPEED_X,1771300943.7047057,0x001,3,0.00 Angular speed in x
VENTOR_LINEAR_ACC_Y,1771300943.7047057,0x001,3,5631900.00 Linear acceleration in y
VENTOR_ANGULAR_SPEED_Y,1771300943.7047057,0x001,3,0.00 Angular speed in y
VENTOR_LINEAR_ACC_Z,1771300943.7047596,0x002,4,5401900.00 Linear acceleration in z
VENTOR_ANGULAR_SPEED_Z,1771300943.7047596,0x002,4,0.00 Angular speed in z
VENTOR_LINEAR_SPEED_X,1771300943.7047596,0x002,4,5325500.00 Linear speed in x
VENTOR_LINEAR_SPEED_Y,1771300943.7047596,0x002,4,1177600.00 Linear speed in y
VENTOR_LINEAR_ACC_X,1771300943.7147992,0x001,3,4889500.00 Linear acceleration in x
VENTOR_ANGULAR_SPEED_X,1771300943.7147992,0x001,3,0.00 Angular speed in x
VENTOR_LINEAR_ACC_Y,1771300943.7147992,0x001,3,5631900.00 Linear acceleration in y
VENTOR_ANGULAR_SPEED_Y,1771300943.7147992,0x001,3,0.00 Angular speed in y
VENTOR_LINEAR_ACC_Z,1771300943.7148585,0x002,4,5401900.00 Linear acceleration in z
VENTOR_ANGULAR_SPEED_Z,1771300943.7148585,0x002,4,0.00 Angular speed in z
VENTOR_LINEAR_SPEED_X,1771300943.7148585,0x002,4,5325500.00 Linear speed in x
VENTOR_LINEAR_SPEED_Y,1771300943.7148585,0x002,4,1177600.00 Linear speed in y
VENTOR_LINEAR_ACC_X,1771300943.7249012,0x001,3,4889500.00 Linear acceleration in x
VENTOR_ANGULAR_SPEED_X,1771300943.7249012,0x001,3,0.00 Angular speed in x
VENTOR_LINEAR_ACC_Y,1771300943.7249012,0x001,3,5631900.00 Linear acceleration in y
VENTOR_ANGULAR_SPEED_Y,1771300943.7249012,0x001,3,0.00 Angular speed in y
VENTOR_LINEAR_ACC_Z,1771300943.7249596,0x002,4,5401900.00 Linear acceleration in z
VENTOR_ANGULAR_SPEED_Z,1771300943.7249596,0x002,4,0.00 Angular speed in z
VENTOR_LINEAR_SPEED_X,1771300943.7249596,0x002,4,5325500.00 Linear speed in x
VENTOR_LINEAR_SPEED_Y,1771300943.7249596,0x002,4,1177600.00 Linear speed in y
VENTOR_LINEAR_ACC_X,1771300943.7349987,0x001,3,4889500.00 Linear acceleration in x
VENTOR_ANGULAR_SPEED_X,1771300943.7349987,0x001,3,0.00 Angular speed in x
VENTOR_LINEAR_ACC_Y,1771300943.7349987,0x001,3,5631900.00 Linear acceleration in y
VENTOR_ANGULAR_SPEED_Y,1771300943.7349987,0x001,3,0.00 Angular speed in y
VENTOR_LINEAR_ACC_Z,1771300943.735053,0x002,4,5401900.00 Linear acceleration in z
VENTOR_ANGULAR_SPEED_Z,1771300943.735053,0x002,4,0.00 Angular speed in z
VENTOR_LINEAR_SPEED_X,1771300943.735053,0x002,4,5325500.00 Linear speed in x
VENTOR_LINEAR_SPEED_Y,1771300943.735053,0x002,4,1177600.00 Linear speed in y
VENTOR_LINEAR_ACC_X,1771300943.7451599,0x001,3,4889500.00 Linear acceleration in x
VENTOR_ANGULAR_SPEED_X,1771300943.7451599,0x001,3,0.00 Angular speed in x
VENTOR_LINEAR_ACC_Y,1771300943.7451599,0x001,3,5631900.00 Linear acceleration in y
VENTOR_ANGULAR_SPEED_Y,1771300943.7451599,0x001,3,0.00 Angular speed in y
VENTOR_LINEAR_ACC_Z,1771300943.7452147,0x002,4,5401900.00 Linear acceleration in z
VENTOR_ANGULAR_SPEED_Z,1771300943.7452147,0x002,4,0.00 Angular speed in z
VENTOR_LINEAR_SPEED_X,1771300943.7452147,0x002,4,5325500.00 Linear speed in x
VENTOR_LINEAR_SPEED_Y,1771300943.7452147,0x002,4,1177600.00 Linear speed in y
VENTOR_LINEAR_ACC_X,1771300943.7551866,0x001,3,4889500.00 Linear acceleration in x
VENTOR_ANGULAR_SPEED_X,1771300943.7551866,0x001,3,0.00 Angular speed in x
VENTOR_LINEAR_ACC_Y,1771300943.7551866,0x001,3,5631900.00 Linear acceleration in y
VENTOR_ANGULAR_SPEED_Y,1771300943.7551866,0x001,3,0.00 Angular speed in y
VENTOR_LINEAR_ACC_Z,1771300943.7552404,0x002,4,5401900.00 Linear acceleration in z
VENTOR_ANGULAR_SPEED_Z,1771300943.7552404,0x002,4,0.00 Angular speed in z
VENTOR_LINEAR_SPEED_X,1771300943.7552404,0x002,4,5325500.00 Linear speed in x
VENTOR_LINEAR_SPEED_Y,1771300943.7552404,0x002,4,1177600.00 Linear speed in y
VENTOR_LINEAR_ACC_X,1771300943.7652948,0x001,3,4889500.00 Linear acceleration in x
VENTOR_ANGULAR_SPEED_X,1771300943.7652948,0x001,3,0.00 Angular speed in x
VENTOR_LINEAR_ACC_Y,1771300943.7652948,0x001,3,5631900.00 Linear acceleration in y
VENTOR_ANGULAR_SPEED_Y,1771300943.7652948,0x001,3,0.00 Angular speed in y
VENTOR_LINEAR_ACC_Z,1771300943.7653606,0x002,4,5401900.00 Linear acceleration in z
VENTOR_ANGULAR_SPEED_Z,1771300943.7653606,0x002,4,0.00 Angular speed in z
VENTOR_LINEAR_SPEED_X,1771300943.7653606,0x002,4,5325500.00 Linear speed in x
VENTOR_LINEAR_SPEED_Y,1771300943.7653606,0x002,4,1177600.00 Linear speed in y
VENTOR_LINEAR_ACC_X,1771300943.7754245,0x001,3,4889500.00 Linear acceleration in x
VENTOR_ANGULAR_SPEED_X,1771300943.7754245,0x001,3,0.00 Angular speed in x
VENTOR_LINEAR_ACC_Y,1771300943.7754245,0x001,3,5631900.00 Linear acceleration in y
VENTOR_ANGULAR_SPEED_Y,1771300943.7754245,0x001,3,0.00 Angular speed in y
VENTOR_LINEAR_ACC_Z,1771300943.7754853,0x002,4,5401900.00 Linear acceleration in z
VENTOR_ANGULAR_SPEED_Z,1771300943.7754853,0x002,4,0.00 Angular speed in z
VENTOR_LINEAR_SPEED_X,1771300943.7754853,0x002,4,5325500.00 Linear speed in x
VENTOR_LINEAR_SPEED_Y,1771300943.7754853,0x002,4,1177600.00 Linear speed in y
VENTOR_LINEAR_ACC_X,1771300943.785524,0x001,3,4889500.00 Linear acceleration in x
VENTOR_ANGULAR_SPEED_X,1771300943.785524,0x001,3,0.00 Angular speed in x
VENTOR_LINEAR_ACC_Y,1771300943.785524,0x001,3,5631900.00 Linear acceleration in y
VENTOR_ANGULAR_SPEED_Y,1771300943.785524,0x001,3,0.00 Angular speed in y
VENTOR_LINEAR_ACC_Z,1771300943.785579,0x002,4,5401900.00 Linear acceleration in z
VENTOR_ANGULAR_SPEED_Z,1771300943.785579,0x002,4,0.00 Angular speed in z
VENTOR_LINEAR_SPEED_X,1771300943.785579,0x002,4,5325500.00 Linear speed in x
VENTOR_LINEAR_SPEED_Y,1771300943.785579,0x002,4,1177600.00 Linear speed in y
VENTOR_LINEAR_ACC_X,1771300943.7956336,0x001,3,4889500.00 Linear acceleration in x
VENTOR_ANGULAR_SPEED_X,1771300943.7956336,0x001,3,0.00 Angular speed in x
VENTOR_LINEAR_ACC_Y,1771300943.7956336,0x001,3,5631900.00 Linear acceleration in y
VENTOR_ANGULAR_SPEED_Y,1771300943.7956336,0x001,3,0.00 Angular speed in y
VENTOR_LINEAR_ACC_Z,1771300943.7956955,0x002,4,5401900.00 Linear acceleration in z
VENTOR_ANGULAR_SPEED_Z,1771300943.7956955,0x002,4,0.00 Angular speed in z
VENTOR_LINEAR_SPEED_X,1771300943.7956955,0x002,4,5325500.00 Linear speed in x
VENTOR_LINEAR_SPEED_Y,1771300943.7956955,0x002,4,1177600.00 Linear speed in y
VENTOR_LINEAR_ACC_X,1771300943.8057384,0x001,3,4889500.00 Linear acceleration in x
VENTOR_ANGULAR_SPEED_X,1771300943.8057384,0x001,3,0.00 Angular speed in x
VENTOR_LINEAR_ACC_Y,1771300943.8057384,0x001,3,5631900.00 Linear acceleration in y
VENTOR_ANGULAR_SPEED_Y,1771300943.8057384,0x001,3,0.00 Angular speed in y
VENTOR_LINEAR_ACC_Z,1771300943.8057947,0x002,4,5401900.00 Linear acceleration in z
VENTOR_ANGULAR_SPEED_Z,1771300943.8057947,0x002,4,0.00 Angular speed in z
VENTOR_LINEAR_SPEED_X,1771300943.8057947,0x002,4,5325500.00 Linear speed in x
VENTOR_LINEAR_SPEED_Y,1771300943.8057947,0x002,4,1177600.00 Linear speed in y
VENTOR_LINEAR_ACC_X,1771300943.815825,0x001,3,4889500.00 Linear acceleration in x
VENTOR_ANGULAR_SPEED_X,1771300943.815825,0x001,3,0.00 Angular speed in x
VENTOR_LINEAR_ACC_Y,1771300943.815825,0x001,3,5631900.00 Linear acceleration in y
VENTOR_ANGULAR_SPEED_Y,1771300943.815825,0x001,3,0.00 Angular speed in y
VENTOR_LINEAR_ACC_Z,1771300943.8158734,0x002,4,5401900.00 Linear acceleration in z
VENTOR_ANGULAR_SPEED_Z,1771300943.8158734,0x002,4,0.00 Angular speed in z
VENTOR_LINEAR_SPEED_X,1771300943.8158734,0x002,4,5325500.00 Linear speed in x
VENTOR_LINEAR_SPEED_Y,1771300943.8158734,0x002,4,1177600.00 Linear speed in y
VENTOR_LINEAR_ACC_X,1771300943.8268101,0x001,3,4889500.00 Linear acceleration in x
VENTOR_ANGULAR_SPEED_X,1771300943.8268101,0x001,3,0.00 Angular speed in x
VENTOR_LINEAR_ACC_Y,1771300943.8268101,0x001,3,5631900.00 Linear acceleration in y
VENTOR_ANGULAR_SPEED_Y,1771300943.8268101,0x001,3,0.00 Angular speed in y
VENTOR_LINEAR_ACC_Z,1771300943.826872,0x002,4,5401900.00 Linear acceleration in z
VENTOR_ANGULAR_SPEED_Z,1771300943.826872,0x002,4,0.00 Angular speed in z
VENTOR_LINEAR_SPEED_X,1771300943.826872,0x002,4,5325500.00 Linear speed in x
VENTOR_LINEAR_SPEED_Y,1771300943.826872,0x002,4,1177600.00 Linear speed in y
VENTOR_LINEAR_ACC_X,1771300943.8369002,0x001,3,4889500.00 Linear acceleration in x
VENTOR_ANGULAR_SPEED_X,1771300943.8369002,0x001,3,0.00 Angular speed in x
VENTOR_LINEAR_ACC_Y,1771300943.8369002,0x001,3,5631900.00 Linear acceleration in y
VENTOR_ANGULAR_SPEED_Y,1771300943.8369002,0x001,3,0.00 Angular speed in y
VENTOR_LINEAR_ACC_Z,1771300943.8369617,0x002,4,5401900.00 Linear acceleration in z
VENTOR_ANGULAR_SPEED_Z,1771300943.8369617,0x002,4,0.00 Angular speed in z
VENTOR_LINEAR_SPEED_X,1771300943.8369617,0x002,4,5325500.00 Linear speed in x
VENTOR_LINEAR_SPEED_Y,1771300943.8369617,0x002,4,1177600.00 Linear speed in y
VENTOR_LINEAR_ACC_X,1771300943.847015,0x001,3,4889500.00 Linear acceleration in x
VENTOR_ANGULAR_SPEED_X,1771300943.847015,0x001,3,0.00 Angular speed in x
VENTOR_LINEAR_ACC_Y,1771300943.847015,0x001,3,5631900.00 Linear acceleration in y
VENTOR_ANGULAR_SPEED_Y,1771300943.847015,0x001,3,0.00 Angular speed in y
VENTOR_LINEAR_ACC_Z,1771300943.847083,0x002,4,5401900.00 Linear acceleration in z
VENTOR_ANGULAR_SPEED_Z,1771300943.847083,0x002,4,0.00 Angular speed in z
VENTOR_LINEAR_SPEED_X,1771300943.847083,0x002,4,5325500.00 Linear speed in x
VENTOR_LINEAR_SPEED_Y,1771300943.847083,0x002,4,1177600.00 Linear speed in y
VENTOR_LINEAR_ACC_X,1771300943.8570967,0x001,3,4889500.00 Linear acceleration in x
VENTOR_ANGULAR_SPEED_X,1771300943.8570967,0x001,3,0.00 Angular speed in x
VENTOR_LINEAR_ACC_Y,1771300943.8570967,0x001,3,5631900.00 Linear acceleration in y
VENTOR_ANGULAR_SPEED_Y,1771300943.8570967,0x001,3,0.00 Angular speed in y
VENTOR_LINEAR_ACC_Z,1771300943.8571618,0x002,4,5401900.00 Linear acceleration in z
VENTOR_ANGULAR_SPEED_Z,1771300943.8571618,0x002,4,0.00 Angular speed in z
VENTOR_LINEAR_SPEED_X,1771300943.8571618,0x002,4,5325500.00 Linear speed in x
VENTOR_LINEAR_SPEED_Y,1771300943.8571618,0x002,4,1177600.00 Linear speed in y
VENTOR_LINEAR_ACC_X,1771300943.8671954,0x001,3,4889500.00 Linear acceleration in x
VENTOR_ANGULAR_SPEED_X,1771300943.8671954,0x001,3,0.00 Angular speed in x
VENTOR_LINEAR_ACC_Y,1771300943.8671954,0x001,3,5631900.00 Linear acceleration in y
VENTOR_ANGULAR_SPEED_Y,1771300943.8671954,0x001,3,0.00 Angular speed in y
VENTOR_LINEAR_ACC_Z,1771300943.8672533,0x002,4,5401900.00 Linear acceleration in z
VENTOR_ANGULAR_SPEED_Z,1771300943.8672533,0x002,4,0.00 Angular speed in z
VENTOR_LINEAR_SPEED_X,1771300943.8672533,0x002,4,5325500.00 Linear speed in x
VENTOR_LINEAR_SPEED_Y,1771300943.8672533,0x002,4,1177600.00 Linear speed in y
VENTOR_LINEAR_ACC_X,1771300943.8772638,0x001,3,4889500.00 Linear acceleration in x
VENTOR_ANGULAR_SPEED_X,1771300943.8772638,0x001,3,0.00 Angular speed in x
VENTOR_LINEAR_ACC_Y,1771300943.8772638,0x001,3,5631900.00 Linear acceleration in y
VENTOR_ANGULAR_SPEED_Y,1771300943.8772638,0x001,3,0.00 Angular speed in y
VENTOR_LINEAR_ACC_Z,1771300943.8773153,0x002,4,5401900.00 Linear acceleration in z
VENTOR_ANGULAR_SPEED_Z,1771300943.8773153,0x002,4,0.00 Angular speed in z
VENTOR_LINEAR_SPEED_X,1771300943.8773153,0x002,4,5325500.00 Linear speed in x
VENTOR_LINEAR_SPEED_Y,1771300943.8773153,0x002,4,1177600.00 Linear speed in y
VENTOR_LINEAR_ACC_X,1771300943.887384,0x001,3,4889500.00 Linear acceleration in x
VENTOR_ANGULAR_SPEED_X,1771300943.887384,0x001,3,0.00 Angular speed in x
VENTOR_LINEAR_ACC_Y,1771300943.887384,0x001,3,5631900.00 Linear acceleration in y
VENTOR_ANGULAR_SPEED_Y,1771300943.887384,0x001,3,0.00 Angular speed in y
VENTOR_LINEAR_ACC_Z,1771300943.8874383,0x002,4,5401900.00 Linear acceleration in z
VENTOR_ANGULAR_SPEED_Z,1771300943.8874383,0x002,4,0.00 Angular speed in z
VENTOR_LINEAR_SPEED_X,1771300943.8874383,0x002,4,5325500.00 Linear speed in x
VENTOR_LINEAR_SPEED_Y,1771300943.8874383,0x002,4,1177600.00 Linear speed in y
VENTOR_LINEAR_ACC_X,1771300943.8974724,0x001,3,4889500.00 Linear acceleration in x
VENTOR_ANGULAR_SPEED_X,1771300943.8974724,0x001,3,0.00 Angular speed in x
VENTOR_LINEAR_ACC_Y,1771300943.8974724,0x001,3,5631900.00 Linear acceleration in y
VENTOR_ANGULAR_SPEED_Y,1771300943.8974724,0x001,3,0.00 Angular speed in y
VENTOR_LINEAR_ACC_Z,1771300943.8975246,0x002,4,5401900.00 Linear acceleration in z
VENTOR_ANGULAR_SPEED_Z,1771300943.8975246,0x002,4,0.00 Angular speed in z
VENTOR_LINEAR_SPEED_X,1771300943.8975246,0x002,4,5325500.00 Linear speed in x
VENTOR_LINEAR_SPEED_Y,1771300943.8975246,0x002,4,1177600.00 Linear speed in y
VENTOR_LINEAR_ACC_X,1771300943.9075673,0x001,3,4889500.00 Linear acceleration in x
VENTOR_ANGULAR_SPEED_X,1771300943.9075673,0x001,3,0.00 Angular speed in x
VENTOR_LINEAR_ACC_Y,1771300943.9075673,0x001,3,5631900.00 Linear acceleration in y
VENTOR_ANGULAR_SPEED_Y,1771300943.9075673,0x001,3,0.00 Angular speed in y
VENTOR_LINEAR_ACC_Z,1771300943.907626,0x002,4,5401900.00 Linear acceleration in z
VENTOR_ANGULAR_SPEED_Z,1771300943.907626,0x002,4,0.00 Angular speed in z
VENTOR_LINEAR_SPEED_X,1771300943.907626,0x002,4,5325500.00 Linear speed in x
VENTOR_LINEAR_SPEED_Y,1771300943.907626,0x002,4,1177600.00 Linear speed in y
VENTOR_LINEAR_ACC_X,1771300943.9176624,0x001,3,4889500.00 Linear acceleration in x
VENTOR_ANGULAR_SPEED_X,1771300943.9176624,0x001,3,0.00 Angular speed in x
VENTOR_LINEAR_ACC_Y,1771300943.9176624,0x001,3,5631900.00 Linear acceleration in y
VENTOR_ANGULAR_SPEED_Y,1771300943.9176624,0x001,3,0.00 Angular speed in y
VENTOR_LINEAR_ACC_Z,1771300943.9177144,0x002,4,5401900.00 Linear acceleration in z
VENTOR_ANGULAR_SPEED_Z,1771300943.9177144,0x002,4,0.00 Angular speed in z
VENTOR_LINEAR_SPEED_X,1771300943.9177144,0x002,4,5325500.00 Linear speed in x
VENTOR_LINEAR_SPEED_Y,1771300943.9177144,0x002,4,1177600.00 Linear speed in y
VENTOR_LINEAR_ACC_X,1771300943.92777,0x001,3,4889500.00 Linear acceleration in x
VENTOR_ANGULAR_SPEED_X,1771300943.92777,0x001,3,0.00 Angular speed in x
VENTOR_LINEAR_ACC_Y,1771300943.92777,0x001,3,5631900.00 Linear acceleration in y
VENTOR_ANGULAR_SPEED_Y,1771300943.92777,0x001,3,0.00 Angular speed in y
VENTOR_LINEAR_ACC_Z,1771300943.927824,0x002,4,5401900.00 Linear acceleration in z
VENTOR_ANGULAR_SPEED_Z,1771300943.927824,0x002,4,0.00 Angular speed in z
VENTOR_LINEAR_SPEED_X,1771300943.927824,0x002,4,5325500.00 Linear speed in x
VENTOR_LINEAR_SPEED_Y,1771300943.927824,0x002,4,1177600.00 Linear speed in y
VENTOR_LINEAR_ACC_X,1771300943.9378421,0x001,3,4889500.00 Linear acceleration in x
VENTOR_ANGULAR_SPEED_X,1771300943.9378421,0x001,3,0.00 Angular speed in x
VENTOR_LINEAR_ACC_Y,1771300943.9378421,0x001,3,5631900.00 Linear acceleration in y
VENTOR_ANGULAR_SPEED_Y,1771300943.9378421,0x001,3,0.00 Angular speed in y
VENTOR_LINEAR_ACC_Z,1771300943.9378917,0x002,4,5401900.00 Linear acceleration in z
VENTOR_ANGULAR_SPEED_Z,1771300943.9378917,0x002,4,0.00 Angular speed in z
VENTOR_LINEAR_SPEED_X,1771300943.9378917,0x002,4,5325500.00 Linear speed in x
VENTOR_LINEAR_SPEED_Y,1771300943.9378917,0x002,4,1177600.00 Linear speed in y
VENTOR_LINEAR_ACC_X,1771300943.9479392,0x001,3,4889500.00 Linear acceleration in x
VENTOR_ANGULAR_SPEED_X,1771300943.9479392,0x001,3,0.00 Angular speed in x
VENTOR_LINEAR_ACC_Y,1771300943.9479392,0x001,3,5631900.00 Linear acceleration in y
VENTOR_ANGULAR_SPEED_Y,1771300943.9479392,0x001,3,0.00 Angular speed in y
VENTOR_LINEAR_ACC_Z,1771300943.9479926,0x002,4,5401900.00 Linear acceleration in z
VENTOR_ANGULAR_SPEED_Z,1771300943.9479926,0x002,4,0.00 Angular speed in z
VENTOR_LINEAR_SPEED_X,1771300943.9479926,0x002,4,5325500.00 Linear speed in x
VENTOR_LINEAR_SPEED_Y,1771300943.9479926,0x002,4,1177600.00 Linear speed in y
VENTOR_LINEAR_ACC_X,1771300943.958018,0x001,3,4889500.00 Linear acceleration in x
VENTOR_ANGULAR_SPEED_X,1771300943.958018,0x001,3,0.00 Angular speed in x
VENTOR_LINEAR_ACC_Y,1771300943.958018,0x001,3,5631900.00 Linear acceleration in y
VENTOR_ANGULAR_SPEED_Y,1771300943.958018,0x001,3,0.00 Angular speed in y
VENTOR_LINEAR_ACC_Z,1771300943.958092,0x002,4,5401900.00 Linear acceleration in z
VENTOR_ANGULAR_SPEED_Z,1771300943.958092,0x002,4,0.00 Angular speed in z
VENTOR_LINEAR_SPEED_X,1771300943.958092,0x002,4,5325500.00 Linear speed in x
VENTOR_LINEAR_SPEED_Y,1771300943.958092,0x002,4,1177600.00 Linear speed in y
VENTOR_LINEAR_ACC_X,1771300943.968125,0x001,3,4889500.00 Linear acceleration in x
VENTOR_ANGULAR_SPEED_X,1771300943.968125,0x001,3,0.00 Angular speed in x
VENTOR_LINEAR_ACC_Y,1771300943.968125,0x001,3,5631900.00 Linear acceleration in y
VENTOR_ANGULAR_SPEED_Y,1771300943.968125,0x001,3,0.00 Angular speed in y
VENTOR_LINEAR_ACC_Z,1771300943.9681978,0x002,4,5401900.00 Linear acceleration in z
VENTOR_ANGULAR_SPEED_Z,1771300943.9681978,0x002,4,0.00 Angular speed in z
VENTOR_LINEAR_SPEED_X,1771300943.9681978,0x002,4,5325500.00 Linear speed in x
VENTOR_LINEAR_SPEED_Y,1771300943.9681978,0x002,4,1177600.00 Linear speed in y
VENTOR_LINEAR_ACC_X,1771300943.9783225,0x001,3,4889500.00 Linear acceleration in x
VENTOR_ANGULAR_SPEED_X,1771300943.9783225,0x001,3,0.00 Angular speed in x
VENTOR_LINEAR_ACC_Y,1771300943.9783225,0x001,3,5631900.00 Linear acceleration in y
VENTOR_ANGULAR_SPEED_Y,1771300943.9783225,0x001,3,0.00 Angular speed in y
VENTOR_LINEAR_ACC_Z,1771300943.9784334,0x002,4,5401900.00 Linear acceleration in z
VENTOR_ANGULAR_SPEED_Z,1771300943.9784334,0x002,4,0.00 Angular speed in z
VENTOR_LINEAR_SPEED_X,1771300943.9784334,0x002,4,5325500.00 Linear speed in x
VENTOR_LINEAR_SPEED_Y,1771300943.9784334,0x002,4,1177600.00 Linear speed in y
VENTOR_LINEAR_ACC_X,1771300943.9883783,0x001,3,4889500.00 Linear acceleration in x
VENTOR_ANGULAR_SPEED_X,1771300943.9883783,0x001,3,0.00 Angular speed in x
VENTOR_LINEAR_ACC_Y,1771300943.9883783,0x001,3,5631900.00 Linear acceleration in y
VENTOR_ANGULAR_SPEED_Y,1771300943.9883783,0x001,3,0.00 Angular speed in y
VENTOR_LINEAR_ACC_Z,1771300943.9892724,0x002,4,5401900.00 Linear acceleration in z
VENTOR_ANGULAR_SPEED_Z,1771300943.9892724,0x002,4,0.00 Angular speed in z
VENTOR_LINEAR_SPEED_X,1771300943.9892724,0x002,4,5325500.00 Linear speed in x
VENTOR_LINEAR_SPEED_Y,1771300943.9892724,0x002,4,1177600.00 Linear speed in y
VENTOR_LINEAR_ACC_X,1771300943.9984648,0x001,3,4889500.00 Linear acceleration in x
VENTOR_ANGULAR_SPEED_X,1771300943.9984648,0x001,3,0.00 Angular speed in x
VENTOR_LINEAR_ACC_Y,1771300943.9984648,0x001,3,5631900.00 Linear acceleration in y
VENTOR_ANGULAR_SPEED_Y,1771300943.9984648,0x001,3,0.00 Angular speed in y
VENTOR_LINEAR_ACC_Z,1771300943.9985142,0x002,4,5401900.00 Linear acceleration in z
VENTOR_ANGULAR_SPEED_Z,1771300943.9985142,0x002,4,0.00 Angular speed in z
VENTOR_LINEAR_SPEED_X,1771300943.9985142,0x002,4,5325500.00 Linear speed in x
VENTOR_LINEAR_SPEED_Y,1771300943.9985142,0x002,4,1177600.00 Linear speed in y
VENTOR_LINEAR_ACC_X,1771300944.0085902,0x001,3,4889500.00 Linear acceleration in x
VENTOR_ANGULAR_SPEED_X,1771300944.0085902,0x001,3,0.00 Angular speed in x
VENTOR_LINEAR_ACC_Y,1771300944.0085902,0x001,3,5631900.00 Linear acceleration in y
VENTOR_ANGULAR_SPEED_Y,1771300944.0085902,0x001,3,0.00 Angular speed in y
VENTOR_LINEAR_ACC_Z,1771300944.0086465,0x002,4,5401900.00 Linear acceleration in z
VENTOR_ANGULAR_SPEED_Z,1771300944.0086465,0x002,4,0.00 Angular speed in z
VENTOR_LINEAR_SPEED_X,1771300944.0086465,0x002,4,5325500.00 Linear speed in x
VENTOR_LINEAR_SPEED_Y,1771300944.0086465,0x002,4,1177600.00 Linear speed in y
VENTOR_LINEAR_ACC_X,1771300944.0191982,0x001,3,4889500.00 Linear acceleration in x
VENTOR_ANGULAR_SPEED_X,1771300944.0191982,0x001,3,0.00 Angular speed in x
VENTOR_LINEAR_ACC_Y,1771300944.0191982,0x001,3,5631900.00 Linear acceleration in y
VENTOR_ANGULAR_SPEED_Y,1771300944.0191982,0x001,3,0.00 Angular speed in y
VENTOR_LINEAR_ACC_Z,1771300944.0192535,0x002,4,5401900.00 Linear acceleration in z
VENTOR_ANGULAR_SPEED_Z,1771300944.0192535,0x002,4,0.00 Angular speed in z
VENTOR_LINEAR_SPEED_X,1771300944.0192535,0x002,4,5325500.00 Linear speed in x
VENTOR_LINEAR_SPEED_Y,1771300944.0192535,0x002,4,1177600.00 Linear speed in y
VENTOR_LINEAR_ACC_X,1771300944.0294333,0x001,3,4889500.00 Linear acceleration in x
VENTOR_ANGULAR_SPEED_X,1771300944.0294333,0x001,3,0.00 Angular speed in x
VENTOR_LINEAR_ACC_Y,1771300944.0294333,0x001,3,5631900.00 Linear acceleration in y
VENTOR_ANGULAR_SPEED_Y,1771300944.0294333,0x001,3,0.00 Angular speed in y
VENTOR_LINEAR_ACC_Z,1771300944.0295093,0x002,4,5401900.00 Linear acceleration in z
VENTOR_ANGULAR_SPEED_Z,1771300944.0295093,0x002,4,0.00 Angular speed in z
VENTOR_LINEAR_SPEED_X,1771300944.0295093,0x002,4,5325500.00 Linear speed in x
VENTOR_LINEAR_SPEED_Y,1771300944.0295093,0x002,4,1177600.00 Linear speed in y
VENTOR_LINEAR_ACC_X,1771300944.0395126,0x001,3,4889500.00 Linear acceleration in x
VENTOR_ANGULAR_SPEED_X,1771300944.0395126,0x001,3,0.00 Angular speed in x
VENTOR_LINEAR_ACC_Y,1771300944.0395126,0x001,3,5631900.00 Linear acceleration in y
VENTOR_ANGULAR_SPEED_Y,1771300944.0395126,0x001,3,0.00 Angular speed in y
VENTOR_LINEAR_ACC_Z,1771300944.03957,0x002,4,5401900.00 Linear acceleration in z
VENTOR_ANGULAR_SPEED_Z,1771300944.03957,0x002,4,0.00 Angular speed in z
VENTOR_LINEAR_SPEED_X,1771300944.03957,0x002,4,5325500.00 Linear speed in x
VENTOR_LINEAR_SPEED_Y,1771300944.03957,0x002,4,1177600.00 Linear speed in y
VENTOR_LINEAR_ACC_X,1771300944.049621,0x001,3,4889500.00 Linear acceleration in x
VENTOR_ANGULAR_SPEED_X,1771300944.049621,0x001,3,0.00 Angular speed in x
VENTOR_LINEAR_ACC_Y,1771300944.049621,0x001,3,5631900.00 Linear acceleration in y
VENTOR_ANGULAR_SPEED_Y,1771300944.049621,0x001,3,0.00 Angular speed in y
VENTOR_LINEAR_ACC_Z,1771300944.0496736,0x002,4,5401900.00 Linear acceleration in z
VENTOR_ANGULAR_SPEED_Z,1771300944.0496736,0x002,4,0.00 Angular speed in z
VENTOR_LINEAR_SPEED_X,1771300944.0496736,0x002,4,5325500.00 Linear speed in x
VENTOR_LINEAR_SPEED_Y,1771300944.0496736,0x002,4,1177600.00 Linear speed in y
VENTOR_LINEAR_ACC_X,1771300944.0597105,0x001,3,4889500.00 Linear acceleration in x
VENTOR_ANGULAR_SPEED_X,1771300944.0597105,0x001,3,0.00 Angular speed in x
VENTOR_LINEAR_ACC_Y,1771300944.0597105,0x001,3,5631900.00 Linear acceleration in y
VENTOR_ANGULAR_SPEED_Y,1771300944.0597105,0x001,3,0.00 Angular speed in y
VENTOR_LINEAR_ACC_Z,1771300944.0597749,0x002,4,5401900.00 Linear acceleration in z
VENTOR_ANGULAR_SPEED_Z,1771300944.0597749,0x002,4,0.00 Angular speed in z
VENTOR_LINEAR_SPEED_X,1771300944.0597749,0x002,4,5325500.00 Linear speed in x
VENTOR_LINEAR_SPEED_Y,1771300944.0597749,0x002,4,1177600.00 Linear speed in y
VENTOR_LINEAR_ACC_X,1771300944.0698051,0x001,3,4889500.00 Linear acceleration in x
VENTOR_ANGULAR_SPEED_X,1771300944.0698051,0x001,3,0.00 Angular speed in x
VENTOR_LINEAR_ACC_Y,1771300944.0698051,0x001,3,5631900.00 Linear acceleration in y
VENTOR_ANGULAR_SPEED_Y,1771300944.0698051,0x001,3,0.00 Angular speed in y
VENTOR_LINEAR_ACC_Z,1771300944.0698779,0x002,4,5401900.00 Linear acceleration in z
VENTOR_ANGULAR_SPEED_Z,1771300944.0698779,0x002,4,0.00 Angular speed in z
VENTOR_LINEAR_SPEED_X,1771300944.0698779,0x002,4,5325500.00 Linear speed in x
VENTOR_LINEAR_SPEED_Y,1771300944.0698779,0x002,4,1177600.00 Linear speed in y
VENTOR_LINEAR_ACC_X,1771300944.0799282,0x001,3,4889500.00 Linear acceleration in x
VENTOR_ANGULAR_SPEED_X,1771300944.0799282,0x001,3,0.00 Angular speed in x
VENTOR_LINEAR_ACC_Y,1771300944.0799282,0x001,3,5631900.00 Linear acceleration in y
VENTOR_ANGULAR_SPEED_Y,1771300944.0799282,0x001,3,0.00 Angular speed in y
VENTOR_LINEAR_ACC_Z,1771300944.0799825,0x002,4,5401900.00 Linear acceleration in z
VENTOR_ANGULAR_SPEED_Z,1771300944.0799825,0x002,4,0.00 Angular speed in z
VENTOR_LINEAR_SPEED_X,1771300944.0799825,0x002,4,5325500.00 Linear speed in x
VENTOR_LINEAR_SPEED_Y,1771300944.0799825,0x002,4,1177600.00 Linear speed in y
VENTOR_LINEAR_ACC_X,1771300944.090031,0x001,3,4889500.00 Linear acceleration in x
VENTOR_ANGULAR_SPEED_X,1771300944.090031,0x001,3,0.00 Angular speed in x
VENTOR_LINEAR_ACC_Y,1771300944.090031,0x001,3,5631900.00 Linear acceleration in y
VENTOR_ANGULAR_SPEED_Y,1771300944.090031,0x001,3,0.00 Angular speed in y
VENTOR_LINEAR_ACC_Z,1771300944.0900812,0x002,4,5401900.00 Linear acceleration in z
VENTOR_ANGULAR_SPEED_Z,1771300944.0900812,0x002,4,0.00 Angular speed in z
VENTOR_LINEAR_SPEED_X,1771300944.0900812,0x002,4,5325500.00 Linear speed in x
VENTOR_LINEAR_SPEED_Y,1771300944.0900812,0x002,4,1177600.00 Linear speed in y
VENTOR_LINEAR_ACC_X,1771300944.100097,0x001,3,4889500.00 Linear acceleration in x
VENTOR_ANGULAR_SPEED_X,1771300944.100097,0x001,3,0.00 Angular speed in x
VENTOR_LINEAR_ACC_Y,1771300944.100097,0x001,3,5631900.00 Linear acceleration in y
VENTOR_ANGULAR_SPEED_Y,1771300944.100097,0x001,3,0.00 Angular speed in y
VENTOR_LINEAR_ACC_Z,1771300944.1001742,0x002,4,5401900.00 Linear acceleration in z
VENTOR_ANGULAR_SPEED_Z,1771300944.1001742,0x002,4,0.00 Angular speed in z
VENTOR_LINEAR_SPEED_X,1771300944.1001742,0x002,4,5325500.00 Linear speed in x
VENTOR_LINEAR_SPEED_Y,1771300944.1001742,0x002,4,1177600.00 Linear speed in y
VENTOR_LINEAR_ACC_X,1771300944.1102252,0x001,3,4889500.00 Linear acceleration in x
VENTOR_ANGULAR_SPEED_X,1771300944.1102252,0x001,3,0.00 Angular speed in x
VENTOR_LINEAR_ACC_Y,1771300944.1102252,0x001,3,5631900.00 Linear acceleration in y
VENTOR_ANGULAR_SPEED_Y,1771300944.1102252,0x001,3,0.00 Angular speed in y
VENTOR_LINEAR_ACC_Z,1771300944.1102765,0x002,4,5401900.00 Linear acceleration in z
VENTOR_ANGULAR_SPEED_Z,1771300944.1102765,0x002,4,0.00 Angular speed in z
VENTOR_LINEAR_SPEED_X,1771300944.1102765,0x002,4,5325500.00 Linear speed in x
VENTOR_LINEAR_SPEED_Y,1771300944.1102765,0x002,4,1177600.00 Linear speed in y
VENTOR_LINEAR_ACC_X,1771300944.120309,0x001,3,4889500.00 Linear acceleration in x
VENTOR_ANGULAR_SPEED_X,1771300944.120309,0x001,3,0.00 Angular speed in x
VENTOR_LINEAR_ACC_Y,1771300944.120309,0x001,3,5631900.00 Linear acceleration in y
VENTOR_ANGULAR_SPEED_Y,1771300944.120309,0x001,3,0.00 Angular speed in y
VENTOR_LINEAR_ACC_Z,1771300944.12038,0x002,4,5401900.00 Linear acceleration in z
VENTOR_ANGULAR_SPEED_Z,1771300944.12038,0x002,4,0.00 Angular speed in z
VENTOR_LINEAR_SPEED_X,1771300944.12038,0x002,4,5325500.00 Linear speed in x
VENTOR_LINEAR_SPEED_Y,1771300944.12038,0x002,4,1177600.00 Linear speed in y
VENTOR_LINEAR_ACC_X,1771300944.1304522,0x001,3,4889500.00 Linear acceleration in x
VENTOR_ANGULAR_SPEED_X,1771300944.1304522,0x001,3,0.00 Angular speed in x
VENTOR_LINEAR_ACC_Y,1771300944.1304522,0x001,3,5631900.00 Linear acceleration in y
VENTOR_ANGULAR_SPEED_Y,1771300944.1304522,0x001,3,0.00 Angular speed in y
VENTOR_LINEAR_ACC_Z,1771300944.1305082,0x002,4,5401900.00 Linear acceleration in z
VENTOR_ANGULAR_SPEED_Z,1771300944.1305082,0x002,4,0.00 Angular speed in z
VENTOR_LINEAR_SPEED_X,1771300944.1305082,0x002,4,5325500.00 Linear speed in x
VENTOR_LINEAR_SPEED_Y,1771300944.1305082,0x002,4,1177600.00 Linear speed in y
VENTOR_LINEAR_ACC_X,1771300944.1405864,0x001,3,4889500.00 Linear acceleration in x
VENTOR_ANGULAR_SPEED_X,1771300944.1405864,0x001,3,0.00 Angular speed in x
VENTOR_LINEAR_ACC_Y,1771300944.1405864,0x001,3,5631900.00 Linear acceleration in y
VENTOR_ANGULAR_SPEED_Y,1771300944.1405864,0x001,3,0.00 Angular speed in y
VENTOR_LINEAR_ACC_Z,1771300944.1406405,0x002,4,5401900.00 Linear acceleration in z
VENTOR_ANGULAR_SPEED_Z,1771300944.1406405,0x002,4,0.00 Angular speed in z
VENTOR_LINEAR_SPEED_X,1771300944.1406405,0x002,4,5325500.00 Linear speed in x
VENTOR_LINEAR_SPEED_Y,1771300944.1406405,0x002,4,1177600.00 Linear speed in y
VENTOR_LINEAR_ACC_X,1771300944.1507378,0x001,3,4889500.00 Linear acceleration in x
VENTOR_ANGULAR_SPEED_X,1771300944.1507378,0x001,3,0.00 Angular speed in x
VENTOR_LINEAR_ACC_Y,1771300944.1507378,0x001,3,5631900.00 Linear acceleration in y
VENTOR_ANGULAR_SPEED_Y,1771300944.1507378,0x001,3,0.00 Angular speed in y
VENTOR_LINEAR_ACC_Z,1771300944.1508129,0x002,4,5401900.00 Linear acceleration in z
VENTOR_ANGULAR_SPEED_Z,1771300944.1508129,0x002,4,0.00 Angular speed in z
VENTOR_LINEAR_SPEED_X,1771300944.1508129,0x002,4,5325500.00 Linear speed in x
VENTOR_LINEAR_SPEED_Y,1771300944.1508129,0x002,4,1177600.00 Linear speed in y
VENTOR_LINEAR_ACC_X,1771300944.1608381,0x001,3,4889500.00 Linear acceleration in x
VENTOR_ANGULAR_SPEED_X,1771300944.1608381,0x001,3,0.00 Angular speed in x
VENTOR_LINEAR_ACC_Y,1771300944.1608381,0x001,3,5631900.00 Linear acceleration in y
VENTOR_ANGULAR_SPEED_Y,1771300944.1608381,0x001,3,0.00 Angular speed in y
VENTOR_LINEAR_ACC_Z,1771300944.1609018,0x002,4,5401900.00 Linear acceleration in z
VENTOR_ANGULAR_SPEED_Z,1771300944.1609018,0x002,4,0.00 Angular speed in z
VENTOR_LINEAR_SPEED_X,1771300944.1609018,0x002,4,5325500.00 Linear speed in x
VENTOR_LINEAR_SPEED_Y,1771300944.1609018,0x002,4,1177600.00 Linear speed in y
VENTOR_LINEAR_ACC_X,1771300944.1709166,0x001,3,4889500.00 Linear acceleration in x
VENTOR_ANGULAR_SPEED_X,1771300944.1709166,0x001,3,0.00 Angular speed in x
VENTOR_LINEAR_ACC_Y,1771300944.1709166,0x001,3,5631900.00 Linear acceleration in y
VENTOR_ANGULAR_SPEED_Y,1771300944.1709166,0x001,3,0.00 Angular speed in y
VENTOR_LINEAR_ACC_Z,1771300944.1709669,0x002,4,5401900.00 Linear acceleration in z
VENTOR_ANGULAR_SPEED_Z,1771300944.1709669,0x002,4,0.00 Angular speed in z
VENTOR_LINEAR_SPEED_X,1771300944.1709669,0x002,4,5325500.00 Linear speed in x
VENTOR_LINEAR_SPEED_Y,1771300944.1709669,0x002,4,1177600.00 Linear speed in y
VENTOR_LINEAR_ACC_X,1771300944.1810617,0x001,3,4889500.00 Linear acceleration in x
VENTOR_ANGULAR_SPEED_X,1771300944.1810617,0x001,3,0.00 Angular speed in x
VENTOR_LINEAR_ACC_Y,1771300944.1810617,0x001,3,5631900.00 Linear acceleration in y
VENTOR_ANGULAR_SPEED_Y,1771300944.1810617,0x001,3,0.00 Angular speed in y
VENTOR_LINEAR_ACC_Z,1771300944.181116,0x002,4,5401900.00 Linear acceleration in z
VENTOR_ANGULAR_SPEED_Z,1771300944.181116,0x002,4,0.00 Angular speed in z
VENTOR_LINEAR_SPEED_X,1771300944.181116,0x002,4,5325500.00 Linear speed in x
VENTOR_LINEAR_SPEED_Y,1771300944.181116,0x002,4,1177600.00 Linear speed in y
VENTOR_LINEAR_ACC_X,1771300944.1918275,0x001,3,4889500.00 Linear acceleration in x
VENTOR_ANGULAR_SPEED_X,1771300944.1918275,0x001,3,0.00 Angular speed in x
VENTOR_LINEAR_ACC_Y,1771300944.1918275,0x001,3,5631900.00 Linear acceleration in y
VENTOR_ANGULAR_SPEED_Y,1771300944.1918275,0x001,3,0.00 Angular speed in y
VENTOR_LINEAR_ACC_Z,1771300944.1918805,0x002,4,5401900.00 Linear acceleration in z
VENTOR_ANGULAR_SPEED_Z,1771300944.1918805,0x002,4,0.00 Angular speed in z
VENTOR_LINEAR_SPEED_X,1771300944.1918805,0x002,4,5325500.00 Linear speed in x
VENTOR_LINEAR_SPEED_Y,1771300944.1918805,0x002,4,1177600.00 Linear speed in y
VENTOR_LINEAR_ACC_X,1771300944.2019231,0x001,3,4889500.00 Linear acceleration in x
VENTOR_ANGULAR_SPEED_X,1771300944.2019231,0x001,3,0.00 Angular speed in x
VENTOR_LINEAR_ACC_Y,1771300944.2019231,0x001,3,5631900.00 Linear acceleration in y
VENTOR_ANGULAR_SPEED_Y,1771300944.2019231,0x001,3,0.00 Angular speed in y
VENTOR_LINEAR_ACC_Z,1771300944.2019718,0x002,4,5401900.00 Linear acceleration in z
VENTOR_ANGULAR_SPEED_Z,1771300944.2019718,0x002,4,0.00 Angular speed in z
VENTOR_LINEAR_SPEED_X,1771300944.2019718,0x002,4,5325500.00 Linear speed in x
VENTOR_LINEAR_SPEED_Y,1771300944.2019718,0x002,4,1177600.00 Linear speed in y
VENTOR_LINEAR_ACC_X,1771300944.2121167,0x001,3,4889500.00 Linear acceleration in x
VENTOR_ANGULAR_SPEED_X,1771300944.2121167,0x001,3,0.00 Angular speed in x
VENTOR_LINEAR_ACC_Y,1771300944.2121167,0x001,3,5631900.00 Linear acceleration in y
VENTOR_ANGULAR_SPEED_Y,1771300944.2121167,0x001,3,0.00 Angular speed in y
VENTOR_LINEAR_ACC_Z,1771300944.212169,0x002,4,5401900.00 Linear acceleration in z
VENTOR_ANGULAR_SPEED_Z,1771300944.212169,0x002,4,0.00 Angular speed in z
VENTOR_LINEAR_SPEED_X,1771300944.212169,0x002,4,5325500.00 Linear speed in x
VENTOR_LINEAR_SPEED_Y,1771300944.212169,0x002,4,1177600.00 Linear speed in y
VENTOR_LINEAR_ACC_X,1771300944.222201,0x001,3,4889500.00 Linear acceleration in x
VENTOR_ANGULAR_SPEED_X,1771300944.222201,0x001,3,0.00 Angular speed in x
VENTOR_LINEAR_ACC_Y,1771300944.222201,0x001,3,5631900.00 Linear acceleration in y
VENTOR_ANGULAR_SPEED_Y,1771300944.222201,0x001,3,0.00 Angular speed in y
VENTOR_LINEAR_ACC_Z,1771300944.2222528,0x002,4,5401900.00 Linear acceleration in z
VENTOR_ANGULAR_SPEED_Z,1771300944.2222528,0x002,4,0.00 Angular speed in z
VENTOR_LINEAR_SPEED_X,1771300944.2222528,0x002,4,5325500.00 Linear speed in x
VENTOR_LINEAR_SPEED_Y,1771300944.2222528,0x002,4,1177600.00 Linear speed in y
VENTOR_LINEAR_ACC_X,1771300944.232548,0x001,3,4889500.00 Linear acceleration in x
VENTOR_ANGULAR_SPEED_X,1771300944.232548,0x001,3,0.00 Angular speed in x
VENTOR_LINEAR_ACC_Y,1771300944.232548,0x001,3,5631900.00 Linear acceleration in y
VENTOR_ANGULAR_SPEED_Y,1771300944.232548,0x001,3,0.00 Angular speed in y
VENTOR_LINEAR_ACC_Z,1771300944.2326033,0x002,4,5401900.00 Linear acceleration in z
VENTOR_ANGULAR_SPEED_Z,1771300944.2326033,0x002,4,0.00 Angular speed in z
VENTOR_LINEAR_SPEED_X,1771300944.2326033,0x002,4,5325500.00 Linear speed in x
VENTOR_LINEAR_SPEED_Y,1771300944.2326033,0x002,4,1177600.00 Linear speed in y
VENTOR_LINEAR_ACC_X,1771300944.2426891,0x001,3,4889500.00 Linear acceleration in x
VENTOR_ANGULAR_SPEED_X,1771300944.2426891,0x001,3,0.00 Angular speed in x
VENTOR_LINEAR_ACC_Y,1771300944.2426891,0x001,3,5631900.00 Linear acceleration in y
VENTOR_ANGULAR_SPEED_Y,1771300944.2426891,0x001,3,0.00 Angular speed in y
VENTOR_LINEAR_ACC_Z,1771300944.2427437,0x002,4,5401900.00 Linear acceleration in z
VENTOR_ANGULAR_SPEED_Z,1771300944.2427437,0x002,4,0.00 Angular speed in z
VENTOR_LINEAR_SPEED_X,1771300944.2427437,0x002,4,5325500.00 Linear speed in x
VENTOR_LINEAR_SPEED_Y,1771300944.2427437,0x002,4,1177600.00 Linear speed in y
VENTOR_LINEAR_ACC_X,1771300944.2527738,0x001,3,4889500.00 Linear acceleration in x
VENTOR_ANGULAR_SPEED_X,1771300944.2527738,0x001,3,0.00 Angular speed in x
VENTOR_LINEAR_ACC_Y,1771300944.2527738,0x001,3,5631900.00 Linear acceleration in y
VENTOR_ANGULAR_SPEED_Y,1771300944.2527738,0x001,3,0.00 Angular speed in y
VENTOR_LINEAR_ACC_Z,1771300944.2528226,0x002,4,5401900.00 Linear acceleration in z
VENTOR_ANGULAR_SPEED_Z,1771300944.2528226,0x002,4,0.00 Angular speed in z
VENTOR_LINEAR_SPEED_X,1771300944.2528226,0x002,4,5325500.00 Linear speed in x
VENTOR_LINEAR_SPEED_Y,1771300944.2528226,0x002,4,1177600.00 Linear speed in y
VENTOR_LINEAR_ACC_X,1771300944.2628706,0x001,3,4889500.00 Linear acceleration in x
VENTOR_ANGULAR_SPEED_X,1771300944.2628706,0x001,3,0.00 Angular speed in x
VENTOR_LINEAR_ACC_Y,1771300944.2628706,0x001,3,5631900.00 Linear acceleration in y
VENTOR_ANGULAR_SPEED_Y,1771300944.2628706,0x001,3,0.00 Angular speed in y
VENTOR_LINEAR_ACC_Z,1771300944.2629166,0x002,4,5401900.00 Linear acceleration in z
VENTOR_ANGULAR_SPEED_Z,1771300944.2629166,0x002,4,0.00 Angular speed in z
VENTOR_LINEAR_SPEED_X,1771300944.2629166,0x002,4,5325500.00 Linear speed in x
VENTOR_LINEAR_SPEED_Y,1771300944.2629166,0x002,4,1177600.00 Linear speed in y
VENTOR_LINEAR_ACC_X,1771300944.2729762,0x001,3,4889500.00 Linear acceleration in x
VENTOR_ANGULAR_SPEED_X,1771300944.2729762,0x001,3,0.00 Angular speed in x
VENTOR_LINEAR_ACC_Y,1771300944.2729762,0x001,3,5631900.00 Linear acceleration in y
VENTOR_ANGULAR_SPEED_Y,1771300944.2729762,0x001,3,0.00 Angular speed in y
VENTOR_LINEAR_ACC_Z,1771300944.2730248,0x002,4,5401900.00 Linear acceleration in z
VENTOR_ANGULAR_SPEED_Z,1771300944.2730248,0x002,4,0.00 Angular speed in z
VENTOR_LINEAR_SPEED_X,1771300944.2730248,0x002,4,5325500.00 Linear speed in x
VENTOR_LINEAR_SPEED_Y,1771300944.2730248,0x002,4,1177600.00 Linear speed in y
VENTOR_LINEAR_ACC_X,1771300944.28308,0x001,3,4889500.00 Linear acceleration in x
VENTOR_ANGULAR_SPEED_X,1771300944.28308,0x001,3,0.00 Angular speed in x
VENTOR_LINEAR_ACC_Y,1771300944.28308,0x001,3,5631900.00 Linear acceleration in y
VENTOR_ANGULAR_SPEED_Y,1771300944.28308,0x001,3,0.00 Angular speed in y
VENTOR_LINEAR_ACC_Z,1771300944.28313,0x002,4,5401900.00 Linear acceleration in z
VENTOR_ANGULAR_SPEED_Z,1771300944.28313,0x002,4,0.00 Angular speed in z
VENTOR_LINEAR_SPEED_X,1771300944.28313,0x002,4,5325500.00 Linear speed in x
VENTOR_LINEAR_SPEED_Y,1771300944.28313,0x002,4,1177600.00 Linear speed in y
VENTOR_LINEAR_ACC_X,1771300944.2931883,0x001,3,4889500.00 Linear acceleration in x
VENTOR_ANGULAR_SPEED_X,1771300944.2931883,0x001,3,0.00 Angular speed in x
VENTOR_LINEAR_ACC_Y,1771300944.2931883,0x001,3,5631900.00 Linear acceleration in y
VENTOR_ANGULAR_SPEED_Y,1771300944.2931883,0x001,3,0.00 Angular speed in y
VENTOR_LINEAR_ACC_Z,1771300944.2932575,0x002,4,5401900.00 Linear acceleration in z
VENTOR_ANGULAR_SPEED_Z,1771300944.2932575,0x002,4,0.00 Angular speed in z
VENTOR_LINEAR_SPEED_X,1771300944.2932575,0x002,4,5325500.00 Linear speed in x
VENTOR_LINEAR_SPEED_Y,1771300944.2932575,0x002,4,1177600.00 Linear speed in y
VENTOR_LINEAR_ACC_X,1771300944.3032951,0x001,3,4889500.00 Linear acceleration in x
VENTOR_ANGULAR_SPEED_X,1771300944.3032951,0x001,3,0.00 Angular speed in x
VENTOR_LINEAR_ACC_Y,1771300944.3032951,0x001,3,5631900.00 Linear acceleration in y
VENTOR_ANGULAR_SPEED_Y,1771300944.3032951,0x001,3,0.00 Angular speed in y
VENTOR_LINEAR_ACC_Z,1771300944.3033478,0x002,4,5401900.00 Linear acceleration in z
VENTOR_ANGULAR_SPEED_Z,1771300944.3033478,0x002,4,0.00 Angular speed in z
VENTOR_LINEAR_SPEED_X,1771300944.3033478,0x002,4,5325500.00 Linear speed in x
VENTOR_LINEAR_SPEED_Y,1771300944.3033478,0x002,4,1177600.00 Linear speed in y
VENTOR_LINEAR_ACC_X,1771300944.3133633,0x001,3,4889500.00 Linear acceleration in x
VENTOR_ANGULAR_SPEED_X,1771300944.3133633,0x001,3,0.00 Angular speed in x
VENTOR_LINEAR_ACC_Y,1771300944.3133633,0x001,3,5631900.00 Linear acceleration in y
VENTOR_ANGULAR_SPEED_Y,1771300944.3133633,0x001,3,0.00 Angular speed in y
VENTOR_LINEAR_ACC_Z,1771300944.3134425,0x002,4,5401900.00 Linear acceleration in z
VENTOR_ANGULAR_SPEED_Z,1771300944.3134425,0x002,4,0.00 Angular speed in z
VENTOR_LINEAR_SPEED_X,1771300944.3134425,0x002,4,5325500.00 Linear speed in x
VENTOR_LINEAR_SPEED_Y,1771300944.3134425,0x002,4,1177600.00 Linear speed in y
VENTOR_LINEAR_ACC_X,1771300944.323474,0x001,3,4889500.00 Linear acceleration in x
VENTOR_ANGULAR_SPEED_X,1771300944.323474,0x001,3,0.00 Angular speed in x
VENTOR_LINEAR_ACC_Y,1771300944.323474,0x001,3,5631900.00 Linear acceleration in y
VENTOR_ANGULAR_SPEED_Y,1771300944.323474,0x001,3,0.00 Angular speed in y
VENTOR_LINEAR_ACC_Z,1771300944.3235228,0x002,4,5401900.00 Linear acceleration in z
VENTOR_ANGULAR_SPEED_Z,1771300944.3235228,0x002,4,0.00 Angular speed in z
VENTOR_LINEAR_SPEED_X,1771300944.3235228,0x002,4,5325500.00 Linear speed in x
VENTOR_LINEAR_SPEED_Y,1771300944.3235228,0x002,4,1177600.00 Linear speed in y
VENTOR_LINEAR_ACC_X,1771300944.3344567,0x001,3,4889500.00 Linear acceleration in x
VENTOR_ANGULAR_SPEED_X,1771300944.3344567,0x001,3,0.00 Angular speed in x
VENTOR_LINEAR_ACC_Y,1771300944.3344567,0x001,3,5631900.00 Linear acceleration in y
VENTOR_ANGULAR_SPEED_Y,1771300944.3344567,0x001,3,0.00 Angular speed in y
VENTOR_LINEAR_ACC_Z,1771300944.3345096,0x002,4,5401900.00 Linear acceleration in z
VENTOR_ANGULAR_SPEED_Z,1771300944.3345096,0x002,4,0.00 Angular speed in z
VENTOR_LINEAR_SPEED_X,1771300944.3345096,0x002,4,5325500.00 Linear speed in x
VENTOR_LINEAR_SPEED_Y,1771300944.3345096,0x002,4,1177600.00 Linear speed in y
VENTOR_LINEAR_ACC_X,1771300944.3445585,0x001,3,4889500.00 Linear acceleration in x
VENTOR_ANGULAR_SPEED_X,1771300944.3445585,0x001,3,0.00 Angular speed in x
VENTOR_LINEAR_ACC_Y,1771300944.3445585,0x001,3,5631900.00 Linear acceleration in y
VENTOR_ANGULAR_SPEED_Y,1771300944.3445585,0x001,3,0.00 Angular speed in y
VENTOR_LINEAR_ACC_Z,1771300944.3446076,0x002,4,5401900.00 Linear acceleration in z
VENTOR_ANGULAR_SPEED_Z,1771300944.3446076,0x002,4,0.00 Angular speed in z
VENTOR_LINEAR_SPEED_X,1771300944.3446076,0x002,4,5325500.00 Linear speed in x
VENTOR_LINEAR_SPEED_Y,1771300944.3446076,0x002,4,1177600.00 Linear speed in y
VENTOR_LINEAR_ACC_X,1771300944.3546562,0x001,3,4889500.00 Linear acceleration in x
VENTOR_ANGULAR_SPEED_X,1771300944.3546562,0x001,3,0.00 Angular speed in x
VENTOR_LINEAR_ACC_Y,1771300944.3546562,0x001,3,5631900.00 Linear acceleration in y
VENTOR_ANGULAR_SPEED_Y,1771300944.3546562,0x001,3,0.00 Angular speed in y
VENTOR_LINEAR_ACC_Z,1771300944.3547087,0x002,4,5401900.00 Linear acceleration in z
VENTOR_ANGULAR_SPEED_Z,1771300944.3547087,0x002,4,0.00 Angular speed in z
VENTOR_LINEAR_SPEED_X,1771300944.3547087,0x002,4,5325500.00 Linear speed in x
VENTOR_LINEAR_SPEED_Y,1771300944.3547087,0x002,4,1177600.00 Linear speed in y
VENTOR_LINEAR_ACC_X,1771300944.364747,0x001,3,4889500.00 Linear acceleration in x
VENTOR_ANGULAR_SPEED_X,1771300944.364747,0x001,3,0.00 Angular speed in x
VENTOR_LINEAR_ACC_Y,1771300944.364747,0x001,3,5631900.00 Linear acceleration in y
VENTOR_ANGULAR_SPEED_Y,1771300944.364747,0x001,3,0.00 Angular speed in y
VENTOR_LINEAR_ACC_Z,1771300944.3647983,0x002,4,5401900.00 Linear acceleration in z
VENTOR_ANGULAR_SPEED_Z,1771300944.3647983,0x002,4,0.00 Angular speed in z
VENTOR_LINEAR_SPEED_X,1771300944.3647983,0x002,4,5325500.00 Linear speed in x
VENTOR_LINEAR_SPEED_Y,1771300944.3647983,0x002,4,1177600.00 Linear speed in y
VENTOR_LINEAR_ACC_X,1771300944.3748403,0x001,3,4889500.00 Linear acceleration in x
VENTOR_ANGULAR_SPEED_X,1771300944.3748403,0x001,3,0.00 Angular speed in x
VENTOR_LINEAR_ACC_Y,1771300944.3748403,0x001,3,5631900.00 Linear acceleration in y
VENTOR_ANGULAR_SPEED_Y,1771300944.3748403,0x001,3,0.00 Angular speed in y
VENTOR_LINEAR_ACC_Z,1771300944.3748865,0x002,4,5401900.00 Linear acceleration in z
VENTOR_ANGULAR_SPEED_Z,1771300944.3748865,0x002,4,0.00 Angular speed in z
VENTOR_LINEAR_SPEED_X,1771300944.3748865,0x002,4,5325500.00 Linear speed in x
VENTOR_LINEAR_SPEED_Y,1771300944.3748865,0x002,4,1177600.00 Linear speed in y
VENTOR_LINEAR_ACC_X,1771300944.3849573,0x001,3,4889500.00 Linear acceleration in x
VENTOR_ANGULAR_SPEED_X,1771300944.3849573,0x001,3,0.00 Angular speed in x
VENTOR_LINEAR_ACC_Y,1771300944.3849573,0x001,3,5631900.00 Linear acceleration in y
VENTOR_ANGULAR_SPEED_Y,1771300944.3849573,0x001,3,0.00 Angular speed in y
VENTOR_LINEAR_ACC_Z,1771300944.385006,0x002,4,5401900.00 Linear acceleration in z
VENTOR_ANGULAR_SPEED_Z,1771300944.385006,0x002,4,0.00 Angular speed in z
VENTOR_LINEAR_SPEED_X,1771300944.385006,0x002,4,5325500.00 Linear speed in x
VENTOR_LINEAR_SPEED_Y,1771300944.385006,0x002,4,1203200.00 Linear speed in y
VENTOR_LINEAR_ACC_X,1771300944.3950572,0x001,3,4889500.00 Linear acceleration in x
VENTOR_ANGULAR_SPEED_X,1771300944.3950572,0x001,3,0.00 Angular speed in x
VENTOR_LINEAR_ACC_Y,1771300944.3950572,0x001,3,5631900.00 Linear acceleration in y
VENTOR_ANGULAR_SPEED_Y,1771300944.3950572,0x001,3,0.00 Angular speed in y
VENTOR_LINEAR_ACC_Z,1771300944.3951097,0x002,4,5401900.00 Linear acceleration in z
VENTOR_ANGULAR_SPEED_Z,1771300944.3951097,0x002,4,0.00 Angular speed in z
VENTOR_LINEAR_SPEED_X,1771300944.3951097,0x002,4,5325500.00 Linear speed in x
VENTOR_LINEAR_SPEED_Y,1771300944.3951097,0x002,4,1203200.00 Linear speed in y
VENTOR_LINEAR_ACC_X,1771300944.4051616,0x001,3,4889500.00 Linear acceleration in x
VENTOR_ANGULAR_SPEED_X,1771300944.4051616,0x001,3,0.00 Angular speed in x
VENTOR_LINEAR_ACC_Y,1771300944.4051616,0x001,3,5631900.00 Linear acceleration in y
VENTOR_ANGULAR_SPEED_Y,1771300944.4051616,0x001,3,0.00 Angular speed in y
VENTOR_LINEAR_ACC_Z,1771300944.4052067,0x002,4,5401900.00 Linear acceleration in z
VENTOR_ANGULAR_SPEED_Z,1771300944.4052067,0x002,4,0.00 Angular speed in z
VENTOR_LINEAR_SPEED_X,1771300944.4052067,0x002,4,5325500.00 Linear speed in x
VENTOR_LINEAR_SPEED_Y,1771300944.4052067,0x002,4,1203200.00 Linear speed in y
VENTOR_LINEAR_ACC_X,1771300944.4152575,0x001,3,4889500.00 Linear acceleration in x
VENTOR_ANGULAR_SPEED_X,1771300944.4152575,0x001,3,0.00 Angular speed in x
VENTOR_LINEAR_ACC_Y,1771300944.4152575,0x001,3,5631900.00 Linear acceleration in y
VENTOR_ANGULAR_SPEED_Y,1771300944.4152575,0x001,3,0.00 Angular speed in y
VENTOR_LINEAR_ACC_Z,1771300944.4153094,0x002,4,5401900.00 Linear acceleration in z
VENTOR_ANGULAR_SPEED_Z,1771300944.4153094,0x002,4,0.00 Angular speed in z
VENTOR_LINEAR_SPEED_X,1771300944.4153094,0x002,4,5325500.00 Linear speed in x
VENTOR_LINEAR_SPEED_Y,1771300944.4153094,0x002,4,1203200.00 Linear speed in y
VENTOR_LINEAR_ACC_X,1771300944.4253743,0x001,3,4889500.00 Linear acceleration in x
VENTOR_ANGULAR_SPEED_X,1771300944.4253743,0x001,3,0.00 Angular speed in x
VENTOR_LINEAR_ACC_Y,1771300944.4253743,0x001,3,5631900.00 Linear acceleration in y
VENTOR_ANGULAR_SPEED_Y,1771300944.4253743,0x001,3,0.00 Angular speed in y
VENTOR_LINEAR_ACC_Z,1771300944.425423,0x002,4,5401900.00 Linear acceleration in z
VENTOR_ANGULAR_SPEED_Z,1771300944.425423,0x002,4,0.00 Angular speed in z
VENTOR_LINEAR_SPEED_X,1771300944.425423,0x002,4,5325500.00 Linear speed in x
VENTOR_LINEAR_SPEED_Y,1771300944.425423,0x002,4,1203200.00 Linear speed in y
VENTOR_LINEAR_ACC_X,1771300944.4354622,0x001,3,4889500.00 Linear acceleration in x
VENTOR_ANGULAR_SPEED_X,1771300944.4354622,0x001,3,0.00 Angular speed in x
VENTOR_LINEAR_ACC_Y,1771300944.4354622,0x001,3,5631900.00 Linear acceleration in y
VENTOR_ANGULAR_SPEED_Y,1771300944.4354622,0x001,3,0.00 Angular speed in y
VENTOR_LINEAR_ACC_Z,1771300944.4355378,0x002,4,5401900.00 Linear acceleration in z
VENTOR_ANGULAR_SPEED_Z,1771300944.4355378,0x002,4,0.00 Angular speed in z
VENTOR_LINEAR_SPEED_X,1771300944.4355378,0x002,4,5325500.00 Linear speed in x
VENTOR_LINEAR_SPEED_Y,1771300944.4355378,0x002,4,1203200.00 Linear speed in y
VENTOR_LINEAR_ACC_X,1771300944.4455585,0x001,3,4889500.00 Linear acceleration in x
VENTOR_ANGULAR_SPEED_X,1771300944.4455585,0x001,3,0.00 Angular speed in x
VENTOR_LINEAR_ACC_Y,1771300944.4455585,0x001,3,5631900.00 Linear acceleration in y
VENTOR_ANGULAR_SPEED_Y,1771300944.4455585,0x001,3,0.00 Angular speed in y
VENTOR_LINEAR_ACC_Z,1771300944.4456105,0x002,4,5401900.00 Linear acceleration in z
VENTOR_ANGULAR_SPEED_Z,1771300944.4456105,0x002,4,0.00 Angular speed in z
VENTOR_LINEAR_SPEED_X,1771300944.4456105,0x002,4,5325500.00 Linear speed in x
VENTOR_LINEAR_SPEED_Y,1771300944.4456105,0x002,4,1203200.00 Linear speed in y
VENTOR_LINEAR_ACC_X,1771300944.455674,0x001,3,4889500.00 Linear acceleration in x
VENTOR_ANGULAR_SPEED_X,1771300944.455674,0x001,3,0.00 Angular speed in x
VENTOR_LINEAR_ACC_Y,1771300944.455674,0x001,3,5631900.00 Linear acceleration in y
VENTOR_ANGULAR_SPEED_Y,1771300944.455674,0x001,3,0.00 Angular speed in y
VENTOR_LINEAR_ACC_Z,1771300944.4557488,0x002,4,5401900.00 Linear acceleration in z
VENTOR_ANGULAR_SPEED_Z,1771300944.4557488,0x002,4,0.00 Angular speed in z
VENTOR_LINEAR_SPEED_X,1771300944.4557488,0x002,4,5325500.00 Linear speed in x
VENTOR_LINEAR_SPEED_Y,1771300944.4557488,0x002,4,1203200.00 Linear speed in y
VENTOR_LINEAR_ACC_X,1771300944.4658027,0x001,3,4889500.00 Linear acceleration in x
VENTOR_ANGULAR_SPEED_X,1771300944.4658027,0x001,3,0.00 Angular speed in x
VENTOR_LINEAR_ACC_Y,1771300944.4658027,0x001,3,5631900.00 Linear acceleration in y
VENTOR_ANGULAR_SPEED_Y,1771300944.4658027,0x001,3,0.00 Angular speed in y
VENTOR_LINEAR_ACC_Z,1771300944.4658566,0x002,4,5401900.00 Linear acceleration in z
VENTOR_ANGULAR_SPEED_Z,1771300944.4658566,0x002,4,0.00 Angular speed in z
VENTOR_LINEAR_SPEED_X,1771300944.4658566,0x002,4,5325500.00 Linear speed in x
VENTOR_LINEAR_SPEED_Y,1771300944.4658566,0x002,4,1203200.00 Linear speed in y
VENTOR_LINEAR_ACC_X,1771300944.4759066,0x001,3,4889500.00 Linear acceleration in x
VENTOR_ANGULAR_SPEED_X,1771300944.4759066,0x001,3,0.00 Angular speed in x
VENTOR_LINEAR_ACC_Y,1771300944.4759066,0x001,3,5631900.00 Linear acceleration in y
VENTOR_ANGULAR_SPEED_Y,1771300944.4759066,0x001,3,0.00 Angular speed in y
VENTOR_LINEAR_ACC_Z,1771300944.476777,0x002,4,5401900.00 Linear acceleration in z
VENTOR_ANGULAR_SPEED_Z,1771300944.476777,0x002,4,0.00 Angular speed in z
VENTOR_LINEAR_SPEED_X,1771300944.476777,0x002,4,5325500.00 Linear speed in x
VENTOR_LINEAR_SPEED_Y,1771300944.476777,0x002,4,1203200.00 Linear speed in y
VENTOR_LINEAR_ACC_X,1771300944.4866674,0x001,3,4889500.00 Linear acceleration in x
VENTOR_ANGULAR_SPEED_X,1771300944.4866674,0x001,3,0.00 Angular speed in x
VENTOR_LINEAR_ACC_Y,1771300944.4866674,0x001,3,5631900.00 Linear acceleration in y
VENTOR_ANGULAR_SPEED_Y,1771300944.4866674,0x001,3,0.00 Angular speed in y
VENTOR_LINEAR_ACC_Z,1771300944.486731,0x002,4,5401900.00 Linear acceleration in z
VENTOR_ANGULAR_SPEED_Z,1771300944.486731,0x002,4,0.00 Angular speed in z
VENTOR_LINEAR_SPEED_X,1771300944.486731,0x002,4,5325500.00 Linear speed in x
VENTOR_LINEAR_SPEED_Y,1771300944.486731,0x002,4,1203200.00 Linear speed in y
VENTOR_LINEAR_ACC_X,1771300944.4968638,0x001,3,4889500.00 Linear acceleration in x
VENTOR_ANGULAR_SPEED_X,1771300944.4968638,0x001,3,0.00 Angular speed in x
VENTOR_LINEAR_ACC_Y,1771300944.4968638,0x001,3,5631900.00 Linear acceleration in y
VENTOR_ANGULAR_SPEED_Y,1771300944.4968638,0x001,3,0.00 Angular speed in y
VENTOR_LINEAR_ACC_Z,1771300944.496914,0x002,4,5401900.00 Linear acceleration in z
VENTOR_ANGULAR_SPEED_Z,1771300944.496914,0x002,4,0.00 Angular speed in z
VENTOR_LINEAR_SPEED_X,1771300944.496914,0x002,4,5325500.00 Linear speed in x
VENTOR_LINEAR_SPEED_Y,1771300944.496914,0x002,4,1203200.00 Linear speed in y
VENTOR_LINEAR_ACC_X,1771300944.5069234,0x001,3,4889500.00 Linear acceleration in x
VENTOR_ANGULAR_SPEED_X,1771300944.5069234,0x001,3,0.00 Angular speed in x
VENTOR_LINEAR_ACC_Y,1771300944.5069234,0x001,3,5631900.00 Linear acceleration in y
VENTOR_ANGULAR_SPEED_Y,1771300944.5069234,0x001,3,0.00 Angular speed in y
VENTOR_LINEAR_ACC_Z,1771300944.50697,0x002,4,5401900.00 Linear acceleration in z
VENTOR_ANGULAR_SPEED_Z,1771300944.50697,0x002,4,0.00 Angular speed in z
VENTOR_LINEAR_SPEED_X,1771300944.50697,0x002,4,5325500.00 Linear speed in x
VENTOR_LINEAR_SPEED_Y,1771300944.50697,0x002,4,1203200.00 Linear speed in y
VENTOR_LINEAR_ACC_X,1771300944.5170844,0x001,3,4889500.00 Linear acceleration in x
VENTOR_ANGULAR_SPEED_X,1771300944.5170844,0x001,3,0.00 Angular speed in x
VENTOR_LINEAR_ACC_Y,1771300944.5170844,0x001,3,5631900.00 Linear acceleration in y
VENTOR_ANGULAR_SPEED_Y,1771300944.5170844,0x001,3,0.00 Angular speed in y
VENTOR_LINEAR_ACC_Z,1771300944.517137,0x002,4,5401900.00 Linear acceleration in z
VENTOR_ANGULAR_SPEED_Z,1771300944.517137,0x002,4,0.00 Angular speed in z
VENTOR_LINEAR_SPEED_X,1771300944.517137,0x002,4,5325500.00 Linear speed in x
VENTOR_LINEAR_SPEED_Y,1771300944.517137,0x002,4,1203200.00 Linear speed in y
VENTOR_LINEAR_ACC_X,1771300944.5271516,0x001,3,4889500.00 Linear acceleration in x
VENTOR_ANGULAR_SPEED_X,1771300944.5271516,0x001,3,0.00 Angular speed in x
VENTOR_LINEAR_ACC_Y,1771300944.5271516,0x001,3,5631900.00 Linear acceleration in y
VENTOR_ANGULAR_SPEED_Y,1771300944.5271516,0x001,3,0.00 Angular speed in y
VENTOR_LINEAR_ACC_Z,1771300944.5272017,0x002,4,5401900.00 Linear acceleration in z
VENTOR_ANGULAR_SPEED_Z,1771300944.5272017,0x002,4,0.00 Angular speed in z
VENTOR_LINEAR_SPEED_X,1771300944.5272017,0x002,4,5325500.00 Linear speed in x
VENTOR_LINEAR_SPEED_Y,1771300944.5272017,0x002,4,1203200.00 Linear speed in y
VENTOR_LINEAR_ACC_X,1771300944.5372686,0x001,3,4889500.00 Linear acceleration in x
VENTOR_ANGULAR_SPEED_X,1771300944.5372686,0x001,3,0.00 Angular speed in x
VENTOR_LINEAR_ACC_Y,1771300944.5372686,0x001,3,5631900.00 Linear acceleration in y
VENTOR_ANGULAR_SPEED_Y,1771300944.5372686,0x001,3,0.00 Angular speed in y
VENTOR_LINEAR_ACC_Z,1771300944.5373175,0x002,4,5401900.00 Linear acceleration in z
VENTOR_ANGULAR_SPEED_Z,1771300944.5373175,0x002,4,0.00 Angular speed in z
VENTOR_LINEAR_SPEED_X,1771300944.5373175,0x002,4,5325500.00 Linear speed in x
VENTOR_LINEAR_SPEED_Y,1771300944.5373175,0x002,4,1203200.00 Linear speed in y
VENTOR_LINEAR_ACC_X,1771300944.5473561,0x001,3,4889500.00 Linear acceleration in x
VENTOR_ANGULAR_SPEED_X,1771300944.5473561,0x001,3,0.00 Angular speed in x
VENTOR_LINEAR_ACC_Y,1771300944.5473561,0x001,3,5631900.00 Linear acceleration in y
VENTOR_ANGULAR_SPEED_Y,1771300944.5473561,0x001,3,0.00 Angular speed in y
VENTOR_LINEAR_ACC_Z,1771300944.5474067,0x002,4,5401900.00 Linear acceleration in z
VENTOR_ANGULAR_SPEED_Z,1771300944.5474067,0x002,4,0.00 Angular speed in z
VENTOR_LINEAR_SPEED_X,1771300944.5474067,0x002,4,5325500.00 Linear speed in x
VENTOR_LINEAR_SPEED_Y,1771300944.5474067,0x002,4,1203200.00 Linear speed in y
VENTOR_LINEAR_ACC_X,1771300944.55742,0x001,3,4889500.00 Linear acceleration in x
VENTOR_ANGULAR_SPEED_X,1771300944.55742,0x001,3,0.00 Angular speed in x
VENTOR_LINEAR_ACC_Y,1771300944.55742,0x001,3,5631900.00 Linear acceleration in y
VENTOR_ANGULAR_SPEED_Y,1771300944.55742,0x001,3,0.00 Angular speed in y
VENTOR_LINEAR_ACC_Z,1771300944.5574925,0x002,4,5401900.00 Linear acceleration in z
VENTOR_ANGULAR_SPEED_Z,1771300944.5574925,0x002,4,0.00 Angular speed in z
VENTOR_LINEAR_SPEED_X,1771300944.5574925,0x002,4,5325500.00 Linear speed in x
VENTOR_LINEAR_SPEED_Y,1771300944.5574925,0x002,4,1203200.00 Linear speed in y
VENTOR_LINEAR_ACC_X,1771300944.567535,0x001,3,4889500.00 Linear acceleration in x
VENTOR_ANGULAR_SPEED_X,1771300944.567535,0x001,3,0.00 Angular speed in x
VENTOR_LINEAR_ACC_Y,1771300944.567535,0x001,3,5631900.00 Linear acceleration in y
VENTOR_ANGULAR_SPEED_Y,1771300944.567535,0x001,3,0.00 Angular speed in y
VENTOR_LINEAR_ACC_Z,1771300944.567589,0x002,4,5401900.00 Linear acceleration in z
VENTOR_ANGULAR_SPEED_Z,1771300944.567589,0x002,4,0.00 Angular speed in z
VENTOR_LINEAR_SPEED_X,1771300944.567589,0x002,4,5325500.00 Linear speed in x
VENTOR_LINEAR_SPEED_Y,1771300944.567589,0x002,4,1203200.00 Linear speed in y
VENTOR_LINEAR_ACC_X,1771300944.5776227,0x001,3,4889500.00 Linear acceleration in x
VENTOR_ANGULAR_SPEED_X,1771300944.5776227,0x001,3,0.00 Angular speed in x
VENTOR_LINEAR_ACC_Y,1771300944.5776227,0x001,3,5631900.00 Linear acceleration in y
VENTOR_ANGULAR_SPEED_Y,1771300944.5776227,0x001,3,0.00 Angular speed in y
VENTOR_LINEAR_ACC_Z,1771300944.5776787,0x002,4,5401900.00 Linear acceleration in z
VENTOR_ANGULAR_SPEED_Z,1771300944.5776787,0x002,4,0.00 Angular speed in z
VENTOR_LINEAR_SPEED_X,1771300944.5776787,0x002,4,5325500.00 Linear speed in x
VENTOR_LINEAR_SPEED_Y,1771300944.5776787,0x002,4,1203200.00 Linear speed in y
VENTOR_LINEAR_ACC_X,1771300944.5877151,0x001,3,4889500.00 Linear acceleration in x
VENTOR_ANGULAR_SPEED_X,1771300944.5877151,0x001,3,0.00 Angular speed in x
VENTOR_LINEAR_ACC_Y,1771300944.5877151,0x001,3,5631900.00 Linear acceleration in y
VENTOR_ANGULAR_SPEED_Y,1771300944.5877151,0x001,3,0.00 Angular speed in y
VENTOR_LINEAR_ACC_Z,1771300944.5877705,0x002,4,5401900.00 Linear acceleration in z
VENTOR_ANGULAR_SPEED_Z,1771300944.5877705,0x002,4,0.00 Angular speed in z
VENTOR_LINEAR_SPEED_X,1771300944.5877705,0x002,4,5325500.00 Linear speed in x
VENTOR_LINEAR_SPEED_Y,1771300944.5877705,0x002,4,1203200.00 Linear speed in y
VENTOR_LINEAR_ACC_X,1771300944.5978234,0x001,3,4889500.00 Linear acceleration in x
VENTOR_ANGULAR_SPEED_X,1771300944.5978234,0x001,3,0.00 Angular speed in x
VENTOR_LINEAR_ACC_Y,1771300944.5978234,0x001,3,5631900.00 Linear acceleration in y
VENTOR_ANGULAR_SPEED_Y,1771300944.5978234,0x001,3,0.00 Angular speed in y
VENTOR_LINEAR_ACC_Z,1771300944.5978773,0x002,4,5401900.00 Linear acceleration in z
VENTOR_ANGULAR_SPEED_Z,1771300944.5978773,0x002,4,0.00 Angular speed in z
VENTOR_LINEAR_SPEED_X,1771300944.5978773,0x002,4,5325500.00 Linear speed in x
VENTOR_LINEAR_SPEED_Y,1771300944.5978773,0x002,4,1203200.00 Linear speed in y
VENTOR_LINEAR_ACC_X,1771300944.6079233,0x001,3,4889500.00 Linear acceleration in x
VENTOR_ANGULAR_SPEED_X,1771300944.6079233,0x001,3,0.00 Angular speed in x
VENTOR_LINEAR_ACC_Y,1771300944.6079233,0x001,3,5631900.00 Linear acceleration in y
VENTOR_ANGULAR_SPEED_Y,1771300944.6079233,0x001,3,0.00 Angular speed in y
VENTOR_LINEAR_ACC_Z,1771300944.6079953,0x002,4,5401900.00 Linear acceleration in z
VENTOR_ANGULAR_SPEED_Z,1771300944.6079953,0x002,4,0.00 Angular speed in z
VENTOR_LINEAR_SPEED_X,1771300944.6079953,0x002,4,5325500.00 Linear speed in x
VENTOR_LINEAR_SPEED_Y,1771300944.6079953,0x002,4,1203200.00 Linear speed in y
VENTOR_LINEAR_ACC_X,1771300944.6180258,0x001,3,4889500.00 Linear acceleration in x
VENTOR_ANGULAR_SPEED_X,1771300944.6180258,0x001,3,0.00 Angular speed in x
VENTOR_LINEAR_ACC_Y,1771300944.6180258,0x001,3,5631900.00 Linear acceleration in y
VENTOR_ANGULAR_SPEED_Y,1771300944.6180258,0x001,3,0.00 Angular speed in y
VENTOR_LINEAR_ACC_Z,1771300944.6180997,0x002,4,5401900.00 Linear acceleration in z
VENTOR_ANGULAR_SPEED_Z,1771300944.6180997,0x002,4,0.00 Angular speed in z
VENTOR_LINEAR_SPEED_X,1771300944.6180997,0x002,4,5325500.00 Linear speed in x
VENTOR_LINEAR_SPEED_Y,1771300944.6180997,0x002,4,1203200.00 Linear speed in y
VENTOR_LINEAR_ACC_X,1771300944.6281307,0x001,3,4889500.00 Linear acceleration in x
VENTOR_ANGULAR_SPEED_X,1771300944.6281307,0x001,3,0.00 Angular speed in x
VENTOR_LINEAR_ACC_Y,1771300944.6281307,0x001,3,5631900.00 Linear acceleration in y
VENTOR_ANGULAR_SPEED_Y,1771300944.6281307,0x001,3,0.00 Angular speed in y
VENTOR_LINEAR_ACC_Z,1771300944.6282256,0x002,4,5401900.00 Linear acceleration in z
VENTOR_ANGULAR_SPEED_Z,1771300944.6282256,0x002,4,0.00 Angular speed in z
VENTOR_LINEAR_SPEED_X,1771300944.6282256,0x002,4,5325500.00 Linear speed in x
VENTOR_LINEAR_SPEED_Y,1771300944.6282256,0x002,4,1203200.00 Linear speed in y
VENTOR_LINEAR_ACC_X,1771300944.6383896,0x001,3,4889500.00 Linear acceleration in x
VENTOR_ANGULAR_SPEED_X,1771300944.6383896,0x001,3,0.00 Angular speed in x
VENTOR_LINEAR_ACC_Y,1771300944.6383896,0x001,3,5631900.00 Linear acceleration in y
VENTOR_ANGULAR_SPEED_Y,1771300944.6383896,0x001,3,0.00 Angular speed in y
VENTOR_LINEAR_ACC_Z,1771300944.63939,0x002,4,5401900.00 Linear acceleration in z
VENTOR_ANGULAR_SPEED_Z,1771300944.63939,0x002,4,0.00 Angular speed in z
VENTOR_LINEAR_SPEED_X,1771300944.63939,0x002,4,5325500.00 Linear speed in x
VENTOR_LINEAR_SPEED_Y,1771300944.63939,0x002,4,1203200.00 Linear speed in y
VENTOR_LINEAR_ACC_X,1771300944.6486778,0x001,3,4889500.00 Linear acceleration in x
VENTOR_ANGULAR_SPEED_X,1771300944.6486778,0x001,3,0.00 Angular speed in x
VENTOR_LINEAR_ACC_Y,1771300944.6486778,0x001,3,5631900.00 Linear acceleration in y
VENTOR_ANGULAR_SPEED_Y,1771300944.6486778,0x001,3,0.00 Angular speed in y
VENTOR_LINEAR_ACC_Z,1771300944.6488833,0x002,4,5401900.00 Linear acceleration in z
VENTOR_ANGULAR_SPEED_Z,1771300944.6488833,0x002,4,0.00 Angular speed in z
VENTOR_LINEAR_SPEED_X,1771300944.6488833,0x002,4,5325500.00 Linear speed in x
VENTOR_LINEAR_SPEED_Y,1771300944.6488833,0x002,4,1203200.00 Linear speed in y
VENTOR_LINEAR_ACC_X,1771300944.6589286,0x001,3,4889500.00 Linear acceleration in x
VENTOR_ANGULAR_SPEED_X,1771300944.6589286,0x001,3,0.00 Angular speed in x
VENTOR_LINEAR_ACC_Y,1771300944.6589286,0x001,3,5631900.00 Linear acceleration in y
VENTOR_ANGULAR_SPEED_Y,1771300944.6589286,0x001,3,0.00 Angular speed in y
VENTOR_LINEAR_ACC_Z,1771300944.659039,0x002,4,5401900.00 Linear acceleration in z
VENTOR_ANGULAR_SPEED_Z,1771300944.659039,0x002,4,0.00 Angular speed in z
VENTOR_LINEAR_SPEED_X,1771300944.659039,0x002,4,5325500.00 Linear speed in x
VENTOR_LINEAR_SPEED_Y,1771300944.659039,0x002,4,1203200.00 Linear speed in y
VENTOR_LINEAR_ACC_X,1771300944.6690505,0x001,3,4889500.00 Linear acceleration in x
VENTOR_ANGULAR_SPEED_X,1771300944.6690505,0x001,3,0.00 Angular speed in x
VENTOR_LINEAR_ACC_Y,1771300944.6690505,0x001,3,5631900.00 Linear acceleration in y
VENTOR_ANGULAR_SPEED_Y,1771300944.6690505,0x001,3,0.00 Angular speed in y
VENTOR_LINEAR_ACC_Z,1771300944.6692224,0x002,4,5401900.00 Linear acceleration in z
VENTOR_ANGULAR_SPEED_Z,1771300944.6692224,0x002,4,0.00 Angular speed in z
VENTOR_LINEAR_SPEED_X,1771300944.6692224,0x002,4,5325500.00 Linear speed in x
VENTOR_LINEAR_SPEED_Y,1771300944.6692224,0x002,4,1203200.00 Linear speed in y
VENTOR_LINEAR_ACC_X,1771300944.6792123,0x001,3,4889500.00 Linear acceleration in x
VENTOR_ANGULAR_SPEED_X,1771300944.6792123,0x001,3,0.00 Angular speed in x
VENTOR_LINEAR_ACC_Y,1771300944.6792123,0x001,3,5631900.00 Linear acceleration in y
VENTOR_ANGULAR_SPEED_Y,1771300944.6792123,0x001,3,0.00 Angular speed in y
VENTOR_LINEAR_ACC_Z,1771300944.6794455,0x002,4,5401900.00 Linear acceleration in z
VENTOR_ANGULAR_SPEED_Z,1771300944.6794455,0x002,4,0.00 Angular speed in z
VENTOR_LINEAR_SPEED_X,1771300944.6794455,0x002,4,5325500.00 Linear speed in x
VENTOR_LINEAR_SPEED_Y,1771300944.6794455,0x002,4,1203200.00 Linear speed in y
VENTOR_LINEAR_ACC_X,1771300944.6893327,0x001,3,4889500.00 Linear acceleration in x
VENTOR_ANGULAR_SPEED_X,1771300944.6893327,0x001,3,0.00 Angular speed in x
VENTOR_LINEAR_ACC_Y,1771300944.6893327,0x001,3,5631900.00 Linear acceleration in y
VENTOR_ANGULAR_SPEED_Y,1771300944.6893327,0x001,3,0.00 Angular speed in y
VENTOR_LINEAR_ACC_Z,1771300944.689507,0x002,4,5401900.00 Linear acceleration in z
VENTOR_ANGULAR_SPEED_Z,1771300944.689507,0x002,4,0.00 Angular speed in z
VENTOR_LINEAR_SPEED_X,1771300944.689507,0x002,4,5325500.00 Linear speed in x
VENTOR_LINEAR_SPEED_Y,1771300944.689507,0x002,4,1203200.00 Linear speed in y
VENTOR_LINEAR_ACC_X,1771300944.69955,0x001,3,4889500.00 Linear acceleration in x
VENTOR_ANGULAR_SPEED_X,1771300944.69955,0x001,3,0.00 Angular speed in x
VENTOR_LINEAR_ACC_Y,1771300944.69955,0x001,3,5631900.00 Linear acceleration in y
VENTOR_ANGULAR_SPEED_Y,1771300944.69955,0x001,3,0.00 Angular speed in y
VENTOR_LINEAR_ACC_Z,1771300944.6997755,0x002,4,5401900.00 Linear acceleration in z
VENTOR_ANGULAR_SPEED_Z,1771300944.6997755,0x002,4,0.00 Angular speed in z
VENTOR_LINEAR_SPEED_X,1771300944.6997755,0x002,4,5325500.00 Linear speed in x
VENTOR_LINEAR_SPEED_Y,1771300944.6997755,0x002,4,1203200.00 Linear speed in y
VENTOR_LINEAR_ACC_X,1771300944.7095702,0x001,3,4889500.00 Linear acceleration in x
VENTOR_ANGULAR_SPEED_X,1771300944.7095702,0x001,3,0.00 Angular speed in x
VENTOR_LINEAR_ACC_Y,1771300944.7095702,0x001,3,5631900.00 Linear acceleration in y
VENTOR_ANGULAR_SPEED_Y,1771300944.7095702,0x001,3,0.00 Angular speed in y
VENTOR_LINEAR_ACC_Z,1771300944.7096288,0x002,4,5401900.00 Linear acceleration in z
VENTOR_ANGULAR_SPEED_Z,1771300944.7096288,0x002,4,0.00 Angular speed in z
VENTOR_LINEAR_SPEED_X,1771300944.7096288,0x002,4,5325500.00 Linear speed in x
VENTOR_LINEAR_SPEED_Y,1771300944.7096288,0x002,4,1203200.00 Linear speed in y
VENTOR_LINEAR_ACC_X,1771300944.719694,0x001,3,4889500.00 Linear acceleration in x
VENTOR_ANGULAR_SPEED_X,1771300944.719694,0x001,3,0.00 Angular speed in x
VENTOR_LINEAR_ACC_Y,1771300944.719694,0x001,3,5631900.00 Linear acceleration in y
VENTOR_ANGULAR_SPEED_Y,1771300944.719694,0x001,3,0.00 Angular speed in y
VENTOR_LINEAR_ACC_Z,1771300944.7197495,0x002,4,5401900.00 Linear acceleration in z
VENTOR_ANGULAR_SPEED_Z,1771300944.7197495,0x002,4,0.00 Angular speed in z
VENTOR_LINEAR_SPEED_X,1771300944.7197495,0x002,4,5325500.00 Linear speed in x
VENTOR_LINEAR_SPEED_Y,1771300944.7197495,0x002,4,1203200.00 Linear speed in y
VENTOR_LINEAR_ACC_X,1771300944.7298381,0x001,3,4889500.00 Linear acceleration in x
VENTOR_ANGULAR_SPEED_X,1771300944.7298381,0x001,3,0.00 Angular speed in x
VENTOR_LINEAR_ACC_Y,1771300944.7298381,0x001,3,5631900.00 Linear acceleration in y
VENTOR_ANGULAR_SPEED_Y,1771300944.7298381,0x001,3,0.00 Angular speed in y
VENTOR_LINEAR_ACC_Z,1771300944.7298956,0x002,4,5401900.00 Linear acceleration in z
VENTOR_ANGULAR_SPEED_Z,1771300944.7298956,0x002,4,0.00 Angular speed in z
VENTOR_LINEAR_SPEED_X,1771300944.7298956,0x002,4,5325500.00 Linear speed in x
VENTOR_LINEAR_SPEED_Y,1771300944.7298956,0x002,4,1203200.00 Linear speed in y
VENTOR_LINEAR_ACC_X,1771300944.739922,0x001,3,4889500.00 Linear acceleration in x
VENTOR_ANGULAR_SPEED_X,1771300944.739922,0x001,3,0.00 Angular speed in x
VENTOR_LINEAR_ACC_Y,1771300944.739922,0x001,3,5631900.00 Linear acceleration in y
VENTOR_ANGULAR_SPEED_Y,1771300944.739922,0x001,3,0.00 Angular speed in y
VENTOR_LINEAR_ACC_Z,1771300944.7399812,0x002,4,5401900.00 Linear acceleration in z
VENTOR_ANGULAR_SPEED_Z,1771300944.7399812,0x002,4,0.00 Angular speed in z
VENTOR_LINEAR_SPEED_X,1771300944.7399812,0x002,4,5325500.00 Linear speed in x
VENTOR_LINEAR_SPEED_Y,1771300944.7399812,0x002,4,1203200.00 Linear speed in y
VENTOR_LINEAR_ACC_X,1771300944.750009,0x001,3,4889500.00 Linear acceleration in x
VENTOR_ANGULAR_SPEED_X,1771300944.750009,0x001,3,0.00 Angular speed in x
VENTOR_LINEAR_ACC_Y,1771300944.750009,0x001,3,5631900.00 Linear acceleration in y
VENTOR_ANGULAR_SPEED_Y,1771300944.750009,0x001,3,0.00 Angular speed in y
VENTOR_LINEAR_ACC_Z,1771300944.750065,0x002,4,5401900.00 Linear acceleration in z
VENTOR_ANGULAR_SPEED_Z,1771300944.750065,0x002,4,0.00 Angular speed in z
VENTOR_LINEAR_SPEED_X,1771300944.750065,0x002,4,5325500.00 Linear speed in x
VENTOR_LINEAR_SPEED_Y,1771300944.750065,0x002,4,1203200.00 Linear speed in y
VENTOR_LINEAR_ACC_X,1771300944.7601027,0x001,3,4889500.00 Linear acceleration in x
VENTOR_ANGULAR_SPEED_X,1771300944.7601027,0x001,3,0.00 Angular speed in x
VENTOR_LINEAR_ACC_Y,1771300944.7601027,0x001,3,5631900.00 Linear acceleration in y
VENTOR_ANGULAR_SPEED_Y,1771300944.7601027,0x001,3,0.00 Angular speed in y
VENTOR_LINEAR_ACC_Z,1771300944.760151,0x002,4,5401900.00 Linear acceleration in z
VENTOR_ANGULAR_SPEED_Z,1771300944.760151,0x002,4,0.00 Angular speed in z
VENTOR_LINEAR_SPEED_X,1771300944.760151,0x002,4,5325500.00 Linear speed in x
VENTOR_LINEAR_SPEED_Y,1771300944.760151,0x002,4,1203200.00 Linear speed in y
VENTOR_LINEAR_ACC_X,1771300944.7702005,0x001,3,4889500.00 Linear acceleration in x
VENTOR_ANGULAR_SPEED_X,1771300944.7702005,0x001,3,0.00 Angular speed in x
VENTOR_LINEAR_ACC_Y,1771300944.7702005,0x001,3,5631900.00 Linear acceleration in y
VENTOR_ANGULAR_SPEED_Y,1771300944.7702005,0x001,3,0.00 Angular speed in y
VENTOR_LINEAR_ACC_Z,1771300944.7702549,0x002,4,5401900.00 Linear acceleration in z
VENTOR_ANGULAR_SPEED_Z,1771300944.7702549,0x002,4,0.00 Angular speed in z
VENTOR_LINEAR_SPEED_X,1771300944.7702549,0x002,4,5325500.00 Linear speed in x
VENTOR_LINEAR_SPEED_Y,1771300944.7702549,0x002,4,1203200.00 Linear speed in y
VENTOR_LINEAR_ACC_X,1771300944.7803066,0x001,3,4889500.00 Linear acceleration in x
VENTOR_ANGULAR_SPEED_X,1771300944.7803066,0x001,3,0.00 Angular speed in x
VENTOR_LINEAR_ACC_Y,1771300944.7803066,0x001,3,5631900.00 Linear acceleration in y
VENTOR_ANGULAR_SPEED_Y,1771300944.7803066,0x001,3,0.00 Angular speed in y
VENTOR_LINEAR_ACC_Z,1771300944.7803586,0x002,4,5427500.00 Linear acceleration in z
VENTOR_ANGULAR_SPEED_Z,1771300944.7803586,0x002,4,0.00 Angular speed in z
VENTOR_LINEAR_SPEED_X,1771300944.7803586,0x002,4,5325500.00 Linear speed in x
VENTOR_LINEAR_SPEED_Y,1771300944.7803586,0x002,4,1203200.00 Linear speed in y
VENTOR_LINEAR_ACC_X,1771300944.790417,0x001,3,4889500.00 Linear acceleration in x
VENTOR_ANGULAR_SPEED_X,1771300944.790417,0x001,3,0.00 Angular speed in x
VENTOR_LINEAR_ACC_Y,1771300944.790417,0x001,3,5631900.00 Linear acceleration in y
VENTOR_ANGULAR_SPEED_Y,1771300944.790417,0x001,3,0.00 Angular speed in y
VENTOR_LINEAR_ACC_Z,1771300944.7904718,0x002,4,5401900.00 Linear acceleration in z
VENTOR_ANGULAR_SPEED_Z,1771300944.7904718,0x002,4,0.00 Angular speed in z
VENTOR_LINEAR_SPEED_X,1771300944.7904718,0x002,4,5325500.00 Linear speed in x
VENTOR_LINEAR_SPEED_Y,1771300944.7904718,0x002,4,1203200.00 Linear speed in y
VENTOR_LINEAR_ACC_X,1771300944.8005867,0x001,3,4889500.00 Linear acceleration in x
VENTOR_ANGULAR_SPEED_X,1771300944.8005867,0x001,3,0.00 Angular speed in x
VENTOR_LINEAR_ACC_Y,1771300944.8005867,0x001,3,5631900.00 Linear acceleration in y
VENTOR_ANGULAR_SPEED_Y,1771300944.8005867,0x001,3,0.00 Angular speed in y
VENTOR_LINEAR_ACC_Z,1771300944.8006678,0x002,4,5401900.00 Linear acceleration in z
VENTOR_ANGULAR_SPEED_Z,1771300944.8006678,0x002,4,0.00 Angular speed in z
VENTOR_LINEAR_SPEED_X,1771300944.8006678,0x002,4,5325500.00 Linear speed in x
VENTOR_LINEAR_SPEED_Y,1771300944.8006678,0x002,4,1203200.00 Linear speed in y
VENTOR_LINEAR_ACC_X,1771300944.8106894,0x001,3,4889500.00 Linear acceleration in x
VENTOR_ANGULAR_SPEED_X,1771300944.8106894,0x001,3,0.00 Angular speed in x
VENTOR_LINEAR_ACC_Y,1771300944.8106894,0x001,3,5631900.00 Linear acceleration in y
VENTOR_ANGULAR_SPEED_Y,1771300944.8106894,0x001,3,0.00 Angular speed in y
VENTOR_LINEAR_ACC_Z,1771300944.8107474,0x002,4,5401900.00 Linear acceleration in z
VENTOR_ANGULAR_SPEED_Z,1771300944.8107474,0x002,4,0.00 Angular speed in z
VENTOR_LINEAR_SPEED_X,1771300944.8107474,0x002,4,5325500.00 Linear speed in x
VENTOR_LINEAR_SPEED_Y,1771300944.8107474,0x002,4,1203200.00 Linear speed in y
VENTOR_LINEAR_ACC_X,1771300944.8207855,0x001,3,4889500.00 Linear acceleration in x
VENTOR_ANGULAR_SPEED_X,1771300944.8207855,0x001,3,0.00 Angular speed in x
VENTOR_LINEAR_ACC_Y,1771300944.8207855,0x001,3,5631900.00 Linear acceleration in y
VENTOR_ANGULAR_SPEED_Y,1771300944.8207855,0x001,3,0.00 Angular speed in y
VENTOR_LINEAR_ACC_Z,1771300944.820839,0x002,4,5401900.00 Linear acceleration in z
VENTOR_ANGULAR_SPEED_Z,1771300944.820839,0x002,4,0.00 Angular speed in z
VENTOR_LINEAR_SPEED_X,1771300944.820839,0x002,4,5325500.00 Linear speed in x
VENTOR_LINEAR_SPEED_Y,1771300944.820839,0x002,4,1203200.00 Linear speed in y
VENTOR_LINEAR_ACC_X,1771300944.8309038,0x001,3,4889500.00 Linear acceleration in x
VENTOR_ANGULAR_SPEED_X,1771300944.8309038,0x001,3,0.00 Angular speed in x
VENTOR_LINEAR_ACC_Y,1771300944.8309038,0x001,3,5631900.00 Linear acceleration in y
VENTOR_ANGULAR_SPEED_Y,1771300944.8309038,0x001,3,0.00 Angular speed in y
VENTOR_LINEAR_ACC_Z,1771300944.8317542,0x002,4,5401900.00 Linear acceleration in z
VENTOR_ANGULAR_SPEED_Z,1771300944.8317542,0x002,4,0.00 Angular speed in z
VENTOR_LINEAR_SPEED_X,1771300944.8317542,0x002,4,5325500.00 Linear speed in x
VENTOR_LINEAR_SPEED_Y,1771300944.8317542,0x002,4,1203200.00 Linear speed in y
VENTOR_LINEAR_ACC_X,1771300944.8409834,0x001,3,4889500.00 Linear acceleration in x
VENTOR_ANGULAR_SPEED_X,1771300944.8409834,0x001,3,0.00 Angular speed in x
VENTOR_LINEAR_ACC_Y,1771300944.8409834,0x001,3,5631900.00 Linear acceleration in y
VENTOR_ANGULAR_SPEED_Y,1771300944.8409834,0x001,3,0.00 Angular speed in y
VENTOR_LINEAR_ACC_Z,1771300944.8418312,0x002,4,5401900.00 Linear acceleration in z
VENTOR_ANGULAR_SPEED_Z,1771300944.8418312,0x002,4,0.00 Angular speed in z
VENTOR_LINEAR_SPEED_X,1771300944.8418312,0x002,4,5325500.00 Linear speed in x
VENTOR_LINEAR_SPEED_Y,1771300944.8418312,0x002,4,1203200.00 Linear speed in y
VENTOR_LINEAR_ACC_X,1771300944.8510907,0x001,3,4889500.00 Linear acceleration in x
VENTOR_ANGULAR_SPEED_X,1771300944.8510907,0x001,3,0.00 Angular speed in x
VENTOR_LINEAR_ACC_Y,1771300944.8510907,0x001,3,5631900.00 Linear acceleration in y
VENTOR_ANGULAR_SPEED_Y,1771300944.8510907,0x001,3,0.00 Angular speed in y
VENTOR_LINEAR_ACC_Z,1771300944.851147,0x002,4,5401900.00 Linear acceleration in z
VENTOR_ANGULAR_SPEED_Z,1771300944.851147,0x002,4,0.00 Angular speed in z
VENTOR_LINEAR_SPEED_X,1771300944.851147,0x002,4,5325500.00 Linear speed in x
VENTOR_LINEAR_SPEED_Y,1771300944.851147,0x002,4,1203200.00 Linear speed in y
VENTOR_LINEAR_ACC_X,1771300944.8619325,0x001,3,4889500.00 Linear acceleration in x
VENTOR_ANGULAR_SPEED_X,1771300944.8619325,0x001,3,0.00 Angular speed in x
VENTOR_LINEAR_ACC_Y,1771300944.8619325,0x001,3,5631900.00 Linear acceleration in y
VENTOR_ANGULAR_SPEED_Y,1771300944.8619325,0x001,3,0.00 Angular speed in y
VENTOR_LINEAR_ACC_Z,1771300944.862002,0x002,4,5401900.00 Linear acceleration in z
VENTOR_ANGULAR_SPEED_Z,1771300944.862002,0x002,4,0.00 Angular speed in z
VENTOR_LINEAR_SPEED_X,1771300944.862002,0x002,4,5325500.00 Linear speed in x
VENTOR_LINEAR_SPEED_Y,1771300944.862002,0x002,4,1203200.00 Linear speed in y
VENTOR_LINEAR_ACC_X,1771300944.872031,0x001,3,4889500.00 Linear acceleration in x
VENTOR_ANGULAR_SPEED_X,1771300944.872031,0x001,3,0.00 Angular speed in x
VENTOR_LINEAR_ACC_Y,1771300944.872031,0x001,3,5631900.00 Linear acceleration in y
VENTOR_ANGULAR_SPEED_Y,1771300944.872031,0x001,3,0.00 Angular speed in y
VENTOR_LINEAR_ACC_Z,1771300944.8720858,0x002,4,5401900.00 Linear acceleration in z
VENTOR_ANGULAR_SPEED_Z,1771300944.8720858,0x002,4,0.00 Angular speed in z
VENTOR_LINEAR_SPEED_X,1771300944.8720858,0x002,4,5325500.00 Linear speed in x
VENTOR_LINEAR_SPEED_Y,1771300944.8720858,0x002,4,1203200.00 Linear speed in y
VENTOR_LINEAR_ACC_X,1771300944.88213,0x001,3,4889500.00 Linear acceleration in x
VENTOR_ANGULAR_SPEED_X,1771300944.88213,0x001,3,0.00 Angular speed in x
VENTOR_LINEAR_ACC_Y,1771300944.88213,0x001,3,5631900.00 Linear acceleration in y
VENTOR_ANGULAR_SPEED_Y,1771300944.88213,0x001,3,0.00 Angular speed in y
VENTOR_LINEAR_ACC_Z,1771300944.8821788,0x002,4,5401900.00 Linear acceleration in z
VENTOR_ANGULAR_SPEED_Z,1771300944.8821788,0x002,4,0.00 Angular speed in z
VENTOR_LINEAR_SPEED_X,1771300944.8821788,0x002,4,5325500.00 Linear speed in x
VENTOR_LINEAR_SPEED_Y,1771300944.8821788,0x002,4,1203200.00 Linear speed in y
VENTOR_LINEAR_ACC_X,1771300944.8922489,0x001,3,4889500.00 Linear acceleration in x
VENTOR_ANGULAR_SPEED_X,1771300944.8922489,0x001,3,0.00 Angular speed in x
VENTOR_LINEAR_ACC_Y,1771300944.8922489,0x001,3,5631900.00 Linear acceleration in y
VENTOR_ANGULAR_SPEED_Y,1771300944.8922489,0x001,3,0.00 Angular speed in y
VENTOR_LINEAR_ACC_Z,1771300944.89231,0x002,4,5401900.00 Linear acceleration in z
VENTOR_ANGULAR_SPEED_Z,1771300944.89231,0x002,4,0.00 Angular speed in z
VENTOR_LINEAR_SPEED_X,1771300944.89231,0x002,4,5325500.00 Linear speed in x
VENTOR_LINEAR_SPEED_Y,1771300944.89231,0x002,4,1203200.00 Linear speed in y
VENTOR_LINEAR_ACC_X,1771300944.9023554,0x001,3,4889500.00 Linear acceleration in x
VENTOR_ANGULAR_SPEED_X,1771300944.9023554,0x001,3,0.00 Angular speed in x
VENTOR_LINEAR_ACC_Y,1771300944.9023554,0x001,3,5631900.00 Linear acceleration in y
VENTOR_ANGULAR_SPEED_Y,1771300944.9023554,0x001,3,0.00 Angular speed in y
VENTOR_LINEAR_ACC_Z,1771300944.902413,0x002,4,5401900.00 Linear acceleration in z
VENTOR_ANGULAR_SPEED_Z,1771300944.902413,0x002,4,0.00 Angular speed in z
VENTOR_LINEAR_SPEED_X,1771300944.902413,0x002,4,5325500.00 Linear speed in x
VENTOR_LINEAR_SPEED_Y,1771300944.902413,0x002,4,1203200.00 Linear speed in y
VENTOR_LINEAR_ACC_X,1771300944.9124956,0x001,3,4889500.00 Linear acceleration in x
VENTOR_ANGULAR_SPEED_X,1771300944.9124956,0x001,3,0.00 Angular speed in x
VENTOR_LINEAR_ACC_Y,1771300944.9124956,0x001,3,5631900.00 Linear acceleration in y
VENTOR_ANGULAR_SPEED_Y,1771300944.9124956,0x001,3,0.00 Angular speed in y
VENTOR_LINEAR_ACC_Z,1771300944.912546,0x002,4,5401900.00 Linear acceleration in z
VENTOR_ANGULAR_SPEED_Z,1771300944.912546,0x002,4,0.00 Angular speed in z
VENTOR_LINEAR_SPEED_X,1771300944.912546,0x002,4,5325500.00 Linear speed in x
VENTOR_LINEAR_SPEED_Y,1771300944.912546,0x002,4,1203200.00 Linear speed in y
VENTOR_LINEAR_ACC_X,1771300944.9225688,0x001,3,4889500.00 Linear acceleration in x
VENTOR_ANGULAR_SPEED_X,1771300944.9225688,0x001,3,0.00 Angular speed in x
VENTOR_LINEAR_ACC_Y,1771300944.9225688,0x001,3,5631900.00 Linear acceleration in y
VENTOR_ANGULAR_SPEED_Y,1771300944.9225688,0x001,3,0.00 Angular speed in y
VENTOR_LINEAR_ACC_Z,1771300944.922649,0x002,4,5401900.00 Linear acceleration in z
VENTOR_ANGULAR_SPEED_Z,1771300944.922649,0x002,4,0.00 Angular speed in z
VENTOR_LINEAR_SPEED_X,1771300944.922649,0x002,4,5325500.00 Linear speed in x
VENTOR_LINEAR_SPEED_Y,1771300944.922649,0x002,4,1203200.00 Linear speed in y
VENTOR_LINEAR_ACC_X,1771300944.9326866,0x001,3,4889500.00 Linear acceleration in x
VENTOR_ANGULAR_SPEED_X,1771300944.9326866,0x001,3,0.00 Angular speed in x
VENTOR_LINEAR_ACC_Y,1771300944.9326866,0x001,3,5631900.00 Linear acceleration in y
VENTOR_ANGULAR_SPEED_Y,1771300944.9326866,0x001,3,0.00 Angular speed in y
VENTOR_LINEAR_ACC_Z,1771300944.9328334,0x002,4,5401900.00 Linear acceleration in z
VENTOR_ANGULAR_SPEED_Z,1771300944.9328334,0x002,4,0.00 Angular speed in z
VENTOR_LINEAR_SPEED_X,1771300944.9328334,0x002,4,5325500.00 Linear speed in x
VENTOR_LINEAR_SPEED_Y,1771300944.9328334,0x002,4,1203200.00 Linear speed in y
VENTOR_LINEAR_ACC_X,1771300944.9427621,0x001,3,4889500.00 Linear acceleration in x
VENTOR_ANGULAR_SPEED_X,1771300944.9427621,0x001,3,0.00 Angular speed in x
VENTOR_LINEAR_ACC_Y,1771300944.9427621,0x001,3,5631900.00 Linear acceleration in y
VENTOR_ANGULAR_SPEED_Y,1771300944.9427621,0x001,3,0.00 Angular speed in y
VENTOR_LINEAR_ACC_Z,1771300944.9428327,0x002,4,5401900.00 Linear acceleration in z
VENTOR_ANGULAR_SPEED_Z,1771300944.9428327,0x002,4,0.00 Angular speed in z
VENTOR_LINEAR_SPEED_X,1771300944.9428327,0x002,4,5325500.00 Linear speed in x
VENTOR_LINEAR_SPEED_Y,1771300944.9428327,0x002,4,1203200.00 Linear speed in y
VENTOR_LINEAR_ACC_X,1771300944.95287,0x001,3,4889500.00 Linear acceleration in x
VENTOR_ANGULAR_SPEED_X,1771300944.95287,0x001,3,0.00 Angular speed in x
VENTOR_LINEAR_ACC_Y,1771300944.95287,0x001,3,5631900.00 Linear acceleration in y
VENTOR_ANGULAR_SPEED_Y,1771300944.95287,0x001,3,0.00 Angular speed in y
VENTOR_LINEAR_ACC_Z,1771300944.9529293,0x002,4,5401900.00 Linear acceleration in z
VENTOR_ANGULAR_SPEED_Z,1771300944.9529293,0x002,4,0.00 Angular speed in z
VENTOR_LINEAR_SPEED_X,1771300944.9529293,0x002,4,5325500.00 Linear speed in x
VENTOR_LINEAR_SPEED_Y,1771300944.9529293,0x002,4,1203200.00 Linear speed in y
VENTOR_LINEAR_ACC_X,1771300944.9630916,0x001,3,4889500.00 Linear acceleration in x
VENTOR_ANGULAR_SPEED_X,1771300944.9630916,0x001,3,0.00 Angular speed in x
VENTOR_LINEAR_ACC_Y,1771300944.9630916,0x001,3,5631900.00 Linear acceleration in y
VENTOR_ANGULAR_SPEED_Y,1771300944.9630916,0x001,3,0.00 Angular speed in y
VENTOR_LINEAR_ACC_Z,1771300944.9631782,0x002,4,5401900.00 Linear acceleration in z
VENTOR_ANGULAR_SPEED_Z,1771300944.9631782,0x002,4,0.00 Angular speed in z
VENTOR_LINEAR_SPEED_X,1771300944.9631782,0x002,4,5325500.00 Linear speed in x
VENTOR_LINEAR_SPEED_Y,1771300944.9631782,0x002,4,1203200.00 Linear speed in y
VENTOR_LINEAR_ACC_X,1771300944.9730873,0x001,3,4889500.00 Linear acceleration in x
VENTOR_ANGULAR_SPEED_X,1771300944.9730873,0x001,3,0.00 Angular speed in x
VENTOR_LINEAR_ACC_Y,1771300944.9730873,0x001,3,5631900.00 Linear acceleration in y
VENTOR_ANGULAR_SPEED_Y,1771300944.9730873,0x001,3,0.00 Angular speed in y
VENTOR_LINEAR_ACC_Z,1771300944.9731352,0x002,4,5401900.00 Linear acceleration in z
VENTOR_ANGULAR_SPEED_Z,1771300944.9731352,0x002,4,0.00 Angular speed in z
VENTOR_LINEAR_SPEED_X,1771300944.9731352,0x002,4,5325500.00 Linear speed in x
VENTOR_LINEAR_SPEED_Y,1771300944.9731352,0x002,4,1203200.00 Linear speed in y
VENTOR_LINEAR_ACC_X,1771300944.9832456,0x001,3,4889500.00 Linear acceleration in x
VENTOR_ANGULAR_SPEED_X,1771300944.9832456,0x001,3,0.00 Angular speed in x
VENTOR_LINEAR_ACC_Y,1771300944.9832456,0x001,3,5631900.00 Linear acceleration in y
VENTOR_ANGULAR_SPEED_Y,1771300944.9832456,0x001,3,0.00 Angular speed in y
VENTOR_LINEAR_ACC_Z,1771300944.9832962,0x002,4,5401900.00 Linear acceleration in z
VENTOR_ANGULAR_SPEED_Z,1771300944.9832962,0x002,4,0.00 Angular speed in z
VENTOR_LINEAR_SPEED_X,1771300944.9832962,0x002,4,5325500.00 Linear speed in x
VENTOR_LINEAR_SPEED_Y,1771300944.9832962,0x002,4,1203200.00 Linear speed in y
VENTOR_LINEAR_ACC_X,1771300944.9933214,0x001,3,4889500.00 Linear acceleration in x
VENTOR_ANGULAR_SPEED_X,1771300944.9933214,0x001,3,0.00 Angular speed in x
VENTOR_LINEAR_ACC_Y,1771300944.9933214,0x001,3,5631900.00 Linear acceleration in y
VENTOR_ANGULAR_SPEED_Y,1771300944.9933214,0x001,3,0.00 Angular speed in y
VENTOR_LINEAR_ACC_Z,1771300944.993367,0x002,4,5401900.00 Linear acceleration in z
VENTOR_ANGULAR_SPEED_Z,1771300944.993367,0x002,4,0.00 Angular speed in z
VENTOR_LINEAR_SPEED_X,1771300944.993367,0x002,4,5325500.00 Linear speed in x
VENTOR_LINEAR_SPEED_Y,1771300944.993367,0x002,4,1203200.00 Linear speed in y
VENTOR_LINEAR_ACC_X,1771300945.0034187,0x001,3,4889500.00 Linear acceleration in x
VENTOR_ANGULAR_SPEED_X,1771300945.0034187,0x001,3,0.00 Angular speed in x
VENTOR_LINEAR_ACC_Y,1771300945.0034187,0x001,3,5631900.00 Linear acceleration in y
VENTOR_ANGULAR_SPEED_Y,1771300945.0034187,0x001,3,0.00 Angular speed in y
VENTOR_LINEAR_ACC_Z,1771300945.0034702,0x002,4,5401900.00 Linear acceleration in z
VENTOR_ANGULAR_SPEED_Z,1771300945.0034702,0x002,4,0.00 Angular speed in z
VENTOR_LINEAR_SPEED_X,1771300945.0034702,0x002,4,5325500.00 Linear speed in x
VENTOR_LINEAR_SPEED_Y,1771300945.0034702,0x002,4,1203200.00 Linear speed in y
VENTOR_LINEAR_ACC_X,1771300945.0143912,0x001,3,4889500.00 Linear acceleration in x
VENTOR_ANGULAR_SPEED_X,1771300945.0143912,0x001,3,0.00 Angular speed in x
VENTOR_LINEAR_ACC_Y,1771300945.0143912,0x001,3,5631900.00 Linear acceleration in y
VENTOR_ANGULAR_SPEED_Y,1771300945.0143912,0x001,3,0.00 Angular speed in y
VENTOR_LINEAR_ACC_Z,1771300945.014443,0x002,4,5401900.00 Linear acceleration in z
VENTOR_ANGULAR_SPEED_Z,1771300945.014443,0x002,4,0.00 Angular speed in z
VENTOR_LINEAR_SPEED_X,1771300945.014443,0x002,4,5325500.00 Linear speed in x
VENTOR_LINEAR_SPEED_Y,1771300945.014443,0x002,4,1203200.00 Linear speed in y
VENTOR_LINEAR_ACC_X,1771300945.0245497,0x001,3,4889500.00 Linear acceleration in x
VENTOR_ANGULAR_SPEED_X,1771300945.0245497,0x001,3,0.00 Angular speed in x
VENTOR_LINEAR_ACC_Y,1771300945.0245497,0x001,3,5631900.00 Linear acceleration in y
VENTOR_ANGULAR_SPEED_Y,1771300945.0245497,0x001,3,0.00 Angular speed in y
VENTOR_LINEAR_ACC_Z,1771300945.024599,0x002,4,5401900.00 Linear acceleration in z
VENTOR_ANGULAR_SPEED_Z,1771300945.024599,0x002,4,0.00 Angular speed in z
VENTOR_LINEAR_SPEED_X,1771300945.024599,0x002,4,5325500.00 Linear speed in x
VENTOR_LINEAR_SPEED_Y,1771300945.024599,0x002,4,1203200.00 Linear speed in y
VENTOR_LINEAR_ACC_X,1771300945.034588,0x001,3,4889500.00 Linear acceleration in x
VENTOR_ANGULAR_SPEED_X,1771300945.034588,0x001,3,0.00 Angular speed in x
VENTOR_LINEAR_ACC_Y,1771300945.034588,0x001,3,5631900.00 Linear acceleration in y
VENTOR_ANGULAR_SPEED_Y,1771300945.034588,0x001,3,0.00 Angular speed in y
VENTOR_LINEAR_ACC_Z,1771300945.0346425,0x002,4,5401900.00 Linear acceleration in z
VENTOR_ANGULAR_SPEED_Z,1771300945.0346425,0x002,4,0.00 Angular speed in z
VENTOR_LINEAR_SPEED_X,1771300945.0346425,0x002,4,5325500.00 Linear speed in x
VENTOR_LINEAR_SPEED_Y,1771300945.0346425,0x002,4,1203200.00 Linear speed in y
VENTOR_LINEAR_ACC_X,1771300945.0446594,0x001,3,4889500.00 Linear acceleration in x
VENTOR_ANGULAR_SPEED_X,1771300945.0446594,0x001,3,0.00 Angular speed in x
VENTOR_LINEAR_ACC_Y,1771300945.0446594,0x001,3,5631900.00 Linear acceleration in y
VENTOR_ANGULAR_SPEED_Y,1771300945.0446594,0x001,3,0.00 Angular speed in y
VENTOR_LINEAR_ACC_Z,1771300945.0447054,0x002,4,5401900.00 Linear acceleration in z
VENTOR_ANGULAR_SPEED_Z,1771300945.0447054,0x002,4,0.00 Angular speed in z
VENTOR_LINEAR_SPEED_X,1771300945.0447054,0x002,4,5325500.00 Linear speed in x
VENTOR_LINEAR_SPEED_Y,1771300945.0447054,0x002,4,1203200.00 Linear speed in y
VENTOR_LINEAR_ACC_X,1771300945.0547445,0x001,3,4889500.00 Linear acceleration in x
VENTOR_ANGULAR_SPEED_X,1771300945.0547445,0x001,3,0.00 Angular speed in x
VENTOR_LINEAR_ACC_Y,1771300945.0547445,0x001,3,5631900.00 Linear acceleration in y
VENTOR_ANGULAR_SPEED_Y,1771300945.0547445,0x001,3,0.00 Angular speed in y
VENTOR_LINEAR_ACC_Z,1771300945.0548062,0x002,4,5401900.00 Linear acceleration in z
VENTOR_ANGULAR_SPEED_Z,1771300945.0548062,0x002,4,0.00 Angular speed in z
VENTOR_LINEAR_SPEED_X,1771300945.0548062,0x002,4,5325500.00 Linear speed in x
VENTOR_LINEAR_SPEED_Y,1771300945.0548062,0x002,4,1203200.00 Linear speed in y
VENTOR_LINEAR_ACC_X,1771300945.0648336,0x001,3,4889500.00 Linear acceleration in x
VENTOR_ANGULAR_SPEED_X,1771300945.0648336,0x001,3,0.00 Angular speed in x
VENTOR_LINEAR_ACC_Y,1771300945.0648336,0x001,3,5631900.00 Linear acceleration in y
VENTOR_ANGULAR_SPEED_Y,1771300945.0648336,0x001,3,0.00 Angular speed in y
VENTOR_LINEAR_ACC_Z,1771300945.0648954,0x002,4,5401900.00 Linear acceleration in z
VENTOR_ANGULAR_SPEED_Z,1771300945.0648954,0x002,4,0.00 Angular speed in z
VENTOR_LINEAR_SPEED_X,1771300945.0648954,0x002,4,5325500.00 Linear speed in x
VENTOR_LINEAR_SPEED_Y,1771300945.0648954,0x002,4,1203200.00 Linear speed in y
VENTOR_LINEAR_ACC_X,1771300945.0749338,0x001,3,4889500.00 Linear acceleration in x
VENTOR_ANGULAR_SPEED_X,1771300945.0749338,0x001,3,0.00 Angular speed in x
VENTOR_LINEAR_ACC_Y,1771300945.0749338,0x001,3,5631900.00 Linear acceleration in y
VENTOR_ANGULAR_SPEED_Y,1771300945.0749338,0x001,3,0.00 Angular speed in y
VENTOR_LINEAR_ACC_Z,1771300945.0750089,0x002,4,5401900.00 Linear acceleration in z
VENTOR_ANGULAR_SPEED_Z,1771300945.0750089,0x002,4,0.00 Angular speed in z
VENTOR_LINEAR_SPEED_X,1771300945.0750089,0x002,4,5325500.00 Linear speed in x
VENTOR_LINEAR_SPEED_Y,1771300945.0750089,0x002,4,1203200.00 Linear speed in y
VENTOR_LINEAR_ACC_X,1771300945.085024,0x001,3,4889500.00 Linear acceleration in x
VENTOR_ANGULAR_SPEED_X,1771300945.085024,0x001,3,0.00 Angular speed in x
VENTOR_LINEAR_ACC_Y,1771300945.085024,0x001,3,5631900.00 Linear acceleration in y
VENTOR_ANGULAR_SPEED_Y,1771300945.085024,0x001,3,0.00 Angular speed in y
VENTOR_LINEAR_ACC_Z,1771300945.0850964,0x002,4,5401900.00 Linear acceleration in z
VENTOR_ANGULAR_SPEED_Z,1771300945.0850964,0x002,4,0.00 Angular speed in z
VENTOR_LINEAR_SPEED_X,1771300945.0850964,0x002,4,5325500.00 Linear speed in x
VENTOR_LINEAR_SPEED_Y,1771300945.0850964,0x002,4,1203200.00 Linear speed in y
VENTOR_LINEAR_ACC_X,1771300945.0951033,0x001,3,4889500.00 Linear acceleration in x
VENTOR_ANGULAR_SPEED_X,1771300945.0951033,0x001,3,0.00 Angular speed in x
VENTOR_LINEAR_ACC_Y,1771300945.0951033,0x001,3,5631900.00 Linear acceleration in y
VENTOR_ANGULAR_SPEED_Y,1771300945.0951033,0x001,3,0.00 Angular speed in y
VENTOR_LINEAR_ACC_Z,1771300945.0951476,0x002,4,5401900.00 Linear acceleration in z
VENTOR_ANGULAR_SPEED_Z,1771300945.0951476,0x002,4,0.00 Angular speed in z
VENTOR_LINEAR_SPEED_X,1771300945.0951476,0x002,4,5325500.00 Linear speed in x
VENTOR_LINEAR_SPEED_Y,1771300945.0951476,0x002,4,1203200.00 Linear speed in y
VENTOR_LINEAR_ACC_X,1771300945.1051972,0x001,3,4889500.00 Linear acceleration in x
VENTOR_ANGULAR_SPEED_X,1771300945.1051972,0x001,3,0.00 Angular speed in x
VENTOR_LINEAR_ACC_Y,1771300945.1051972,0x001,3,5631900.00 Linear acceleration in y
VENTOR_ANGULAR_SPEED_Y,1771300945.1051972,0x001,3,0.00 Angular speed in y
VENTOR_LINEAR_ACC_Z,1771300945.105247,0x002,4,5401900.00 Linear acceleration in z
VENTOR_ANGULAR_SPEED_Z,1771300945.105247,0x002,4,0.00 Angular speed in z
VENTOR_LINEAR_SPEED_X,1771300945.105247,0x002,4,5325500.00 Linear speed in x
VENTOR_LINEAR_SPEED_Y,1771300945.105247,0x002,4,1203200.00 Linear speed in y
VENTOR_LINEAR_ACC_X,1771300945.1153395,0x001,3,4889500.00 Linear acceleration in x
VENTOR_ANGULAR_SPEED_X,1771300945.1153395,0x001,3,0.00 Angular speed in x
VENTOR_LINEAR_ACC_Y,1771300945.1153395,0x001,3,5631900.00 Linear acceleration in y
VENTOR_ANGULAR_SPEED_Y,1771300945.1153395,0x001,3,0.00 Angular speed in y
VENTOR_LINEAR_ACC_Z,1771300945.1153915,0x002,4,5401900.00 Linear acceleration in z
VENTOR_ANGULAR_SPEED_Z,1771300945.1153915,0x002,4,0.00 Angular speed in z
VENTOR_LINEAR_SPEED_X,1771300945.1153915,0x002,4,5325500.00 Linear speed in x
VENTOR_LINEAR_SPEED_Y,1771300945.1153915,0x002,4,1203200.00 Linear speed in y
VENTOR_LINEAR_ACC_X,1771300945.1254294,0x001,3,4889500.00 Linear acceleration in x
VENTOR_ANGULAR_SPEED_X,1771300945.1254294,0x001,3,0.00 Angular speed in x
VENTOR_LINEAR_ACC_Y,1771300945.1254294,0x001,3,5631900.00 Linear acceleration in y
VENTOR_ANGULAR_SPEED_Y,1771300945.1254294,0x001,3,0.00 Angular speed in y
VENTOR_LINEAR_ACC_Z,1771300945.1254792,0x002,4,5401900.00 Linear acceleration in z
VENTOR_ANGULAR_SPEED_Z,1771300945.1254792,0x002,4,0.00 Angular speed in z
VENTOR_LINEAR_SPEED_X,1771300945.1254792,0x002,4,5325500.00 Linear speed in x
VENTOR_LINEAR_SPEED_Y,1771300945.1254792,0x002,4,1203200.00 Linear speed in y
VENTOR_LINEAR_ACC_X,1771300945.135543,0x001,3,4889500.00 Linear acceleration in x
VENTOR_ANGULAR_SPEED_X,1771300945.135543,0x001,3,0.00 Angular speed in x
VENTOR_LINEAR_ACC_Y,1771300945.135543,0x001,3,5631900.00 Linear acceleration in y
VENTOR_ANGULAR_SPEED_Y,1771300945.135543,0x001,3,0.00 Angular speed in y
VENTOR_LINEAR_ACC_Z,1771300945.1355991,0x002,4,5401900.00 Linear acceleration in z
VENTOR_ANGULAR_SPEED_Z,1771300945.1355991,0x002,4,0.00 Angular speed in z
VENTOR_LINEAR_SPEED_X,1771300945.1355991,0x002,4,5325500.00 Linear speed in x
VENTOR_LINEAR_SPEED_Y,1771300945.1355991,0x002,4,1203200.00 Linear speed in y
VENTOR_LINEAR_ACC_X,1771300945.1457386,0x001,3,4889500.00 Linear acceleration in x
VENTOR_ANGULAR_SPEED_X,1771300945.1457386,0x001,3,0.00 Angular speed in x
VENTOR_LINEAR_ACC_Y,1771300945.1457386,0x001,3,5631900.00 Linear acceleration in y
VENTOR_ANGULAR_SPEED_Y,1771300945.1457386,0x001,3,0.00 Angular speed in y
VENTOR_LINEAR_ACC_Z,1771300945.1458285,0x002,4,5401900.00 Linear acceleration in z
VENTOR_ANGULAR_SPEED_Z,1771300945.1458285,0x002,4,0.00 Angular speed in z
VENTOR_LINEAR_SPEED_X,1771300945.1458285,0x002,4,5325500.00 Linear speed in x
VENTOR_LINEAR_SPEED_Y,1771300945.1458285,0x002,4,1203200.00 Linear speed in y
VENTOR_LINEAR_ACC_X,1771300945.1557949,0x001,3,4889500.00 Linear acceleration in x
VENTOR_ANGULAR_SPEED_X,1771300945.1557949,0x001,3,0.00 Angular speed in x
VENTOR_LINEAR_ACC_Y,1771300945.1557949,0x001,3,5631900.00 Linear acceleration in y
VENTOR_ANGULAR_SPEED_Y,1771300945.1557949,0x001,3,0.00 Angular speed in y
VENTOR_LINEAR_ACC_Z,1771300945.1559255,0x002,4,5401900.00 Linear acceleration in z
VENTOR_ANGULAR_SPEED_Z,1771300945.1559255,0x002,4,0.00 Angular speed in z
VENTOR_LINEAR_SPEED_X,1771300945.1559255,0x002,4,5325500.00 Linear speed in x
VENTOR_LINEAR_SPEED_Y,1771300945.1559255,0x002,4,1203200.00 Linear speed in y
VENTOR_LINEAR_ACC_X,1771300945.1659586,0x001,3,4889500.00 Linear acceleration in x
VENTOR_ANGULAR_SPEED_X,1771300945.1659586,0x001,3,0.00 Angular speed in x
VENTOR_LINEAR_ACC_Y,1771300945.1659586,0x001,3,5631900.00 Linear acceleration in y
VENTOR_ANGULAR_SPEED_Y,1771300945.1659586,0x001,3,0.00 Angular speed in y
VENTOR_LINEAR_ACC_Z,1771300945.1660202,0x002,4,5401900.00 Linear acceleration in z
VENTOR_ANGULAR_SPEED_Z,1771300945.1660202,0x002,4,0.00 Angular speed in z
VENTOR_LINEAR_SPEED_X,1771300945.1660202,0x002,4,5325500.00 Linear speed in x
VENTOR_LINEAR_SPEED_Y,1771300945.1660202,0x002,4,1203200.00 Linear speed in y
VENTOR_LINEAR_ACC_X,1771300945.1759646,0x001,3,4889500.00 Linear acceleration in x
VENTOR_ANGULAR_SPEED_X,1771300945.1759646,0x001,3,0.00 Angular speed in x
VENTOR_LINEAR_ACC_Y,1771300945.1759646,0x001,3,5631900.00 Linear acceleration in y
VENTOR_ANGULAR_SPEED_Y,1771300945.1759646,0x001,3,0.00 Angular speed in y
VENTOR_LINEAR_ACC_Z,1771300945.1760182,0x002,4,5401900.00 Linear acceleration in z
VENTOR_ANGULAR_SPEED_Z,1771300945.1760182,0x002,4,0.00 Angular speed in z
VENTOR_LINEAR_SPEED_X,1771300945.1760182,0x002,4,5325500.00 Linear speed in x
VENTOR_LINEAR_SPEED_Y,1771300945.1760182,0x002,4,1203200.00 Linear speed in y
VENTOR_LINEAR_ACC_X,1771300945.1862545,0x001,3,4889500.00 Linear acceleration in x
VENTOR_ANGULAR_SPEED_X,1771300945.1862545,0x001,3,0.00 Angular speed in x
VENTOR_LINEAR_ACC_Y,1771300945.1862545,0x001,3,5631900.00 Linear acceleration in y
VENTOR_ANGULAR_SPEED_Y,1771300945.1862545,0x001,3,0.00 Angular speed in y
VENTOR_LINEAR_ACC_Z,1771300945.1863158,0x002,4,5401900.00 Linear acceleration in z
VENTOR_ANGULAR_SPEED_Z,1771300945.1863158,0x002,4,0.00 Angular speed in z
VENTOR_LINEAR_SPEED_X,1771300945.1863158,0x002,4,5325500.00 Linear speed in x
VENTOR_LINEAR_SPEED_Y,1771300945.1863158,0x002,4,1203200.00 Linear speed in y
VENTOR_LINEAR_ACC_X,1771300945.1968727,0x001,3,4889500.00 Linear acceleration in x
VENTOR_ANGULAR_SPEED_X,1771300945.1968727,0x001,3,0.00 Angular speed in x
VENTOR_LINEAR_ACC_Y,1771300945.1968727,0x001,3,5631900.00 Linear acceleration in y
VENTOR_ANGULAR_SPEED_Y,1771300945.1968727,0x001,3,0.00 Angular speed in y
VENTOR_LINEAR_ACC_Z,1771300945.1969526,0x002,4,5401900.00 Linear acceleration in z
VENTOR_ANGULAR_SPEED_Z,1771300945.1969526,0x002,4,0.00 Angular speed in z
VENTOR_LINEAR_SPEED_X,1771300945.1969526,0x002,4,5325500.00 Linear speed in x
VENTOR_LINEAR_SPEED_Y,1771300945.1969526,0x002,4,1203200.00 Linear speed in y
VENTOR_LINEAR_ACC_X,1771300945.2069845,0x001,3,4889500.00 Linear acceleration in x
VENTOR_ANGULAR_SPEED_X,1771300945.2069845,0x001,3,0.00 Angular speed in x
VENTOR_LINEAR_ACC_Y,1771300945.2069845,0x001,3,5631900.00 Linear acceleration in y
VENTOR_ANGULAR_SPEED_Y,1771300945.2069845,0x001,3,0.00 Angular speed in y
VENTOR_LINEAR_ACC_Z,1771300945.207043,0x002,4,5401900.00 Linear acceleration in z
VENTOR_ANGULAR_SPEED_Z,1771300945.207043,0x002,4,0.00 Angular speed in z
VENTOR_LINEAR_SPEED_X,1771300945.207043,0x002,4,5325500.00 Linear speed in x
VENTOR_LINEAR_SPEED_Y,1771300945.207043,0x002,4,1203200.00 Linear speed in y
VENTOR_LINEAR_ACC_X,1771300945.2171009,0x001,3,4889500.00 Linear acceleration in x
VENTOR_ANGULAR_SPEED_X,1771300945.2171009,0x001,3,0.00 Angular speed in x
VENTOR_LINEAR_ACC_Y,1771300945.2171009,0x001,3,5631900.00 Linear acceleration in y
VENTOR_ANGULAR_SPEED_Y,1771300945.2171009,0x001,3,0.00 Angular speed in y
VENTOR_LINEAR_ACC_Z,1771300945.2171552,0x002,4,5401900.00 Linear acceleration in z
VENTOR_ANGULAR_SPEED_Z,1771300945.2171552,0x002,4,0.00 Angular speed in z
VENTOR_LINEAR_SPEED_X,1771300945.2171552,0x002,4,5325500.00 Linear speed in x
VENTOR_LINEAR_SPEED_Y,1771300945.2171552,0x002,4,1228800.00 Linear speed in y
VENTOR_LINEAR_ACC_X,1771300945.2272043,0x001,3,4889500.00 Linear acceleration in x
VENTOR_ANGULAR_SPEED_X,1771300945.2272043,0x001,3,0.00 Angular speed in x
VENTOR_LINEAR_ACC_Y,1771300945.2272043,0x001,3,5631900.00 Linear acceleration in y
VENTOR_ANGULAR_SPEED_Y,1771300945.2272043,0x001,3,0.00 Angular speed in y
VENTOR_LINEAR_ACC_Z,1771300945.2272575,0x002,4,5401900.00 Linear acceleration in z
VENTOR_ANGULAR_SPEED_Z,1771300945.2272575,0x002,4,0.00 Angular speed in z
VENTOR_LINEAR_SPEED_X,1771300945.2272575,0x002,4,5325500.00 Linear speed in x
VENTOR_LINEAR_SPEED_Y,1771300945.2272575,0x002,4,1228800.00 Linear speed in y
VENTOR_LINEAR_ACC_X,1771300945.237305,0x001,3,4889500.00 Linear acceleration in x
VENTOR_ANGULAR_SPEED_X,1771300945.237305,0x001,3,0.00 Angular speed in x
VENTOR_LINEAR_ACC_Y,1771300945.237305,0x001,3,5631900.00 Linear acceleration in y
VENTOR_ANGULAR_SPEED_Y,1771300945.237305,0x001,3,0.00 Angular speed in y
VENTOR_LINEAR_ACC_Z,1771300945.237357,0x002,4,5401900.00 Linear acceleration in z
VENTOR_ANGULAR_SPEED_Z,1771300945.237357,0x002,4,0.00 Angular speed in z
VENTOR_LINEAR_SPEED_X,1771300945.237357,0x002,4,5325500.00 Linear speed in x
VENTOR_LINEAR_SPEED_Y,1771300945.237357,0x002,4,1228800.00 Linear speed in y
VENTOR_LINEAR_ACC_X,1771300945.2474139,0x001,3,4889500.00 Linear acceleration in x
VENTOR_ANGULAR_SPEED_X,1771300945.2474139,0x001,3,0.00 Angular speed in x
VENTOR_LINEAR_ACC_Y,1771300945.2474139,0x001,3,5631900.00 Linear acceleration in y
VENTOR_ANGULAR_SPEED_Y,1771300945.2474139,0x001,3,0.00 Angular speed in y
VENTOR_LINEAR_ACC_Z,1771300945.2474673,0x002,4,5401900.00 Linear acceleration in z
VENTOR_ANGULAR_SPEED_Z,1771300945.2474673,0x002,4,0.00 Angular speed in z
VENTOR_LINEAR_SPEED_X,1771300945.2474673,0x002,4,5325500.00 Linear speed in x
VENTOR_LINEAR_SPEED_Y,1771300945.2474673,0x002,4,1228800.00 Linear speed in y
VENTOR_LINEAR_ACC_X,1771300945.257474,0x001,3,4889500.00 Linear acceleration in x
VENTOR_ANGULAR_SPEED_X,1771300945.257474,0x001,3,0.00 Angular speed in x
VENTOR_LINEAR_ACC_Y,1771300945.257474,0x001,3,5631900.00 Linear acceleration in y
VENTOR_ANGULAR_SPEED_Y,1771300945.257474,0x001,3,0.00 Angular speed in y
VENTOR_LINEAR_ACC_Z,1771300945.2575173,0x002,4,5401900.00 Linear acceleration in z
VENTOR_ANGULAR_SPEED_Z,1771300945.2575173,0x002,4,0.00 Angular speed in z
VENTOR_LINEAR_SPEED_X,1771300945.2575173,0x002,4,5325500.00 Linear speed in x
VENTOR_LINEAR_SPEED_Y,1771300945.2575173,0x002,4,1228800.00 Linear speed in y
VENTOR_LINEAR_ACC_X,1771300945.2675674,0x001,3,4889500.00 Linear acceleration in x
VENTOR_ANGULAR_SPEED_X,1771300945.2675674,0x001,3,0.00 Angular speed in x
VENTOR_LINEAR_ACC_Y,1771300945.2675674,0x001,3,5631900.00 Linear acceleration in y
VENTOR_ANGULAR_SPEED_Y,1771300945.2675674,0x001,3,0.00 Angular speed in y
VENTOR_LINEAR_ACC_Z,1771300945.2676132,0x002,4,5401900.00 Linear acceleration in z
VENTOR_ANGULAR_SPEED_Z,1771300945.2676132,0x002,4,0.00 Angular speed in z
VENTOR_LINEAR_SPEED_X,1771300945.2676132,0x002,4,5325500.00 Linear speed in x
VENTOR_LINEAR_SPEED_Y,1771300945.2676132,0x002,4,1228800.00 Linear speed in y
VENTOR_LINEAR_ACC_X,1771300945.277674,0x001,3,4889500.00 Linear acceleration in x
VENTOR_ANGULAR_SPEED_X,1771300945.277674,0x001,3,0.00 Angular speed in x
VENTOR_LINEAR_ACC_Y,1771300945.277674,0x001,3,5631900.00 Linear acceleration in y
VENTOR_ANGULAR_SPEED_Y,1771300945.277674,0x001,3,0.00 Angular speed in y
VENTOR_LINEAR_ACC_Z,1771300945.2777245,0x002,4,5401900.00 Linear acceleration in z
VENTOR_ANGULAR_SPEED_Z,1771300945.2777245,0x002,4,0.00 Angular speed in z
VENTOR_LINEAR_SPEED_X,1771300945.2777245,0x002,4,5325500.00 Linear speed in x
VENTOR_LINEAR_SPEED_Y,1771300945.2777245,0x002,4,1228800.00 Linear speed in y
VENTOR_LINEAR_ACC_X,1771300945.2877498,0x001,3,4889500.00 Linear acceleration in x
VENTOR_ANGULAR_SPEED_X,1771300945.2877498,0x001,3,0.00 Angular speed in x
VENTOR_LINEAR_ACC_Y,1771300945.2877498,0x001,3,5631900.00 Linear acceleration in y
VENTOR_ANGULAR_SPEED_Y,1771300945.2877498,0x001,3,0.00 Angular speed in y
VENTOR_LINEAR_ACC_Z,1771300945.287797,0x002,4,5401900.00 Linear acceleration in z
VENTOR_ANGULAR_SPEED_Z,1771300945.287797,0x002,4,0.00 Angular speed in z
VENTOR_LINEAR_SPEED_X,1771300945.287797,0x002,4,5325500.00 Linear speed in x
VENTOR_LINEAR_SPEED_Y,1771300945.287797,0x002,4,1228800.00 Linear speed in y
VENTOR_LINEAR_ACC_X,1771300945.297823,0x001,3,4889500.00 Linear acceleration in x
VENTOR_ANGULAR_SPEED_X,1771300945.297823,0x001,3,0.00 Angular speed in x
VENTOR_LINEAR_ACC_Y,1771300945.297823,0x001,3,5631900.00 Linear acceleration in y
VENTOR_ANGULAR_SPEED_Y,1771300945.297823,0x001,3,0.00 Angular speed in y
VENTOR_LINEAR_ACC_Z,1771300945.2978926,0x002,4,5401900.00 Linear acceleration in z
VENTOR_ANGULAR_SPEED_Z,1771300945.2978926,0x002,4,0.00 Angular speed in z
VENTOR_LINEAR_SPEED_X,1771300945.2978926,0x002,4,5325500.00 Linear speed in x
VENTOR_LINEAR_SPEED_Y,1771300945.2978926,0x002,4,1228800.00 Linear speed in y
VENTOR_LINEAR_ACC_X,1771300945.3079622,0x001,3,4889500.00 Linear acceleration in x
VENTOR_ANGULAR_SPEED_X,1771300945.3079622,0x001,3,0.00 Angular speed in x
VENTOR_LINEAR_ACC_Y,1771300945.3079622,0x001,3,5631900.00 Linear acceleration in y
VENTOR_ANGULAR_SPEED_Y,1771300945.3079622,0x001,3,0.00 Angular speed in y
VENTOR_LINEAR_ACC_Z,1771300945.3080182,0x002,4,5401900.00 Linear acceleration in z
VENTOR_ANGULAR_SPEED_Z,1771300945.3080182,0x002,4,0.00 Angular speed in z
VENTOR_LINEAR_SPEED_X,1771300945.3080182,0x002,4,5325500.00 Linear speed in x
VENTOR_LINEAR_SPEED_Y,1771300945.3080182,0x002,4,1228800.00 Linear speed in y
VENTOR_LINEAR_ACC_X,1771300945.318055,0x001,3,4889500.00 Linear acceleration in x
VENTOR_ANGULAR_SPEED_X,1771300945.318055,0x001,3,0.00 Angular speed in x
VENTOR_LINEAR_ACC_Y,1771300945.318055,0x001,3,5631900.00 Linear acceleration in y
VENTOR_ANGULAR_SPEED_Y,1771300945.318055,0x001,3,0.00 Angular speed in y
VENTOR_LINEAR_ACC_Z,1771300945.318106,0x002,4,5401900.00 Linear acceleration in z
VENTOR_ANGULAR_SPEED_Z,1771300945.318106,0x002,4,0.00 Angular speed in z
VENTOR_LINEAR_SPEED_X,1771300945.318106,0x002,4,5325500.00 Linear speed in x
VENTOR_LINEAR_SPEED_Y,1771300945.318106,0x002,4,1228800.00 Linear speed in y
VENTOR_LINEAR_ACC_X,1771300945.3281128,0x001,3,4889500.00 Linear acceleration in x
VENTOR_ANGULAR_SPEED_X,1771300945.3281128,0x001,3,0.00 Angular speed in x
VENTOR_LINEAR_ACC_Y,1771300945.3281128,0x001,3,5631900.00 Linear acceleration in y
VENTOR_ANGULAR_SPEED_Y,1771300945.3281128,0x001,3,0.00 Angular speed in y
VENTOR_LINEAR_ACC_Z,1771300945.328156,0x002,4,5401900.00 Linear acceleration in z
VENTOR_ANGULAR_SPEED_Z,1771300945.328156,0x002,4,0.00 Angular speed in z
VENTOR_LINEAR_SPEED_X,1771300945.328156,0x002,4,5325500.00 Linear speed in x
VENTOR_LINEAR_SPEED_Y,1771300945.328156,0x002,4,1228800.00 Linear speed in y
VENTOR_LINEAR_ACC_X,1771300945.338248,0x001,3,4889500.00 Linear acceleration in x
VENTOR_ANGULAR_SPEED_X,1771300945.338248,0x001,3,0.00 Angular speed in x
VENTOR_LINEAR_ACC_Y,1771300945.338248,0x001,3,5631900.00 Linear acceleration in y
VENTOR_ANGULAR_SPEED_Y,1771300945.338248,0x001,3,0.00 Angular speed in y
VENTOR_LINEAR_ACC_Z,1771300945.3383255,0x002,4,5401900.00 Linear acceleration in z
VENTOR_ANGULAR_SPEED_Z,1771300945.3383255,0x002,4,0.00 Angular speed in z
VENTOR_LINEAR_SPEED_X,1771300945.3383255,0x002,4,5325500.00 Linear speed in x
VENTOR_LINEAR_SPEED_Y,1771300945.3383255,0x002,4,1228800.00 Linear speed in y
VENTOR_LINEAR_ACC_X,1771300945.3483508,0x001,3,4889500.00 Linear acceleration in x
VENTOR_ANGULAR_SPEED_X,1771300945.3483508,0x001,3,0.00 Angular speed in x
VENTOR_LINEAR_ACC_Y,1771300945.3483508,0x001,3,5631900.00 Linear acceleration in y
VENTOR_ANGULAR_SPEED_Y,1771300945.3483508,0x001,3,0.00 Angular speed in y
VENTOR_LINEAR_ACC_Z,1771300945.3484259,0x002,4,5401900.00 Linear acceleration in z
VENTOR_ANGULAR_SPEED_Z,1771300945.3484259,0x002,4,0.00 Angular speed in z
VENTOR_LINEAR_SPEED_X,1771300945.3484259,0x002,4,5325500.00 Linear speed in x
VENTOR_LINEAR_SPEED_Y,1771300945.3484259,0x002,4,1228800.00 Linear speed in y
VENTOR_LINEAR_ACC_X,1771300945.3584185,0x001,3,4889500.00 Linear acceleration in x
VENTOR_ANGULAR_SPEED_X,1771300945.3584185,0x001,3,0.00 Angular speed in x
VENTOR_LINEAR_ACC_Y,1771300945.3584185,0x001,3,5631900.00 Linear acceleration in y
VENTOR_ANGULAR_SPEED_Y,1771300945.3584185,0x001,3,0.00 Angular speed in y
VENTOR_LINEAR_ACC_Z,1771300945.3584847,0x002,4,5401900.00 Linear acceleration in z
VENTOR_ANGULAR_SPEED_Z,1771300945.3584847,0x002,4,0.00 Angular speed in z
VENTOR_LINEAR_SPEED_X,1771300945.3584847,0x002,4,5325500.00 Linear speed in x
VENTOR_LINEAR_SPEED_Y,1771300945.3584847,0x002,4,1228800.00 Linear speed in y
VENTOR_LINEAR_ACC_X,1771300945.3686097,0x001,3,4889500.00 Linear acceleration in x
VENTOR_ANGULAR_SPEED_X,1771300945.3686097,0x001,3,0.00 Angular speed in x
VENTOR_LINEAR_ACC_Y,1771300945.3686097,0x001,3,5631900.00 Linear acceleration in y
VENTOR_ANGULAR_SPEED_Y,1771300945.3686097,0x001,3,0.00 Angular speed in y
VENTOR_LINEAR_ACC_Z,1771300945.3686602,0x002,4,5401900.00 Linear acceleration in z
VENTOR_ANGULAR_SPEED_Z,1771300945.3686602,0x002,4,0.00 Angular speed in z
VENTOR_LINEAR_SPEED_X,1771300945.3686602,0x002,4,5325500.00 Linear speed in x
VENTOR_LINEAR_SPEED_Y,1771300945.3686602,0x002,4,1228800.00 Linear speed in y
VENTOR_LINEAR_ACC_X,1771300945.3787024,0x001,3,4889500.00 Linear acceleration in x
VENTOR_ANGULAR_SPEED_X,1771300945.3787024,0x001,3,0.00 Angular speed in x
VENTOR_LINEAR_ACC_Y,1771300945.3787024,0x001,3,5631900.00 Linear acceleration in y
VENTOR_ANGULAR_SPEED_Y,1771300945.3787024,0x001,3,0.00 Angular speed in y
VENTOR_LINEAR_ACC_Z,1771300945.3787642,0x002,4,5401900.00 Linear acceleration in z
VENTOR_ANGULAR_SPEED_Z,1771300945.3787642,0x002,4,0.00 Angular speed in z
VENTOR_LINEAR_SPEED_X,1771300945.3787642,0x002,4,5325500.00 Linear speed in x
VENTOR_LINEAR_SPEED_Y,1771300945.3787642,0x002,4,1228800.00 Linear speed in y
VENTOR_LINEAR_ACC_X,1771300945.389252,0x001,3,4889500.00 Linear acceleration in x
VENTOR_ANGULAR_SPEED_X,1771300945.389252,0x001,3,0.00 Angular speed in x
VENTOR_LINEAR_ACC_Y,1771300945.389252,0x001,3,5631900.00 Linear acceleration in y
VENTOR_ANGULAR_SPEED_Y,1771300945.389252,0x001,3,0.00 Angular speed in y
VENTOR_LINEAR_ACC_Z,1771300945.3893037,0x002,4,5401900.00 Linear acceleration in z
VENTOR_ANGULAR_SPEED_Z,1771300945.3893037,0x002,4,0.00 Angular speed in z
VENTOR_LINEAR_SPEED_X,1771300945.3893037,0x002,4,5325500.00 Linear speed in x
VENTOR_LINEAR_SPEED_Y,1771300945.3893037,0x002,4,1228800.00 Linear speed in y
VENTOR_LINEAR_ACC_X,1771300945.399373,0x001,3,4889500.00 Linear acceleration in x
VENTOR_ANGULAR_SPEED_X,1771300945.399373,0x001,3,0.00 Angular speed in x
VENTOR_LINEAR_ACC_Y,1771300945.399373,0x001,3,5631900.00 Linear acceleration in y
VENTOR_ANGULAR_SPEED_Y,1771300945.399373,0x001,3,0.00 Angular speed in y
VENTOR_LINEAR_ACC_Z,1771300945.39944,0x002,4,5401900.00 Linear acceleration in z
VENTOR_ANGULAR_SPEED_Z,1771300945.39944,0x002,4,0.00 Angular speed in z
VENTOR_LINEAR_SPEED_X,1771300945.39944,0x002,4,5325500.00 Linear speed in x
VENTOR_LINEAR_SPEED_Y,1771300945.39944,0x002,4,1228800.00 Linear speed in y
VENTOR_LINEAR_ACC_X,1771300945.4094787,0x001,3,4889500.00 Linear acceleration in x
VENTOR_ANGULAR_SPEED_X,1771300945.4094787,0x001,3,0.00 Angular speed in x
VENTOR_LINEAR_ACC_Y,1771300945.4094787,0x001,3,5631900.00 Linear acceleration in y
VENTOR_ANGULAR_SPEED_Y,1771300945.4094787,0x001,3,0.00 Angular speed in y
VENTOR_LINEAR_ACC_Z,1771300945.4095368,0x002,4,5401900.00 Linear acceleration in z
VENTOR_ANGULAR_SPEED_Z,1771300945.4095368,0x002,4,0.00 Angular speed in z
VENTOR_LINEAR_SPEED_X,1771300945.4095368,0x002,4,5325500.00 Linear speed in x
VENTOR_LINEAR_SPEED_Y,1771300945.4095368,0x002,4,1228800.00 Linear speed in y
VENTOR_LINEAR_ACC_X,1771300945.4195805,0x001,3,4889500.00 Linear acceleration in x
VENTOR_ANGULAR_SPEED_X,1771300945.4195805,0x001,3,0.00 Angular speed in x
VENTOR_LINEAR_ACC_Y,1771300945.4195805,0x001,3,5631900.00 Linear acceleration in y
VENTOR_ANGULAR_SPEED_Y,1771300945.4195805,0x001,3,0.00 Angular speed in y
VENTOR_LINEAR_ACC_Z,1771300945.419639,0x002,4,5401900.00 Linear acceleration in z
VENTOR_ANGULAR_SPEED_Z,1771300945.419639,0x002,4,0.00 Angular speed in z
VENTOR_LINEAR_SPEED_X,1771300945.419639,0x002,4,5325500.00 Linear speed in x
VENTOR_LINEAR_SPEED_Y,1771300945.419639,0x002,4,1228800.00 Linear speed in y
VENTOR_LINEAR_ACC_X,1771300945.4296763,0x001,3,4889500.00 Linear acceleration in x
VENTOR_ANGULAR_SPEED_X,1771300945.4296763,0x001,3,0.00 Angular speed in x
VENTOR_LINEAR_ACC_Y,1771300945.4296763,0x001,3,5631900.00 Linear acceleration in y
VENTOR_ANGULAR_SPEED_Y,1771300945.4296763,0x001,3,0.00 Angular speed in y
VENTOR_LINEAR_ACC_Z,1771300945.4297414,0x002,4,5401900.00 Linear acceleration in z
VENTOR_ANGULAR_SPEED_Z,1771300945.4297414,0x002,4,0.00 Angular speed in z
VENTOR_LINEAR_SPEED_X,1771300945.4297414,0x002,4,5325500.00 Linear speed in x
VENTOR_LINEAR_SPEED_Y,1771300945.4297414,0x002,4,1228800.00 Linear speed in y
VENTOR_LINEAR_ACC_X,1771300945.4397588,0x001,3,4889500.00 Linear acceleration in x
VENTOR_ANGULAR_SPEED_X,1771300945.4397588,0x001,3,0.00 Angular speed in x
VENTOR_LINEAR_ACC_Y,1771300945.4397588,0x001,3,5631900.00 Linear acceleration in y
VENTOR_ANGULAR_SPEED_Y,1771300945.4397588,0x001,3,0.00 Angular speed in y
VENTOR_LINEAR_ACC_Z,1771300945.4398124,0x002,4,5401900.00 Linear acceleration in z
VENTOR_ANGULAR_SPEED_Z,1771300945.4398124,0x002,4,0.00 Angular speed in z
VENTOR_LINEAR_SPEED_X,1771300945.4398124,0x002,4,5325500.00 Linear speed in x
VENTOR_LINEAR_SPEED_Y,1771300945.4398124,0x002,4,1228800.00 Linear speed in y
VENTOR_LINEAR_ACC_X,1771300945.4498796,0x001,3,4889500.00 Linear acceleration in x
VENTOR_ANGULAR_SPEED_X,1771300945.4498796,0x001,3,0.00 Angular speed in x
VENTOR_LINEAR_ACC_Y,1771300945.4498796,0x001,3,5631900.00 Linear acceleration in y
VENTOR_ANGULAR_SPEED_Y,1771300945.4498796,0x001,3,0.00 Angular speed in y
VENTOR_LINEAR_ACC_Z,1771300945.449943,0x002,4,5401900.00 Linear acceleration in z
VENTOR_ANGULAR_SPEED_Z,1771300945.449943,0x002,4,0.00 Angular speed in z
VENTOR_LINEAR_SPEED_X,1771300945.449943,0x002,4,5325500.00 Linear speed in x
VENTOR_LINEAR_SPEED_Y,1771300945.449943,0x002,4,1228800.00 Linear speed in y
VENTOR_LINEAR_ACC_X,1771300945.4599664,0x001,3,4889500.00 Linear acceleration in x
VENTOR_ANGULAR_SPEED_X,1771300945.4599664,0x001,3,0.00 Angular speed in x
VENTOR_LINEAR_ACC_Y,1771300945.4599664,0x001,3,5631900.00 Linear acceleration in y
VENTOR_ANGULAR_SPEED_Y,1771300945.4599664,0x001,3,0.00 Angular speed in y
VENTOR_LINEAR_ACC_Z,1771300945.4600155,0x002,4,5401900.00 Linear acceleration in z
VENTOR_ANGULAR_SPEED_Z,1771300945.4600155,0x002,4,0.00 Angular speed in z
VENTOR_LINEAR_SPEED_X,1771300945.4600155,0x002,4,5325500.00 Linear speed in x
VENTOR_LINEAR_SPEED_Y,1771300945.4600155,0x002,4,1228800.00 Linear speed in y
VENTOR_LINEAR_ACC_X,1771300945.4700906,0x001,3,4889500.00 Linear acceleration in x
VENTOR_ANGULAR_SPEED_X,1771300945.4700906,0x001,3,0.00 Angular speed in x
VENTOR_LINEAR_ACC_Y,1771300945.4700906,0x001,3,5631900.00 Linear acceleration in y
VENTOR_ANGULAR_SPEED_Y,1771300945.4700906,0x001,3,0.00 Angular speed in y
VENTOR_LINEAR_ACC_Z,1771300945.4701679,0x002,4,5401900.00 Linear acceleration in z
VENTOR_ANGULAR_SPEED_Z,1771300945.4701679,0x002,4,0.00 Angular speed in z
VENTOR_LINEAR_SPEED_X,1771300945.4701679,0x002,4,5325500.00 Linear speed in x
VENTOR_LINEAR_SPEED_Y,1771300945.4701679,0x002,4,1228800.00 Linear speed in y
VENTOR_LINEAR_ACC_X,1771300945.4801824,0x001,3,4889500.00 Linear acceleration in x
VENTOR_ANGULAR_SPEED_X,1771300945.4801824,0x001,3,0.00 Angular speed in x
VENTOR_LINEAR_ACC_Y,1771300945.4801824,0x001,3,5631900.00 Linear acceleration in y
VENTOR_ANGULAR_SPEED_Y,1771300945.4801824,0x001,3,0.00 Angular speed in y
VENTOR_LINEAR_ACC_Z,1771300945.480237,0x002,4,5401900.00 Linear acceleration in z
VENTOR_ANGULAR_SPEED_Z,1771300945.480237,0x002,4,0.00 Angular speed in z
VENTOR_LINEAR_SPEED_X,1771300945.480237,0x002,4,5325500.00 Linear speed in x
VENTOR_LINEAR_SPEED_Y,1771300945.480237,0x002,4,1228800.00 Linear speed in y
VENTOR_LINEAR_ACC_X,1771300945.4902823,0x001,3,4889500.00 Linear acceleration in x
VENTOR_ANGULAR_SPEED_X,1771300945.4902823,0x001,3,0.00 Angular speed in x
VENTOR_LINEAR_ACC_Y,1771300945.4902823,0x001,3,5631900.00 Linear acceleration in y
VENTOR_ANGULAR_SPEED_Y,1771300945.4902823,0x001,3,0.00 Angular speed in y
VENTOR_LINEAR_ACC_Z,1771300945.4903364,0x002,4,5401900.00 Linear acceleration in z
VENTOR_ANGULAR_SPEED_Z,1771300945.4903364,0x002,4,0.00 Angular speed in z
VENTOR_LINEAR_SPEED_X,1771300945.4903364,0x002,4,5325500.00 Linear speed in x
VENTOR_LINEAR_SPEED_Y,1771300945.4903364,0x002,4,1228800.00 Linear speed in y
VENTOR_LINEAR_ACC_X,1771300945.5003967,0x001,3,4889500.00 Linear acceleration in x
VENTOR_ANGULAR_SPEED_X,1771300945.5003967,0x001,3,0.00 Angular speed in x
VENTOR_LINEAR_ACC_Y,1771300945.5003967,0x001,3,5631900.00 Linear acceleration in y
VENTOR_ANGULAR_SPEED_Y,1771300945.5003967,0x001,3,0.00 Angular speed in y
VENTOR_LINEAR_ACC_Z,1771300945.5004497,0x002,4,5401900.00 Linear acceleration in z
VENTOR_ANGULAR_SPEED_Z,1771300945.5004497,0x002,4,0.00 Angular speed in z
VENTOR_LINEAR_SPEED_X,1771300945.5004497,0x002,4,5325500.00 Linear speed in x
VENTOR_LINEAR_SPEED_Y,1771300945.5004497,0x002,4,1228800.00 Linear speed in y
VENTOR_LINEAR_ACC_X,1771300945.5104985,0x001,3,4889500.00 Linear acceleration in x
VENTOR_ANGULAR_SPEED_X,1771300945.5104985,0x001,3,0.00 Angular speed in x
VENTOR_LINEAR_ACC_Y,1771300945.5104985,0x001,3,5631900.00 Linear acceleration in y
VENTOR_ANGULAR_SPEED_Y,1771300945.5104985,0x001,3,0.00 Angular speed in y
VENTOR_LINEAR_ACC_Z,1771300945.5105538,0x002,4,5401900.00 Linear acceleration in z
VENTOR_ANGULAR_SPEED_Z,1771300945.5105538,0x002,4,0.00 Angular speed in z
VENTOR_LINEAR_SPEED_X,1771300945.5105538,0x002,4,5325500.00 Linear speed in x
VENTOR_LINEAR_SPEED_Y,1771300945.5105538,0x002,4,1228800.00 Linear speed in y
VENTOR_LINEAR_ACC_X,1771300945.5206034,0x001,3,4889500.00 Linear acceleration in x
VENTOR_ANGULAR_SPEED_X,1771300945.5206034,0x001,3,0.00 Angular speed in x
VENTOR_LINEAR_ACC_Y,1771300945.5206034,0x001,3,5631900.00 Linear acceleration in y
VENTOR_ANGULAR_SPEED_Y,1771300945.5206034,0x001,3,0.00 Angular speed in y
VENTOR_LINEAR_ACC_Z,1771300945.5206864,0x002,4,5401900.00 Linear acceleration in z
VENTOR_ANGULAR_SPEED_Z,1771300945.5206864,0x002,4,0.00 Angular speed in z
VENTOR_LINEAR_SPEED_X,1771300945.5206864,0x002,4,5325500.00 Linear speed in x
VENTOR_LINEAR_SPEED_Y,1771300945.5206864,0x002,4,1228800.00 Linear speed in y
VENTOR_LINEAR_ACC_X,1771300945.5307114,0x001,3,4889500.00 Linear acceleration in x
VENTOR_ANGULAR_SPEED_X,1771300945.5307114,0x001,3,0.00 Angular speed in x
VENTOR_LINEAR_ACC_Y,1771300945.5307114,0x001,3,5631900.00 Linear acceleration in y
VENTOR_ANGULAR_SPEED_Y,1771300945.5307114,0x001,3,0.00 Angular speed in y
VENTOR_LINEAR_ACC_Z,1771300945.530765,0x002,4,5401900.00 Linear acceleration in z
VENTOR_ANGULAR_SPEED_Z,1771300945.530765,0x002,4,0.00 Angular speed in z
VENTOR_LINEAR_SPEED_X,1771300945.530765,0x002,4,5325500.00 Linear speed in x
VENTOR_LINEAR_SPEED_Y,1771300945.530765,0x002,4,1228800.00 Linear speed in y
VENTOR_LINEAR_ACC_X,1771300945.5408266,0x001,3,4889500.00 Linear acceleration in x
VENTOR_ANGULAR_SPEED_X,1771300945.5408266,0x001,3,0.00 Angular speed in x
VENTOR_LINEAR_ACC_Y,1771300945.5408266,0x001,3,5631900.00 Linear acceleration in y
VENTOR_ANGULAR_SPEED_Y,1771300945.5408266,0x001,3,0.00 Angular speed in y
VENTOR_LINEAR_ACC_Z,1771300945.5408826,0x002,4,5401900.00 Linear acceleration in z
VENTOR_ANGULAR_SPEED_Z,1771300945.5408826,0x002,4,0.00 Angular speed in z
VENTOR_LINEAR_SPEED_X,1771300945.5408826,0x002,4,5325500.00 Linear speed in x
VENTOR_LINEAR_SPEED_Y,1771300945.5408826,0x002,4,1228800.00 Linear speed in y
VENTOR_LINEAR_ACC_X,1771300945.550904,0x001,3,4889500.00 Linear acceleration in x
VENTOR_ANGULAR_SPEED_X,1771300945.550904,0x001,3,0.00 Angular speed in x
VENTOR_LINEAR_ACC_Y,1771300945.550904,0x001,3,5631900.00 Linear acceleration in y
VENTOR_ANGULAR_SPEED_Y,1771300945.550904,0x001,3,0.00 Angular speed in y
VENTOR_LINEAR_ACC_Z,1771300945.551729,0x002,4,5401900.00 Linear acceleration in z
VENTOR_ANGULAR_SPEED_Z,1771300945.551729,0x002,4,0.00 Angular speed in z
VENTOR_LINEAR_SPEED_X,1771300945.551729,0x002,4,5325500.00 Linear speed in x
VENTOR_LINEAR_SPEED_Y,1771300945.551729,0x002,4,1228800.00 Linear speed in y
VENTOR_LINEAR_ACC_X,1771300945.561012,0x001,3,4889500.00 Linear acceleration in x
VENTOR_ANGULAR_SPEED_X,1771300945.561012,0x001,3,0.00 Angular speed in x
VENTOR_LINEAR_ACC_Y,1771300945.561012,0x001,3,5631900.00 Linear acceleration in y
VENTOR_ANGULAR_SPEED_Y,1771300945.561012,0x001,3,0.00 Angular speed in y
VENTOR_LINEAR_ACC_Z,1771300945.561903,0x002,4,5401900.00 Linear acceleration in z
VENTOR_ANGULAR_SPEED_Z,1771300945.561903,0x002,4,0.00 Angular speed in z
VENTOR_LINEAR_SPEED_X,1771300945.561903,0x002,4,5325500.00 Linear speed in x
VENTOR_LINEAR_SPEED_Y,1771300945.561903,0x002,4,1228800.00 Linear speed in y
VENTOR_LINEAR_ACC_X,1771300945.5717223,0x001,3,4889500.00 Linear acceleration in x
VENTOR_ANGULAR_SPEED_X,1771300945.5717223,0x001,3,0.00 Angular speed in x
VENTOR_LINEAR_ACC_Y,1771300945.5717223,0x001,3,5631900.00 Linear acceleration in y
VENTOR_ANGULAR_SPEED_Y,1771300945.5717223,0x001,3,0.00 Angular speed in y
VENTOR_LINEAR_ACC_Z,1771300945.571765,0x002,4,5401900.00 Linear acceleration in z
VENTOR_ANGULAR_SPEED_Z,1771300945.571765,0x002,4,0.00 Angular speed in z
VENTOR_LINEAR_SPEED_X,1771300945.571765,0x002,4,5325500.00 Linear speed in x
VENTOR_LINEAR_SPEED_Y,1771300945.571765,0x002,4,1228800.00 Linear speed in y
VENTOR_LINEAR_ACC_X,1771300945.5818226,0x001,3,4889500.00 Linear acceleration in x
VENTOR_ANGULAR_SPEED_X,1771300945.5818226,0x001,3,0.00 Angular speed in x
VENTOR_LINEAR_ACC_Y,1771300945.5818226,0x001,3,5631900.00 Linear acceleration in y
VENTOR_ANGULAR_SPEED_Y,1771300945.5818226,0x001,3,0.00 Angular speed in y
VENTOR_LINEAR_ACC_Z,1771300945.5818686,0x002,4,5401900.00 Linear acceleration in z
VENTOR_ANGULAR_SPEED_Z,1771300945.5818686,0x002,4,0.00 Angular speed in z
VENTOR_LINEAR_SPEED_X,1771300945.5818686,0x002,4,5325500.00 Linear speed in x
VENTOR_LINEAR_SPEED_Y,1771300945.5818686,0x002,4,1228800.00 Linear speed in y
VENTOR_LINEAR_ACC_X,1771300945.5919068,0x001,3,4889500.00 Linear acceleration in x
VENTOR_ANGULAR_SPEED_X,1771300945.5919068,0x001,3,0.00 Angular speed in x
VENTOR_LINEAR_ACC_Y,1771300945.5919068,0x001,3,5631900.00 Linear acceleration in y
VENTOR_ANGULAR_SPEED_Y,1771300945.5919068,0x001,3,0.00 Angular speed in y
VENTOR_LINEAR_ACC_Z,1771300945.5919533,0x002,4,5401900.00 Linear acceleration in z
VENTOR_ANGULAR_SPEED_Z,1771300945.5919533,0x002,4,0.00 Angular speed in z
VENTOR_LINEAR_SPEED_X,1771300945.5919533,0x002,4,5325500.00 Linear speed in x
VENTOR_LINEAR_SPEED_Y,1771300945.5919533,0x002,4,1228800.00 Linear speed in y
VENTOR_LINEAR_ACC_X,1771300945.60199,0x001,3,4889500.00 Linear acceleration in x
VENTOR_ANGULAR_SPEED_X,1771300945.60199,0x001,3,0.00 Angular speed in x
VENTOR_LINEAR_ACC_Y,1771300945.60199,0x001,3,5631900.00 Linear acceleration in y
VENTOR_ANGULAR_SPEED_Y,1771300945.60199,0x001,3,0.00 Angular speed in y
VENTOR_LINEAR_ACC_Z,1771300945.6020415,0x002,4,5401900.00 Linear acceleration in z
VENTOR_ANGULAR_SPEED_Z,1771300945.6020415,0x002,4,0.00 Angular speed in z
VENTOR_LINEAR_SPEED_X,1771300945.6020415,0x002,4,5325500.00 Linear speed in x
VENTOR_LINEAR_SPEED_Y,1771300945.6020415,0x002,4,1228800.00 Linear speed in y
VENTOR_LINEAR_ACC_X,1771300945.6121132,0x001,3,4889500.00 Linear acceleration in x
VENTOR_ANGULAR_SPEED_X,1771300945.6121132,0x001,3,0.00 Angular speed in x
VENTOR_LINEAR_ACC_Y,1771300945.6121132,0x001,3,5631900.00 Linear acceleration in y
VENTOR_ANGULAR_SPEED_Y,1771300945.6121132,0x001,3,0.00 Angular speed in y
VENTOR_LINEAR_ACC_Z,1771300945.6121619,0x002,4,5401900.00 Linear acceleration in z
VENTOR_ANGULAR_SPEED_Z,1771300945.6121619,0x002,4,0.00 Angular speed in z
VENTOR_LINEAR_SPEED_X,1771300945.6121619,0x002,4,5325500.00 Linear speed in x
VENTOR_LINEAR_SPEED_Y,1771300945.6121619,0x002,4,1228800.00 Linear speed in y
VENTOR_LINEAR_ACC_X,1771300945.6222336,0x001,3,4889500.00 Linear acceleration in x
VENTOR_ANGULAR_SPEED_X,1771300945.6222336,0x001,3,0.00 Angular speed in x
VENTOR_LINEAR_ACC_Y,1771300945.6222336,0x001,3,5631900.00 Linear acceleration in y
VENTOR_ANGULAR_SPEED_Y,1771300945.6222336,0x001,3,0.00 Angular speed in y
VENTOR_LINEAR_ACC_Z,1771300945.6222873,0x002,4,5401900.00 Linear acceleration in z
VENTOR_ANGULAR_SPEED_Z,1771300945.6222873,0x002,4,0.00 Angular speed in z
VENTOR_LINEAR_SPEED_X,1771300945.6222873,0x002,4,5325500.00 Linear speed in x
VENTOR_LINEAR_SPEED_Y,1771300945.6222873,0x002,4,1228800.00 Linear speed in y
VENTOR_LINEAR_ACC_X,1771300945.6323273,0x001,3,4889500.00 Linear acceleration in x
VENTOR_ANGULAR_SPEED_X,1771300945.6323273,0x001,3,0.00 Angular speed in x
VENTOR_LINEAR_ACC_Y,1771300945.6323273,0x001,3,5631900.00 Linear acceleration in y
VENTOR_ANGULAR_SPEED_Y,1771300945.6323273,0x001,3,0.00 Angular speed in y
VENTOR_LINEAR_ACC_Z,1771300945.6323776,0x002,4,5401900.00 Linear acceleration in z
VENTOR_ANGULAR_SPEED_Z,1771300945.6323776,0x002,4,0.00 Angular speed in z
VENTOR_LINEAR_SPEED_X,1771300945.6323776,0x002,4,5325500.00 Linear speed in x
VENTOR_LINEAR_SPEED_Y,1771300945.6323776,0x002,4,1228800.00 Linear speed in y
VENTOR_LINEAR_ACC_X,1771300945.6424246,0x001,3,4889500.00 Linear acceleration in x
VENTOR_ANGULAR_SPEED_X,1771300945.6424246,0x001,3,0.00 Angular speed in x
VENTOR_LINEAR_ACC_Y,1771300945.6424246,0x001,3,5631900.00 Linear acceleration in y
VENTOR_ANGULAR_SPEED_Y,1771300945.6424246,0x001,3,0.00 Angular speed in y
VENTOR_LINEAR_ACC_Z,1771300945.6424766,0x002,4,5401900.00 Linear acceleration in z
VENTOR_ANGULAR_SPEED_Z,1771300945.6424766,0x002,4,0.00 Angular speed in z
VENTOR_LINEAR_SPEED_X,1771300945.6424766,0x002,4,5325500.00 Linear speed in x
VENTOR_LINEAR_SPEED_Y,1771300945.6424766,0x002,4,1228800.00 Linear speed in y
VENTOR_LINEAR_ACC_X,1771300945.6525874,0x001,3,4889500.00 Linear acceleration in x
VENTOR_ANGULAR_SPEED_X,1771300945.6525874,0x001,3,0.00 Angular speed in x
VENTOR_LINEAR_ACC_Y,1771300945.6525874,0x001,3,5631900.00 Linear acceleration in y
VENTOR_ANGULAR_SPEED_Y,1771300945.6525874,0x001,3,0.00 Angular speed in y
VENTOR_LINEAR_ACC_Z,1771300945.6526678,0x002,4,5401900.00 Linear acceleration in z
VENTOR_ANGULAR_SPEED_Z,1771300945.6526678,0x002,4,0.00 Angular speed in z
VENTOR_LINEAR_SPEED_X,1771300945.6526678,0x002,4,5325500.00 Linear speed in x
VENTOR_LINEAR_SPEED_Y,1771300945.6526678,0x002,4,1228800.00 Linear speed in y
VENTOR_LINEAR_ACC_X,1771300945.6626797,0x001,3,4889500.00 Linear acceleration in x
VENTOR_ANGULAR_SPEED_X,1771300945.6626797,0x001,3,0.00 Angular speed in x
VENTOR_LINEAR_ACC_Y,1771300945.6626797,0x001,3,5631900.00 Linear acceleration in y
VENTOR_ANGULAR_SPEED_Y,1771300945.6626797,0x001,3,0.00 Angular speed in y
VENTOR_LINEAR_ACC_Z,1771300945.6627316,0x002,4,5401900.00 Linear acceleration in z
VENTOR_ANGULAR_SPEED_Z,1771300945.6627316,0x002,4,0.00 Angular speed in z
VENTOR_LINEAR_SPEED_X,1771300945.6627316,0x002,4,5325500.00 Linear speed in x
VENTOR_LINEAR_SPEED_Y,1771300945.6627316,0x002,4,1228800.00 Linear speed in y
VENTOR_LINEAR_ACC_X,1771300945.6727743,0x001,3,4889500.00 Linear acceleration in x
VENTOR_ANGULAR_SPEED_X,1771300945.6727743,0x001,3,0.00 Angular speed in x
VENTOR_LINEAR_ACC_Y,1771300945.6727743,0x001,3,5631900.00 Linear acceleration in y
VENTOR_ANGULAR_SPEED_Y,1771300945.6727743,0x001,3,0.00 Angular speed in y
VENTOR_LINEAR_ACC_Z,1771300945.6728303,0x002,4,5401900.00 Linear acceleration in z
VENTOR_ANGULAR_SPEED_Z,1771300945.6728303,0x002,4,0.00 Angular speed in z
VENTOR_LINEAR_SPEED_X,1771300945.6728303,0x002,4,5325500.00 Linear speed in x
VENTOR_LINEAR_SPEED_Y,1771300945.6728303,0x002,4,1228800.00 Linear speed in y
VENTOR_LINEAR_ACC_X,1771300945.6828704,0x001,3,4889500.00 Linear acceleration in x
VENTOR_ANGULAR_SPEED_X,1771300945.6828704,0x001,3,0.00 Angular speed in x
VENTOR_LINEAR_ACC_Y,1771300945.6828704,0x001,3,5631900.00 Linear acceleration in y
VENTOR_ANGULAR_SPEED_Y,1771300945.6828704,0x001,3,0.00 Angular speed in y
VENTOR_LINEAR_ACC_Z,1771300945.6829233,0x002,4,5401900.00 Linear acceleration in z
VENTOR_ANGULAR_SPEED_Z,1771300945.6829233,0x002,4,0.00 Angular speed in z
VENTOR_LINEAR_SPEED_X,1771300945.6829233,0x002,4,5325500.00 Linear speed in x
VENTOR_LINEAR_SPEED_Y,1771300945.6829233,0x002,4,1228800.00 Linear speed in y
VENTOR_LINEAR_ACC_X,1771300945.6929586,0x001,3,4889500.00 Linear acceleration in x
VENTOR_ANGULAR_SPEED_X,1771300945.6929586,0x001,3,0.00 Angular speed in x
VENTOR_LINEAR_ACC_Y,1771300945.6929586,0x001,3,5631900.00 Linear acceleration in y
VENTOR_ANGULAR_SPEED_Y,1771300945.6929586,0x001,3,0.00 Angular speed in y
VENTOR_LINEAR_ACC_Z,1771300945.6930115,0x002,4,5401900.00 Linear acceleration in z
VENTOR_ANGULAR_SPEED_Z,1771300945.6930115,0x002,4,0.00 Angular speed in z
VENTOR_LINEAR_SPEED_X,1771300945.6930115,0x002,4,5325500.00 Linear speed in x
VENTOR_LINEAR_SPEED_Y,1771300945.6930115,0x002,4,1228800.00 Linear speed in y
VENTOR_LINEAR_ACC_X,1771300945.7030585,0x001,3,4889500.00 Linear acceleration in x
VENTOR_ANGULAR_SPEED_X,1771300945.7030585,0x001,3,0.00 Angular speed in x
VENTOR_LINEAR_ACC_Y,1771300945.7030585,0x001,3,5631900.00 Linear acceleration in y
VENTOR_ANGULAR_SPEED_Y,1771300945.7030585,0x001,3,0.00 Angular speed in y
VENTOR_LINEAR_ACC_Z,1771300945.7031145,0x002,4,5427500.00 Linear acceleration in z
VENTOR_ANGULAR_SPEED_Z,1771300945.7031145,0x002,4,0.00 Angular speed in z
VENTOR_LINEAR_SPEED_X,1771300945.7031145,0x002,4,5325500.00 Linear speed in x
VENTOR_LINEAR_SPEED_Y,1771300945.7031145,0x002,4,1228800.00 Linear speed in y
VENTOR_LINEAR_ACC_X,1771300945.713154,0x001,3,4889500.00 Linear acceleration in x
VENTOR_ANGULAR_SPEED_X,1771300945.713154,0x001,3,0.00 Angular speed in x
VENTOR_LINEAR_ACC_Y,1771300945.713154,0x001,3,5631900.00 Linear acceleration in y
VENTOR_ANGULAR_SPEED_Y,1771300945.713154,0x001,3,0.00 Angular speed in y
VENTOR_LINEAR_ACC_Z,1771300945.713211,0x002,4,5401900.00 Linear acceleration in z
VENTOR_ANGULAR_SPEED_Z,1771300945.713211,0x002,4,0.00 Angular speed in z
VENTOR_LINEAR_SPEED_X,1771300945.713211,0x002,4,5325500.00 Linear speed in x
VENTOR_LINEAR_SPEED_Y,1771300945.713211,0x002,4,1228800.00 Linear speed in y
VENTOR_LINEAR_ACC_X,1771300945.7232547,0x001,3,4889500.00 Linear acceleration in x
VENTOR_ANGULAR_SPEED_X,1771300945.7232547,0x001,3,0.00 Angular speed in x
VENTOR_LINEAR_ACC_Y,1771300945.7232547,0x001,3,5631900.00 Linear acceleration in y
VENTOR_ANGULAR_SPEED_Y,1771300945.7232547,0x001,3,0.00 Angular speed in y
VENTOR_LINEAR_ACC_Z,1771300945.7233076,0x002,4,5401900.00 Linear acceleration in z
VENTOR_ANGULAR_SPEED_Z,1771300945.7233076,0x002,4,0.00 Angular speed in z
VENTOR_LINEAR_SPEED_X,1771300945.7233076,0x002,4,5325500.00 Linear speed in x
VENTOR_LINEAR_SPEED_Y,1771300945.7233076,0x002,4,1228800.00 Linear speed in y
VENTOR_LINEAR_ACC_X,1771300945.7333584,0x001,3,4889500.00 Linear acceleration in x
VENTOR_ANGULAR_SPEED_X,1771300945.7333584,0x001,3,0.00 Angular speed in x
VENTOR_LINEAR_ACC_Y,1771300945.7333584,0x001,3,5631900.00 Linear acceleration in y
VENTOR_ANGULAR_SPEED_Y,1771300945.7333584,0x001,3,0.00 Angular speed in y
VENTOR_LINEAR_ACC_Z,1771300945.7342396,0x002,4,5401900.00 Linear acceleration in z
VENTOR_ANGULAR_SPEED_Z,1771300945.7342396,0x002,4,0.00 Angular speed in z
VENTOR_LINEAR_SPEED_X,1771300945.7342396,0x002,4,5325500.00 Linear speed in x
VENTOR_LINEAR_SPEED_Y,1771300945.7342396,0x002,4,1228800.00 Linear speed in y
VENTOR_LINEAR_ACC_X,1771300945.743447,0x001,3,4889500.00 Linear acceleration in x
VENTOR_ANGULAR_SPEED_X,1771300945.743447,0x001,3,0.00 Angular speed in x
VENTOR_LINEAR_ACC_Y,1771300945.743447,0x001,3,5631900.00 Linear acceleration in y
VENTOR_ANGULAR_SPEED_Y,1771300945.743447,0x001,3,0.00 Angular speed in y
VENTOR_LINEAR_ACC_Z,1771300945.7442408,0x002,4,5401900.00 Linear acceleration in z
VENTOR_ANGULAR_SPEED_Z,1771300945.7442408,0x002,4,0.00 Angular speed in z
VENTOR_LINEAR_SPEED_X,1771300945.7442408,0x002,4,5325500.00 Linear speed in x
VENTOR_LINEAR_SPEED_Y,1771300945.7442408,0x002,4,1228800.00 Linear speed in y
VENTOR_LINEAR_ACC_X,1771300945.753522,0x001,3,4889500.00 Linear acceleration in x
VENTOR_ANGULAR_SPEED_X,1771300945.753522,0x001,3,0.00 Angular speed in x
VENTOR_LINEAR_ACC_Y,1771300945.753522,0x001,3,5631900.00 Linear acceleration in y
VENTOR_ANGULAR_SPEED_Y,1771300945.753522,0x001,3,0.00 Angular speed in y
VENTOR_LINEAR_ACC_Z,1771300945.753576,0x002,4,5401900.00 Linear acceleration in z
VENTOR_ANGULAR_SPEED_Z,1771300945.753576,0x002,4,0.00 Angular speed in z
VENTOR_LINEAR_SPEED_X,1771300945.753576,0x002,4,5325500.00 Linear speed in x
VENTOR_LINEAR_SPEED_Y,1771300945.753576,0x002,4,1228800.00 Linear speed in y
VENTOR_LINEAR_ACC_X,1771300945.7636209,0x001,3,4889500.00 Linear acceleration in x
VENTOR_ANGULAR_SPEED_X,1771300945.7636209,0x001,3,0.00 Angular speed in x
VENTOR_LINEAR_ACC_Y,1771300945.7636209,0x001,3,5631900.00 Linear acceleration in y
VENTOR_ANGULAR_SPEED_Y,1771300945.7636209,0x001,3,0.00 Angular speed in y
VENTOR_LINEAR_ACC_Z,1771300945.7636728,0x002,4,5401900.00 Linear acceleration in z
VENTOR_ANGULAR_SPEED_Z,1771300945.7636728,0x002,4,0.00 Angular speed in z
VENTOR_LINEAR_SPEED_X,1771300945.7636728,0x002,4,5325500.00 Linear speed in x
VENTOR_LINEAR_SPEED_Y,1771300945.7636728,0x002,4,1228800.00 Linear speed in y
VENTOR_LINEAR_ACC_X,1771300945.7742648,0x001,3,4889500.00 Linear acceleration in x
VENTOR_ANGULAR_SPEED_X,1771300945.7742648,0x001,3,0.00 Angular speed in x
VENTOR_LINEAR_ACC_Y,1771300945.7742648,0x001,3,5631900.00 Linear acceleration in y
VENTOR_ANGULAR_SPEED_Y,1771300945.7742648,0x001,3,0.00 Angular speed in y
VENTOR_LINEAR_ACC_Z,1771300945.7743185,0x002,4,5401900.00 Linear acceleration in z
VENTOR_ANGULAR_SPEED_Z,1771300945.7743185,0x002,4,0.00 Angular speed in z
VENTOR_LINEAR_SPEED_X,1771300945.7743185,0x002,4,5325500.00 Linear speed in x
VENTOR_LINEAR_SPEED_Y,1771300945.7743185,0x002,4,1228800.00 Linear speed in y
VENTOR_LINEAR_ACC_X,1771300945.7843509,0x001,3,4889500.00 Linear acceleration in x
VENTOR_ANGULAR_SPEED_X,1771300945.7843509,0x001,3,0.00 Angular speed in x
VENTOR_LINEAR_ACC_Y,1771300945.7843509,0x001,3,5631900.00 Linear acceleration in y
VENTOR_ANGULAR_SPEED_Y,1771300945.7843509,0x001,3,0.00 Angular speed in y
VENTOR_LINEAR_ACC_Z,1771300945.7844043,0x002,4,5401900.00 Linear acceleration in z
VENTOR_ANGULAR_SPEED_Z,1771300945.7844043,0x002,4,0.00 Angular speed in z
VENTOR_LINEAR_SPEED_X,1771300945.7844043,0x002,4,5325500.00 Linear speed in x
VENTOR_LINEAR_SPEED_Y,1771300945.7844043,0x002,4,1228800.00 Linear speed in y
VENTOR_LINEAR_ACC_X,1771300945.7944603,0x001,3,4889500.00 Linear acceleration in x
VENTOR_ANGULAR_SPEED_X,1771300945.7944603,0x001,3,0.00 Angular speed in x
VENTOR_LINEAR_ACC_Y,1771300945.7944603,0x001,3,5631900.00 Linear acceleration in y
VENTOR_ANGULAR_SPEED_Y,1771300945.7944603,0x001,3,0.00 Angular speed in y
