names,timestamp,id_can,prioridade,dado
VENTOR_LINEAR_ACC_X,1771303467.3569777,0x001,3,654.70 m/s²
VENTOR_ANGULAR_SPEED_X,1771303467.3569777,0x001,3,0.00 rad/s
VENTOR_LINEAR_ACC_Y,1771303467.3569777,0x001,3,654.99 m/s²
VENTOR_ANGULAR_SPEED_Y,1771303467.3569777,0x001,3,0.00 rad/s
VENTOR_LINEAR_ACC_Z,1771303467.357036,0x002,4,9.79 m/s²
VENTOR_ANGULAR_SPEED_Z,1771303467.357036,0x002,4,0.00 rad/s
VENTOR_LINEAR_SPEED_X,1771303467.357036,0x002,4,20.00 km/h
VENTOR_LINEAR_SPEED_Y,1771303467.357036,0x002,4,20.00 km/h
VENTOR_LINEAR_ACC_X,1771303467.3675706,0x001,3,654.70 m/s²
VENTOR_ANGULAR_SPEED_X,1771303467.3675706,0x001,3,0.00 rad/s
VENTOR_LINEAR_ACC_Y,1771303467.3675706,0x001,3,654.99 m/s²
VENTOR_ANGULAR_SPEED_Y,1771303467.3675706,0x001,3,0.00 rad/s
VENTOR_LINEAR_ACC_Z,1771303467.3676238,0x002,4,9.79 m/s²
VENTOR_ANGULAR_SPEED_Z,1771303467.3676238,0x002,4,0.00 rad/s
VENTOR_LINEAR_SPEED_X,1771303467.3676238,0x002,4,20.00 km/h
VENTOR_LINEAR_SPEED_Y,1771303467.3676238,0x002,4,20.00 km/h
VENTOR_LINEAR_ACC_X,1771303467.3776648,0x001,3,654.70 m/s²
VENTOR_ANGULAR_SPEED_X,1771303467.3776648,0x001,3,0.00 rad/s
VENTOR_LINEAR_ACC_Y,1771303467.3776648,0x001,3,654.99 m/s²
VENTOR_ANGULAR_SPEED_Y,1771303467.3776648,0x001,3,0.00 rad/s
VENTOR_LINEAR_ACC_Z,1771303467.3777218,0x002,4,9.79 m/s²
VENTOR_ANGULAR_SPEED_Z,1771303467.3777218,0x002,4,0.00 rad/s
VENTOR_LINEAR_SPEED_X,1771303467.3777218,0x002,4,20.00 km/h
VENTOR_LINEAR_SPEED_Y,1771303467.3777218,0x002,4,20.00 km/h
VENTOR_LINEAR_ACC_X,1771303467.387746,0x001,3,654.70 m/s²
VENTOR_ANGULAR_SPEED_X,1771303467.387746,0x001,3,0.00 rad/s
VENTOR_LINEAR_ACC_Y,1771303467.387746,0x001,3,654.99 m/s²
VENTOR_ANGULAR_SPEED_Y,1771303467.387746,0x001,3,0.00 rad/s
VENTOR_LINEAR_ACC_Z,1771303467.3877988,0x002,4,9.79 m/s²
VENTOR_ANGULAR_SPEED_Z,1771303467.3877988,0x002,4,0.00 rad/s
VENTOR_LINEAR_SPEED_X,1771303467.3877988,0x002,4,20.00 km/h
VENTOR_LINEAR_SPEED_Y,1771303467.3877988,0x002,4,20.00 km/h
VENTOR_LINEAR_ACC_X,1771303467.3978376,0x001,3,654.70 m/s²
VENTOR_ANGULAR_SPEED_X,1771303467.3978376,0x001,3,0.00 rad/s
VENTOR_LINEAR_ACC_Y,1771303467.3978376,0x001,3,654.99 m/s²
VENTOR_ANGULAR_SPEED_Y,1771303467.3978376,0x001,3,0.00 rad/s
VENTOR_LINEAR_ACC_Z,1771303467.397915,0x002,4,9.79 m/s²
VENTOR_ANGULAR_SPEED_Z,1771303467.397915,0x002,4,0.00 rad/s
VENTOR_LINEAR_SPEED_X,1771303467.397915,0x002,4,20.00 km/h
VENTOR_LINEAR_SPEED_Y,1771303467.397915,0x002,4,20.00 km/h
VENTOR_LINEAR_ACC_X,1771303467.4079278,0x001,3,654.70 m/s²
VENTOR_ANGULAR_SPEED_X,1771303467.4079278,0x001,3,0.00 rad/s
VENTOR_LINEAR_ACC_Y,1771303467.4079278,0x001,3,654.99 m/s²
VENTOR_ANGULAR_SPEED_Y,1771303467.4079278,0x001,3,0.00 rad/s
VENTOR_LINEAR_ACC_Z,1771303467.4080133,0x002,4,9.79 m/s²
VENTOR_ANGULAR_SPEED_Z,1771303467.4080133,0x002,4,0.00 rad/s
VENTOR_LINEAR_SPEED_X,1771303467.4080133,0x002,4,20.00 km/h
VENTOR_LINEAR_SPEED_Y,1771303467.4080133,0x002,4,20.00 km/h
VENTOR_LINEAR_ACC_X,1771303467.4180167,0x001,3,654.70 m/s²
VENTOR_ANGULAR_SPEED_X,1771303467.4180167,0x001,3,0.00 rad/s
VENTOR_LINEAR_ACC_Y,1771303467.4180167,0x001,3,654.99 m/s²
VENTOR_ANGULAR_SPEED_Y,1771303467.4180167,0x001,3,0.00 rad/s
VENTOR_LINEAR_ACC_Z,1771303467.4180994,0x002,4,9.79 m/s²
VENTOR_ANGULAR_SPEED_Z,1771303467.4180994,0x002,4,0.00 rad/s
VENTOR_LINEAR_SPEED_X,1771303467.4180994,0x002,4,20.00 km/h
VENTOR_LINEAR_SPEED_Y,1771303467.4180994,0x002,4,20.00 km/h
VENTOR_LINEAR_ACC_X,1771303467.4281077,0x001,3,654.70 m/s²
VENTOR_ANGULAR_SPEED_X,1771303467.4281077,0x001,3,0.00 rad/s
VENTOR_LINEAR_ACC_Y,1771303467.4281077,0x001,3,654.99 m/s²
VENTOR_ANGULAR_SPEED_Y,1771303467.4281077,0x001,3,0.00 rad/s
VENTOR_LINEAR_ACC_Z,1771303467.4281785,0x002,4,9.79 m/s²
VENTOR_ANGULAR_SPEED_Z,1771303467.4281785,0x002,4,0.00 rad/s
VENTOR_LINEAR_SPEED_X,1771303467.4281785,0x002,4,20.00 km/h
VENTOR_LINEAR_SPEED_Y,1771303467.4281785,0x002,4,20.00 km/h
VENTOR_LINEAR_ACC_X,1771303467.4382184,0x001,3,654.70 m/s²
VENTOR_ANGULAR_SPEED_X,1771303467.4382184,0x001,3,0.00 rad/s
VENTOR_LINEAR_ACC_Y,1771303467.4382184,0x001,3,654.98 m/s²
VENTOR_ANGULAR_SPEED_Y,1771303467.4382184,0x001,3,0.00 rad/s
VENTOR_LINEAR_ACC_Z,1771303467.4382744,0x002,4,9.79 m/s²
VENTOR_ANGULAR_SPEED_Z,1771303467.4382744,0x002,4,0.00 rad/s
VENTOR_LINEAR_SPEED_X,1771303467.4382744,0x002,4,20.00 km/h
VENTOR_LINEAR_SPEED_Y,1771303467.4382744,0x002,4,20.00 km/h
VENTOR_LINEAR_ACC_X,1771303467.4483154,0x001,3,654.70 m/s²
VENTOR_ANGULAR_SPEED_X,1771303467.4483154,0x001,3,0.00 rad/s
VENTOR_LINEAR_ACC_Y,1771303467.4483154,0x001,3,654.99 m/s²
VENTOR_ANGULAR_SPEED_Y,1771303467.4483154,0x001,3,0.00 rad/s
VENTOR_LINEAR_ACC_Z,1771303467.4483685,0x002,4,9.79 m/s²
VENTOR_ANGULAR_SPEED_Z,1771303467.4483685,0x002,4,0.00 rad/s
VENTOR_LINEAR_SPEED_X,1771303467.4483685,0x002,4,20.00 km/h
VENTOR_LINEAR_SPEED_Y,1771303467.4483685,0x002,4,20.00 km/h
VENTOR_LINEAR_ACC_X,1771303467.4591455,0x001,3,654.70 m/s²
VENTOR_ANGULAR_SPEED_X,1771303467.4591455,0x001,3,0.00 rad/s
VENTOR_LINEAR_ACC_Y,1771303467.4591455,0x001,3,654.99 m/s²
VENTOR_ANGULAR_SPEED_Y,1771303467.4591455,0x001,3,0.00 rad/s
VENTOR_LINEAR_ACC_Z,1771303467.4592044,0x002,4,9.79 m/s²
VENTOR_ANGULAR_SPEED_Z,1771303467.4592044,0x002,4,0.00 rad/s
VENTOR_LINEAR_SPEED_X,1771303467.4592044,0x002,4,20.00 km/h
VENTOR_LINEAR_SPEED_Y,1771303467.4592044,0x002,4,20.00 km/h
VENTOR_LINEAR_ACC_X,1771303467.4699705,0x001,3,654.70 m/s²
VENTOR_ANGULAR_SPEED_X,1771303467.4699705,0x001,3,0.00 rad/s
VENTOR_LINEAR_ACC_Y,1771303467.4699705,0x001,3,654.99 m/s²
VENTOR_ANGULAR_SPEED_Y,1771303467.4699705,0x001,3,0.00 rad/s
VENTOR_LINEAR_ACC_Z,1771303467.4700222,0x002,4,9.79 m/s²
VENTOR_ANGULAR_SPEED_Z,1771303467.4700222,0x002,4,0.00 rad/s
VENTOR_LINEAR_SPEED_X,1771303467.4700222,0x002,4,20.00 km/h
VENTOR_LINEAR_SPEED_Y,1771303467.4700222,0x002,4,20.00 km/h
VENTOR_LINEAR_ACC_X,1771303467.480059,0x001,3,654.70 m/s²
VENTOR_ANGULAR_SPEED_X,1771303467.480059,0x001,3,0.00 rad/s
VENTOR_LINEAR_ACC_Y,1771303467.480059,0x001,3,654.99 m/s²
VENTOR_ANGULAR_SPEED_Y,1771303467.480059,0x001,3,0.00 rad/s
VENTOR_LINEAR_ACC_Z,1771303467.4801078,0x002,4,9.79 m/s²
VENTOR_ANGULAR_SPEED_Z,1771303467.4801078,0x002,4,0.00 rad/s
VENTOR_LINEAR_SPEED_X,1771303467.4801078,0x002,4,20.00 km/h
VENTOR_LINEAR_SPEED_Y,1771303467.4801078,0x002,4,20.00 km/h
VENTOR_LINEAR_ACC_X,1771303467.4901938,0x001,3,654.70 m/s²
VENTOR_ANGULAR_SPEED_X,1771303467.4901938,0x001,3,0.00 rad/s
VENTOR_LINEAR_ACC_Y,1771303467.4901938,0x001,3,654.99 m/s²
VENTOR_ANGULAR_SPEED_Y,1771303467.4901938,0x001,3,0.00 rad/s
VENTOR_LINEAR_ACC_Z,1771303467.490245,0x002,4,9.79 m/s²
VENTOR_ANGULAR_SPEED_Z,1771303467.490245,0x002,4,0.00 rad/s
VENTOR_LINEAR_SPEED_X,1771303467.490245,0x002,4,20.00 km/h
VENTOR_LINEAR_SPEED_Y,1771303467.490245,0x002,4,20.00 km/h
VENTOR_LINEAR_ACC_X,1771303467.5002882,0x001,3,654.70 m/s²
VENTOR_ANGULAR_SPEED_X,1771303467.5002882,0x001,3,0.00 rad/s
VENTOR_LINEAR_ACC_Y,1771303467.5002882,0x001,3,654.99 m/s²
VENTOR_ANGULAR_SPEED_Y,1771303467.5002882,0x001,3,0.00 rad/s
VENTOR_LINEAR_ACC_Z,1771303467.5003521,0x002,4,9.79 m/s²
VENTOR_ANGULAR_SPEED_Z,1771303467.5003521,0x002,4,0.00 rad/s
VENTOR_LINEAR_SPEED_X,1771303467.5003521,0x002,4,20.00 km/h
VENTOR_LINEAR_SPEED_Y,1771303467.5003521,0x002,4,20.00 km/h
VENTOR_LINEAR_ACC_X,1771303467.510386,0x001,3,654.70 m/s²
VENTOR_ANGULAR_SPEED_X,1771303467.510386,0x001,3,0.00 rad/s
VENTOR_LINEAR_ACC_Y,1771303467.510386,0x001,3,655.00 m/s²
VENTOR_ANGULAR_SPEED_Y,1771303467.510386,0x001,3,0.00 rad/s
VENTOR_LINEAR_ACC_Z,1771303467.5104334,0x002,4,9.79 m/s²
VENTOR_ANGULAR_SPEED_Z,1771303467.5104334,0x002,4,0.00 rad/s
VENTOR_LINEAR_SPEED_X,1771303467.5104334,0x002,4,20.00 km/h
VENTOR_LINEAR_SPEED_Y,1771303467.5104334,0x002,4,20.00 km/h
VENTOR_LINEAR_ACC_X,1771303467.5205142,0x001,3,654.70 m/s²
VENTOR_ANGULAR_SPEED_X,1771303467.5205142,0x001,3,0.00 rad/s
VENTOR_LINEAR_ACC_Y,1771303467.5205142,0x001,3,655.00 m/s²
VENTOR_ANGULAR_SPEED_Y,1771303467.5205142,0x001,3,0.00 rad/s
VENTOR_LINEAR_ACC_Z,1771303467.5205889,0x002,4,9.79 m/s²
VENTOR_ANGULAR_SPEED_Z,1771303467.5205889,0x002,4,0.00 rad/s
VENTOR_LINEAR_SPEED_X,1771303467.5205889,0x002,4,20.00 km/h
VENTOR_LINEAR_SPEED_Y,1771303467.5205889,0x002,4,20.00 km/h
VENTOR_LINEAR_ACC_X,1771303467.5305824,0x001,3,654.70 m/s²
VENTOR_ANGULAR_SPEED_X,1771303467.5305824,0x001,3,0.00 rad/s
VENTOR_LINEAR_ACC_Y,1771303467.5305824,0x001,3,655.00 m/s²
VENTOR_ANGULAR_SPEED_Y,1771303467.5305824,0x001,3,0.00 rad/s
VENTOR_LINEAR_ACC_Z,1771303467.5306575,0x002,4,9.79 m/s²
VENTOR_ANGULAR_SPEED_Z,1771303467.5306575,0x002,4,0.00 rad/s
VENTOR_LINEAR_SPEED_X,1771303467.5306575,0x002,4,20.00 km/h
VENTOR_LINEAR_SPEED_Y,1771303467.5306575,0x002,4,20.00 km/h
VENTOR_LINEAR_ACC_X,1771303467.5407283,0x001,3,654.70 m/s²
VENTOR_ANGULAR_SPEED_X,1771303467.5407283,0x001,3,0.00 rad/s
VENTOR_LINEAR_ACC_Y,1771303467.5407283,0x001,3,655.00 m/s²
VENTOR_ANGULAR_SPEED_Y,1771303467.5407283,0x001,3,0.00 rad/s
VENTOR_LINEAR_ACC_Z,1771303467.540791,0x002,4,9.79 m/s²
VENTOR_ANGULAR_SPEED_Z,1771303467.540791,0x002,4,0.00 rad/s
VENTOR_LINEAR_SPEED_X,1771303467.540791,0x002,4,20.00 km/h
VENTOR_LINEAR_SPEED_Y,1771303467.540791,0x002,4,20.00 km/h
VENTOR_LINEAR_ACC_X,1771303467.5508118,0x001,3,654.70 m/s²
VENTOR_ANGULAR_SPEED_X,1771303467.5508118,0x001,3,0.00 rad/s
VENTOR_LINEAR_ACC_Y,1771303467.5508118,0x001,3,655.00 m/s²
VENTOR_ANGULAR_SPEED_Y,1771303467.5508118,0x001,3,0.00 rad/s
VENTOR_LINEAR_ACC_Z,1771303467.5508697,0x002,4,9.79 m/s²
VENTOR_ANGULAR_SPEED_Z,1771303467.5508697,0x002,4,0.00 rad/s
VENTOR_LINEAR_SPEED_X,1771303467.5508697,0x002,4,20.00 km/h
VENTOR_LINEAR_SPEED_Y,1771303467.5508697,0x002,4,20.00 km/h
VENTOR_LINEAR_ACC_X,1771303467.5608788,0x001,3,654.70 m/s²
VENTOR_ANGULAR_SPEED_X,1771303467.5608788,0x001,3,0.00 rad/s
VENTOR_LINEAR_ACC_Y,1771303467.5608788,0x001,3,655.00 m/s²
VENTOR_ANGULAR_SPEED_Y,1771303467.5608788,0x001,3,0.00 rad/s
VENTOR_LINEAR_ACC_Z,1771303467.5609267,0x002,4,9.79 m/s²
VENTOR_ANGULAR_SPEED_Z,1771303467.5609267,0x002,4,0.00 rad/s
VENTOR_LINEAR_SPEED_X,1771303467.5609267,0x002,4,20.00 km/h
VENTOR_LINEAR_SPEED_Y,1771303467.5609267,0x002,4,20.00 km/h
VENTOR_LINEAR_ACC_X,1771303467.5711298,0x001,3,654.70 m/s²
VENTOR_ANGULAR_SPEED_X,1771303467.5711298,0x001,3,0.00 rad/s
VENTOR_LINEAR_ACC_Y,1771303467.5711298,0x001,3,655.00 m/s²
VENTOR_ANGULAR_SPEED_Y,1771303467.5711298,0x001,3,0.00 rad/s
VENTOR_LINEAR_ACC_Z,1771303467.5712447,0x002,4,9.79 m/s²
VENTOR_ANGULAR_SPEED_Z,1771303467.5712447,0x002,4,0.00 rad/s
VENTOR_LINEAR_SPEED_X,1771303467.5712447,0x002,4,20.00 km/h
VENTOR_LINEAR_SPEED_Y,1771303467.5712447,0x002,4,20.00 km/h
VENTOR_LINEAR_ACC_X,1771303467.5811212,0x001,3,654.70 m/s²
VENTOR_ANGULAR_SPEED_X,1771303467.5811212,0x001,3,0.00 rad/s
VENTOR_LINEAR_ACC_Y,1771303467.5811212,0x001,3,654.99 m/s²
VENTOR_ANGULAR_SPEED_Y,1771303467.5811212,0x001,3,0.00 rad/s
VENTOR_LINEAR_ACC_Z,1771303467.5811856,0x002,4,9.79 m/s²
VENTOR_ANGULAR_SPEED_Z,1771303467.5811856,0x002,4,0.00 rad/s
VENTOR_LINEAR_SPEED_X,1771303467.5811856,0x002,4,20.00 km/h
VENTOR_LINEAR_SPEED_Y,1771303467.5811856,0x002,4,20.00 km/h
VENTOR_LINEAR_ACC_X,1771303467.5912206,0x001,3,654.70 m/s²
VENTOR_ANGULAR_SPEED_X,1771303467.5912206,0x001,3,0.00 rad/s
VENTOR_LINEAR_ACC_Y,1771303467.5912206,0x001,3,654.99 m/s²
VENTOR_ANGULAR_SPEED_Y,1771303467.5912206,0x001,3,0.00 rad/s
VENTOR_LINEAR_ACC_Z,1771303467.5913029,0x002,4,9.79 m/s²
VENTOR_ANGULAR_SPEED_Z,1771303467.5913029,0x002,4,0.00 rad/s
VENTOR_LINEAR_SPEED_X,1771303467.5913029,0x002,4,20.00 km/h
VENTOR_LINEAR_SPEED_Y,1771303467.5913029,0x002,4,20.00 km/h
VENTOR_LINEAR_ACC_X,1771303467.6013172,0x001,3,654.70 m/s²
VENTOR_ANGULAR_SPEED_X,1771303467.6013172,0x001,3,0.00 rad/s
VENTOR_LINEAR_ACC_Y,1771303467.6013172,0x001,3,654.99 m/s²
VENTOR_ANGULAR_SPEED_Y,1771303467.6013172,0x001,3,0.00 rad/s
VENTOR_LINEAR_ACC_Z,1771303467.6013691,0x002,4,9.79 m/s²
VENTOR_ANGULAR_SPEED_Z,1771303467.6013691,0x002,4,0.00 rad/s
VENTOR_LINEAR_SPEED_X,1771303467.6013691,0x002,4,20.00 km/h
VENTOR_LINEAR_SPEED_Y,1771303467.6013691,0x002,4,20.00 km/h
VENTOR_LINEAR_ACC_X,1771303467.611397,0x001,3,654.70 m/s²
VENTOR_ANGULAR_SPEED_X,1771303467.611397,0x001,3,0.00 rad/s
VENTOR_LINEAR_ACC_Y,1771303467.611397,0x001,3,654.99 m/s²
VENTOR_ANGULAR_SPEED_Y,1771303467.611397,0x001,3,0.00 rad/s
VENTOR_LINEAR_ACC_Z,1771303467.6114507,0x002,4,9.79 m/s²
VENTOR_ANGULAR_SPEED_Z,1771303467.6114507,0x002,4,0.00 rad/s
VENTOR_LINEAR_SPEED_X,1771303467.6114507,0x002,4,20.00 km/h
VENTOR_LINEAR_SPEED_Y,1771303467.6114507,0x002,4,20.00 km/h
VENTOR_LINEAR_ACC_X,1771303467.6214972,0x001,3,654.70 m/s²
VENTOR_ANGULAR_SPEED_X,1771303467.6214972,0x001,3,0.00 rad/s
VENTOR_LINEAR_ACC_Y,1771303467.6214972,0x001,3,654.99 m/s²
VENTOR_ANGULAR_SPEED_Y,1771303467.6214972,0x001,3,0.00 rad/s
VENTOR_LINEAR_ACC_Z,1771303467.621555,0x002,4,9.79 m/s²
VENTOR_ANGULAR_SPEED_Z,1771303467.621555,0x002,4,0.00 rad/s
VENTOR_LINEAR_SPEED_X,1771303467.621555,0x002,4,20.00 km/h
VENTOR_LINEAR_SPEED_Y,1771303467.621555,0x002,4,20.00 km/h
VENTOR_LINEAR_ACC_X,1771303467.6316087,0x001,3,654.70 m/s²
VENTOR_ANGULAR_SPEED_X,1771303467.6316087,0x001,3,0.00 rad/s
VENTOR_LINEAR_ACC_Y,1771303467.6316087,0x001,3,654.98 m/s²
VENTOR_ANGULAR_SPEED_Y,1771303467.6316087,0x001,3,0.00 rad/s
VENTOR_LINEAR_ACC_Z,1771303467.63166,0x002,4,9.79 m/s²
VENTOR_ANGULAR_SPEED_Z,1771303467.63166,0x002,4,0.00 rad/s
VENTOR_LINEAR_SPEED_X,1771303467.63166,0x002,4,20.00 km/h
VENTOR_LINEAR_SPEED_Y,1771303467.63166,0x002,4,20.00 km/h
VENTOR_LINEAR_ACC_X,1771303467.641724,0x001,3,654.70 m/s²
VENTOR_ANGULAR_SPEED_X,1771303467.641724,0x001,3,0.00 rad/s
VENTOR_LINEAR_ACC_Y,1771303467.641724,0x001,3,654.98 m/s²
VENTOR_ANGULAR_SPEED_Y,1771303467.641724,0x001,3,0.00 rad/s
VENTOR_LINEAR_ACC_Z,1771303467.6425169,0x002,4,9.79 m/s²
VENTOR_ANGULAR_SPEED_Z,1771303467.6425169,0x002,4,0.00 rad/s
VENTOR_LINEAR_SPEED_X,1771303467.6425169,0x002,4,20.00 km/h
VENTOR_LINEAR_SPEED_Y,1771303467.6425169,0x002,4,20.00 km/h
VENTOR_LINEAR_ACC_X,1771303467.6524353,0x001,3,654.70 m/s²
VENTOR_ANGULAR_SPEED_X,1771303467.6524353,0x001,3,0.00 rad/s
VENTOR_LINEAR_ACC_Y,1771303467.6524353,0x001,3,654.99 m/s²
VENTOR_ANGULAR_SPEED_Y,1771303467.6524353,0x001,3,0.00 rad/s
VENTOR_LINEAR_ACC_Z,1771303467.6525397,0x002,4,9.79 m/s²
VENTOR_ANGULAR_SPEED_Z,1771303467.6525397,0x002,4,0.00 rad/s
VENTOR_LINEAR_SPEED_X,1771303467.6525397,0x002,4,20.00 km/h
VENTOR_LINEAR_SPEED_Y,1771303467.6525397,0x002,4,20.00 km/h
VENTOR_LINEAR_ACC_X,1771303467.6625252,0x001,3,654.70 m/s²
VENTOR_ANGULAR_SPEED_X,1771303467.6625252,0x001,3,0.00 rad/s
VENTOR_LINEAR_ACC_Y,1771303467.6625252,0x001,3,654.99 m/s²
VENTOR_ANGULAR_SPEED_Y,1771303467.6625252,0x001,3,0.00 rad/s
VENTOR_LINEAR_ACC_Z,1771303467.6625996,0x002,4,9.79 m/s²
VENTOR_ANGULAR_SPEED_Z,1771303467.6625996,0x002,4,0.00 rad/s
VENTOR_LINEAR_SPEED_X,1771303467.6625996,0x002,4,20.00 km/h
VENTOR_LINEAR_SPEED_Y,1771303467.6625996,0x002,4,20.00 km/h
VENTOR_LINEAR_ACC_X,1771303467.672612,0x001,3,654.70 m/s²
VENTOR_ANGULAR_SPEED_X,1771303467.672612,0x001,3,0.00 rad/s
VENTOR_LINEAR_ACC_Y,1771303467.672612,0x001,3,654.98 m/s²
VENTOR_ANGULAR_SPEED_Y,1771303467.672612,0x001,3,0.00 rad/s
VENTOR_LINEAR_ACC_Z,1771303467.6726782,0x002,4,9.79 m/s²
VENTOR_ANGULAR_SPEED_Z,1771303467.6726782,0x002,4,0.00 rad/s
VENTOR_LINEAR_SPEED_X,1771303467.6726782,0x002,4,20.00 km/h
VENTOR_LINEAR_SPEED_Y,1771303467.6726782,0x002,4,20.00 km/h
VENTOR_LINEAR_ACC_X,1771303467.6827395,0x001,3,654.70 m/s²
VENTOR_ANGULAR_SPEED_X,1771303467.6827395,0x001,3,0.00 rad/s
VENTOR_LINEAR_ACC_Y,1771303467.6827395,0x001,3,654.99 m/s²
VENTOR_ANGULAR_SPEED_Y,1771303467.6827395,0x001,3,0.00 rad/s
VENTOR_LINEAR_ACC_Z,1771303467.682786,0x002,4,9.79 m/s²
VENTOR_ANGULAR_SPEED_Z,1771303467.682786,0x002,4,0.00 rad/s
VENTOR_LINEAR_SPEED_X,1771303467.682786,0x002,4,20.00 km/h
VENTOR_LINEAR_SPEED_Y,1771303467.682786,0x002,4,20.00 km/h
VENTOR_LINEAR_ACC_X,1771303467.692831,0x001,3,654.70 m/s²
VENTOR_ANGULAR_SPEED_X,1771303467.692831,0x001,3,0.00 rad/s
VENTOR_LINEAR_ACC_Y,1771303467.692831,0x001,3,654.99 m/s²
VENTOR_ANGULAR_SPEED_Y,1771303467.692831,0x001,3,0.00 rad/s
VENTOR_LINEAR_ACC_Z,1771303467.6928973,0x002,4,9.79 m/s²
VENTOR_ANGULAR_SPEED_Z,1771303467.6928973,0x002,4,0.00 rad/s
VENTOR_LINEAR_SPEED_X,1771303467.6928973,0x002,4,20.00 km/h
VENTOR_LINEAR_SPEED_Y,1771303467.6928973,0x002,4,20.00 km/h
VENTOR_LINEAR_ACC_X,1771303467.7029343,0x001,3,654.70 m/s²
VENTOR_ANGULAR_SPEED_X,1771303467.7029343,0x001,3,0.00 rad/s
VENTOR_LINEAR_ACC_Y,1771303467.7029343,0x001,3,654.99 m/s²
VENTOR_ANGULAR_SPEED_Y,1771303467.7029343,0x001,3,0.00 rad/s
VENTOR_LINEAR_ACC_Z,1771303467.703014,0x002,4,9.79 m/s²
VENTOR_ANGULAR_SPEED_Z,1771303467.703014,0x002,4,0.00 rad/s
VENTOR_LINEAR_SPEED_X,1771303467.703014,0x002,4,20.00 km/h
VENTOR_LINEAR_SPEED_Y,1771303467.703014,0x002,4,20.00 km/h
VENTOR_LINEAR_ACC_X,1771303467.7130156,0x001,3,654.70 m/s²
VENTOR_ANGULAR_SPEED_X,1771303467.7130156,0x001,3,0.00 rad/s
VENTOR_LINEAR_ACC_Y,1771303467.7130156,0x001,3,654.99 m/s²
VENTOR_ANGULAR_SPEED_Y,1771303467.7130156,0x001,3,0.00 rad/s
VENTOR_LINEAR_ACC_Z,1771303467.7130601,0x002,4,9.79 m/s²
VENTOR_ANGULAR_SPEED_Z,1771303467.7130601,0x002,4,0.00 rad/s
VENTOR_LINEAR_SPEED_X,1771303467.7130601,0x002,4,20.00 km/h
VENTOR_LINEAR_SPEED_Y,1771303467.7130601,0x002,4,20.00 km/h
VENTOR_LINEAR_ACC_X,1771303467.7231061,0x001,3,654.70 m/s²
VENTOR_ANGULAR_SPEED_X,1771303467.7231061,0x001,3,0.00 rad/s
VENTOR_LINEAR_ACC_Y,1771303467.7231061,0x001,3,654.99 m/s²
VENTOR_ANGULAR_SPEED_Y,1771303467.7231061,0x001,3,0.00 rad/s
VENTOR_LINEAR_ACC_Z,1771303467.7231698,0x002,4,9.79 m/s²
VENTOR_ANGULAR_SPEED_Z,1771303467.7231698,0x002,4,0.00 rad/s
VENTOR_LINEAR_SPEED_X,1771303467.7231698,0x002,4,20.00 km/h
VENTOR_LINEAR_SPEED_Y,1771303467.7231698,0x002,4,20.00 km/h
VENTOR_LINEAR_ACC_X,1771303467.7332163,0x001,3,654.70 m/s²
VENTOR_ANGULAR_SPEED_X,1771303467.7332163,0x001,3,0.00 rad/s
VENTOR_LINEAR_ACC_Y,1771303467.7332163,0x001,3,655.00 m/s²
VENTOR_ANGULAR_SPEED_Y,1771303467.7332163,0x001,3,0.00 rad/s
VENTOR_LINEAR_ACC_Z,1771303467.733273,0x002,4,9.79 m/s²
VENTOR_ANGULAR_SPEED_Z,1771303467.733273,0x002,4,0.00 rad/s
VENTOR_LINEAR_SPEED_X,1771303467.733273,0x002,4,20.00 km/h
VENTOR_LINEAR_SPEED_Y,1771303467.733273,0x002,4,20.00 km/h
VENTOR_LINEAR_ACC_X,1771303467.7433186,0x001,3,654.70 m/s²
VENTOR_ANGULAR_SPEED_X,1771303467.7433186,0x001,3,0.00 rad/s
VENTOR_LINEAR_ACC_Y,1771303467.7433186,0x001,3,654.99 m/s²
VENTOR_ANGULAR_SPEED_Y,1771303467.7433186,0x001,3,0.00 rad/s
VENTOR_LINEAR_ACC_Z,1771303467.7433934,0x002,4,9.79 m/s²
VENTOR_ANGULAR_SPEED_Z,1771303467.7433934,0x002,4,0.00 rad/s
VENTOR_LINEAR_SPEED_X,1771303467.7433934,0x002,4,20.00 km/h
VENTOR_LINEAR_SPEED_Y,1771303467.7433934,0x002,4,20.00 km/h
VENTOR_LINEAR_ACC_X,1771303467.7533994,0x001,3,654.70 m/s²
VENTOR_ANGULAR_SPEED_X,1771303467.7533994,0x001,3,0.00 rad/s
VENTOR_LINEAR_ACC_Y,1771303467.7533994,0x001,3,655.00 m/s²
VENTOR_ANGULAR_SPEED_Y,1771303467.7533994,0x001,3,0.00 rad/s
VENTOR_LINEAR_ACC_Z,1771303467.7534676,0x002,4,9.79 m/s²
VENTOR_ANGULAR_SPEED_Z,1771303467.7534676,0x002,4,0.00 rad/s
VENTOR_LINEAR_SPEED_X,1771303467.7534676,0x002,4,20.00 km/h
VENTOR_LINEAR_SPEED_Y,1771303467.7534676,0x002,4,20.00 km/h
VENTOR_LINEAR_ACC_X,1771303467.7635324,0x001,3,654.70 m/s²
VENTOR_ANGULAR_SPEED_X,1771303467.7635324,0x001,3,0.00 rad/s
VENTOR_LINEAR_ACC_Y,1771303467.7635324,0x001,3,654.99 m/s²
VENTOR_ANGULAR_SPEED_Y,1771303467.7635324,0x001,3,0.00 rad/s
VENTOR_LINEAR_ACC_Z,1771303467.7635825,0x002,4,9.79 m/s²
VENTOR_ANGULAR_SPEED_Z,1771303467.7635825,0x002,4,0.00 rad/s
VENTOR_LINEAR_SPEED_X,1771303467.7635825,0x002,4,20.00 km/h
VENTOR_LINEAR_SPEED_Y,1771303467.7635825,0x002,4,20.00 km/h
VENTOR_LINEAR_ACC_X,1771303467.7735832,0x001,3,654.70 m/s²
VENTOR_ANGULAR_SPEED_X,1771303467.7735832,0x001,3,0.00 rad/s
VENTOR_LINEAR_ACC_Y,1771303467.7735832,0x001,3,654.99 m/s²
VENTOR_ANGULAR_SPEED_Y,1771303467.7735832,0x001,3,0.00 rad/s
VENTOR_LINEAR_ACC_Z,1771303467.773651,0x002,4,9.79 m/s²
VENTOR_ANGULAR_SPEED_Z,1771303467.773651,0x002,4,0.00 rad/s
VENTOR_LINEAR_SPEED_X,1771303467.773651,0x002,4,20.00 km/h
VENTOR_LINEAR_SPEED_Y,1771303467.773651,0x002,4,20.00 km/h
VENTOR_LINEAR_ACC_X,1771303467.7836626,0x001,3,654.70 m/s²
VENTOR_ANGULAR_SPEED_X,1771303467.7836626,0x001,3,0.00 rad/s
VENTOR_LINEAR_ACC_Y,1771303467.7836626,0x001,3,654.99 m/s²
VENTOR_ANGULAR_SPEED_Y,1771303467.7836626,0x001,3,0.00 rad/s
VENTOR_LINEAR_ACC_Z,1771303467.7837262,0x002,4,9.79 m/s²
VENTOR_ANGULAR_SPEED_Z,1771303467.7837262,0x002,4,0.00 rad/s
VENTOR_LINEAR_SPEED_X,1771303467.7837262,0x002,4,20.00 km/h
VENTOR_LINEAR_SPEED_Y,1771303467.7837262,0x002,4,20.00 km/h
VENTOR_LINEAR_ACC_X,1771303467.7938044,0x001,3,654.70 m/s²
VENTOR_ANGULAR_SPEED_X,1771303467.7938044,0x001,3,0.00 rad/s
VENTOR_LINEAR_ACC_Y,1771303467.7938044,0x001,3,654.99 m/s²
VENTOR_ANGULAR_SPEED_Y,1771303467.7938044,0x001,3,0.00 rad/s
VENTOR_LINEAR_ACC_Z,1771303467.793854,0x002,4,9.79 m/s²
VENTOR_ANGULAR_SPEED_Z,1771303467.793854,0x002,4,0.00 rad/s
VENTOR_LINEAR_SPEED_X,1771303467.793854,0x002,4,20.00 km/h
VENTOR_LINEAR_SPEED_Y,1771303467.793854,0x002,4,20.00 km/h
VENTOR_LINEAR_ACC_X,1771303467.8039298,0x001,3,654.70 m/s²
VENTOR_ANGULAR_SPEED_X,1771303467.8039298,0x001,3,0.00 rad/s
VENTOR_LINEAR_ACC_Y,1771303467.8039298,0x001,3,654.99 m/s²
VENTOR_ANGULAR_SPEED_Y,1771303467.8039298,0x001,3,0.00 rad/s
VENTOR_LINEAR_ACC_Z,1771303467.8039844,0x002,4,9.79 m/s²
VENTOR_ANGULAR_SPEED_Z,1771303467.8039844,0x002,4,0.00 rad/s
VENTOR_LINEAR_SPEED_X,1771303467.8039844,0x002,4,20.00 km/h
VENTOR_LINEAR_SPEED_Y,1771303467.8039844,0x002,4,20.00 km/h
VENTOR_LINEAR_ACC_X,1771303467.813989,0x001,3,654.70 m/s²
VENTOR_ANGULAR_SPEED_X,1771303467.813989,0x001,3,0.00 rad/s
VENTOR_LINEAR_ACC_Y,1771303467.813989,0x001,3,654.99 m/s²
VENTOR_ANGULAR_SPEED_Y,1771303467.813989,0x001,3,0.00 rad/s
VENTOR_LINEAR_ACC_Z,1771303467.8140478,0x002,4,9.79 m/s²
VENTOR_ANGULAR_SPEED_Z,1771303467.8140478,0x002,4,0.00 rad/s
VENTOR_LINEAR_SPEED_X,1771303467.8140478,0x002,4,20.00 km/h
VENTOR_LINEAR_SPEED_Y,1771303467.8140478,0x002,4,20.00 km/h
VENTOR_LINEAR_ACC_X,1771303467.8240929,0x001,3,654.70 m/s²
VENTOR_ANGULAR_SPEED_X,1771303467.8240929,0x001,3,0.00 rad/s
VENTOR_LINEAR_ACC_Y,1771303467.8240929,0x001,3,654.99 m/s²
VENTOR_ANGULAR_SPEED_Y,1771303467.8240929,0x001,3,0.00 rad/s
VENTOR_LINEAR_ACC_Z,1771303467.8241575,0x002,4,9.79 m/s²
VENTOR_ANGULAR_SPEED_Z,1771303467.8241575,0x002,4,0.00 rad/s
VENTOR_LINEAR_SPEED_X,1771303467.8241575,0x002,4,20.00 km/h
VENTOR_LINEAR_SPEED_Y,1771303467.8241575,0x002,4,20.00 km/h
VENTOR_LINEAR_ACC_X,1771303467.834182,0x001,3,654.70 m/s²
VENTOR_ANGULAR_SPEED_X,1771303467.834182,0x001,3,0.00 rad/s
VENTOR_LINEAR_ACC_Y,1771303467.834182,0x001,3,654.99 m/s²
VENTOR_ANGULAR_SPEED_Y,1771303467.834182,0x001,3,0.00 rad/s
VENTOR_LINEAR_ACC_Z,1771303467.8349683,0x002,4,9.79 m/s²
VENTOR_ANGULAR_SPEED_Z,1771303467.8349683,0x002,4,0.00 rad/s
VENTOR_LINEAR_SPEED_X,1771303467.8349683,0x002,4,20.00 km/h
VENTOR_LINEAR_SPEED_Y,1771303467.8349683,0x002,4,20.00 km/h
VENTOR_LINEAR_ACC_X,1771303467.844263,0x001,3,654.70 m/s²
VENTOR_ANGULAR_SPEED_X,1771303467.844263,0x001,3,0.00 rad/s
VENTOR_LINEAR_ACC_Y,1771303467.844263,0x001,3,654.99 m/s²
VENTOR_ANGULAR_SPEED_Y,1771303467.844263,0x001,3,0.00 rad/s
VENTOR_LINEAR_ACC_Z,1771303467.844312,0x002,4,9.79 m/s²
VENTOR_ANGULAR_SPEED_Z,1771303467.844312,0x002,4,0.00 rad/s
VENTOR_LINEAR_SPEED_X,1771303467.844312,0x002,4,20.00 km/h
VENTOR_LINEAR_SPEED_Y,1771303467.844312,0x002,4,20.00 km/h
VENTOR_LINEAR_ACC_X,1771303467.8543575,0x001,3,654.70 m/s²
VENTOR_ANGULAR_SPEED_X,1771303467.8543575,0x001,3,0.00 rad/s
VENTOR_LINEAR_ACC_Y,1771303467.8543575,0x001,3,654.99 m/s²
VENTOR_ANGULAR_SPEED_Y,1771303467.8543575,0x001,3,0.00 rad/s
VENTOR_LINEAR_ACC_Z,1771303467.8544083,0x002,4,9.79 m/s²
VENTOR_ANGULAR_SPEED_Z,1771303467.8544083,0x002,4,0.00 rad/s
VENTOR_LINEAR_SPEED_X,1771303467.8544083,0x002,4,20.00 km/h
VENTOR_LINEAR_SPEED_Y,1771303467.8544083,0x002,4,20.00 km/h
VENTOR_LINEAR_ACC_X,1771303467.865045,0x001,3,654.70 m/s²
VENTOR_ANGULAR_SPEED_X,1771303467.865045,0x001,3,0.00 rad/s
VENTOR_LINEAR_ACC_Y,1771303467.865045,0x001,3,654.99 m/s²
VENTOR_ANGULAR_SPEED_Y,1771303467.865045,0x001,3,0.00 rad/s
VENTOR_LINEAR_ACC_Z,1771303467.8650994,0x002,4,9.79 m/s²
VENTOR_ANGULAR_SPEED_Z,1771303467.8650994,0x002,4,0.00 rad/s
VENTOR_LINEAR_SPEED_X,1771303467.8650994,0x002,4,20.00 km/h
VENTOR_LINEAR_SPEED_Y,1771303467.8650994,0x002,4,20.00 km/h
VENTOR_LINEAR_ACC_X,1771303467.8751316,0x001,3,654.70 m/s²
VENTOR_ANGULAR_SPEED_X,1771303467.8751316,0x001,3,0.00 rad/s
VENTOR_LINEAR_ACC_Y,1771303467.8751316,0x001,3,654.99 m/s²
VENTOR_ANGULAR_SPEED_Y,1771303467.8751316,0x001,3,0.00 rad/s
VENTOR_LINEAR_ACC_Z,1771303467.8751802,0x002,4,9.79 m/s²
VENTOR_ANGULAR_SPEED_Z,1771303467.8751802,0x002,4,0.00 rad/s
VENTOR_LINEAR_SPEED_X,1771303467.8751802,0x002,4,20.00 km/h
VENTOR_LINEAR_SPEED_Y,1771303467.8751802,0x002,4,20.00 km/h
VENTOR_LINEAR_ACC_X,1771303467.8852293,0x001,3,654.70 m/s²
VENTOR_ANGULAR_SPEED_X,1771303467.8852293,0x001,3,0.00 rad/s
VENTOR_LINEAR_ACC_Y,1771303467.8852293,0x001,3,654.99 m/s²
VENTOR_ANGULAR_SPEED_Y,1771303467.8852293,0x001,3,0.00 rad/s
VENTOR_LINEAR_ACC_Z,1771303467.885278,0x002,4,9.79 m/s²
VENTOR_ANGULAR_SPEED_Z,1771303467.885278,0x002,4,0.00 rad/s
VENTOR_LINEAR_SPEED_X,1771303467.885278,0x002,4,20.00 km/h
VENTOR_LINEAR_SPEED_Y,1771303467.885278,0x002,4,20.00 km/h
VENTOR_LINEAR_ACC_X,1771303467.8953261,0x001,3,654.70 m/s²
VENTOR_ANGULAR_SPEED_X,1771303467.8953261,0x001,3,0.00 rad/s
VENTOR_LINEAR_ACC_Y,1771303467.8953261,0x001,3,654.99 m/s²
VENTOR_ANGULAR_SPEED_Y,1771303467.8953261,0x001,3,0.00 rad/s
VENTOR_LINEAR_ACC_Z,1771303467.8953779,0x002,4,9.79 m/s²
VENTOR_ANGULAR_SPEED_Z,1771303467.8953779,0x002,4,0.00 rad/s
VENTOR_LINEAR_SPEED_X,1771303467.8953779,0x002,4,20.00 km/h
VENTOR_LINEAR_SPEED_Y,1771303467.8953779,0x002,4,20.00 km/h
VENTOR_LINEAR_ACC_X,1771303467.9054236,0x001,3,654.70 m/s²
VENTOR_ANGULAR_SPEED_X,1771303467.9054236,0x001,3,0.00 rad/s
VENTOR_LINEAR_ACC_Y,1771303467.9054236,0x001,3,654.99 m/s²
VENTOR_ANGULAR_SPEED_Y,1771303467.9054236,0x001,3,0.00 rad/s
VENTOR_LINEAR_ACC_Z,1771303467.9054742,0x002,4,9.79 m/s²
VENTOR_ANGULAR_SPEED_Z,1771303467.9054742,0x002,4,0.00 rad/s
VENTOR_LINEAR_SPEED_X,1771303467.9054742,0x002,4,20.00 km/h
VENTOR_LINEAR_SPEED_Y,1771303467.9054742,0x002,4,20.00 km/h
VENTOR_LINEAR_ACC_X,1771303467.9156601,0x001,3,654.70 m/s²
VENTOR_ANGULAR_SPEED_X,1771303467.9156601,0x001,3,0.00 rad/s
VENTOR_LINEAR_ACC_Y,1771303467.9156601,0x001,3,654.99 m/s²
VENTOR_ANGULAR_SPEED_Y,1771303467.9156601,0x001,3,0.00 rad/s
VENTOR_LINEAR_ACC_Z,1771303467.9157934,0x002,4,9.79 m/s²
VENTOR_ANGULAR_SPEED_Z,1771303467.9157934,0x002,4,0.00 rad/s
VENTOR_LINEAR_SPEED_X,1771303467.9157934,0x002,4,20.00 km/h
VENTOR_LINEAR_SPEED_Y,1771303467.9157934,0x002,4,20.00 km/h
VENTOR_LINEAR_ACC_X,1771303467.9256885,0x001,3,654.70 m/s²
VENTOR_ANGULAR_SPEED_X,1771303467.9256885,0x001,3,0.00 rad/s
VENTOR_LINEAR_ACC_Y,1771303467.9256885,0x001,3,654.99 m/s²
VENTOR_ANGULAR_SPEED_Y,1771303467.9256885,0x001,3,0.00 rad/s
VENTOR_LINEAR_ACC_Z,1771303467.9257507,0x002,4,9.79 m/s²
VENTOR_ANGULAR_SPEED_Z,1771303467.9257507,0x002,4,0.00 rad/s
VENTOR_LINEAR_SPEED_X,1771303467.9257507,0x002,4,20.00 km/h
VENTOR_LINEAR_SPEED_Y,1771303467.9257507,0x002,4,20.00 km/h
VENTOR_LINEAR_ACC_X,1771303467.9357703,0x001,3,654.70 m/s²
VENTOR_ANGULAR_SPEED_X,1771303467.9357703,0x001,3,0.00 rad/s
VENTOR_LINEAR_ACC_Y,1771303467.9357703,0x001,3,655.00 m/s²
VENTOR_ANGULAR_SPEED_Y,1771303467.9357703,0x001,3,0.00 rad/s
VENTOR_LINEAR_ACC_Z,1771303467.9358213,0x002,4,9.79 m/s²
VENTOR_ANGULAR_SPEED_Z,1771303467.9358213,0x002,4,0.00 rad/s
VENTOR_LINEAR_SPEED_X,1771303467.9358213,0x002,4,20.00 km/h
VENTOR_LINEAR_SPEED_Y,1771303467.9358213,0x002,4,20.00 km/h
VENTOR_LINEAR_ACC_X,1771303467.9458675,0x001,3,654.70 m/s²
VENTOR_ANGULAR_SPEED_X,1771303467.9458675,0x001,3,0.00 rad/s
VENTOR_LINEAR_ACC_Y,1771303467.9458675,0x001,3,655.00 m/s²
VENTOR_ANGULAR_SPEED_Y,1771303467.9458675,0x001,3,0.00 rad/s
VENTOR_LINEAR_ACC_Z,1771303467.9459436,0x002,4,9.79 m/s²
VENTOR_ANGULAR_SPEED_Z,1771303467.9459436,0x002,4,0.00 rad/s
VENTOR_LINEAR_SPEED_X,1771303467.9459436,0x002,4,20.00 km/h
VENTOR_LINEAR_SPEED_Y,1771303467.9459436,0x002,4,20.00 km/h
VENTOR_LINEAR_ACC_X,1771303467.9559762,0x001,3,654.70 m/s²
VENTOR_ANGULAR_SPEED_X,1771303467.9559762,0x001,3,0.00 rad/s
VENTOR_LINEAR_ACC_Y,1771303467.9559762,0x001,3,654.99 m/s²
VENTOR_ANGULAR_SPEED_Y,1771303467.9559762,0x001,3,0.00 rad/s
VENTOR_LINEAR_ACC_Z,1771303467.9560306,0x002,4,9.79 m/s²
VENTOR_ANGULAR_SPEED_Z,1771303467.9560306,0x002,4,0.00 rad/s
VENTOR_LINEAR_SPEED_X,1771303467.9560306,0x002,4,20.00 km/h
VENTOR_LINEAR_SPEED_Y,1771303467.9560306,0x002,4,20.00 km/h
VENTOR_LINEAR_ACC_X,1771303467.966064,0x001,3,654.70 m/s²
VENTOR_ANGULAR_SPEED_X,1771303467.966064,0x001,3,0.00 rad/s
VENTOR_LINEAR_ACC_Y,1771303467.966064,0x001,3,654.99 m/s²
VENTOR_ANGULAR_SPEED_Y,1771303467.966064,0x001,3,0.00 rad/s
VENTOR_LINEAR_ACC_Z,1771303467.9661276,0x002,4,9.79 m/s²
VENTOR_ANGULAR_SPEED_Z,1771303467.9661276,0x002,4,0.00 rad/s
VENTOR_LINEAR_SPEED_X,1771303467.9661276,0x002,4,20.00 km/h
VENTOR_LINEAR_SPEED_Y,1771303467.9661276,0x002,4,20.00 km/h
VENTOR_LINEAR_ACC_X,1771303467.9761603,0x001,3,654.70 m/s²
VENTOR_ANGULAR_SPEED_X,1771303467.9761603,0x001,3,0.00 rad/s
VENTOR_LINEAR_ACC_Y,1771303467.9761603,0x001,3,654.99 m/s²
VENTOR_ANGULAR_SPEED_Y,1771303467.9761603,0x001,3,0.00 rad/s
VENTOR_LINEAR_ACC_Z,1771303467.976209,0x002,4,9.79 m/s²
VENTOR_ANGULAR_SPEED_Z,1771303467.976209,0x002,4,0.00 rad/s
VENTOR_LINEAR_SPEED_X,1771303467.976209,0x002,4,20.00 km/h
VENTOR_LINEAR_SPEED_Y,1771303467.976209,0x002,4,20.00 km/h
VENTOR_LINEAR_ACC_X,1771303467.986263,0x001,3,654.70 m/s²
VENTOR_ANGULAR_SPEED_X,1771303467.986263,0x001,3,0.00 rad/s
VENTOR_LINEAR_ACC_Y,1771303467.986263,0x001,3,654.99 m/s²
VENTOR_ANGULAR_SPEED_Y,1771303467.986263,0x001,3,0.00 rad/s
VENTOR_LINEAR_ACC_Z,1771303467.9863143,0x002,4,9.79 m/s²
VENTOR_ANGULAR_SPEED_Z,1771303467.9863143,0x002,4,0.00 rad/s
VENTOR_LINEAR_SPEED_X,1771303467.9863143,0x002,4,20.00 km/h
VENTOR_LINEAR_SPEED_Y,1771303467.9863143,0x002,4,20.00 km/h
VENTOR_LINEAR_ACC_X,1771303467.9963605,0x001,3,654.70 m/s²
VENTOR_ANGULAR_SPEED_X,1771303467.9963605,0x001,3,0.00 rad/s
VENTOR_LINEAR_ACC_Y,1771303467.9963605,0x001,3,654.99 m/s²
VENTOR_ANGULAR_SPEED_Y,1771303467.9963605,0x001,3,0.00 rad/s
VENTOR_LINEAR_ACC_Z,1771303467.996421,0x002,4,9.79 m/s²
VENTOR_ANGULAR_SPEED_Z,1771303467.996421,0x002,4,0.00 rad/s
VENTOR_LINEAR_SPEED_X,1771303467.996421,0x002,4,20.00 km/h
VENTOR_LINEAR_SPEED_Y,1771303467.996421,0x002,4,20.00 km/h
VENTOR_LINEAR_ACC_X,1771303468.0064464,0x001,3,654.70 m/s²
VENTOR_ANGULAR_SPEED_X,1771303468.0064464,0x001,3,0.00 rad/s
VENTOR_LINEAR_ACC_Y,1771303468.0064464,0x001,3,654.99 m/s²
VENTOR_ANGULAR_SPEED_Y,1771303468.0064464,0x001,3,0.00 rad/s
VENTOR_LINEAR_ACC_Z,1771303468.0065014,0x002,4,9.79 m/s²
VENTOR_ANGULAR_SPEED_Z,1771303468.0065014,0x002,4,0.00 rad/s
VENTOR_LINEAR_SPEED_X,1771303468.0065014,0x002,4,20.00 km/h
VENTOR_LINEAR_SPEED_Y,1771303468.0065014,0x002,4,20.00 km/h
VENTOR_LINEAR_ACC_X,1771303468.0165875,0x001,3,654.70 m/s²
VENTOR_ANGULAR_SPEED_X,1771303468.0165875,0x001,3,0.00 rad/s
VENTOR_LINEAR_ACC_Y,1771303468.0165875,0x001,3,654.99 m/s²
VENTOR_ANGULAR_SPEED_Y,1771303468.0165875,0x001,3,0.00 rad/s
VENTOR_LINEAR_ACC_Z,1771303468.01666,0x002,4,9.79 m/s²
VENTOR_ANGULAR_SPEED_Z,1771303468.01666,0x002,4,0.00 rad/s
VENTOR_LINEAR_SPEED_X,1771303468.01666,0x002,4,20.00 km/h
VENTOR_LINEAR_SPEED_Y,1771303468.01666,0x002,4,20.00 km/h
VENTOR_LINEAR_ACC_X,1771303468.0267417,0x001,3,654.70 m/s²
VENTOR_ANGULAR_SPEED_X,1771303468.0267417,0x001,3,0.00 rad/s
VENTOR_LINEAR_ACC_Y,1771303468.0267417,0x001,3,654.99 m/s²
VENTOR_ANGULAR_SPEED_Y,1771303468.0267417,0x001,3,0.00 rad/s
VENTOR_LINEAR_ACC_Z,1771303468.0275168,0x002,4,9.79 m/s²
VENTOR_ANGULAR_SPEED_Z,1771303468.0275168,0x002,4,0.00 rad/s
VENTOR_LINEAR_SPEED_X,1771303468.0275168,0x002,4,20.00 km/h
VENTOR_LINEAR_SPEED_Y,1771303468.0275168,0x002,4,20.00 km/h
VENTOR_LINEAR_ACC_X,1771303468.036798,0x001,3,654.70 m/s²
VENTOR_ANGULAR_SPEED_X,1771303468.036798,0x001,3,0.00 rad/s
VENTOR_LINEAR_ACC_Y,1771303468.036798,0x001,3,654.99 m/s²
VENTOR_ANGULAR_SPEED_Y,1771303468.036798,0x001,3,0.00 rad/s
VENTOR_LINEAR_ACC_Z,1771303468.036868,0x002,4,9.79 m/s²
VENTOR_ANGULAR_SPEED_Z,1771303468.036868,0x002,4,0.00 rad/s
VENTOR_LINEAR_SPEED_X,1771303468.036868,0x002,4,20.00 km/h
VENTOR_LINEAR_SPEED_Y,1771303468.036868,0x002,4,20.00 km/h
VENTOR_LINEAR_ACC_X,1771303468.047856,0x001,3,654.70 m/s²
VENTOR_ANGULAR_SPEED_X,1771303468.047856,0x001,3,0.00 rad/s
VENTOR_LINEAR_ACC_Y,1771303468.047856,0x001,3,654.99 m/s²
VENTOR_ANGULAR_SPEED_Y,1771303468.047856,0x001,3,0.00 rad/s
VENTOR_LINEAR_ACC_Z,1771303468.047936,0x002,4,9.79 m/s²
VENTOR_ANGULAR_SPEED_Z,1771303468.047936,0x002,4,0.00 rad/s
VENTOR_LINEAR_SPEED_X,1771303468.047936,0x002,4,20.00 km/h
VENTOR_LINEAR_SPEED_Y,1771303468.047936,0x002,4,20.00 km/h
VENTOR_LINEAR_ACC_X,1771303468.057843,0x001,3,654.70 m/s²
VENTOR_ANGULAR_SPEED_X,1771303468.057843,0x001,3,0.00 rad/s
VENTOR_LINEAR_ACC_Y,1771303468.057843,0x001,3,654.98 m/s²
VENTOR_ANGULAR_SPEED_Y,1771303468.057843,0x001,3,0.00 rad/s
VENTOR_LINEAR_ACC_Z,1771303468.0579114,0x002,4,9.79 m/s²
VENTOR_ANGULAR_SPEED_Z,1771303468.0579114,0x002,4,0.00 rad/s
VENTOR_LINEAR_SPEED_X,1771303468.0579114,0x002,4,20.00 km/h
VENTOR_LINEAR_SPEED_Y,1771303468.0579114,0x002,4,20.00 km/h
VENTOR_LINEAR_ACC_X,1771303468.068025,0x001,3,654.70 m/s²
VENTOR_ANGULAR_SPEED_X,1771303468.068025,0x001,3,0.00 rad/s
VENTOR_LINEAR_ACC_Y,1771303468.068025,0x001,3,654.98 m/s²
VENTOR_ANGULAR_SPEED_Y,1771303468.068025,0x001,3,0.00 rad/s
VENTOR_LINEAR_ACC_Z,1771303468.0681105,0x002,4,9.79 m/s²
VENTOR_ANGULAR_SPEED_Z,1771303468.0681105,0x002,4,0.00 rad/s
VENTOR_LINEAR_SPEED_X,1771303468.0681105,0x002,4,20.00 km/h
VENTOR_LINEAR_SPEED_Y,1771303468.0681105,0x002,4,20.00 km/h
VENTOR_LINEAR_ACC_X,1771303468.07811,0x001,3,654.70 m/s²
VENTOR_ANGULAR_SPEED_X,1771303468.07811,0x001,3,0.00 rad/s
VENTOR_LINEAR_ACC_Y,1771303468.07811,0x001,3,654.98 m/s²
VENTOR_ANGULAR_SPEED_Y,1771303468.07811,0x001,3,0.00 rad/s
VENTOR_LINEAR_ACC_Z,1771303468.078164,0x002,4,9.79 m/s²
VENTOR_ANGULAR_SPEED_Z,1771303468.078164,0x002,4,0.00 rad/s
VENTOR_LINEAR_SPEED_X,1771303468.078164,0x002,4,20.00 km/h
VENTOR_LINEAR_SPEED_Y,1771303468.078164,0x002,4,20.00 km/h
VENTOR_LINEAR_ACC_X,1771303468.0882256,0x001,3,654.70 m/s²
VENTOR_ANGULAR_SPEED_X,1771303468.0882256,0x001,3,0.00 rad/s
VENTOR_LINEAR_ACC_Y,1771303468.0882256,0x001,3,654.98 m/s²
VENTOR_ANGULAR_SPEED_Y,1771303468.0882256,0x001,3,0.00 rad/s
VENTOR_LINEAR_ACC_Z,1771303468.0882835,0x002,4,9.79 m/s²
VENTOR_ANGULAR_SPEED_Z,1771303468.0882835,0x002,4,0.00 rad/s
VENTOR_LINEAR_SPEED_X,1771303468.0882835,0x002,4,20.00 km/h
VENTOR_LINEAR_SPEED_Y,1771303468.0882835,0x002,4,20.00 km/h
VENTOR_LINEAR_ACC_X,1771303468.0984116,0x001,3,654.70 m/s²
VENTOR_ANGULAR_SPEED_X,1771303468.0984116,0x001,3,0.00 rad/s
VENTOR_LINEAR_ACC_Y,1771303468.0984116,0x001,3,654.98 m/s²
VENTOR_ANGULAR_SPEED_Y,1771303468.0984116,0x001,3,0.00 rad/s
VENTOR_LINEAR_ACC_Z,1771303468.09849,0x002,4,9.79 m/s²
VENTOR_ANGULAR_SPEED_Z,1771303468.09849,0x002,4,0.00 rad/s
VENTOR_LINEAR_SPEED_X,1771303468.09849,0x002,4,20.00 km/h
VENTOR_LINEAR_SPEED_Y,1771303468.09849,0x002,4,20.00 km/h
VENTOR_LINEAR_ACC_X,1771303468.108415,0x001,3,654.70 m/s²
VENTOR_ANGULAR_SPEED_X,1771303468.108415,0x001,3,0.00 rad/s
VENTOR_LINEAR_ACC_Y,1771303468.108415,0x001,3,654.98 m/s²
VENTOR_ANGULAR_SPEED_Y,1771303468.108415,0x001,3,0.00 rad/s
VENTOR_LINEAR_ACC_Z,1771303468.1085079,0x002,4,9.79 m/s²
VENTOR_ANGULAR_SPEED_Z,1771303468.1085079,0x002,4,0.00 rad/s
VENTOR_LINEAR_SPEED_X,1771303468.1085079,0x002,4,20.00 km/h
VENTOR_LINEAR_SPEED_Y,1771303468.1085079,0x002,4,20.00 km/h
VENTOR_LINEAR_ACC_X,1771303468.1185322,0x001,3,654.70 m/s²
VENTOR_ANGULAR_SPEED_X,1771303468.1185322,0x001,3,0.00 rad/s
VENTOR_LINEAR_ACC_Y,1771303468.1185322,0x001,3,655.00 m/s²
VENTOR_ANGULAR_SPEED_Y,1771303468.1185322,0x001,3,0.00 rad/s
VENTOR_LINEAR_ACC_Z,1771303468.1185858,0x002,4,9.79 m/s²
VENTOR_ANGULAR_SPEED_Z,1771303468.1185858,0x002,4,0.00 rad/s
VENTOR_LINEAR_SPEED_X,1771303468.1185858,0x002,4,20.00 km/h
VENTOR_LINEAR_SPEED_Y,1771303468.1185858,0x002,4,20.00 km/h
VENTOR_LINEAR_ACC_X,1771303468.1286204,0x001,3,654.70 m/s²
VENTOR_ANGULAR_SPEED_X,1771303468.1286204,0x001,3,0.00 rad/s
VENTOR_LINEAR_ACC_Y,1771303468.1286204,0x001,3,655.00 m/s²
VENTOR_ANGULAR_SPEED_Y,1771303468.1286204,0x001,3,0.00 rad/s
VENTOR_LINEAR_ACC_Z,1771303468.1286743,0x002,4,9.79 m/s²
VENTOR_ANGULAR_SPEED_Z,1771303468.1286743,0x002,4,0.00 rad/s
VENTOR_LINEAR_SPEED_X,1771303468.1286743,0x002,4,20.00 km/h
VENTOR_LINEAR_SPEED_Y,1771303468.1286743,0x002,4,20.00 km/h
VENTOR_LINEAR_ACC_X,1771303468.1387205,0x001,3,654.70 m/s²
VENTOR_ANGULAR_SPEED_X,1771303468.1387205,0x001,3,0.00 rad/s
VENTOR_LINEAR_ACC_Y,1771303468.1387205,0x001,3,655.00 m/s²
VENTOR_ANGULAR_SPEED_Y,1771303468.1387205,0x001,3,0.00 rad/s
VENTOR_LINEAR_ACC_Z,1771303468.138779,0x002,4,9.79 m/s²
VENTOR_ANGULAR_SPEED_Z,1771303468.138779,0x002,4,0.00 rad/s
VENTOR_LINEAR_SPEED_X,1771303468.138779,0x002,4,20.00 km/h
VENTOR_LINEAR_SPEED_Y,1771303468.138779,0x002,4,20.00 km/h
VENTOR_LINEAR_ACC_X,1771303468.1488175,0x001,3,654.70 m/s²
VENTOR_ANGULAR_SPEED_X,1771303468.1488175,0x001,3,0.00 rad/s
VENTOR_LINEAR_ACC_Y,1771303468.1488175,0x001,3,655.00 m/s²
VENTOR_ANGULAR_SPEED_Y,1771303468.1488175,0x001,3,0.00 rad/s
VENTOR_LINEAR_ACC_Z,1771303468.1488743,0x002,4,9.79 m/s²
VENTOR_ANGULAR_SPEED_Z,1771303468.1488743,0x002,4,0.00 rad/s
VENTOR_LINEAR_SPEED_X,1771303468.1488743,0x002,4,20.00 km/h
VENTOR_LINEAR_SPEED_Y,1771303468.1488743,0x002,4,20.00 km/h
VENTOR_LINEAR_ACC_X,1771303468.1589067,0x001,3,654.70 m/s²
VENTOR_ANGULAR_SPEED_X,1771303468.1589067,0x001,3,0.00 rad/s
VENTOR_LINEAR_ACC_Y,1771303468.1589067,0x001,3,655.00 m/s²
VENTOR_ANGULAR_SPEED_Y,1771303468.1589067,0x001,3,0.00 rad/s
VENTOR_LINEAR_ACC_Z,1771303468.1589553,0x002,4,9.79 m/s²
VENTOR_ANGULAR_SPEED_Z,1771303468.1589553,0x002,4,0.00 rad/s
VENTOR_LINEAR_SPEED_X,1771303468.1589553,0x002,4,20.00 km/h
VENTOR_LINEAR_SPEED_Y,1771303468.1589553,0x002,4,20.00 km/h
VENTOR_LINEAR_ACC_X,1771303468.1690106,0x001,3,654.70 m/s²
VENTOR_ANGULAR_SPEED_X,1771303468.1690106,0x001,3,0.00 rad/s
VENTOR_LINEAR_ACC_Y,1771303468.1690106,0x001,3,655.00 m/s²
VENTOR_ANGULAR_SPEED_Y,1771303468.1690106,0x001,3,0.00 rad/s
VENTOR_LINEAR_ACC_Z,1771303468.1690724,0x002,4,9.79 m/s²
VENTOR_ANGULAR_SPEED_Z,1771303468.1690724,0x002,4,0.00 rad/s
VENTOR_LINEAR_SPEED_X,1771303468.1690724,0x002,4,20.00 km/h
VENTOR_LINEAR_SPEED_Y,1771303468.1690724,0x002,4,20.00 km/h
VENTOR_LINEAR_ACC_X,1771303468.1791043,0x001,3,654.70 m/s²
VENTOR_ANGULAR_SPEED_X,1771303468.1791043,0x001,3,0.00 rad/s
VENTOR_LINEAR_ACC_Y,1771303468.1791043,0x001,3,654.99 m/s²
VENTOR_ANGULAR_SPEED_Y,1771303468.1791043,0x001,3,0.00 rad/s
VENTOR_LINEAR_ACC_Z,1771303468.17916,0x002,4,9.79 m/s²
VENTOR_ANGULAR_SPEED_Z,1771303468.17916,0x002,4,0.00 rad/s
VENTOR_LINEAR_SPEED_X,1771303468.17916,0x002,4,20.00 km/h
VENTOR_LINEAR_SPEED_Y,1771303468.17916,0x002,4,20.00 km/h
VENTOR_LINEAR_ACC_X,1771303468.189199,0x001,3,654.70 m/s²
VENTOR_ANGULAR_SPEED_X,1771303468.189199,0x001,3,0.00 rad/s
VENTOR_LINEAR_ACC_Y,1771303468.189199,0x001,3,654.99 m/s²
VENTOR_ANGULAR_SPEED_Y,1771303468.189199,0x001,3,0.00 rad/s
VENTOR_LINEAR_ACC_Z,1771303468.1899645,0x002,4,9.79 m/s²
VENTOR_ANGULAR_SPEED_Z,1771303468.1899645,0x002,4,0.00 rad/s
VENTOR_LINEAR_SPEED_X,1771303468.1899645,0x002,4,20.00 km/h
VENTOR_LINEAR_SPEED_Y,1771303468.1899645,0x002,4,20.00 km/h
VENTOR_LINEAR_ACC_X,1771303468.1993558,0x001,3,654.70 m/s²
VENTOR_ANGULAR_SPEED_X,1771303468.1993558,0x001,3,0.00 rad/s
VENTOR_LINEAR_ACC_Y,1771303468.1993558,0x001,3,654.99 m/s²
VENTOR_ANGULAR_SPEED_Y,1771303468.1993558,0x001,3,0.00 rad/s
VENTOR_LINEAR_ACC_Z,1771303468.1994295,0x002,4,9.79 m/s²
VENTOR_ANGULAR_SPEED_Z,1771303468.1994295,0x002,4,0.00 rad/s
VENTOR_LINEAR_SPEED_X,1771303468.1994295,0x002,4,20.00 km/h
VENTOR_LINEAR_SPEED_Y,1771303468.1994295,0x002,4,20.00 km/h
VENTOR_LINEAR_ACC_X,1771303468.209438,0x001,3,654.70 m/s²
VENTOR_ANGULAR_SPEED_X,1771303468.209438,0x001,3,0.00 rad/s
VENTOR_LINEAR_ACC_Y,1771303468.209438,0x001,3,654.99 m/s²
VENTOR_ANGULAR_SPEED_Y,1771303468.209438,0x001,3,0.00 rad/s
VENTOR_LINEAR_ACC_Z,1771303468.20949,0x002,4,9.79 m/s²
VENTOR_ANGULAR_SPEED_Z,1771303468.20949,0x002,4,0.00 rad/s
VENTOR_LINEAR_SPEED_X,1771303468.20949,0x002,4,20.00 km/h
VENTOR_LINEAR_SPEED_Y,1771303468.20949,0x002,4,20.00 km/h
VENTOR_LINEAR_ACC_X,1771303468.2195728,0x001,3,654.70 m/s²
VENTOR_ANGULAR_SPEED_X,1771303468.2195728,0x001,3,0.00 rad/s
VENTOR_LINEAR_ACC_Y,1771303468.2195728,0x001,3,654.99 m/s²
VENTOR_ANGULAR_SPEED_Y,1771303468.2195728,0x001,3,0.00 rad/s
VENTOR_LINEAR_ACC_Z,1771303468.2196252,0x002,4,9.79 m/s²
VENTOR_ANGULAR_SPEED_Z,1771303468.2196252,0x002,4,0.00 rad/s
VENTOR_LINEAR_SPEED_X,1771303468.2196252,0x002,4,20.00 km/h
VENTOR_LINEAR_SPEED_Y,1771303468.2196252,0x002,4,20.00 km/h
VENTOR_LINEAR_ACC_X,1771303468.229655,0x001,3,654.70 m/s²
VENTOR_ANGULAR_SPEED_X,1771303468.229655,0x001,3,0.00 rad/s
VENTOR_LINEAR_ACC_Y,1771303468.229655,0x001,3,654.99 m/s²
VENTOR_ANGULAR_SPEED_Y,1771303468.229655,0x001,3,0.00 rad/s
VENTOR_LINEAR_ACC_Z,1771303468.2297075,0x002,4,9.79 m/s²
VENTOR_ANGULAR_SPEED_Z,1771303468.2297075,0x002,4,0.00 rad/s
VENTOR_LINEAR_SPEED_X,1771303468.2297075,0x002,4,20.00 km/h
VENTOR_LINEAR_SPEED_Y,1771303468.2297075,0x002,4,20.00 km/h
VENTOR_LINEAR_ACC_X,1771303468.2397697,0x001,3,654.70 m/s²
VENTOR_ANGULAR_SPEED_X,1771303468.2397697,0x001,3,0.00 rad/s
VENTOR_LINEAR_ACC_Y,1771303468.2397697,0x001,3,655.00 m/s²
VENTOR_ANGULAR_SPEED_Y,1771303468.2397697,0x001,3,0.00 rad/s
VENTOR_LINEAR_ACC_Z,1771303468.2398212,0x002,4,9.79 m/s²
VENTOR_ANGULAR_SPEED_Z,1771303468.2398212,0x002,4,0.00 rad/s
VENTOR_LINEAR_SPEED_X,1771303468.2398212,0x002,4,20.00 km/h
VENTOR_LINEAR_SPEED_Y,1771303468.2398212,0x002,4,20.00 km/h
VENTOR_LINEAR_ACC_X,1771303468.2520857,0x001,3,654.70 m/s²
VENTOR_ANGULAR_SPEED_X,1771303468.2520857,0x001,3,0.00 rad/s
VENTOR_LINEAR_ACC_Y,1771303468.2520857,0x001,3,654.99 m/s²
VENTOR_ANGULAR_SPEED_Y,1771303468.2520857,0x001,3,0.00 rad/s
VENTOR_LINEAR_ACC_Z,1771303468.2521477,0x002,4,9.79 m/s²
VENTOR_ANGULAR_SPEED_Z,1771303468.2521477,0x002,4,0.00 rad/s
VENTOR_LINEAR_SPEED_X,1771303468.2521477,0x002,4,20.00 km/h
VENTOR_LINEAR_SPEED_Y,1771303468.2521477,0x002,4,20.00 km/h
VENTOR_LINEAR_ACC_X,1771303468.2627277,0x001,3,654.70 m/s²
VENTOR_ANGULAR_SPEED_X,1771303468.2627277,0x001,3,0.00 rad/s
VENTOR_LINEAR_ACC_Y,1771303468.2627277,0x001,3,654.99 m/s²
VENTOR_ANGULAR_SPEED_Y,1771303468.2627277,0x001,3,0.00 rad/s
VENTOR_LINEAR_ACC_Z,1771303468.262787,0x002,4,9.79 m/s²
VENTOR_ANGULAR_SPEED_Z,1771303468.262787,0x002,4,0.00 rad/s
VENTOR_LINEAR_SPEED_X,1771303468.262787,0x002,4,20.00 km/h
VENTOR_LINEAR_SPEED_Y,1771303468.262787,0x002,4,20.00 km/h
VENTOR_LINEAR_ACC_X,1771303468.272805,0x001,3,654.70 m/s²
VENTOR_ANGULAR_SPEED_X,1771303468.272805,0x001,3,0.00 rad/s
VENTOR_LINEAR_ACC_Y,1771303468.272805,0x001,3,655.00 m/s²
VENTOR_ANGULAR_SPEED_Y,1771303468.272805,0x001,3,0.00 rad/s
VENTOR_LINEAR_ACC_Z,1771303468.272881,0x002,4,9.79 m/s²
VENTOR_ANGULAR_SPEED_Z,1771303468.272881,0x002,4,0.00 rad/s
VENTOR_LINEAR_SPEED_X,1771303468.272881,0x002,4,20.00 km/h
VENTOR_LINEAR_SPEED_Y,1771303468.272881,0x002,4,20.00 km/h
VENTOR_LINEAR_ACC_X,1771303468.2829,0x001,3,654.70 m/s²
VENTOR_ANGULAR_SPEED_X,1771303468.2829,0x001,3,0.00 rad/s
VENTOR_LINEAR_ACC_Y,1771303468.2829,0x001,3,654.99 m/s²
VENTOR_ANGULAR_SPEED_Y,1771303468.2829,0x001,3,0.00 rad/s
VENTOR_LINEAR_ACC_Z,1771303468.2829504,0x002,4,9.79 m/s²
VENTOR_ANGULAR_SPEED_Z,1771303468.2829504,0x002,4,0.00 rad/s
VENTOR_LINEAR_SPEED_X,1771303468.2829504,0x002,4,20.00 km/h
VENTOR_LINEAR_SPEED_Y,1771303468.2829504,0x002,4,20.00 km/h
VENTOR_LINEAR_ACC_X,1771303468.292994,0x001,3,654.70 m/s²
VENTOR_ANGULAR_SPEED_X,1771303468.292994,0x001,3,0.00 rad/s
VENTOR_LINEAR_ACC_Y,1771303468.292994,0x001,3,654.99 m/s²
VENTOR_ANGULAR_SPEED_Y,1771303468.292994,0x001,3,0.00 rad/s
VENTOR_LINEAR_ACC_Z,1771303468.293045,0x002,4,9.79 m/s²
VENTOR_ANGULAR_SPEED_Z,1771303468.293045,0x002,4,0.00 rad/s
VENTOR_LINEAR_SPEED_X,1771303468.293045,0x002,4,20.00 km/h
VENTOR_LINEAR_SPEED_Y,1771303468.293045,0x002,4,20.00 km/h
VENTOR_LINEAR_ACC_X,1771303468.303088,0x001,3,654.70 m/s²
VENTOR_ANGULAR_SPEED_X,1771303468.303088,0x001,3,0.00 rad/s
VENTOR_LINEAR_ACC_Y,1771303468.303088,0x001,3,654.99 m/s²
VENTOR_ANGULAR_SPEED_Y,1771303468.303088,0x001,3,0.00 rad/s
VENTOR_LINEAR_ACC_Z,1771303468.3031473,0x002,4,9.79 m/s²
VENTOR_ANGULAR_SPEED_Z,1771303468.3031473,0x002,4,0.00 rad/s
VENTOR_LINEAR_SPEED_X,1771303468.3031473,0x002,4,20.00 km/h
VENTOR_LINEAR_SPEED_Y,1771303468.3031473,0x002,4,20.00 km/h
VENTOR_LINEAR_ACC_X,1771303468.3132231,0x001,3,654.70 m/s²
VENTOR_ANGULAR_SPEED_X,1771303468.3132231,0x001,3,0.00 rad/s
VENTOR_LINEAR_ACC_Y,1771303468.3132231,0x001,3,654.99 m/s²
VENTOR_ANGULAR_SPEED_Y,1771303468.3132231,0x001,3,0.00 rad/s
VENTOR_LINEAR_ACC_Z,1771303468.3132944,0x002,4,9.80 m/s²
VENTOR_ANGULAR_SPEED_Z,1771303468.3132944,0x002,4,0.00 rad/s
VENTOR_LINEAR_SPEED_X,1771303468.3132944,0x002,4,20.00 km/h
VENTOR_LINEAR_SPEED_Y,1771303468.3132944,0x002,4,20.00 km/h
VENTOR_LINEAR_ACC_X,1771303468.3233342,0x001,3,654.70 m/s²
VENTOR_ANGULAR_SPEED_X,1771303468.3233342,0x001,3,0.00 rad/s
VENTOR_LINEAR_ACC_Y,1771303468.3233342,0x001,3,655.00 m/s²
VENTOR_ANGULAR_SPEED_Y,1771303468.3233342,0x001,3,0.00 rad/s
VENTOR_LINEAR_ACC_Z,1771303468.3233964,0x002,4,9.79 m/s²
VENTOR_ANGULAR_SPEED_Z,1771303468.3233964,0x002,4,0.00 rad/s
VENTOR_LINEAR_SPEED_X,1771303468.3233964,0x002,4,20.00 km/h
VENTOR_LINEAR_SPEED_Y,1771303468.3233964,0x002,4,20.00 km/h
VENTOR_LINEAR_ACC_X,1771303468.3334422,0x001,3,654.70 m/s²
VENTOR_ANGULAR_SPEED_X,1771303468.3334422,0x001,3,0.00 rad/s
VENTOR_LINEAR_ACC_Y,1771303468.3334422,0x001,3,655.00 m/s²
VENTOR_ANGULAR_SPEED_Y,1771303468.3334422,0x001,3,0.00 rad/s
VENTOR_LINEAR_ACC_Z,1771303468.3334985,0x002,4,9.79 m/s²
VENTOR_ANGULAR_SPEED_Z,1771303468.3334985,0x002,4,0.00 rad/s
VENTOR_LINEAR_SPEED_X,1771303468.3334985,0x002,4,20.00 km/h
VENTOR_LINEAR_SPEED_Y,1771303468.3334985,0x002,4,20.00 km/h
VENTOR_LINEAR_ACC_X,1771303468.343521,0x001,3,654.70 m/s²
VENTOR_ANGULAR_SPEED_X,1771303468.343521,0x001,3,0.00 rad/s
VENTOR_LINEAR_ACC_Y,1771303468.343521,0x001,3,654.99 m/s²
VENTOR_ANGULAR_SPEED_Y,1771303468.343521,0x001,3,0.00 rad/s
VENTOR_LINEAR_ACC_Z,1771303468.3435895,0x002,4,9.79 m/s²
VENTOR_ANGULAR_SPEED_Z,1771303468.3435895,0x002,4,0.00 rad/s
VENTOR_LINEAR_SPEED_X,1771303468.3435895,0x002,4,20.00 km/h
VENTOR_LINEAR_SPEED_Y,1771303468.3435895,0x002,4,20.00 km/h
VENTOR_LINEAR_ACC_X,1771303468.3536355,0x001,3,654.70 m/s²
VENTOR_ANGULAR_SPEED_X,1771303468.3536355,0x001,3,0.00 rad/s
VENTOR_LINEAR_ACC_Y,1771303468.3536355,0x001,3,655.00 m/s²
VENTOR_ANGULAR_SPEED_Y,1771303468.3536355,0x001,3,0.00 rad/s
VENTOR_LINEAR_ACC_Z,1771303468.3536873,0x002,4,9.79 m/s²
VENTOR_ANGULAR_SPEED_Z,1771303468.3536873,0x002,4,0.00 rad/s
VENTOR_LINEAR_SPEED_X,1771303468.3536873,0x002,4,20.00 km/h
VENTOR_LINEAR_SPEED_Y,1771303468.3536873,0x002,4,20.00 km/h
VENTOR_LINEAR_ACC_X,1771303468.363715,0x001,3,654.70 m/s²
VENTOR_ANGULAR_SPEED_X,1771303468.363715,0x001,3,0.00 rad/s
VENTOR_LINEAR_ACC_Y,1771303468.363715,0x001,3,655.00 m/s²
VENTOR_ANGULAR_SPEED_Y,1771303468.363715,0x001,3,0.00 rad/s
VENTOR_LINEAR_ACC_Z,1771303468.363766,0x002,4,9.79 m/s²
VENTOR_ANGULAR_SPEED_Z,1771303468.363766,0x002,4,0.00 rad/s
VENTOR_LINEAR_SPEED_X,1771303468.363766,0x002,4,20.00 km/h
VENTOR_LINEAR_SPEED_Y,1771303468.363766,0x002,4,20.00 km/h
VENTOR_LINEAR_ACC_X,1771303468.3737984,0x001,3,654.70 m/s²
VENTOR_ANGULAR_SPEED_X,1771303468.3737984,0x001,3,0.00 rad/s
VENTOR_LINEAR_ACC_Y,1771303468.3737984,0x001,3,655.00 m/s²
VENTOR_ANGULAR_SPEED_Y,1771303468.3737984,0x001,3,0.00 rad/s
VENTOR_LINEAR_ACC_Z,1771303468.373847,0x002,4,9.79 m/s²
VENTOR_ANGULAR_SPEED_Z,1771303468.373847,0x002,4,0.00 rad/s
VENTOR_LINEAR_SPEED_X,1771303468.373847,0x002,4,20.00 km/h
VENTOR_LINEAR_SPEED_Y,1771303468.373847,0x002,4,20.00 km/h
VENTOR_LINEAR_ACC_X,1771303468.3839185,0x001,3,654.70 m/s²
VENTOR_ANGULAR_SPEED_X,1771303468.3839185,0x001,3,0.00 rad/s
VENTOR_LINEAR_ACC_Y,1771303468.3839185,0x001,3,655.00 m/s²
VENTOR_ANGULAR_SPEED_Y,1771303468.3839185,0x001,3,0.00 rad/s
VENTOR_LINEAR_ACC_Z,1771303468.3839686,0x002,4,9.79 m/s²
VENTOR_ANGULAR_SPEED_Z,1771303468.3839686,0x002,4,0.00 rad/s
VENTOR_LINEAR_SPEED_X,1771303468.3839686,0x002,4,20.00 km/h
VENTOR_LINEAR_SPEED_Y,1771303468.3839686,0x002,4,20.00 km/h
VENTOR_LINEAR_ACC_X,1771303468.3939977,0x001,3,654.70 m/s²
VENTOR_ANGULAR_SPEED_X,1771303468.3939977,0x001,3,0.00 rad/s
VENTOR_LINEAR_ACC_Y,1771303468.3939977,0x001,3,655.00 m/s²
VENTOR_ANGULAR_SPEED_Y,1771303468.3939977,0x001,3,0.00 rad/s
VENTOR_LINEAR_ACC_Z,1771303468.3940513,0x002,4,9.79 m/s²
VENTOR_ANGULAR_SPEED_Z,1771303468.3940513,0x002,4,0.00 rad/s
VENTOR_LINEAR_SPEED_X,1771303468.3940513,0x002,4,20.00 km/h
VENTOR_LINEAR_SPEED_Y,1771303468.3940513,0x002,4,20.00 km/h
VENTOR_LINEAR_ACC_X,1771303468.4040995,0x001,3,654.70 m/s²
VENTOR_ANGULAR_SPEED_X,1771303468.4040995,0x001,3,0.00 rad/s
VENTOR_LINEAR_ACC_Y,1771303468.4040995,0x001,3,654.99 m/s²
VENTOR_ANGULAR_SPEED_Y,1771303468.4040995,0x001,3,0.00 rad/s
VENTOR_LINEAR_ACC_Z,1771303468.4041572,0x002,4,9.79 m/s²
VENTOR_ANGULAR_SPEED_Z,1771303468.4041572,0x002,4,0.00 rad/s
VENTOR_LINEAR_SPEED_X,1771303468.4041572,0x002,4,20.00 km/h
VENTOR_LINEAR_SPEED_Y,1771303468.4041572,0x002,4,20.00 km/h
VENTOR_LINEAR_ACC_X,1771303468.4141946,0x001,3,654.70 m/s²
VENTOR_ANGULAR_SPEED_X,1771303468.4141946,0x001,3,0.00 rad/s
VENTOR_LINEAR_ACC_Y,1771303468.4141946,0x001,3,654.99 m/s²
VENTOR_ANGULAR_SPEED_Y,1771303468.4141946,0x001,3,0.00 rad/s
VENTOR_LINEAR_ACC_Z,1771303468.4142487,0x002,4,9.79 m/s²
VENTOR_ANGULAR_SPEED_Z,1771303468.4142487,0x002,4,0.00 rad/s
VENTOR_LINEAR_SPEED_X,1771303468.4142487,0x002,4,20.00 km/h
VENTOR_LINEAR_SPEED_Y,1771303468.4142487,0x002,4,20.00 km/h
VENTOR_LINEAR_ACC_X,1771303468.4250484,0x001,3,654.70 m/s²
VENTOR_ANGULAR_SPEED_X,1771303468.4250484,0x001,3,0.00 rad/s
VENTOR_LINEAR_ACC_Y,1771303468.4250484,0x001,3,654.99 m/s²
VENTOR_ANGULAR_SPEED_Y,1771303468.4250484,0x001,3,0.00 rad/s
VENTOR_LINEAR_ACC_Z,1771303468.4250994,0x002,4,9.79 m/s²
VENTOR_ANGULAR_SPEED_Z,1771303468.4250994,0x002,4,0.00 rad/s
VENTOR_LINEAR_SPEED_X,1771303468.4250994,0x002,4,20.00 km/h
VENTOR_LINEAR_SPEED_Y,1771303468.4250994,0x002,4,20.00 km/h
VENTOR_LINEAR_ACC_X,1771303468.4351459,0x001,3,654.70 m/s²
VENTOR_ANGULAR_SPEED_X,1771303468.4351459,0x001,3,0.00 rad/s
VENTOR_LINEAR_ACC_Y,1771303468.4351459,0x001,3,654.99 m/s²
VENTOR_ANGULAR_SPEED_Y,1771303468.4351459,0x001,3,0.00 rad/s
VENTOR_LINEAR_ACC_Z,1771303468.4351952,0x002,4,9.79 m/s²
VENTOR_ANGULAR_SPEED_Z,1771303468.4351952,0x002,4,0.00 rad/s
VENTOR_LINEAR_SPEED_X,1771303468.4351952,0x002,4,20.00 km/h
VENTOR_LINEAR_SPEED_Y,1771303468.4351952,0x002,4,20.00 km/h
VENTOR_LINEAR_ACC_X,1771303468.4452133,0x001,3,654.70 m/s²
VENTOR_ANGULAR_SPEED_X,1771303468.4452133,0x001,3,0.00 rad/s
VENTOR_LINEAR_ACC_Y,1771303468.4452133,0x001,3,654.99 m/s²
VENTOR_ANGULAR_SPEED_Y,1771303468.4452133,0x001,3,0.00 rad/s
VENTOR_LINEAR_ACC_Z,1771303468.4452806,0x002,4,9.79 m/s²
VENTOR_ANGULAR_SPEED_Z,1771303468.4452806,0x002,4,0.00 rad/s
VENTOR_LINEAR_SPEED_X,1771303468.4452806,0x002,4,20.00 km/h
VENTOR_LINEAR_SPEED_Y,1771303468.4452806,0x002,4,20.00 km/h
VENTOR_LINEAR_ACC_X,1771303468.4553094,0x001,3,654.70 m/s²
VENTOR_ANGULAR_SPEED_X,1771303468.4553094,0x001,3,0.00 rad/s
VENTOR_LINEAR_ACC_Y,1771303468.4553094,0x001,3,654.98 m/s²
VENTOR_ANGULAR_SPEED_Y,1771303468.4553094,0x001,3,0.00 rad/s
VENTOR_LINEAR_ACC_Z,1771303468.4553573,0x002,4,9.79 m/s²
VENTOR_ANGULAR_SPEED_Z,1771303468.4553573,0x002,4,0.00 rad/s
VENTOR_LINEAR_SPEED_X,1771303468.4553573,0x002,4,20.00 km/h
VENTOR_LINEAR_SPEED_Y,1771303468.4553573,0x002,4,20.00 km/h
VENTOR_LINEAR_ACC_X,1771303468.465391,0x001,3,654.70 m/s²
VENTOR_ANGULAR_SPEED_X,1771303468.465391,0x001,3,0.00 rad/s
VENTOR_LINEAR_ACC_Y,1771303468.465391,0x001,3,654.99 m/s²
VENTOR_ANGULAR_SPEED_Y,1771303468.465391,0x001,3,0.00 rad/s
VENTOR_LINEAR_ACC_Z,1771303468.4654686,0x002,4,9.79 m/s²
VENTOR_ANGULAR_SPEED_Z,1771303468.4654686,0x002,4,0.00 rad/s
VENTOR_LINEAR_SPEED_X,1771303468.4654686,0x002,4,20.00 km/h
VENTOR_LINEAR_SPEED_Y,1771303468.4654686,0x002,4,20.00 km/h
VENTOR_LINEAR_ACC_X,1771303468.4754748,0x001,3,654.70 m/s²
VENTOR_ANGULAR_SPEED_X,1771303468.4754748,0x001,3,0.00 rad/s
VENTOR_LINEAR_ACC_Y,1771303468.4754748,0x001,3,654.99 m/s²
VENTOR_ANGULAR_SPEED_Y,1771303468.4754748,0x001,3,0.00 rad/s
VENTOR_LINEAR_ACC_Z,1771303468.4755218,0x002,4,9.79 m/s²
VENTOR_ANGULAR_SPEED_Z,1771303468.4755218,0x002,4,0.00 rad/s
VENTOR_LINEAR_SPEED_X,1771303468.4755218,0x002,4,20.00 km/h
VENTOR_LINEAR_SPEED_Y,1771303468.4755218,0x002,4,20.00 km/h
VENTOR_LINEAR_ACC_X,1771303468.4855719,0x001,3,654.70 m/s²
VENTOR_ANGULAR_SPEED_X,1771303468.4855719,0x001,3,0.00 rad/s
VENTOR_LINEAR_ACC_Y,1771303468.4855719,0x001,3,654.99 m/s²
VENTOR_ANGULAR_SPEED_Y,1771303468.4855719,0x001,3,0.00 rad/s
VENTOR_LINEAR_ACC_Z,1771303468.4856203,0x002,4,9.79 m/s²
VENTOR_ANGULAR_SPEED_Z,1771303468.4856203,0x002,4,0.00 rad/s
VENTOR_LINEAR_SPEED_X,1771303468.4856203,0x002,4,20.00 km/h
VENTOR_LINEAR_SPEED_Y,1771303468.4856203,0x002,4,20.00 km/h
VENTOR_LINEAR_ACC_X,1771303468.4956532,0x001,3,654.70 m/s²
VENTOR_ANGULAR_SPEED_X,1771303468.4956532,0x001,3,0.00 rad/s
VENTOR_LINEAR_ACC_Y,1771303468.4956532,0x001,3,654.99 m/s²
VENTOR_ANGULAR_SPEED_Y,1771303468.4956532,0x001,3,0.00 rad/s
VENTOR_LINEAR_ACC_Z,1771303468.4957078,0x002,4,9.79 m/s²
VENTOR_ANGULAR_SPEED_Z,1771303468.4957078,0x002,4,0.00 rad/s
VENTOR_LINEAR_SPEED_X,1771303468.4957078,0x002,4,20.00 km/h
VENTOR_LINEAR_SPEED_Y,1771303468.4957078,0x002,4,20.00 km/h
VENTOR_LINEAR_ACC_X,1771303468.5057857,0x001,3,654.70 m/s²
VENTOR_ANGULAR_SPEED_X,1771303468.5057857,0x001,3,0.00 rad/s
VENTOR_LINEAR_ACC_Y,1771303468.5057857,0x001,3,654.99 m/s²
VENTOR_ANGULAR_SPEED_Y,1771303468.5057857,0x001,3,0.00 rad/s
VENTOR_LINEAR_ACC_Z,1771303468.50587,0x002,4,9.79 m/s²
VENTOR_ANGULAR_SPEED_Z,1771303468.50587,0x002,4,0.00 rad/s
VENTOR_LINEAR_SPEED_X,1771303468.50587,0x002,4,20.00 km/h
VENTOR_LINEAR_SPEED_Y,1771303468.50587,0x002,4,20.00 km/h
VENTOR_LINEAR_ACC_X,1771303468.5158784,0x001,3,654.70 m/s²
VENTOR_ANGULAR_SPEED_X,1771303468.5158784,0x001,3,0.00 rad/s
VENTOR_LINEAR_ACC_Y,1771303468.5158784,0x001,3,655.00 m/s²
VENTOR_ANGULAR_SPEED_Y,1771303468.5158784,0x001,3,0.00 rad/s
VENTOR_LINEAR_ACC_Z,1771303468.5159388,0x002,4,9.79 m/s²
VENTOR_ANGULAR_SPEED_Z,1771303468.5159388,0x002,4,0.00 rad/s
VENTOR_LINEAR_SPEED_X,1771303468.5159388,0x002,4,20.00 km/h
VENTOR_LINEAR_SPEED_Y,1771303468.5159388,0x002,4,20.00 km/h
VENTOR_LINEAR_ACC_X,1771303468.5259736,0x001,3,654.70 m/s²
VENTOR_ANGULAR_SPEED_X,1771303468.5259736,0x001,3,0.00 rad/s
VENTOR_LINEAR_ACC_Y,1771303468.5259736,0x001,3,654.99 m/s²
VENTOR_ANGULAR_SPEED_Y,1771303468.5259736,0x001,3,0.00 rad/s
VENTOR_LINEAR_ACC_Z,1771303468.5260274,0x002,4,9.79 m/s²
VENTOR_ANGULAR_SPEED_Z,1771303468.5260274,0x002,4,0.00 rad/s
VENTOR_LINEAR_SPEED_X,1771303468.5260274,0x002,4,20.00 km/h
VENTOR_LINEAR_SPEED_Y,1771303468.5260274,0x002,4,20.00 km/h
VENTOR_LINEAR_ACC_X,1771303468.5360622,0x001,3,654.70 m/s²
VENTOR_ANGULAR_SPEED_X,1771303468.5360622,0x001,3,0.00 rad/s
VENTOR_LINEAR_ACC_Y,1771303468.5360622,0x001,3,654.99 m/s²
VENTOR_ANGULAR_SPEED_Y,1771303468.5360622,0x001,3,0.00 rad/s
VENTOR_LINEAR_ACC_Z,1771303468.5361118,0x002,4,9.79 m/s²
VENTOR_ANGULAR_SPEED_Z,1771303468.5361118,0x002,4,0.00 rad/s
VENTOR_LINEAR_SPEED_X,1771303468.5361118,0x002,4,20.00 km/h
VENTOR_LINEAR_SPEED_Y,1771303468.5361118,0x002,4,20.00 km/h
VENTOR_LINEAR_ACC_X,1771303468.5461807,0x001,3,654.70 m/s²
VENTOR_ANGULAR_SPEED_X,1771303468.5461807,0x001,3,0.00 rad/s
VENTOR_LINEAR_ACC_Y,1771303468.5461807,0x001,3,654.99 m/s²
VENTOR_ANGULAR_SPEED_Y,1771303468.5461807,0x001,3,0.00 rad/s
VENTOR_LINEAR_ACC_Z,1771303468.5462375,0x002,4,9.79 m/s²
VENTOR_ANGULAR_SPEED_Z,1771303468.5462375,0x002,4,0.00 rad/s
VENTOR_LINEAR_SPEED_X,1771303468.5462375,0x002,4,20.00 km/h
VENTOR_LINEAR_SPEED_Y,1771303468.5462375,0x002,4,20.00 km/h
VENTOR_LINEAR_ACC_X,1771303468.5564053,0x001,3,654.70 m/s²
VENTOR_ANGULAR_SPEED_X,1771303468.5564053,0x001,3,0.00 rad/s
VENTOR_LINEAR_ACC_Y,1771303468.5564053,0x001,3,655.00 m/s²
VENTOR_ANGULAR_SPEED_Y,1771303468.5564053,0x001,3,0.00 rad/s
VENTOR_LINEAR_ACC_Z,1771303468.5565937,0x002,4,9.79 m/s²
VENTOR_ANGULAR_SPEED_Z,1771303468.5565937,0x002,4,0.00 rad/s
VENTOR_LINEAR_SPEED_X,1771303468.5565937,0x002,4,20.00 km/h
VENTOR_LINEAR_SPEED_Y,1771303468.5565937,0x002,4,20.00 km/h
VENTOR_LINEAR_ACC_X,1771303468.5665166,0x001,3,654.70 m/s²
VENTOR_ANGULAR_SPEED_X,1771303468.5665166,0x001,3,0.00 rad/s
VENTOR_LINEAR_ACC_Y,1771303468.5665166,0x001,3,654.99 m/s²
VENTOR_ANGULAR_SPEED_Y,1771303468.5665166,0x001,3,0.00 rad/s
VENTOR_LINEAR_ACC_Z,1771303468.566587,0x002,4,9.79 m/s²
VENTOR_ANGULAR_SPEED_Z,1771303468.566587,0x002,4,0.00 rad/s
VENTOR_LINEAR_SPEED_X,1771303468.566587,0x002,4,20.00 km/h
VENTOR_LINEAR_SPEED_Y,1771303468.566587,0x002,4,20.00 km/h
VENTOR_LINEAR_ACC_X,1771303468.576572,0x001,3,654.70 m/s²
VENTOR_ANGULAR_SPEED_X,1771303468.576572,0x001,3,0.00 rad/s
VENTOR_LINEAR_ACC_Y,1771303468.576572,0x001,3,655.00 m/s²
VENTOR_ANGULAR_SPEED_Y,1771303468.576572,0x001,3,0.00 rad/s
VENTOR_LINEAR_ACC_Z,1771303468.5766284,0x002,4,9.79 m/s²
VENTOR_ANGULAR_SPEED_Z,1771303468.5766284,0x002,4,0.00 rad/s
VENTOR_LINEAR_SPEED_X,1771303468.5766284,0x002,4,20.00 km/h
VENTOR_LINEAR_SPEED_Y,1771303468.5766284,0x002,4,20.00 km/h
VENTOR_LINEAR_ACC_X,1771303468.5871332,0x001,3,654.70 m/s²
VENTOR_ANGULAR_SPEED_X,1771303468.5871332,0x001,3,0.00 rad/s
VENTOR_LINEAR_ACC_Y,1771303468.5871332,0x001,3,655.00 m/s²
VENTOR_ANGULAR_SPEED_Y,1771303468.5871332,0x001,3,0.00 rad/s
VENTOR_LINEAR_ACC_Z,1771303468.587193,0x002,4,9.79 m/s²
VENTOR_ANGULAR_SPEED_Z,1771303468.587193,0x002,4,0.00 rad/s
VENTOR_LINEAR_SPEED_X,1771303468.587193,0x002,4,20.00 km/h
VENTOR_LINEAR_SPEED_Y,1771303468.587193,0x002,4,20.00 km/h
VENTOR_LINEAR_ACC_X,1771303468.597896,0x001,3,654.70 m/s²
VENTOR_ANGULAR_SPEED_X,1771303468.597896,0x001,3,0.00 rad/s
VENTOR_LINEAR_ACC_Y,1771303468.597896,0x001,3,655.00 m/s²
VENTOR_ANGULAR_SPEED_Y,1771303468.597896,0x001,3,0.00 rad/s
VENTOR_LINEAR_ACC_Z,1771303468.5979512,0x002,4,9.79 m/s²
VENTOR_ANGULAR_SPEED_Z,1771303468.5979512,0x002,4,0.00 rad/s
VENTOR_LINEAR_SPEED_X,1771303468.5979512,0x002,4,20.00 km/h
VENTOR_LINEAR_SPEED_Y,1771303468.5979512,0x002,4,20.00 km/h
VENTOR_LINEAR_ACC_X,1771303468.6079957,0x001,3,654.70 m/s²
VENTOR_ANGULAR_SPEED_X,1771303468.6079957,0x001,3,0.00 rad/s
VENTOR_LINEAR_ACC_Y,1771303468.6079957,0x001,3,655.00 m/s²
VENTOR_ANGULAR_SPEED_Y,1771303468.6079957,0x001,3,0.00 rad/s
VENTOR_LINEAR_ACC_Z,1771303468.6080472,0x002,4,9.79 m/s²
VENTOR_ANGULAR_SPEED_Z,1771303468.6080472,0x002,4,0.00 rad/s
VENTOR_LINEAR_SPEED_X,1771303468.6080472,0x002,4,20.00 km/h
VENTOR_LINEAR_SPEED_Y,1771303468.6080472,0x002,4,20.00 km/h
VENTOR_LINEAR_ACC_X,1771303468.618101,0x001,3,654.70 m/s²
VENTOR_ANGULAR_SPEED_X,1771303468.618101,0x001,3,0.00 rad/s
VENTOR_LINEAR_ACC_Y,1771303468.618101,0x001,3,655.00 m/s²
VENTOR_ANGULAR_SPEED_Y,1771303468.618101,0x001,3,0.00 rad/s
VENTOR_LINEAR_ACC_Z,1771303468.618181,0x002,4,9.79 m/s²
VENTOR_ANGULAR_SPEED_Z,1771303468.618181,0x002,4,0.00 rad/s
VENTOR_LINEAR_SPEED_X,1771303468.618181,0x002,4,20.00 km/h
VENTOR_LINEAR_SPEED_Y,1771303468.618181,0x002,4,20.00 km/h
VENTOR_LINEAR_ACC_X,1771303468.6281989,0x001,3,654.70 m/s²
VENTOR_ANGULAR_SPEED_X,1771303468.6281989,0x001,3,0.00 rad/s
VENTOR_LINEAR_ACC_Y,1771303468.6281989,0x001,3,655.00 m/s²
VENTOR_ANGULAR_SPEED_Y,1771303468.6281989,0x001,3,0.00 rad/s
VENTOR_LINEAR_ACC_Z,1771303468.6282566,0x002,4,9.79 m/s²
VENTOR_ANGULAR_SPEED_Z,1771303468.6282566,0x002,4,0.00 rad/s
VENTOR_LINEAR_SPEED_X,1771303468.6282566,0x002,4,20.00 km/h
VENTOR_LINEAR_SPEED_Y,1771303468.6282566,0x002,4,20.00 km/h
VENTOR_LINEAR_ACC_X,1771303468.6382914,0x001,3,654.70 m/s²
VENTOR_ANGULAR_SPEED_X,1771303468.6382914,0x001,3,0.00 rad/s
VENTOR_LINEAR_ACC_Y,1771303468.6382914,0x001,3,654.99 m/s²
VENTOR_ANGULAR_SPEED_Y,1771303468.6382914,0x001,3,0.00 rad/s
VENTOR_LINEAR_ACC_Z,1771303468.6383421,0x002,4,9.79 m/s²
VENTOR_ANGULAR_SPEED_Z,1771303468.6383421,0x002,4,0.00 rad/s
VENTOR_LINEAR_SPEED_X,1771303468.6383421,0x002,4,20.00 km/h
VENTOR_LINEAR_SPEED_Y,1771303468.6383421,0x002,4,20.00 km/h
VENTOR_LINEAR_ACC_X,1771303468.6483843,0x001,3,654.70 m/s²
VENTOR_ANGULAR_SPEED_X,1771303468.6483843,0x001,3,0.00 rad/s
VENTOR_LINEAR_ACC_Y,1771303468.6483843,0x001,3,654.99 m/s²
VENTOR_ANGULAR_SPEED_Y,1771303468.6483843,0x001,3,0.00 rad/s
VENTOR_LINEAR_ACC_Z,1771303468.648437,0x002,4,9.79 m/s²
VENTOR_ANGULAR_SPEED_Z,1771303468.648437,0x002,4,0.00 rad/s
VENTOR_LINEAR_SPEED_X,1771303468.648437,0x002,4,20.00 km/h
VENTOR_LINEAR_SPEED_Y,1771303468.648437,0x002,4,20.00 km/h
VENTOR_LINEAR_ACC_X,1771303468.6584713,0x001,3,654.70 m/s²
VENTOR_ANGULAR_SPEED_X,1771303468.6584713,0x001,3,0.00 rad/s
VENTOR_LINEAR_ACC_Y,1771303468.6584713,0x001,3,654.99 m/s²
VENTOR_ANGULAR_SPEED_Y,1771303468.6584713,0x001,3,0.00 rad/s
VENTOR_LINEAR_ACC_Z,1771303468.6585217,0x002,4,9.79 m/s²
VENTOR_ANGULAR_SPEED_Z,1771303468.6585217,0x002,4,0.00 rad/s
VENTOR_LINEAR_SPEED_X,1771303468.6585217,0x002,4,20.00 km/h
VENTOR_LINEAR_SPEED_Y,1771303468.6585217,0x002,4,20.00 km/h
VENTOR_LINEAR_ACC_X,1771303468.668579,0x001,3,654.70 m/s²
VENTOR_ANGULAR_SPEED_X,1771303468.668579,0x001,3,0.00 rad/s
VENTOR_LINEAR_ACC_Y,1771303468.668579,0x001,3,654.99 m/s²
VENTOR_ANGULAR_SPEED_Y,1771303468.668579,0x001,3,0.00 rad/s
VENTOR_LINEAR_ACC_Z,1771303468.6686306,0x002,4,9.79 m/s²
VENTOR_ANGULAR_SPEED_Z,1771303468.6686306,0x002,4,0.00 rad/s
VENTOR_LINEAR_SPEED_X,1771303468.6686306,0x002,4,20.00 km/h
VENTOR_LINEAR_SPEED_Y,1771303468.6686306,0x002,4,20.00 km/h
VENTOR_LINEAR_ACC_X,1771303468.6786795,0x001,3,654.70 m/s²
VENTOR_ANGULAR_SPEED_X,1771303468.6786795,0x001,3,0.00 rad/s
VENTOR_LINEAR_ACC_Y,1771303468.6786795,0x001,3,654.99 m/s²
VENTOR_ANGULAR_SPEED_Y,1771303468.6786795,0x001,3,0.00 rad/s
VENTOR_LINEAR_ACC_Z,1771303468.6787288,0x002,4,9.79 m/s²
VENTOR_ANGULAR_SPEED_Z,1771303468.6787288,0x002,4,0.00 rad/s
VENTOR_LINEAR_SPEED_X,1771303468.6787288,0x002,4,20.00 km/h
VENTOR_LINEAR_SPEED_Y,1771303468.6787288,0x002,4,20.00 km/h
VENTOR_LINEAR_ACC_X,1771303468.6887777,0x001,3,654.70 m/s²
VENTOR_ANGULAR_SPEED_X,1771303468.6887777,0x001,3,0.00 rad/s
VENTOR_LINEAR_ACC_Y,1771303468.6887777,0x001,3,654.99 m/s²
VENTOR_ANGULAR_SPEED_Y,1771303468.6887777,0x001,3,0.00 rad/s
VENTOR_LINEAR_ACC_Z,1771303468.6888297,0x002,4,9.79 m/s²
VENTOR_ANGULAR_SPEED_Z,1771303468.6888297,0x002,4,0.00 rad/s
VENTOR_LINEAR_SPEED_X,1771303468.6888297,0x002,4,20.00 km/h
VENTOR_LINEAR_SPEED_Y,1771303468.6888297,0x002,4,20.00 km/h
VENTOR_LINEAR_ACC_X,1771303468.698867,0x001,3,654.70 m/s²
VENTOR_ANGULAR_SPEED_X,1771303468.698867,0x001,3,0.00 rad/s
VENTOR_LINEAR_ACC_Y,1771303468.698867,0x001,3,654.99 m/s²
VENTOR_ANGULAR_SPEED_Y,1771303468.698867,0x001,3,0.00 rad/s
VENTOR_LINEAR_ACC_Z,1771303468.6989176,0x002,4,9.79 m/s²
VENTOR_ANGULAR_SPEED_Z,1771303468.6989176,0x002,4,0.00 rad/s
VENTOR_LINEAR_SPEED_X,1771303468.6989176,0x002,4,20.00 km/h
VENTOR_LINEAR_SPEED_Y,1771303468.6989176,0x002,4,20.00 km/h
VENTOR_LINEAR_ACC_X,1771303468.7089567,0x001,3,654.70 m/s²
VENTOR_ANGULAR_SPEED_X,1771303468.7089567,0x001,3,0.00 rad/s
VENTOR_LINEAR_ACC_Y,1771303468.7089567,0x001,3,654.99 m/s²
VENTOR_ANGULAR_SPEED_Y,1771303468.7089567,0x001,3,0.00 rad/s
VENTOR_LINEAR_ACC_Z,1771303468.7090085,0x002,4,9.79 m/s²
VENTOR_ANGULAR_SPEED_Z,1771303468.7090085,0x002,4,0.00 rad/s
VENTOR_LINEAR_SPEED_X,1771303468.7090085,0x002,4,20.00 km/h
VENTOR_LINEAR_SPEED_Y,1771303468.7090085,0x002,4,20.00 km/h
VENTOR_LINEAR_ACC_X,1771303468.7190871,0x001,3,654.70 m/s²
VENTOR_ANGULAR_SPEED_X,1771303468.7190871,0x001,3,0.00 rad/s
VENTOR_LINEAR_ACC_Y,1771303468.7190871,0x001,3,654.99 m/s²
VENTOR_ANGULAR_SPEED_Y,1771303468.7190871,0x001,3,0.00 rad/s
VENTOR_LINEAR_ACC_Z,1771303468.7191536,0x002,4,9.79 m/s²
VENTOR_ANGULAR_SPEED_Z,1771303468.7191536,0x002,4,0.00 rad/s
VENTOR_LINEAR_SPEED_X,1771303468.7191536,0x002,4,20.00 km/h
VENTOR_LINEAR_SPEED_Y,1771303468.7191536,0x002,4,20.00 km/h
VENTOR_LINEAR_ACC_X,1771303468.7291896,0x001,3,654.70 m/s²
VENTOR_ANGULAR_SPEED_X,1771303468.7291896,0x001,3,0.00 rad/s
VENTOR_LINEAR_ACC_Y,1771303468.7291896,0x001,3,654.99 m/s²
VENTOR_ANGULAR_SPEED_Y,1771303468.7291896,0x001,3,0.00 rad/s
VENTOR_LINEAR_ACC_Z,1771303468.7292418,0x002,4,9.79 m/s²
VENTOR_ANGULAR_SPEED_Z,1771303468.7292418,0x002,4,0.00 rad/s
VENTOR_LINEAR_SPEED_X,1771303468.7292418,0x002,4,20.00 km/h
VENTOR_LINEAR_SPEED_Y,1771303468.7292418,0x002,4,20.00 km/h
VENTOR_LINEAR_ACC_X,1771303468.7392802,0x001,3,654.70 m/s²
VENTOR_ANGULAR_SPEED_X,1771303468.7392802,0x001,3,0.00 rad/s
VENTOR_LINEAR_ACC_Y,1771303468.7392802,0x001,3,654.99 m/s²
VENTOR_ANGULAR_SPEED_Y,1771303468.7392802,0x001,3,0.00 rad/s
VENTOR_LINEAR_ACC_Z,1771303468.739338,0x002,4,9.79 m/s²
VENTOR_ANGULAR_SPEED_Z,1771303468.739338,0x002,4,0.00 rad/s
VENTOR_LINEAR_SPEED_X,1771303468.739338,0x002,4,20.00 km/h
VENTOR_LINEAR_SPEED_Y,1771303468.739338,0x002,4,20.00 km/h
VENTOR_LINEAR_ACC_X,1771303468.7499373,0x001,3,654.70 m/s²
VENTOR_ANGULAR_SPEED_X,1771303468.7499373,0x001,3,0.00 rad/s
VENTOR_LINEAR_ACC_Y,1771303468.7499373,0x001,3,654.99 m/s²
VENTOR_ANGULAR_SPEED_Y,1771303468.7499373,0x001,3,0.00 rad/s
VENTOR_LINEAR_ACC_Z,1771303468.7499852,0x002,4,9.79 m/s²
VENTOR_ANGULAR_SPEED_Z,1771303468.7499852,0x002,4,0.00 rad/s
VENTOR_LINEAR_SPEED_X,1771303468.7499852,0x002,4,20.00 km/h
VENTOR_LINEAR_SPEED_Y,1771303468.7499852,0x002,4,20.00 km/h
VENTOR_LINEAR_ACC_X,1771303468.7600434,0x001,3,654.70 m/s²
VENTOR_ANGULAR_SPEED_X,1771303468.7600434,0x001,3,0.00 rad/s
VENTOR_LINEAR_ACC_Y,1771303468.7600434,0x001,3,654.99 m/s²
VENTOR_ANGULAR_SPEED_Y,1771303468.7600434,0x001,3,0.00 rad/s
VENTOR_LINEAR_ACC_Z,1771303468.7600954,0x002,4,9.79 m/s²
VENTOR_ANGULAR_SPEED_Z,1771303468.7600954,0x002,4,0.00 rad/s
VENTOR_LINEAR_SPEED_X,1771303468.7600954,0x002,4,20.00 km/h
VENTOR_LINEAR_SPEED_Y,1771303468.7600954,0x002,4,20.00 km/h
VENTOR_LINEAR_ACC_X,1771303468.770141,0x001,3,654.70 m/s²
VENTOR_ANGULAR_SPEED_X,1771303468.770141,0x001,3,0.00 rad/s
VENTOR_LINEAR_ACC_Y,1771303468.770141,0x001,3,654.99 m/s²
VENTOR_ANGULAR_SPEED_Y,1771303468.770141,0x001,3,0.00 rad/s
VENTOR_LINEAR_ACC_Z,1771303468.7701957,0x002,4,9.79 m/s²
VENTOR_ANGULAR_SPEED_Z,1771303468.7701957,0x002,4,0.00 rad/s
VENTOR_LINEAR_SPEED_X,1771303468.7701957,0x002,4,20.00 km/h
VENTOR_LINEAR_SPEED_Y,1771303468.7701957,0x002,4,20.00 km/h
VENTOR_LINEAR_ACC_X,1771303468.7802467,0x001,3,654.70 m/s²
VENTOR_ANGULAR_SPEED_X,1771303468.7802467,0x001,3,0.00 rad/s
VENTOR_LINEAR_ACC_Y,1771303468.7802467,0x001,3,654.99 m/s²
VENTOR_ANGULAR_SPEED_Y,1771303468.7802467,0x001,3,0.00 rad/s
VENTOR_LINEAR_ACC_Z,1771303468.7802978,0x002,4,9.79 m/s²
VENTOR_ANGULAR_SPEED_Z,1771303468.7802978,0x002,4,0.00 rad/s
VENTOR_LINEAR_SPEED_X,1771303468.7802978,0x002,4,20.00 km/h
VENTOR_LINEAR_SPEED_Y,1771303468.7802978,0x002,4,20.00 km/h
VENTOR_LINEAR_ACC_X,1771303468.7903488,0x001,3,654.70 m/s²
VENTOR_ANGULAR_SPEED_X,1771303468.7903488,0x001,3,0.00 rad/s
VENTOR_LINEAR_ACC_Y,1771303468.7903488,0x001,3,655.00 m/s²
VENTOR_ANGULAR_SPEED_Y,1771303468.7903488,0x001,3,0.00 rad/s
VENTOR_LINEAR_ACC_Z,1771303468.7903996,0x002,4,9.79 m/s²
VENTOR_ANGULAR_SPEED_Z,1771303468.7903996,0x002,4,0.00 rad/s
VENTOR_LINEAR_SPEED_X,1771303468.7903996,0x002,4,20.00 km/h
VENTOR_LINEAR_SPEED_Y,1771303468.7903996,0x002,4,20.00 km/h
VENTOR_LINEAR_ACC_X,1771303468.8004897,0x001,3,654.70 m/s²
VENTOR_ANGULAR_SPEED_X,1771303468.8004897,0x001,3,0.00 rad/s
VENTOR_LINEAR_ACC_Y,1771303468.8004897,0x001,3,655.00 m/s²
VENTOR_ANGULAR_SPEED_Y,1771303468.8004897,0x001,3,0.00 rad/s
VENTOR_LINEAR_ACC_Z,1771303468.8005414,0x002,4,9.79 m/s²
VENTOR_ANGULAR_SPEED_Z,1771303468.8005414,0x002,4,0.00 rad/s
VENTOR_LINEAR_SPEED_X,1771303468.8005414,0x002,4,20.00 km/h
VENTOR_LINEAR_SPEED_Y,1771303468.8005414,0x002,4,20.00 km/h
VENTOR_LINEAR_ACC_X,1771303468.8105595,0x001,3,654.70 m/s²
VENTOR_ANGULAR_SPEED_X,1771303468.8105595,0x001,3,0.00 rad/s
VENTOR_LINEAR_ACC_Y,1771303468.8105595,0x001,3,654.99 m/s²
VENTOR_ANGULAR_SPEED_Y,1771303468.8105595,0x001,3,0.00 rad/s
VENTOR_LINEAR_ACC_Z,1771303468.8106081,0x002,4,9.79 m/s²
VENTOR_ANGULAR_SPEED_Z,1771303468.8106081,0x002,4,0.00 rad/s
VENTOR_LINEAR_SPEED_X,1771303468.8106081,0x002,4,20.00 km/h
VENTOR_LINEAR_SPEED_Y,1771303468.8106081,0x002,4,20.00 km/h
VENTOR_LINEAR_ACC_X,1771303468.8206725,0x001,3,654.70 m/s²
VENTOR_ANGULAR_SPEED_X,1771303468.8206725,0x001,3,0.00 rad/s
VENTOR_LINEAR_ACC_Y,1771303468.8206725,0x001,3,655.00 m/s²
VENTOR_ANGULAR_SPEED_Y,1771303468.8206725,0x001,3,0.00 rad/s
VENTOR_LINEAR_ACC_Z,1771303468.8207343,0x002,4,9.79 m/s²
VENTOR_ANGULAR_SPEED_Z,1771303468.8207343,0x002,4,0.00 rad/s
VENTOR_LINEAR_SPEED_X,1771303468.8207343,0x002,4,20.00 km/h
VENTOR_LINEAR_SPEED_Y,1771303468.8207343,0x002,4,20.00 km/h
VENTOR_LINEAR_ACC_X,1771303468.8307648,0x001,3,654.70 m/s²
VENTOR_ANGULAR_SPEED_X,1771303468.8307648,0x001,3,0.00 rad/s
VENTOR_LINEAR_ACC_Y,1771303468.8307648,0x001,3,654.99 m/s²
VENTOR_ANGULAR_SPEED_Y,1771303468.8307648,0x001,3,0.00 rad/s
VENTOR_LINEAR_ACC_Z,1771303468.830821,0x002,4,9.79 m/s²
VENTOR_ANGULAR_SPEED_Z,1771303468.830821,0x002,4,0.00 rad/s
VENTOR_LINEAR_SPEED_X,1771303468.830821,0x002,4,20.00 km/h
VENTOR_LINEAR_SPEED_Y,1771303468.830821,0x002,4,20.00 km/h
VENTOR_LINEAR_ACC_X,1771303468.8408685,0x001,3,654.70 m/s²
VENTOR_ANGULAR_SPEED_X,1771303468.8408685,0x001,3,0.00 rad/s
VENTOR_LINEAR_ACC_Y,1771303468.8408685,0x001,3,654.99 m/s²
VENTOR_ANGULAR_SPEED_Y,1771303468.8408685,0x001,3,0.00 rad/s
VENTOR_LINEAR_ACC_Z,1771303468.840931,0x002,4,9.79 m/s²
VENTOR_ANGULAR_SPEED_Z,1771303468.840931,0x002,4,0.00 rad/s
VENTOR_LINEAR_SPEED_X,1771303468.840931,0x002,4,20.00 km/h
VENTOR_LINEAR_SPEED_Y,1771303468.840931,0x002,4,20.00 km/h
VENTOR_LINEAR_ACC_X,1771303468.8509748,0x001,3,654.70 m/s²
VENTOR_ANGULAR_SPEED_X,1771303468.8509748,0x001,3,0.00 rad/s
VENTOR_LINEAR_ACC_Y,1771303468.8509748,0x001,3,654.99 m/s²
VENTOR_ANGULAR_SPEED_Y,1771303468.8509748,0x001,3,0.00 rad/s
VENTOR_LINEAR_ACC_Z,1771303468.8510303,0x002,4,9.79 m/s²
VENTOR_ANGULAR_SPEED_Z,1771303468.8510303,0x002,4,0.00 rad/s
VENTOR_LINEAR_SPEED_X,1771303468.8510303,0x002,4,20.00 km/h
VENTOR_LINEAR_SPEED_Y,1771303468.8510303,0x002,4,20.00 km/h
VENTOR_LINEAR_ACC_X,1771303468.8610704,0x001,3,654.70 m/s²
VENTOR_ANGULAR_SPEED_X,1771303468.8610704,0x001,3,0.00 rad/s
VENTOR_LINEAR_ACC_Y,1771303468.8610704,0x001,3,654.99 m/s²
VENTOR_ANGULAR_SPEED_Y,1771303468.8610704,0x001,3,0.00 rad/s
VENTOR_LINEAR_ACC_Z,1771303468.8611183,0x002,4,9.79 m/s²
VENTOR_ANGULAR_SPEED_Z,1771303468.8611183,0x002,4,0.00 rad/s
VENTOR_LINEAR_SPEED_X,1771303468.8611183,0x002,4,20.00 km/h
VENTOR_LINEAR_SPEED_Y,1771303468.8611183,0x002,4,20.00 km/h
VENTOR_LINEAR_ACC_X,1771303468.8711755,0x001,3,654.70 m/s²
VENTOR_ANGULAR_SPEED_X,1771303468.8711755,0x001,3,0.00 rad/s
VENTOR_LINEAR_ACC_Y,1771303468.8711755,0x001,3,654.99 m/s²
VENTOR_ANGULAR_SPEED_Y,1771303468.8711755,0x001,3,0.00 rad/s
VENTOR_LINEAR_ACC_Z,1771303468.871226,0x002,4,9.79 m/s²
VENTOR_ANGULAR_SPEED_Z,1771303468.871226,0x002,4,0.00 rad/s
VENTOR_LINEAR_SPEED_X,1771303468.871226,0x002,4,20.00 km/h
VENTOR_LINEAR_SPEED_Y,1771303468.871226,0x002,4,20.00 km/h
VENTOR_LINEAR_ACC_X,1771303468.881264,0x001,3,654.70 m/s²
VENTOR_ANGULAR_SPEED_X,1771303468.881264,0x001,3,0.00 rad/s
VENTOR_LINEAR_ACC_Y,1771303468.881264,0x001,3,654.99 m/s²
VENTOR_ANGULAR_SPEED_Y,1771303468.881264,0x001,3,0.00 rad/s
VENTOR_LINEAR_ACC_Z,1771303468.881312,0x002,4,9.79 m/s²
VENTOR_ANGULAR_SPEED_Z,1771303468.881312,0x002,4,0.00 rad/s
VENTOR_LINEAR_SPEED_X,1771303468.881312,0x002,4,20.00 km/h
VENTOR_LINEAR_SPEED_Y,1771303468.881312,0x002,4,20.00 km/h
VENTOR_LINEAR_ACC_X,1771303468.8913717,0x001,3,654.70 m/s²
VENTOR_ANGULAR_SPEED_X,1771303468.8913717,0x001,3,0.00 rad/s
VENTOR_LINEAR_ACC_Y,1771303468.8913717,0x001,3,654.99 m/s²
VENTOR_ANGULAR_SPEED_Y,1771303468.8913717,0x001,3,0.00 rad/s
VENTOR_LINEAR_ACC_Z,1771303468.8914201,0x002,4,9.79 m/s²
VENTOR_ANGULAR_SPEED_Z,1771303468.8914201,0x002,4,0.00 rad/s
VENTOR_LINEAR_SPEED_X,1771303468.8914201,0x002,4,20.00 km/h
VENTOR_LINEAR_SPEED_Y,1771303468.8914201,0x002,4,20.00 km/h
VENTOR_LINEAR_ACC_X,1771303468.902342,0x001,3,654.70 m/s²
VENTOR_ANGULAR_SPEED_X,1771303468.902342,0x001,3,0.00 rad/s
VENTOR_LINEAR_ACC_Y,1771303468.902342,0x001,3,654.99 m/s²
VENTOR_ANGULAR_SPEED_Y,1771303468.902342,0x001,3,0.00 rad/s
VENTOR_LINEAR_ACC_Z,1771303468.9023993,0x002,4,9.79 m/s²
VENTOR_ANGULAR_SPEED_Z,1771303468.9023993,0x002,4,0.00 rad/s
VENTOR_LINEAR_SPEED_X,1771303468.9023993,0x002,4,20.00 km/h
VENTOR_LINEAR_SPEED_Y,1771303468.9023993,0x002,4,20.00 km/h
VENTOR_LINEAR_ACC_X,1771303468.9124465,0x001,3,654.70 m/s²
VENTOR_ANGULAR_SPEED_X,1771303468.9124465,0x001,3,0.00 rad/s
VENTOR_LINEAR_ACC_Y,1771303468.9124465,0x001,3,654.99 m/s²
VENTOR_ANGULAR_SPEED_Y,1771303468.9124465,0x001,3,0.00 rad/s
VENTOR_LINEAR_ACC_Z,1771303468.9125957,0x002,4,9.79 m/s²
VENTOR_ANGULAR_SPEED_Z,1771303468.9125957,0x002,4,0.00 rad/s
VENTOR_LINEAR_SPEED_X,1771303468.9125957,0x002,4,20.00 km/h
VENTOR_LINEAR_SPEED_Y,1771303468.9125957,0x002,4,20.00 km/h
VENTOR_LINEAR_ACC_X,1771303468.9234123,0x001,3,654.70 m/s²
VENTOR_ANGULAR_SPEED_X,1771303468.9234123,0x001,3,0.00 rad/s
VENTOR_LINEAR_ACC_Y,1771303468.9234123,0x001,3,654.99 m/s²
VENTOR_ANGULAR_SPEED_Y,1771303468.9234123,0x001,3,0.00 rad/s
VENTOR_LINEAR_ACC_Z,1771303468.9236827,0x002,4,9.79 m/s²
VENTOR_ANGULAR_SPEED_Z,1771303468.9236827,0x002,4,0.00 rad/s
VENTOR_LINEAR_SPEED_X,1771303468.9236827,0x002,4,20.00 km/h
VENTOR_LINEAR_SPEED_Y,1771303468.9236827,0x002,4,20.00 km/h
VENTOR_LINEAR_ACC_X,1771303468.9334888,0x001,3,654.70 m/s²
VENTOR_ANGULAR_SPEED_X,1771303468.9334888,0x001,3,0.00 rad/s
VENTOR_LINEAR_ACC_Y,1771303468.9334888,0x001,3,654.99 m/s²
VENTOR_ANGULAR_SPEED_Y,1771303468.9334888,0x001,3,0.00 rad/s
VENTOR_LINEAR_ACC_Z,1771303468.9335463,0x002,4,9.79 m/s²
VENTOR_ANGULAR_SPEED_Z,1771303468.9335463,0x002,4,0.00 rad/s
VENTOR_LINEAR_SPEED_X,1771303468.9335463,0x002,4,20.00 km/h
VENTOR_LINEAR_SPEED_Y,1771303468.9335463,0x002,4,20.00 km/h
VENTOR_LINEAR_ACC_X,1771303468.9435847,0x001,3,654.70 m/s²
VENTOR_ANGULAR_SPEED_X,1771303468.9435847,0x001,3,0.00 rad/s
VENTOR_LINEAR_ACC_Y,1771303468.9435847,0x001,3,654.99 m/s²
VENTOR_ANGULAR_SPEED_Y,1771303468.9435847,0x001,3,0.00 rad/s
VENTOR_LINEAR_ACC_Z,1771303468.9436316,0x002,4,9.79 m/s²
VENTOR_ANGULAR_SPEED_Z,1771303468.9436316,0x002,4,0.00 rad/s
VENTOR_LINEAR_SPEED_X,1771303468.9436316,0x002,4,20.00 km/h
VENTOR_LINEAR_SPEED_Y,1771303468.9436316,0x002,4,20.00 km/h
VENTOR_LINEAR_ACC_X,1771303468.953689,0x001,3,654.70 m/s²
VENTOR_ANGULAR_SPEED_X,1771303468.953689,0x001,3,0.00 rad/s
VENTOR_LINEAR_ACC_Y,1771303468.953689,0x001,3,655.00 m/s²
VENTOR_ANGULAR_SPEED_Y,1771303468.953689,0x001,3,0.00 rad/s
VENTOR_LINEAR_ACC_Z,1771303468.9537382,0x002,4,9.79 m/s²
VENTOR_ANGULAR_SPEED_Z,1771303468.9537382,0x002,4,0.00 rad/s
VENTOR_LINEAR_SPEED_X,1771303468.9537382,0x002,4,20.00 km/h
VENTOR_LINEAR_SPEED_Y,1771303468.9537382,0x002,4,20.00 km/h
VENTOR_LINEAR_ACC_X,1771303468.9637573,0x001,3,654.70 m/s²
VENTOR_ANGULAR_SPEED_X,1771303468.9637573,0x001,3,0.00 rad/s
VENTOR_LINEAR_ACC_Y,1771303468.9637573,0x001,3,654.99 m/s²
VENTOR_ANGULAR_SPEED_Y,1771303468.9637573,0x001,3,0.00 rad/s
VENTOR_LINEAR_ACC_Z,1771303468.9638085,0x002,4,9.79 m/s²
VENTOR_ANGULAR_SPEED_Z,1771303468.9638085,0x002,4,0.00 rad/s
VENTOR_LINEAR_SPEED_X,1771303468.9638085,0x002,4,20.00 km/h
VENTOR_LINEAR_SPEED_Y,1771303468.9638085,0x002,4,20.00 km/h
VENTOR_LINEAR_ACC_X,1771303468.9738648,0x001,3,654.70 m/s²
VENTOR_ANGULAR_SPEED_X,1771303468.9738648,0x001,3,0.00 rad/s
VENTOR_LINEAR_ACC_Y,1771303468.9738648,0x001,3,655.00 m/s²
VENTOR_ANGULAR_SPEED_Y,1771303468.9738648,0x001,3,0.00 rad/s
VENTOR_LINEAR_ACC_Z,1771303468.973911,0x002,4,9.79 m/s²
VENTOR_ANGULAR_SPEED_Z,1771303468.973911,0x002,4,0.00 rad/s
VENTOR_LINEAR_SPEED_X,1771303468.973911,0x002,4,20.00 km/h
VENTOR_LINEAR_SPEED_Y,1771303468.973911,0x002,4,20.00 km/h
VENTOR_LINEAR_ACC_X,1771303468.9839742,0x001,3,654.70 m/s²
VENTOR_ANGULAR_SPEED_X,1771303468.9839742,0x001,3,0.00 rad/s
VENTOR_LINEAR_ACC_Y,1771303468.9839742,0x001,3,654.99 m/s²
VENTOR_ANGULAR_SPEED_Y,1771303468.9839742,0x001,3,0.00 rad/s
VENTOR_LINEAR_ACC_Z,1771303468.9840174,0x002,4,9.79 m/s²
VENTOR_ANGULAR_SPEED_Z,1771303468.9840174,0x002,4,0.00 rad/s
VENTOR_LINEAR_SPEED_X,1771303468.9840174,0x002,4,20.00 km/h
VENTOR_LINEAR_SPEED_Y,1771303468.9840174,0x002,4,20.00 km/h
VENTOR_LINEAR_ACC_X,1771303468.9940798,0x001,3,654.70 m/s²
VENTOR_ANGULAR_SPEED_X,1771303468.9940798,0x001,3,0.00 rad/s
VENTOR_LINEAR_ACC_Y,1771303468.9940798,0x001,3,654.99 m/s²
VENTOR_ANGULAR_SPEED_Y,1771303468.9940798,0x001,3,0.00 rad/s
VENTOR_LINEAR_ACC_Z,1771303468.9941342,0x002,4,9.79 m/s²
VENTOR_ANGULAR_SPEED_Z,1771303468.9941342,0x002,4,0.00 rad/s
VENTOR_LINEAR_SPEED_X,1771303468.9941342,0x002,4,20.00 km/h
VENTOR_LINEAR_SPEED_Y,1771303468.9941342,0x002,4,20.00 km/h
VENTOR_LINEAR_ACC_X,1771303469.004143,0x001,3,654.70 m/s²
VENTOR_ANGULAR_SPEED_X,1771303469.004143,0x001,3,0.00 rad/s
VENTOR_LINEAR_ACC_Y,1771303469.004143,0x001,3,654.99 m/s²
VENTOR_ANGULAR_SPEED_Y,1771303469.004143,0x001,3,0.00 rad/s
VENTOR_LINEAR_ACC_Z,1771303469.0041897,0x002,4,9.79 m/s²
VENTOR_ANGULAR_SPEED_Z,1771303469.0041897,0x002,4,0.00 rad/s
VENTOR_LINEAR_SPEED_X,1771303469.0041897,0x002,4,20.00 km/h
VENTOR_LINEAR_SPEED_Y,1771303469.0041897,0x002,4,20.00 km/h
VENTOR_LINEAR_ACC_X,1771303469.0143003,0x001,3,654.70 m/s²
VENTOR_ANGULAR_SPEED_X,1771303469.0143003,0x001,3,0.00 rad/s
VENTOR_LINEAR_ACC_Y,1771303469.0143003,0x001,3,654.99 m/s²
VENTOR_ANGULAR_SPEED_Y,1771303469.0143003,0x001,3,0.00 rad/s
VENTOR_LINEAR_ACC_Z,1771303469.0153232,0x002,4,9.79 m/s²
VENTOR_ANGULAR_SPEED_Z,1771303469.0153232,0x002,4,0.00 rad/s
VENTOR_LINEAR_SPEED_X,1771303469.0153232,0x002,4,20.00 km/h
VENTOR_LINEAR_SPEED_Y,1771303469.0153232,0x002,4,20.00 km/h
VENTOR_LINEAR_ACC_X,1771303469.0250602,0x001,3,654.70 m/s²
VENTOR_ANGULAR_SPEED_X,1771303469.0250602,0x001,3,0.00 rad/s
VENTOR_LINEAR_ACC_Y,1771303469.0250602,0x001,3,654.99 m/s²
VENTOR_ANGULAR_SPEED_Y,1771303469.0250602,0x001,3,0.00 rad/s
VENTOR_LINEAR_ACC_Z,1771303469.0251198,0x002,4,9.79 m/s²
VENTOR_ANGULAR_SPEED_Z,1771303469.0251198,0x002,4,0.00 rad/s
VENTOR_LINEAR_SPEED_X,1771303469.0251198,0x002,4,20.00 km/h
VENTOR_LINEAR_SPEED_Y,1771303469.0251198,0x002,4,20.00 km/h
VENTOR_LINEAR_ACC_X,1771303469.0351384,0x001,3,654.70 m/s²
VENTOR_ANGULAR_SPEED_X,1771303469.0351384,0x001,3,0.00 rad/s
VENTOR_LINEAR_ACC_Y,1771303469.0351384,0x001,3,654.99 m/s²
VENTOR_ANGULAR_SPEED_Y,1771303469.0351384,0x001,3,0.00 rad/s
VENTOR_LINEAR_ACC_Z,1771303469.0351844,0x002,4,9.79 m/s²
VENTOR_ANGULAR_SPEED_Z,1771303469.0351844,0x002,4,0.00 rad/s
VENTOR_LINEAR_SPEED_X,1771303469.0351844,0x002,4,20.00 km/h
VENTOR_LINEAR_SPEED_Y,1771303469.0351844,0x002,4,20.00 km/h
VENTOR_LINEAR_ACC_X,1771303469.045509,0x001,3,654.70 m/s²
VENTOR_ANGULAR_SPEED_X,1771303469.045509,0x001,3,0.00 rad/s
VENTOR_LINEAR_ACC_Y,1771303469.045509,0x001,3,654.99 m/s²
VENTOR_ANGULAR_SPEED_Y,1771303469.045509,0x001,3,0.00 rad/s
VENTOR_LINEAR_ACC_Z,1771303469.045644,0x002,4,9.79 m/s²
VENTOR_ANGULAR_SPEED_Z,1771303469.045644,0x002,4,0.00 rad/s
VENTOR_LINEAR_SPEED_X,1771303469.045644,0x002,4,20.00 km/h
VENTOR_LINEAR_SPEED_Y,1771303469.045644,0x002,4,20.00 km/h
VENTOR_LINEAR_ACC_X,1771303469.0556176,0x001,3,654.70 m/s²
VENTOR_ANGULAR_SPEED_X,1771303469.0556176,0x001,3,0.00 rad/s
VENTOR_LINEAR_ACC_Y,1771303469.0556176,0x001,3,654.99 m/s²
VENTOR_ANGULAR_SPEED_Y,1771303469.0556176,0x001,3,0.00 rad/s
VENTOR_LINEAR_ACC_Z,1771303469.0557427,0x002,4,9.79 m/s²
VENTOR_ANGULAR_SPEED_Z,1771303469.0557427,0x002,4,0.00 rad/s
VENTOR_LINEAR_SPEED_X,1771303469.0557427,0x002,4,20.00 km/h
VENTOR_LINEAR_SPEED_Y,1771303469.0557427,0x002,4,20.00 km/h
VENTOR_LINEAR_ACC_X,1771303469.0657825,0x001,3,654.70 m/s²
VENTOR_ANGULAR_SPEED_X,1771303469.0657825,0x001,3,0.00 rad/s
VENTOR_LINEAR_ACC_Y,1771303469.0657825,0x001,3,654.99 m/s²
VENTOR_ANGULAR_SPEED_Y,1771303469.0657825,0x001,3,0.00 rad/s
VENTOR_LINEAR_ACC_Z,1771303469.065892,0x002,4,9.79 m/s²
VENTOR_ANGULAR_SPEED_Z,1771303469.065892,0x002,4,0.00 rad/s
VENTOR_LINEAR_SPEED_X,1771303469.065892,0x002,4,20.00 km/h
VENTOR_LINEAR_SPEED_Y,1771303469.065892,0x002,4,20.00 km/h
VENTOR_LINEAR_ACC_X,1771303469.0759225,0x001,3,654.70 m/s²
VENTOR_ANGULAR_SPEED_X,1771303469.0759225,0x001,3,0.00 rad/s
VENTOR_LINEAR_ACC_Y,1771303469.0759225,0x001,3,654.99 m/s²
VENTOR_ANGULAR_SPEED_Y,1771303469.0759225,0x001,3,0.00 rad/s
VENTOR_LINEAR_ACC_Z,1771303469.076004,0x002,4,9.79 m/s²
VENTOR_ANGULAR_SPEED_Z,1771303469.076004,0x002,4,0.00 rad/s
VENTOR_LINEAR_SPEED_X,1771303469.076004,0x002,4,20.00 km/h
VENTOR_LINEAR_SPEED_Y,1771303469.076004,0x002,4,20.00 km/h
VENTOR_LINEAR_ACC_X,1771303469.0862904,0x001,3,654.70 m/s²
VENTOR_ANGULAR_SPEED_X,1771303469.0862904,0x001,3,0.00 rad/s
VENTOR_LINEAR_ACC_Y,1771303469.0862904,0x001,3,654.99 m/s²
VENTOR_ANGULAR_SPEED_Y,1771303469.0862904,0x001,3,0.00 rad/s
VENTOR_LINEAR_ACC_Z,1771303469.0863817,0x002,4,9.79 m/s²
VENTOR_ANGULAR_SPEED_Z,1771303469.0863817,0x002,4,0.00 rad/s
VENTOR_LINEAR_SPEED_X,1771303469.0863817,0x002,4,20.00 km/h
VENTOR_LINEAR_SPEED_Y,1771303469.0863817,0x002,4,20.00 km/h
VENTOR_LINEAR_ACC_X,1771303469.0963097,0x001,3,654.70 m/s²
VENTOR_ANGULAR_SPEED_X,1771303469.0963097,0x001,3,0.00 rad/s
VENTOR_LINEAR_ACC_Y,1771303469.0963097,0x001,3,654.99 m/s²
VENTOR_ANGULAR_SPEED_Y,1771303469.0963097,0x001,3,0.00 rad/s
VENTOR_LINEAR_ACC_Z,1771303469.096394,0x002,4,9.79 m/s²
VENTOR_ANGULAR_SPEED_Z,1771303469.096394,0x002,4,0.00 rad/s
VENTOR_LINEAR_SPEED_X,1771303469.096394,0x002,4,20.00 km/h
VENTOR_LINEAR_SPEED_Y,1771303469.096394,0x002,4,20.00 km/h
VENTOR_LINEAR_ACC_X,1771303469.1063979,0x001,3,654.70 m/s²
VENTOR_ANGULAR_SPEED_X,1771303469.1063979,0x001,3,0.00 rad/s
VENTOR_LINEAR_ACC_Y,1771303469.1063979,0x001,3,654.99 m/s²
VENTOR_ANGULAR_SPEED_Y,1771303469.1063979,0x001,3,0.00 rad/s
VENTOR_LINEAR_ACC_Z,1771303469.1064644,0x002,4,9.79 m/s²
VENTOR_ANGULAR_SPEED_Z,1771303469.1064644,0x002,4,0.00 rad/s
VENTOR_LINEAR_SPEED_X,1771303469.1064644,0x002,4,20.00 km/h
VENTOR_LINEAR_SPEED_Y,1771303469.1064644,0x002,4,20.00 km/h
VENTOR_LINEAR_ACC_X,1771303469.116567,0x001,3,654.70 m/s²
VENTOR_ANGULAR_SPEED_X,1771303469.116567,0x001,3,0.00 rad/s
VENTOR_LINEAR_ACC_Y,1771303469.116567,0x001,3,654.99 m/s²
VENTOR_ANGULAR_SPEED_Y,1771303469.116567,0x001,3,0.00 rad/s
VENTOR_LINEAR_ACC_Z,1771303469.1166425,0x002,4,9.79 m/s²
VENTOR_ANGULAR_SPEED_Z,1771303469.1166425,0x002,4,0.00 rad/s
VENTOR_LINEAR_SPEED_X,1771303469.1166425,0x002,4,20.00 km/h
VENTOR_LINEAR_SPEED_Y,1771303469.1166425,0x002,4,20.00 km/h
VENTOR_LINEAR_ACC_X,1771303469.1265945,0x001,3,654.70 m/s²
VENTOR_ANGULAR_SPEED_X,1771303469.1265945,0x001,3,0.00 rad/s
VENTOR_LINEAR_ACC_Y,1771303469.1265945,0x001,3,654.99 m/s²
VENTOR_ANGULAR_SPEED_Y,1771303469.1265945,0x001,3,0.00 rad/s
VENTOR_LINEAR_ACC_Z,1771303469.1266513,0x002,4,9.79 m/s²
VENTOR_ANGULAR_SPEED_Z,1771303469.1266513,0x002,4,0.00 rad/s
VENTOR_LINEAR_SPEED_X,1771303469.1266513,0x002,4,20.00 km/h
VENTOR_LINEAR_SPEED_Y,1771303469.1266513,0x002,4,20.00 km/h
VENTOR_LINEAR_ACC_X,1771303469.1366897,0x001,3,654.70 m/s²
VENTOR_ANGULAR_SPEED_X,1771303469.1366897,0x001,3,0.00 rad/s
VENTOR_LINEAR_ACC_Y,1771303469.1366897,0x001,3,654.99 m/s²
VENTOR_ANGULAR_SPEED_Y,1771303469.1366897,0x001,3,0.00 rad/s
VENTOR_LINEAR_ACC_Z,1771303469.1367385,0x002,4,9.79 m/s²
VENTOR_ANGULAR_SPEED_Z,1771303469.1367385,0x002,4,0.00 rad/s
VENTOR_LINEAR_SPEED_X,1771303469.1367385,0x002,4,20.00 km/h
VENTOR_LINEAR_SPEED_Y,1771303469.1367385,0x002,4,20.00 km/h
VENTOR_LINEAR_ACC_X,1771303469.147461,0x001,3,654.70 m/s²
VENTOR_ANGULAR_SPEED_X,1771303469.147461,0x001,3,0.00 rad/s
VENTOR_LINEAR_ACC_Y,1771303469.147461,0x001,3,654.99 m/s²
VENTOR_ANGULAR_SPEED_Y,1771303469.147461,0x001,3,0.00 rad/s
VENTOR_LINEAR_ACC_Z,1771303469.1475081,0x002,4,9.79 m/s²
VENTOR_ANGULAR_SPEED_Z,1771303469.1475081,0x002,4,0.00 rad/s
VENTOR_LINEAR_SPEED_X,1771303469.1475081,0x002,4,20.00 km/h
VENTOR_LINEAR_SPEED_Y,1771303469.1475081,0x002,4,20.00 km/h
VENTOR_LINEAR_ACC_X,1771303469.157781,0x001,3,654.70 m/s²
VENTOR_ANGULAR_SPEED_X,1771303469.157781,0x001,3,0.00 rad/s
VENTOR_LINEAR_ACC_Y,1771303469.157781,0x001,3,654.99 m/s²
VENTOR_ANGULAR_SPEED_Y,1771303469.157781,0x001,3,0.00 rad/s
VENTOR_LINEAR_ACC_Z,1771303469.1578317,0x002,4,9.79 m/s²
VENTOR_ANGULAR_SPEED_Z,1771303469.1578317,0x002,4,0.00 rad/s
VENTOR_LINEAR_SPEED_X,1771303469.1578317,0x002,4,20.00 km/h
VENTOR_LINEAR_SPEED_Y,1771303469.1578317,0x002,4,20.00 km/h
VENTOR_LINEAR_ACC_X,1771303469.1678529,0x001,3,654.70 m/s²
VENTOR_ANGULAR_SPEED_X,1771303469.1678529,0x001,3,0.00 rad/s
VENTOR_LINEAR_ACC_Y,1771303469.1678529,0x001,3,654.99 m/s²
VENTOR_ANGULAR_SPEED_Y,1771303469.1678529,0x001,3,0.00 rad/s
VENTOR_LINEAR_ACC_Z,1771303469.1678977,0x002,4,9.79 m/s²
VENTOR_ANGULAR_SPEED_Z,1771303469.1678977,0x002,4,0.00 rad/s
VENTOR_LINEAR_SPEED_X,1771303469.1678977,0x002,4,20.00 km/h
VENTOR_LINEAR_SPEED_Y,1771303469.1678977,0x002,4,20.00 km/h
VENTOR_LINEAR_ACC_X,1771303469.1779456,0x001,3,654.70 m/s²
VENTOR_ANGULAR_SPEED_X,1771303469.1779456,0x001,3,0.00 rad/s
VENTOR_LINEAR_ACC_Y,1771303469.1779456,0x001,3,654.99 m/s²
VENTOR_ANGULAR_SPEED_Y,1771303469.1779456,0x001,3,0.00 rad/s
VENTOR_LINEAR_ACC_Z,1771303469.1780114,0x002,4,9.79 m/s²
VENTOR_ANGULAR_SPEED_Z,1771303469.1780114,0x002,4,0.00 rad/s
VENTOR_LINEAR_SPEED_X,1771303469.1780114,0x002,4,20.00 km/h
VENTOR_LINEAR_SPEED_Y,1771303469.1780114,0x002,4,20.00 km/h
VENTOR_LINEAR_ACC_X,1771303469.1880243,0x001,3,654.70 m/s²
VENTOR_ANGULAR_SPEED_X,1771303469.1880243,0x001,3,0.00 rad/s
VENTOR_LINEAR_ACC_Y,1771303469.1880243,0x001,3,654.99 m/s²
VENTOR_ANGULAR_SPEED_Y,1771303469.1880243,0x001,3,0.00 rad/s
VENTOR_LINEAR_ACC_Z,1771303469.1880672,0x002,4,9.79 m/s²
VENTOR_ANGULAR_SPEED_Z,1771303469.1880672,0x002,4,0.00 rad/s
VENTOR_LINEAR_SPEED_X,1771303469.1880672,0x002,4,20.00 km/h
VENTOR_LINEAR_SPEED_Y,1771303469.1880672,0x002,4,20.00 km/h
VENTOR_LINEAR_ACC_X,1771303469.198119,0x001,3,654.70 m/s²
VENTOR_ANGULAR_SPEED_X,1771303469.198119,0x001,3,0.00 rad/s
VENTOR_LINEAR_ACC_Y,1771303469.198119,0x001,3,654.99 m/s²
VENTOR_ANGULAR_SPEED_Y,1771303469.198119,0x001,3,0.00 rad/s
VENTOR_LINEAR_ACC_Z,1771303469.1981604,0x002,4,9.79 m/s²
VENTOR_ANGULAR_SPEED_Z,1771303469.1981604,0x002,4,0.00 rad/s
VENTOR_LINEAR_SPEED_X,1771303469.1981604,0x002,4,20.00 km/h
VENTOR_LINEAR_SPEED_Y,1771303469.1981604,0x002,4,20.00 km/h
VENTOR_LINEAR_ACC_X,1771303469.2082045,0x001,3,654.70 m/s²
VENTOR_ANGULAR_SPEED_X,1771303469.2082045,0x001,3,0.00 rad/s
VENTOR_LINEAR_ACC_Y,1771303469.2082045,0x001,3,654.99 m/s²
VENTOR_ANGULAR_SPEED_Y,1771303469.2082045,0x001,3,0.00 rad/s
VENTOR_LINEAR_ACC_Z,1771303469.2082663,0x002,4,9.79 m/s²
VENTOR_ANGULAR_SPEED_Z,1771303469.2082663,0x002,4,0.00 rad/s
VENTOR_LINEAR_SPEED_X,1771303469.2082663,0x002,4,20.00 km/h
VENTOR_LINEAR_SPEED_Y,1771303469.2082663,0x002,4,20.00 km/h
VENTOR_LINEAR_ACC_X,1771303469.2183156,0x001,3,654.70 m/s²
VENTOR_ANGULAR_SPEED_X,1771303469.2183156,0x001,3,0.00 rad/s
VENTOR_LINEAR_ACC_Y,1771303469.2183156,0x001,3,655.00 m/s²
VENTOR_ANGULAR_SPEED_Y,1771303469.2183156,0x001,3,0.00 rad/s
VENTOR_LINEAR_ACC_Z,1771303469.2183752,0x002,4,9.79 m/s²
VENTOR_ANGULAR_SPEED_Z,1771303469.2183752,0x002,4,0.00 rad/s
VENTOR_LINEAR_SPEED_X,1771303469.2183752,0x002,4,20.00 km/h
VENTOR_LINEAR_SPEED_Y,1771303469.2183752,0x002,4,20.00 km/h
VENTOR_LINEAR_ACC_X,1771303469.2283785,0x001,3,654.70 m/s²
VENTOR_ANGULAR_SPEED_X,1771303469.2283785,0x001,3,0.00 rad/s
VENTOR_LINEAR_ACC_Y,1771303469.2283785,0x001,3,655.00 m/s²
VENTOR_ANGULAR_SPEED_Y,1771303469.2283785,0x001,3,0.00 rad/s
VENTOR_LINEAR_ACC_Z,1771303469.2284284,0x002,4,9.79 m/s²
VENTOR_ANGULAR_SPEED_Z,1771303469.2284284,0x002,4,0.00 rad/s
VENTOR_LINEAR_SPEED_X,1771303469.2284284,0x002,4,20.00 km/h
VENTOR_LINEAR_SPEED_Y,1771303469.2284284,0x002,4,20.00 km/h
VENTOR_LINEAR_ACC_X,1771303469.238461,0x001,3,654.70 m/s²
VENTOR_ANGULAR_SPEED_X,1771303469.238461,0x001,3,0.00 rad/s
VENTOR_LINEAR_ACC_Y,1771303469.238461,0x001,3,655.00 m/s²
VENTOR_ANGULAR_SPEED_Y,1771303469.238461,0x001,3,0.00 rad/s
VENTOR_LINEAR_ACC_Z,1771303469.238529,0x002,4,9.79 m/s²
VENTOR_ANGULAR_SPEED_Z,1771303469.238529,0x002,4,0.00 rad/s
VENTOR_LINEAR_SPEED_X,1771303469.238529,0x002,4,20.00 km/h
VENTOR_LINEAR_SPEED_Y,1771303469.238529,0x002,4,20.00 km/h
VENTOR_LINEAR_ACC_X,1771303469.2485602,0x001,3,654.70 m/s²
VENTOR_ANGULAR_SPEED_X,1771303469.2485602,0x001,3,0.00 rad/s
VENTOR_LINEAR_ACC_Y,1771303469.2485602,0x001,3,655.00 m/s²
VENTOR_ANGULAR_SPEED_Y,1771303469.2485602,0x001,3,0.00 rad/s
VENTOR_LINEAR_ACC_Z,1771303469.2486064,0x002,4,9.79 m/s²
VENTOR_ANGULAR_SPEED_Z,1771303469.2486064,0x002,4,0.00 rad/s
VENTOR_LINEAR_SPEED_X,1771303469.2486064,0x002,4,20.00 km/h
VENTOR_LINEAR_SPEED_Y,1771303469.2486064,0x002,4,20.00 km/h
VENTOR_LINEAR_ACC_X,1771303469.2586832,0x001,3,654.70 m/s²
VENTOR_ANGULAR_SPEED_X,1771303469.2586832,0x001,3,0.00 rad/s
VENTOR_LINEAR_ACC_Y,1771303469.2586832,0x001,3,655.00 m/s²
VENTOR_ANGULAR_SPEED_Y,1771303469.2586832,0x001,3,0.00 rad/s
VENTOR_LINEAR_ACC_Z,1771303469.2587342,0x002,4,9.79 m/s²
VENTOR_ANGULAR_SPEED_Z,1771303469.2587342,0x002,4,0.00 rad/s
VENTOR_LINEAR_SPEED_X,1771303469.2587342,0x002,4,20.00 km/h
VENTOR_LINEAR_SPEED_Y,1771303469.2587342,0x002,4,20.00 km/h
VENTOR_LINEAR_ACC_X,1771303469.268743,0x001,3,654.70 m/s²
VENTOR_ANGULAR_SPEED_X,1771303469.268743,0x001,3,0.00 rad/s
VENTOR_LINEAR_ACC_Y,1771303469.268743,0x001,3,655.00 m/s²
VENTOR_ANGULAR_SPEED_Y,1771303469.268743,0x001,3,0.00 rad/s
VENTOR_LINEAR_ACC_Z,1771303469.2687876,0x002,4,9.79 m/s²
VENTOR_ANGULAR_SPEED_Z,1771303469.2687876,0x002,4,0.00 rad/s
VENTOR_LINEAR_SPEED_X,1771303469.2687876,0x002,4,20.00 km/h
VENTOR_LINEAR_SPEED_Y,1771303469.2687876,0x002,4,20.00 km/h
VENTOR_LINEAR_ACC_X,1771303469.2788105,0x001,3,654.70 m/s²
VENTOR_ANGULAR_SPEED_X,1771303469.2788105,0x001,3,0.00 rad/s
VENTOR_LINEAR_ACC_Y,1771303469.2788105,0x001,3,655.00 m/s²
VENTOR_ANGULAR_SPEED_Y,1771303469.2788105,0x001,3,0.00 rad/s
VENTOR_LINEAR_ACC_Z,1771303469.278857,0x002,4,9.79 m/s²
VENTOR_ANGULAR_SPEED_Z,1771303469.278857,0x002,4,0.00 rad/s
VENTOR_LINEAR_SPEED_X,1771303469.278857,0x002,4,20.00 km/h
VENTOR_LINEAR_SPEED_Y,1771303469.278857,0x002,4,20.00 km/h
VENTOR_LINEAR_ACC_X,1771303469.2888918,0x001,3,654.70 m/s²
VENTOR_ANGULAR_SPEED_X,1771303469.2888918,0x001,3,0.00 rad/s
VENTOR_LINEAR_ACC_Y,1771303469.2888918,0x001,3,655.00 m/s²
VENTOR_ANGULAR_SPEED_Y,1771303469.2888918,0x001,3,0.00 rad/s
VENTOR_LINEAR_ACC_Z,1771303469.2889373,0x002,4,9.79 m/s²
VENTOR_ANGULAR_SPEED_Z,1771303469.2889373,0x002,4,0.00 rad/s
VENTOR_LINEAR_SPEED_X,1771303469.2889373,0x002,4,20.00 km/h
VENTOR_LINEAR_SPEED_Y,1771303469.2889373,0x002,4,20.00 km/h
VENTOR_LINEAR_ACC_X,1771303469.2989724,0x001,3,654.70 m/s²
VENTOR_ANGULAR_SPEED_X,1771303469.2989724,0x001,3,0.00 rad/s
VENTOR_LINEAR_ACC_Y,1771303469.2989724,0x001,3,655.00 m/s²
VENTOR_ANGULAR_SPEED_Y,1771303469.2989724,0x001,3,0.00 rad/s
VENTOR_LINEAR_ACC_Z,1771303469.2990227,0x002,4,9.79 m/s²
VENTOR_ANGULAR_SPEED_Z,1771303469.2990227,0x002,4,0.00 rad/s
VENTOR_LINEAR_SPEED_X,1771303469.2990227,0x002,4,20.00 km/h
VENTOR_LINEAR_SPEED_Y,1771303469.2990227,0x002,4,20.00 km/h
VENTOR_LINEAR_ACC_X,1771303469.309659,0x001,3,654.70 m/s²
VENTOR_ANGULAR_SPEED_X,1771303469.309659,0x001,3,0.00 rad/s
VENTOR_LINEAR_ACC_Y,1771303469.309659,0x001,3,654.99 m/s²
VENTOR_ANGULAR_SPEED_Y,1771303469.309659,0x001,3,0.00 rad/s
VENTOR_LINEAR_ACC_Z,1771303469.310609,0x002,4,9.79 m/s²
VENTOR_ANGULAR_SPEED_Z,1771303469.310609,0x002,4,0.00 rad/s
VENTOR_LINEAR_SPEED_X,1771303469.310609,0x002,4,20.00 km/h
VENTOR_LINEAR_SPEED_Y,1771303469.310609,0x002,4,20.00 km/h
VENTOR_LINEAR_ACC_X,1771303469.3198082,0x001,3,654.70 m/s²
VENTOR_ANGULAR_SPEED_X,1771303469.3198082,0x001,3,0.00 rad/s
VENTOR_LINEAR_ACC_Y,1771303469.3198082,0x001,3,654.99 m/s²
VENTOR_ANGULAR_SPEED_Y,1771303469.3198082,0x001,3,0.00 rad/s
VENTOR_LINEAR_ACC_Z,1771303469.3198817,0x002,4,9.79 m/s²
VENTOR_ANGULAR_SPEED_Z,1771303469.3198817,0x002,4,0.00 rad/s
VENTOR_LINEAR_SPEED_X,1771303469.3198817,0x002,4,20.00 km/h
VENTOR_LINEAR_SPEED_Y,1771303469.3198817,0x002,4,20.00 km/h
VENTOR_LINEAR_ACC_X,1771303469.3298922,0x001,3,654.70 m/s²
VENTOR_ANGULAR_SPEED_X,1771303469.3298922,0x001,3,0.00 rad/s
VENTOR_LINEAR_ACC_Y,1771303469.3298922,0x001,3,654.99 m/s²
VENTOR_ANGULAR_SPEED_Y,1771303469.3298922,0x001,3,0.00 rad/s
VENTOR_LINEAR_ACC_Z,1771303469.329943,0x002,4,9.79 m/s²
VENTOR_ANGULAR_SPEED_Z,1771303469.329943,0x002,4,0.00 rad/s
VENTOR_LINEAR_SPEED_X,1771303469.329943,0x002,4,20.00 km/h
VENTOR_LINEAR_SPEED_Y,1771303469.329943,0x002,4,20.00 km/h
VENTOR_LINEAR_ACC_X,1771303469.3424442,0x001,3,654.70 m/s²
VENTOR_ANGULAR_SPEED_X,1771303469.3424442,0x001,3,0.00 rad/s
VENTOR_LINEAR_ACC_Y,1771303469.3424442,0x001,3,654.99 m/s²
VENTOR_ANGULAR_SPEED_Y,1771303469.3424442,0x001,3,0.00 rad/s
VENTOR_LINEAR_ACC_Z,1771303469.3425756,0x002,4,9.79 m/s²
VENTOR_ANGULAR_SPEED_Z,1771303469.3425756,0x002,4,0.00 rad/s
VENTOR_LINEAR_SPEED_X,1771303469.3425756,0x002,4,20.00 km/h
VENTOR_LINEAR_SPEED_Y,1771303469.3425756,0x002,4,20.00 km/h
VENTOR_LINEAR_ACC_X,1771303469.3526418,0x001,3,654.70 m/s²
VENTOR_ANGULAR_SPEED_X,1771303469.3526418,0x001,3,0.00 rad/s
VENTOR_LINEAR_ACC_Y,1771303469.3526418,0x001,3,654.99 m/s²
VENTOR_ANGULAR_SPEED_Y,1771303469.3526418,0x001,3,0.00 rad/s
VENTOR_LINEAR_ACC_Z,1771303469.3527048,0x002,4,9.79 m/s²
VENTOR_ANGULAR_SPEED_Z,1771303469.3527048,0x002,4,0.00 rad/s
VENTOR_LINEAR_SPEED_X,1771303469.3527048,0x002,4,20.00 km/h
VENTOR_LINEAR_SPEED_Y,1771303469.3527048,0x002,4,20.00 km/h
VENTOR_LINEAR_ACC_X,1771303469.3627613,0x001,3,654.70 m/s²
VENTOR_ANGULAR_SPEED_X,1771303469.3627613,0x001,3,0.00 rad/s
VENTOR_LINEAR_ACC_Y,1771303469.3627613,0x001,3,654.99 m/s²
VENTOR_ANGULAR_SPEED_Y,1771303469.3627613,0x001,3,0.00 rad/s
VENTOR_LINEAR_ACC_Z,1771303469.3628135,0x002,4,9.79 m/s²
VENTOR_ANGULAR_SPEED_Z,1771303469.3628135,0x002,4,0.00 rad/s
VENTOR_LINEAR_SPEED_X,1771303469.3628135,0x002,4,20.00 km/h
VENTOR_LINEAR_SPEED_Y,1771303469.3628135,0x002,4,20.00 km/h
VENTOR_LINEAR_ACC_X,1771303469.3728664,0x001,3,654.70 m/s²
VENTOR_ANGULAR_SPEED_X,1771303469.3728664,0x001,3,0.00 rad/s
VENTOR_LINEAR_ACC_Y,1771303469.3728664,0x001,3,654.99 m/s²
VENTOR_ANGULAR_SPEED_Y,1771303469.3728664,0x001,3,0.00 rad/s
VENTOR_LINEAR_ACC_Z,1771303469.3729143,0x002,4,9.79 m/s²
VENTOR_ANGULAR_SPEED_Z,1771303469.3729143,0x002,4,0.00 rad/s
VENTOR_LINEAR_SPEED_X,1771303469.3729143,0x002,4,20.00 km/h
VENTOR_LINEAR_SPEED_Y,1771303469.3729143,0x002,4,20.00 km/h
VENTOR_LINEAR_ACC_X,1771303469.382962,0x001,3,654.70 m/s²
VENTOR_ANGULAR_SPEED_X,1771303469.382962,0x001,3,0.00 rad/s
VENTOR_LINEAR_ACC_Y,1771303469.382962,0x001,3,654.99 m/s²
VENTOR_ANGULAR_SPEED_Y,1771303469.382962,0x001,3,0.00 rad/s
VENTOR_LINEAR_ACC_Z,1771303469.3830116,0x002,4,9.79 m/s²
VENTOR_ANGULAR_SPEED_Z,1771303469.3830116,0x002,4,0.00 rad/s
VENTOR_LINEAR_SPEED_X,1771303469.3830116,0x002,4,20.00 km/h
VENTOR_LINEAR_SPEED_Y,1771303469.3830116,0x002,4,20.00 km/h
VENTOR_LINEAR_ACC_X,1771303469.3930666,0x001,3,654.70 m/s²
VENTOR_ANGULAR_SPEED_X,1771303469.3930666,0x001,3,0.00 rad/s
VENTOR_LINEAR_ACC_Y,1771303469.3930666,0x001,3,654.99 m/s²
VENTOR_ANGULAR_SPEED_Y,1771303469.3930666,0x001,3,0.00 rad/s
VENTOR_LINEAR_ACC_Z,1771303469.3931196,0x002,4,9.79 m/s²
VENTOR_ANGULAR_SPEED_Z,1771303469.3931196,0x002,4,0.00 rad/s
VENTOR_LINEAR_SPEED_X,1771303469.3931196,0x002,4,20.00 km/h
VENTOR_LINEAR_SPEED_Y,1771303469.3931196,0x002,4,20.00 km/h
VENTOR_LINEAR_ACC_X,1771303469.403168,0x001,3,654.70 m/s²
VENTOR_ANGULAR_SPEED_X,1771303469.403168,0x001,3,0.00 rad/s
VENTOR_LINEAR_ACC_Y,1771303469.403168,0x001,3,654.99 m/s²
VENTOR_ANGULAR_SPEED_Y,1771303469.403168,0x001,3,0.00 rad/s
VENTOR_LINEAR_ACC_Z,1771303469.40322,0x002,4,9.79 m/s²
VENTOR_ANGULAR_SPEED_Z,1771303469.40322,0x002,4,0.00 rad/s
VENTOR_LINEAR_SPEED_X,1771303469.40322,0x002,4,20.00 km/h
VENTOR_LINEAR_SPEED_Y,1771303469.40322,0x002,4,20.00 km/h
VENTOR_LINEAR_ACC_X,1771303469.4132886,0x001,3,654.70 m/s²
VENTOR_ANGULAR_SPEED_X,1771303469.4132886,0x001,3,0.00 rad/s
VENTOR_LINEAR_ACC_Y,1771303469.4132886,0x001,3,654.99 m/s²
VENTOR_ANGULAR_SPEED_Y,1771303469.4132886,0x001,3,0.00 rad/s
VENTOR_LINEAR_ACC_Z,1771303469.4133403,0x002,4,9.79 m/s²
VENTOR_ANGULAR_SPEED_Z,1771303469.4133403,0x002,4,0.00 rad/s
VENTOR_LINEAR_SPEED_X,1771303469.4133403,0x002,4,20.00 km/h
VENTOR_LINEAR_SPEED_Y,1771303469.4133403,0x002,4,20.00 km/h
VENTOR_LINEAR_ACC_X,1771303469.4233875,0x001,3,654.70 m/s²
VENTOR_ANGULAR_SPEED_X,1771303469.4233875,0x001,3,0.00 rad/s
VENTOR_LINEAR_ACC_Y,1771303469.4233875,0x001,3,654.99 m/s²
VENTOR_ANGULAR_SPEED_Y,1771303469.4233875,0x001,3,0.00 rad/s
VENTOR_LINEAR_ACC_Z,1771303469.4234412,0x002,4,9.79 m/s²
VENTOR_ANGULAR_SPEED_Z,1771303469.4234412,0x002,4,0.00 rad/s
VENTOR_LINEAR_SPEED_X,1771303469.4234412,0x002,4,20.00 km/h
VENTOR_LINEAR_SPEED_Y,1771303469.4234412,0x002,4,20.00 km/h
VENTOR_LINEAR_ACC_X,1771303469.433477,0x001,3,654.70 m/s²
VENTOR_ANGULAR_SPEED_X,1771303469.433477,0x001,3,0.00 rad/s
VENTOR_LINEAR_ACC_Y,1771303469.433477,0x001,3,654.99 m/s²
VENTOR_ANGULAR_SPEED_Y,1771303469.433477,0x001,3,0.00 rad/s
VENTOR_LINEAR_ACC_Z,1771303469.4335325,0x002,4,9.79 m/s²
VENTOR_ANGULAR_SPEED_Z,1771303469.4335325,0x002,4,0.00 rad/s
VENTOR_LINEAR_SPEED_X,1771303469.4335325,0x002,4,20.00 km/h
VENTOR_LINEAR_SPEED_Y,1771303469.4335325,0x002,4,20.00 km/h
VENTOR_LINEAR_ACC_X,1771303469.4435668,0x001,3,654.70 m/s²
VENTOR_ANGULAR_SPEED_X,1771303469.4435668,0x001,3,0.00 rad/s
VENTOR_LINEAR_ACC_Y,1771303469.4435668,0x001,3,654.99 m/s²
VENTOR_ANGULAR_SPEED_Y,1771303469.4435668,0x001,3,0.00 rad/s
VENTOR_LINEAR_ACC_Z,1771303469.443619,0x002,4,9.79 m/s²
VENTOR_ANGULAR_SPEED_Z,1771303469.443619,0x002,4,0.00 rad/s
VENTOR_LINEAR_SPEED_X,1771303469.443619,0x002,4,20.00 km/h
VENTOR_LINEAR_SPEED_Y,1771303469.443619,0x002,4,20.00 km/h
VENTOR_LINEAR_ACC_X,1771303469.4547207,0x001,3,654.70 m/s²
VENTOR_ANGULAR_SPEED_X,1771303469.4547207,0x001,3,0.00 rad/s
VENTOR_LINEAR_ACC_Y,1771303469.4547207,0x001,3,654.99 m/s²
VENTOR_ANGULAR_SPEED_Y,1771303469.4547207,0x001,3,0.00 rad/s
VENTOR_LINEAR_ACC_Z,1771303469.4547708,0x002,4,9.79 m/s²
VENTOR_ANGULAR_SPEED_Z,1771303469.4547708,0x002,4,0.00 rad/s
VENTOR_LINEAR_SPEED_X,1771303469.4547708,0x002,4,20.00 km/h
VENTOR_LINEAR_SPEED_Y,1771303469.4547708,0x002,4,20.00 km/h
VENTOR_LINEAR_ACC_X,1771303469.4648209,0x001,3,654.70 m/s²
VENTOR_ANGULAR_SPEED_X,1771303469.4648209,0x001,3,0.00 rad/s
VENTOR_LINEAR_ACC_Y,1771303469.4648209,0x001,3,654.99 m/s²
VENTOR_ANGULAR_SPEED_Y,1771303469.4648209,0x001,3,0.00 rad/s
VENTOR_LINEAR_ACC_Z,1771303469.4652991,0x002,4,9.79 m/s²
VENTOR_ANGULAR_SPEED_Z,1771303469.4652991,0x002,4,0.00 rad/s
VENTOR_LINEAR_SPEED_X,1771303469.4652991,0x002,4,20.00 km/h
VENTOR_LINEAR_SPEED_Y,1771303469.4652991,0x002,4,20.00 km/h
VENTOR_LINEAR_ACC_X,1771303469.4750268,0x001,3,654.70 m/s²
VENTOR_ANGULAR_SPEED_X,1771303469.4750268,0x001,3,0.00 rad/s
VENTOR_LINEAR_ACC_Y,1771303469.4750268,0x001,3,654.99 m/s²
VENTOR_ANGULAR_SPEED_Y,1771303469.4750268,0x001,3,0.00 rad/s
VENTOR_LINEAR_ACC_Z,1771303469.4750712,0x002,4,9.79 m/s²
VENTOR_ANGULAR_SPEED_Z,1771303469.4750712,0x002,4,0.00 rad/s
VENTOR_LINEAR_SPEED_X,1771303469.4750712,0x002,4,20.00 km/h
VENTOR_LINEAR_SPEED_Y,1771303469.4750712,0x002,4,20.00 km/h
VENTOR_LINEAR_ACC_X,1771303469.4851353,0x001,3,654.70 m/s²
VENTOR_ANGULAR_SPEED_X,1771303469.4851353,0x001,3,0.00 rad/s
VENTOR_LINEAR_ACC_Y,1771303469.4851353,0x001,3,654.99 m/s²
VENTOR_ANGULAR_SPEED_Y,1771303469.4851353,0x001,3,0.00 rad/s
VENTOR_LINEAR_ACC_Z,1771303469.485181,0x002,4,9.79 m/s²
VENTOR_ANGULAR_SPEED_Z,1771303469.485181,0x002,4,0.00 rad/s
VENTOR_LINEAR_SPEED_X,1771303469.485181,0x002,4,20.00 km/h
VENTOR_LINEAR_SPEED_Y,1771303469.485181,0x002,4,20.00 km/h
VENTOR_LINEAR_ACC_X,1771303469.4952388,0x001,3,654.70 m/s²
VENTOR_ANGULAR_SPEED_X,1771303469.4952388,0x001,3,0.00 rad/s
VENTOR_LINEAR_ACC_Y,1771303469.4952388,0x001,3,655.00 m/s²
VENTOR_ANGULAR_SPEED_Y,1771303469.4952388,0x001,3,0.00 rad/s
VENTOR_LINEAR_ACC_Z,1771303469.495284,0x002,4,9.79 m/s²
VENTOR_ANGULAR_SPEED_Z,1771303469.495284,0x002,4,0.00 rad/s
VENTOR_LINEAR_SPEED_X,1771303469.495284,0x002,4,20.00 km/h
VENTOR_LINEAR_SPEED_Y,1771303469.495284,0x002,4,20.00 km/h
VENTOR_LINEAR_ACC_X,1771303469.5053287,0x001,3,654.70 m/s²
VENTOR_ANGULAR_SPEED_X,1771303469.5053287,0x001,3,0.00 rad/s
VENTOR_LINEAR_ACC_Y,1771303469.5053287,0x001,3,655.00 m/s²
VENTOR_ANGULAR_SPEED_Y,1771303469.5053287,0x001,3,0.00 rad/s
VENTOR_LINEAR_ACC_Z,1771303469.505401,0x002,4,9.79 m/s²
VENTOR_ANGULAR_SPEED_Z,1771303469.505401,0x002,4,0.00 rad/s
VENTOR_LINEAR_SPEED_X,1771303469.505401,0x002,4,20.00 km/h
VENTOR_LINEAR_SPEED_Y,1771303469.505401,0x002,4,20.00 km/h
VENTOR_LINEAR_ACC_X,1771303469.5197542,0x001,3,654.70 m/s²
VENTOR_ANGULAR_SPEED_X,1771303469.5197542,0x001,3,0.00 rad/s
VENTOR_LINEAR_ACC_Y,1771303469.5197542,0x001,3,655.00 m/s²
VENTOR_ANGULAR_SPEED_Y,1771303469.5197542,0x001,3,0.00 rad/s
VENTOR_LINEAR_ACC_Z,1771303469.5198085,0x002,4,9.79 m/s²
VENTOR_ANGULAR_SPEED_Z,1771303469.5198085,0x002,4,0.00 rad/s
VENTOR_LINEAR_SPEED_X,1771303469.5198085,0x002,4,20.00 km/h
VENTOR_LINEAR_SPEED_Y,1771303469.5198085,0x002,4,20.00 km/h
VENTOR_LINEAR_ACC_X,1771303469.5298104,0x001,3,654.70 m/s²
VENTOR_ANGULAR_SPEED_X,1771303469.5298104,0x001,3,0.00 rad/s
VENTOR_LINEAR_ACC_Y,1771303469.5298104,0x001,3,654.99 m/s²
VENTOR_ANGULAR_SPEED_Y,1771303469.5298104,0x001,3,0.00 rad/s
VENTOR_LINEAR_ACC_Z,1771303469.5298553,0x002,4,9.79 m/s²
VENTOR_ANGULAR_SPEED_Z,1771303469.5298553,0x002,4,0.00 rad/s
VENTOR_LINEAR_SPEED_X,1771303469.5298553,0x002,4,20.00 km/h
VENTOR_LINEAR_SPEED_Y,1771303469.5298553,0x002,4,20.00 km/h
VENTOR_LINEAR_ACC_X,1771303469.5399084,0x001,3,654.70 m/s²
VENTOR_ANGULAR_SPEED_X,1771303469.5399084,0x001,3,0.00 rad/s
VENTOR_LINEAR_ACC_Y,1771303469.5399084,0x001,3,654.99 m/s²
VENTOR_ANGULAR_SPEED_Y,1771303469.5399084,0x001,3,0.00 rad/s
VENTOR_LINEAR_ACC_Z,1771303469.5399532,0x002,4,9.79 m/s²
VENTOR_ANGULAR_SPEED_Z,1771303469.5399532,0x002,4,0.00 rad/s
VENTOR_LINEAR_SPEED_X,1771303469.5399532,0x002,4,20.00 km/h
VENTOR_LINEAR_SPEED_Y,1771303469.5399532,0x002,4,20.00 km/h
VENTOR_LINEAR_ACC_X,1771303469.5500333,0x001,3,654.70 m/s²
VENTOR_ANGULAR_SPEED_X,1771303469.5500333,0x001,3,0.00 rad/s
VENTOR_LINEAR_ACC_Y,1771303469.5500333,0x001,3,654.99 m/s²
VENTOR_ANGULAR_SPEED_Y,1771303469.5500333,0x001,3,0.00 rad/s
VENTOR_LINEAR_ACC_Z,1771303469.5500898,0x002,4,9.79 m/s²
VENTOR_ANGULAR_SPEED_Z,1771303469.5500898,0x002,4,0.00 rad/s
VENTOR_LINEAR_SPEED_X,1771303469.5500898,0x002,4,20.00 km/h
VENTOR_LINEAR_SPEED_Y,1771303469.5500898,0x002,4,20.00 km/h
VENTOR_LINEAR_ACC_X,1771303469.5601604,0x001,3,654.70 m/s²
VENTOR_ANGULAR_SPEED_X,1771303469.5601604,0x001,3,0.00 rad/s
VENTOR_LINEAR_ACC_Y,1771303469.5601604,0x001,3,654.99 m/s²
VENTOR_ANGULAR_SPEED_Y,1771303469.5601604,0x001,3,0.00 rad/s
VENTOR_LINEAR_ACC_Z,1771303469.5602202,0x002,4,9.79 m/s²
VENTOR_ANGULAR_SPEED_Z,1771303469.5602202,0x002,4,0.00 rad/s
VENTOR_LINEAR_SPEED_X,1771303469.5602202,0x002,4,20.00 km/h
VENTOR_LINEAR_SPEED_Y,1771303469.5602202,0x002,4,20.00 km/h
VENTOR_LINEAR_ACC_X,1771303469.570254,0x001,3,654.70 m/s²
VENTOR_ANGULAR_SPEED_X,1771303469.570254,0x001,3,0.00 rad/s
VENTOR_LINEAR_ACC_Y,1771303469.570254,0x001,3,654.99 m/s²
VENTOR_ANGULAR_SPEED_Y,1771303469.570254,0x001,3,0.00 rad/s
VENTOR_LINEAR_ACC_Z,1771303469.570308,0x002,4,9.79 m/s²
VENTOR_ANGULAR_SPEED_Z,1771303469.570308,0x002,4,0.00 rad/s
VENTOR_LINEAR_SPEED_X,1771303469.570308,0x002,4,20.00 km/h
VENTOR_LINEAR_SPEED_Y,1771303469.570308,0x002,4,20.00 km/h
VENTOR_LINEAR_ACC_X,1771303469.5803726,0x001,3,654.70 m/s²
VENTOR_ANGULAR_SPEED_X,1771303469.5803726,0x001,3,0.00 rad/s
VENTOR_LINEAR_ACC_Y,1771303469.5803726,0x001,3,654.99 m/s²
VENTOR_ANGULAR_SPEED_Y,1771303469.5803726,0x001,3,0.00 rad/s
VENTOR_LINEAR_ACC_Z,1771303469.5804296,0x002,4,9.79 m/s²
VENTOR_ANGULAR_SPEED_Z,1771303469.5804296,0x002,4,0.00 rad/s
VENTOR_LINEAR_SPEED_X,1771303469.5804296,0x002,4,20.00 km/h
VENTOR_LINEAR_SPEED_Y,1771303469.5804296,0x002,4,20.00 km/h
VENTOR_LINEAR_ACC_X,1771303469.590511,0x001,3,654.70 m/s²
VENTOR_ANGULAR_SPEED_X,1771303469.590511,0x001,3,0.00 rad/s
VENTOR_LINEAR_ACC_Y,1771303469.590511,0x001,3,654.99 m/s²
VENTOR_ANGULAR_SPEED_Y,1771303469.590511,0x001,3,0.00 rad/s
VENTOR_LINEAR_ACC_Z,1771303469.5905688,0x002,4,9.79 m/s²
VENTOR_ANGULAR_SPEED_Z,1771303469.5905688,0x002,4,0.00 rad/s
VENTOR_LINEAR_SPEED_X,1771303469.5905688,0x002,4,20.00 km/h
VENTOR_LINEAR_SPEED_Y,1771303469.5905688,0x002,4,20.00 km/h
VENTOR_LINEAR_ACC_X,1771303469.6006174,0x001,3,654.70 m/s²
VENTOR_ANGULAR_SPEED_X,1771303469.6006174,0x001,3,0.00 rad/s
VENTOR_LINEAR_ACC_Y,1771303469.6006174,0x001,3,654.99 m/s²
VENTOR_ANGULAR_SPEED_Y,1771303469.6006174,0x001,3,0.00 rad/s
VENTOR_LINEAR_ACC_Z,1771303469.600668,0x002,4,9.79 m/s²
VENTOR_ANGULAR_SPEED_Z,1771303469.600668,0x002,4,0.00 rad/s
VENTOR_LINEAR_SPEED_X,1771303469.600668,0x002,4,20.00 km/h
VENTOR_LINEAR_SPEED_Y,1771303469.600668,0x002,4,20.00 km/h
VENTOR_LINEAR_ACC_X,1771303469.6106973,0x001,3,654.70 m/s²
VENTOR_ANGULAR_SPEED_X,1771303469.6106973,0x001,3,0.00 rad/s
VENTOR_LINEAR_ACC_Y,1771303469.6106973,0x001,3,654.99 m/s²
VENTOR_ANGULAR_SPEED_Y,1771303469.6106973,0x001,3,0.00 rad/s
VENTOR_LINEAR_ACC_Z,1771303469.6107447,0x002,4,9.79 m/s²
VENTOR_ANGULAR_SPEED_Z,1771303469.6107447,0x002,4,0.00 rad/s
VENTOR_LINEAR_SPEED_X,1771303469.6107447,0x002,4,20.00 km/h
VENTOR_LINEAR_SPEED_Y,1771303469.6107447,0x002,4,20.00 km/h
VENTOR_LINEAR_ACC_X,1771303469.6208293,0x001,3,654.70 m/s²
VENTOR_ANGULAR_SPEED_X,1771303469.6208293,0x001,3,0.00 rad/s
VENTOR_LINEAR_ACC_Y,1771303469.6208293,0x001,3,654.99 m/s²
VENTOR_ANGULAR_SPEED_Y,1771303469.6208293,0x001,3,0.00 rad/s
VENTOR_LINEAR_ACC_Z,1771303469.6208813,0x002,4,9.79 m/s²
VENTOR_ANGULAR_SPEED_Z,1771303469.6208813,0x002,4,0.00 rad/s
VENTOR_LINEAR_SPEED_X,1771303469.6208813,0x002,4,20.00 km/h
VENTOR_LINEAR_SPEED_Y,1771303469.6208813,0x002,4,20.00 km/h
VENTOR_LINEAR_ACC_X,1771303469.630921,0x001,3,654.70 m/s²
VENTOR_ANGULAR_SPEED_X,1771303469.630921,0x001,3,0.00 rad/s
VENTOR_LINEAR_ACC_Y,1771303469.630921,0x001,3,654.99 m/s²
VENTOR_ANGULAR_SPEED_Y,1771303469.630921,0x001,3,0.00 rad/s
VENTOR_LINEAR_ACC_Z,1771303469.6309712,0x002,4,9.79 m/s²
VENTOR_ANGULAR_SPEED_Z,1771303469.6309712,0x002,4,0.00 rad/s
VENTOR_LINEAR_SPEED_X,1771303469.6309712,0x002,4,20.00 km/h
VENTOR_LINEAR_SPEED_Y,1771303469.6309712,0x002,4,20.00 km/h
VENTOR_LINEAR_ACC_X,1771303469.6410172,0x001,3,654.70 m/s²
VENTOR_ANGULAR_SPEED_X,1771303469.6410172,0x001,3,0.00 rad/s
VENTOR_LINEAR_ACC_Y,1771303469.6410172,0x001,3,654.99 m/s²
VENTOR_ANGULAR_SPEED_Y,1771303469.6410172,0x001,3,0.00 rad/s
VENTOR_LINEAR_ACC_Z,1771303469.6410627,0x002,4,9.79 m/s²
VENTOR_ANGULAR_SPEED_Z,1771303469.6410627,0x002,4,0.00 rad/s
VENTOR_LINEAR_SPEED_X,1771303469.6410627,0x002,4,20.00 km/h
VENTOR_LINEAR_SPEED_Y,1771303469.6410627,0x002,4,20.00 km/h
VENTOR_LINEAR_ACC_X,1771303469.6511312,0x001,3,654.70 m/s²
VENTOR_ANGULAR_SPEED_X,1771303469.6511312,0x001,3,0.00 rad/s
VENTOR_LINEAR_ACC_Y,1771303469.6511312,0x001,3,654.99 m/s²
VENTOR_ANGULAR_SPEED_Y,1771303469.6511312,0x001,3,0.00 rad/s
VENTOR_LINEAR_ACC_Z,1771303469.6511786,0x002,4,9.79 m/s²
VENTOR_ANGULAR_SPEED_Z,1771303469.6511786,0x002,4,0.00 rad/s
VENTOR_LINEAR_SPEED_X,1771303469.6511786,0x002,4,20.00 km/h
VENTOR_LINEAR_SPEED_Y,1771303469.6511786,0x002,4,20.00 km/h
VENTOR_LINEAR_ACC_X,1771303469.6612222,0x001,3,654.70 m/s²
VENTOR_ANGULAR_SPEED_X,1771303469.6612222,0x001,3,0.00 rad/s
VENTOR_LINEAR_ACC_Y,1771303469.6612222,0x001,3,654.99 m/s²
VENTOR_ANGULAR_SPEED_Y,1771303469.6612222,0x001,3,0.00 rad/s
VENTOR_LINEAR_ACC_Z,1771303469.661268,0x002,4,9.79 m/s²
VENTOR_ANGULAR_SPEED_Z,1771303469.661268,0x002,4,0.00 rad/s
VENTOR_LINEAR_SPEED_X,1771303469.661268,0x002,4,20.00 km/h
VENTOR_LINEAR_SPEED_Y,1771303469.661268,0x002,4,20.00 km/h
VENTOR_LINEAR_ACC_X,1771303469.671313,0x001,3,654.70 m/s²
VENTOR_ANGULAR_SPEED_X,1771303469.671313,0x001,3,0.00 rad/s
VENTOR_LINEAR_ACC_Y,1771303469.671313,0x001,3,654.99 m/s²
VENTOR_ANGULAR_SPEED_Y,1771303469.671313,0x001,3,0.00 rad/s
VENTOR_LINEAR_ACC_Z,1771303469.6713605,0x002,4,9.79 m/s²
VENTOR_ANGULAR_SPEED_Z,1771303469.6713605,0x002,4,0.00 rad/s
VENTOR_LINEAR_SPEED_X,1771303469.6713605,0x002,4,20.00 km/h
VENTOR_LINEAR_SPEED_Y,1771303469.6713605,0x002,4,20.00 km/h
VENTOR_LINEAR_ACC_X,1771303469.6814067,0x001,3,654.70 m/s²
VENTOR_ANGULAR_SPEED_X,1771303469.6814067,0x001,3,0.00 rad/s
VENTOR_LINEAR_ACC_Y,1771303469.6814067,0x001,3,654.99 m/s²
VENTOR_ANGULAR_SPEED_Y,1771303469.6814067,0x001,3,0.00 rad/s
VENTOR_LINEAR_ACC_Z,1771303469.6814518,0x002,4,9.79 m/s²
VENTOR_ANGULAR_SPEED_Z,1771303469.6814518,0x002,4,0.00 rad/s
VENTOR_LINEAR_SPEED_X,1771303469.6814518,0x002,4,20.00 km/h
VENTOR_LINEAR_SPEED_Y,1771303469.6814518,0x002,4,20.00 km/h
VENTOR_LINEAR_ACC_X,1771303469.6915102,0x001,3,654.70 m/s²
VENTOR_ANGULAR_SPEED_X,1771303469.6915102,0x001,3,0.00 rad/s
VENTOR_LINEAR_ACC_Y,1771303469.6915102,0x001,3,654.99 m/s²
VENTOR_ANGULAR_SPEED_Y,1771303469.6915102,0x001,3,0.00 rad/s
VENTOR_LINEAR_ACC_Z,1771303469.6915572,0x002,4,9.79 m/s²
VENTOR_ANGULAR_SPEED_Z,1771303469.6915572,0x002,4,0.00 rad/s
VENTOR_LINEAR_SPEED_X,1771303469.6915572,0x002,4,20.00 km/h
VENTOR_LINEAR_SPEED_Y,1771303469.6915572,0x002,4,20.00 km/h
VENTOR_LINEAR_ACC_X,1771303469.7016218,0x001,3,654.70 m/s²
VENTOR_ANGULAR_SPEED_X,1771303469.7016218,0x001,3,0.00 rad/s
VENTOR_LINEAR_ACC_Y,1771303469.7016218,0x001,3,654.99 m/s²
VENTOR_ANGULAR_SPEED_Y,1771303469.7016218,0x001,3,0.00 rad/s
VENTOR_LINEAR_ACC_Z,1771303469.7016728,0x002,4,9.79 m/s²
VENTOR_ANGULAR_SPEED_Z,1771303469.7016728,0x002,4,0.00 rad/s
VENTOR_LINEAR_SPEED_X,1771303469.7016728,0x002,4,20.00 km/h
VENTOR_LINEAR_SPEED_Y,1771303469.7016728,0x002,4,20.00 km/h
VENTOR_LINEAR_ACC_X,1771303469.7116938,0x001,3,654.70 m/s²
VENTOR_ANGULAR_SPEED_X,1771303469.7116938,0x001,3,0.00 rad/s
VENTOR_LINEAR_ACC_Y,1771303469.7116938,0x001,3,654.99 m/s²
VENTOR_ANGULAR_SPEED_Y,1771303469.7116938,0x001,3,0.00 rad/s
VENTOR_LINEAR_ACC_Z,1771303469.7125866,0x002,4,9.79 m/s²
VENTOR_ANGULAR_SPEED_Z,1771303469.7125866,0x002,4,0.00 rad/s
VENTOR_LINEAR_SPEED_X,1771303469.7125866,0x002,4,20.00 km/h
VENTOR_LINEAR_SPEED_Y,1771303469.7125866,0x002,4,20.00 km/h
VENTOR_LINEAR_ACC_X,1771303469.7224245,0x001,3,654.70 m/s²
VENTOR_ANGULAR_SPEED_X,1771303469.7224245,0x001,3,0.00 rad/s
VENTOR_LINEAR_ACC_Y,1771303469.7224245,0x001,3,654.99 m/s²
VENTOR_ANGULAR_SPEED_Y,1771303469.7224245,0x001,3,0.00 rad/s
VENTOR_LINEAR_ACC_Z,1771303469.7224784,0x002,4,9.79 m/s²
VENTOR_ANGULAR_SPEED_Z,1771303469.7224784,0x002,4,0.00 rad/s
VENTOR_LINEAR_SPEED_X,1771303469.7224784,0x002,4,20.00 km/h
VENTOR_LINEAR_SPEED_Y,1771303469.7224784,0x002,4,20.00 km/h
VENTOR_LINEAR_ACC_X,1771303469.7325406,0x001,3,654.70 m/s²
VENTOR_ANGULAR_SPEED_X,1771303469.7325406,0x001,3,0.00 rad/s
VENTOR_LINEAR_ACC_Y,1771303469.7325406,0x001,3,654.99 m/s²
VENTOR_ANGULAR_SPEED_Y,1771303469.7325406,0x001,3,0.00 rad/s
VENTOR_LINEAR_ACC_Z,1771303469.732588,0x002,4,9.80 m/s²
VENTOR_ANGULAR_SPEED_Z,1771303469.732588,0x002,4,0.00 rad/s
VENTOR_LINEAR_SPEED_X,1771303469.732588,0x002,4,20.00 km/h
VENTOR_LINEAR_SPEED_Y,1771303469.732588,0x002,4,20.00 km/h
VENTOR_LINEAR_ACC_X,1771303469.7425694,0x001,3,654.70 m/s²
VENTOR_ANGULAR_SPEED_X,1771303469.7425694,0x001,3,0.00 rad/s
VENTOR_LINEAR_ACC_Y,1771303469.7425694,0x001,3,654.99 m/s²
VENTOR_ANGULAR_SPEED_Y,1771303469.7425694,0x001,3,0.00 rad/s
VENTOR_LINEAR_ACC_Z,1771303469.742634,0x002,4,9.79 m/s²
VENTOR_ANGULAR_SPEED_Z,1771303469.742634,0x002,4,0.00 rad/s
VENTOR_LINEAR_SPEED_X,1771303469.742634,0x002,4,20.00 km/h
VENTOR_LINEAR_SPEED_Y,1771303469.742634,0x002,4,20.00 km/h
VENTOR_LINEAR_ACC_X,1771303469.7526677,0x001,3,654.70 m/s²
VENTOR_ANGULAR_SPEED_X,1771303469.7526677,0x001,3,0.00 rad/s
VENTOR_LINEAR_ACC_Y,1771303469.7526677,0x001,3,654.99 m/s²
VENTOR_ANGULAR_SPEED_Y,1771303469.7526677,0x001,3,0.00 rad/s
VENTOR_LINEAR_ACC_Z,1771303469.7527168,0x002,4,9.79 m/s²
VENTOR_ANGULAR_SPEED_Z,1771303469.7527168,0x002,4,0.00 rad/s
VENTOR_LINEAR_SPEED_X,1771303469.7527168,0x002,4,20.00 km/h
VENTOR_LINEAR_SPEED_Y,1771303469.7527168,0x002,4,20.00 km/h
VENTOR_LINEAR_ACC_X,1771303469.7627926,0x001,3,654.70 m/s²
VENTOR_ANGULAR_SPEED_X,1771303469.7627926,0x001,3,0.00 rad/s
VENTOR_LINEAR_ACC_Y,1771303469.7627926,0x001,3,654.99 m/s²
VENTOR_ANGULAR_SPEED_Y,1771303469.7627926,0x001,3,0.00 rad/s
VENTOR_LINEAR_ACC_Z,1771303469.7628472,0x002,4,9.79 m/s²
VENTOR_ANGULAR_SPEED_Z,1771303469.7628472,0x002,4,0.00 rad/s
VENTOR_LINEAR_SPEED_X,1771303469.7628472,0x002,4,20.00 km/h
VENTOR_LINEAR_SPEED_Y,1771303469.7628472,0x002,4,20.00 km/h
VENTOR_LINEAR_ACC_X,1771303469.7728612,0x001,3,654.70 m/s²
VENTOR_ANGULAR_SPEED_X,1771303469.7728612,0x001,3,0.00 rad/s
VENTOR_LINEAR_ACC_Y,1771303469.7728612,0x001,3,654.99 m/s²
VENTOR_ANGULAR_SPEED_Y,1771303469.7728612,0x001,3,0.00 rad/s
VENTOR_LINEAR_ACC_Z,1771303469.7729094,0x002,4,9.79 m/s²
VENTOR_ANGULAR_SPEED_Z,1771303469.7729094,0x002,4,0.00 rad/s
VENTOR_LINEAR_SPEED_X,1771303469.7729094,0x002,4,20.00 km/h
VENTOR_LINEAR_SPEED_Y,1771303469.7729094,0x002,4,20.00 km/h
VENTOR_LINEAR_ACC_X,1771303469.7829719,0x001,3,654.70 m/s²
VENTOR_ANGULAR_SPEED_X,1771303469.7829719,0x001,3,0.00 rad/s
VENTOR_LINEAR_ACC_Y,1771303469.7829719,0x001,3,654.99 m/s²
VENTOR_ANGULAR_SPEED_Y,1771303469.7829719,0x001,3,0.00 rad/s
VENTOR_LINEAR_ACC_Z,1771303469.7830276,0x002,4,9.79 m/s²
VENTOR_ANGULAR_SPEED_Z,1771303469.7830276,0x002,4,0.00 rad/s
VENTOR_LINEAR_SPEED_X,1771303469.7830276,0x002,4,20.00 km/h
VENTOR_LINEAR_SPEED_Y,1771303469.7830276,0x002,4,20.00 km/h
VENTOR_LINEAR_ACC_X,1771303469.7930486,0x001,3,654.70 m/s²
VENTOR_ANGULAR_SPEED_X,1771303469.7930486,0x001,3,0.00 rad/s
VENTOR_LINEAR_ACC_Y,1771303469.7930486,0x001,3,654.99 m/s²
VENTOR_ANGULAR_SPEED_Y,1771303469.7930486,0x001,3,0.00 rad/s
VENTOR_LINEAR_ACC_Z,1771303469.7930982,0x002,4,9.79 m/s²
VENTOR_ANGULAR_SPEED_Z,1771303469.7930982,0x002,4,0.00 rad/s
VENTOR_LINEAR_SPEED_X,1771303469.7930982,0x002,4,20.00 km/h
VENTOR_LINEAR_SPEED_Y,1771303469.7930982,0x002,4,20.00 km/h
VENTOR_LINEAR_ACC_X,1771303469.8031423,0x001,3,654.70 m/s²
VENTOR_ANGULAR_SPEED_X,1771303469.8031423,0x001,3,0.00 rad/s
VENTOR_LINEAR_ACC_Y,1771303469.8031423,0x001,3,654.99 m/s²
VENTOR_ANGULAR_SPEED_Y,1771303469.8031423,0x001,3,0.00 rad/s
VENTOR_LINEAR_ACC_Z,1771303469.8031833,0x002,4,9.79 m/s²
VENTOR_ANGULAR_SPEED_Z,1771303469.8031833,0x002,4,0.00 rad/s
VENTOR_LINEAR_SPEED_X,1771303469.8031833,0x002,4,20.00 km/h
VENTOR_LINEAR_SPEED_Y,1771303469.8031833,0x002,4,20.00 km/h
VENTOR_LINEAR_ACC_X,1771303469.81322,0x001,3,654.70 m/s²
VENTOR_ANGULAR_SPEED_X,1771303469.81322,0x001,3,0.00 rad/s
VENTOR_LINEAR_ACC_Y,1771303469.81322,0x001,3,654.99 m/s²
VENTOR_ANGULAR_SPEED_Y,1771303469.81322,0x001,3,0.00 rad/s
VENTOR_LINEAR_ACC_Z,1771303469.8132794,0x002,4,9.79 m/s²
VENTOR_ANGULAR_SPEED_Z,1771303469.8132794,0x002,4,0.00 rad/s
VENTOR_LINEAR_SPEED_X,1771303469.8132794,0x002,4,20.00 km/h
VENTOR_LINEAR_SPEED_Y,1771303469.8132794,0x002,4,20.00 km/h
VENTOR_LINEAR_ACC_X,1771303469.8233998,0x001,3,654.70 m/s²
VENTOR_ANGULAR_SPEED_X,1771303469.8233998,0x001,3,0.00 rad/s
VENTOR_LINEAR_ACC_Y,1771303469.8233998,0x001,3,654.99 m/s²
VENTOR_ANGULAR_SPEED_Y,1771303469.8233998,0x001,3,0.00 rad/s
VENTOR_LINEAR_ACC_Z,1771303469.8234596,0x002,4,9.79 m/s²
VENTOR_ANGULAR_SPEED_Z,1771303469.8234596,0x002,4,0.00 rad/s
VENTOR_LINEAR_SPEED_X,1771303469.8234596,0x002,4,20.00 km/h
VENTOR_LINEAR_SPEED_Y,1771303469.8234596,0x002,4,20.00 km/h
VENTOR_LINEAR_ACC_X,1771303469.8334906,0x001,3,654.70 m/s²
VENTOR_ANGULAR_SPEED_X,1771303469.8334906,0x001,3,0.00 rad/s
VENTOR_LINEAR_ACC_Y,1771303469.8334906,0x001,3,654.99 m/s²
VENTOR_ANGULAR_SPEED_Y,1771303469.8334906,0x001,3,0.00 rad/s
VENTOR_LINEAR_ACC_Z,1771303469.8335495,0x002,4,9.79 m/s²
VENTOR_ANGULAR_SPEED_Z,1771303469.8335495,0x002,4,0.00 rad/s
VENTOR_LINEAR_SPEED_X,1771303469.8335495,0x002,4,20.00 km/h
VENTOR_LINEAR_SPEED_Y,1771303469.8335495,0x002,4,20.00 km/h
VENTOR_LINEAR_ACC_X,1771303469.8435786,0x001,3,654.70 m/s²
VENTOR_ANGULAR_SPEED_X,1771303469.8435786,0x001,3,0.00 rad/s
VENTOR_LINEAR_ACC_Y,1771303469.8435786,0x001,3,654.99 m/s²
VENTOR_ANGULAR_SPEED_Y,1771303469.8435786,0x001,3,0.00 rad/s
VENTOR_LINEAR_ACC_Z,1771303469.8436267,0x002,4,9.79 m/s²
VENTOR_ANGULAR_SPEED_Z,1771303469.8436267,0x002,4,0.00 rad/s
VENTOR_LINEAR_SPEED_X,1771303469.8436267,0x002,4,20.00 km/h
VENTOR_LINEAR_SPEED_Y,1771303469.8436267,0x002,4,20.00 km/h
VENTOR_LINEAR_ACC_X,1771303469.8536448,0x001,3,654.70 m/s²
VENTOR_ANGULAR_SPEED_X,1771303469.8536448,0x001,3,0.00 rad/s
VENTOR_LINEAR_ACC_Y,1771303469.8536448,0x001,3,654.99 m/s²
VENTOR_ANGULAR_SPEED_Y,1771303469.8536448,0x001,3,0.00 rad/s
VENTOR_LINEAR_ACC_Z,1771303469.853691,0x002,4,9.79 m/s²
VENTOR_ANGULAR_SPEED_Z,1771303469.853691,0x002,4,0.00 rad/s
VENTOR_LINEAR_SPEED_X,1771303469.853691,0x002,4,20.00 km/h
VENTOR_LINEAR_SPEED_Y,1771303469.853691,0x002,4,20.00 km/h
VENTOR_LINEAR_ACC_X,1771303469.8637235,0x001,3,654.70 m/s²
VENTOR_ANGULAR_SPEED_X,1771303469.8637235,0x001,3,0.00 rad/s
VENTOR_LINEAR_ACC_Y,1771303469.8637235,0x001,3,654.99 m/s²
VENTOR_ANGULAR_SPEED_Y,1771303469.8637235,0x001,3,0.00 rad/s
VENTOR_LINEAR_ACC_Z,1771303469.8637688,0x002,4,9.79 m/s²
VENTOR_ANGULAR_SPEED_Z,1771303469.8637688,0x002,4,0.00 rad/s
VENTOR_LINEAR_SPEED_X,1771303469.8637688,0x002,4,20.00 km/h
VENTOR_LINEAR_SPEED_Y,1771303469.8637688,0x002,4,20.00 km/h
VENTOR_LINEAR_ACC_X,1771303469.8738456,0x001,3,654.70 m/s²
VENTOR_ANGULAR_SPEED_X,1771303469.8738456,0x001,3,0.00 rad/s
VENTOR_LINEAR_ACC_Y,1771303469.8738456,0x001,3,654.99 m/s²
VENTOR_ANGULAR_SPEED_Y,1771303469.8738456,0x001,3,0.00 rad/s
VENTOR_LINEAR_ACC_Z,1771303469.8738995,0x002,4,9.79 m/s²
VENTOR_ANGULAR_SPEED_Z,1771303469.8738995,0x002,4,0.00 rad/s
VENTOR_LINEAR_SPEED_X,1771303469.8738995,0x002,4,20.00 km/h
VENTOR_LINEAR_SPEED_Y,1771303469.8738995,0x002,4,20.00 km/h
VENTOR_LINEAR_ACC_X,1771303469.8839402,0x001,3,654.70 m/s²
VENTOR_ANGULAR_SPEED_X,1771303469.8839402,0x001,3,0.00 rad/s
VENTOR_LINEAR_ACC_Y,1771303469.8839402,0x001,3,654.99 m/s²
VENTOR_ANGULAR_SPEED_Y,1771303469.8839402,0x001,3,0.00 rad/s
VENTOR_LINEAR_ACC_Z,1771303469.8840013,0x002,4,9.79 m/s²
VENTOR_ANGULAR_SPEED_Z,1771303469.8840013,0x002,4,0.00 rad/s
VENTOR_LINEAR_SPEED_X,1771303469.8840013,0x002,4,20.00 km/h
VENTOR_LINEAR_SPEED_Y,1771303469.8840013,0x002,4,20.00 km/h
VENTOR_LINEAR_ACC_X,1771303469.8940437,0x001,3,654.70 m/s²
VENTOR_ANGULAR_SPEED_X,1771303469.8940437,0x001,3,0.00 rad/s
VENTOR_LINEAR_ACC_Y,1771303469.8940437,0x001,3,654.99 m/s²
VENTOR_ANGULAR_SPEED_Y,1771303469.8940437,0x001,3,0.00 rad/s
VENTOR_LINEAR_ACC_Z,1771303469.8941028,0x002,4,9.79 m/s²
VENTOR_ANGULAR_SPEED_Z,1771303469.8941028,0x002,4,0.00 rad/s
VENTOR_LINEAR_SPEED_X,1771303469.8941028,0x002,4,20.00 km/h
VENTOR_LINEAR_SPEED_Y,1771303469.8941028,0x002,4,20.00 km/h
VENTOR_LINEAR_ACC_X,1771303469.9041815,0x001,3,654.70 m/s²
VENTOR_ANGULAR_SPEED_X,1771303469.9041815,0x001,3,0.00 rad/s
VENTOR_LINEAR_ACC_Y,1771303469.9041815,0x001,3,654.99 m/s²
VENTOR_ANGULAR_SPEED_Y,1771303469.9041815,0x001,3,0.00 rad/s
VENTOR_LINEAR_ACC_Z,1771303469.904232,0x002,4,9.79 m/s²
VENTOR_ANGULAR_SPEED_Z,1771303469.904232,0x002,4,0.00 rad/s
VENTOR_LINEAR_SPEED_X,1771303469.904232,0x002,4,20.00 km/h
VENTOR_LINEAR_SPEED_Y,1771303469.904232,0x002,4,20.00 km/h
VENTOR_LINEAR_ACC_X,1771303469.914241,0x001,3,654.70 m/s²
VENTOR_ANGULAR_SPEED_X,1771303469.914241,0x001,3,0.00 rad/s
VENTOR_LINEAR_ACC_Y,1771303469.914241,0x001,3,654.99 m/s²
VENTOR_ANGULAR_SPEED_Y,1771303469.914241,0x001,3,0.00 rad/s
VENTOR_LINEAR_ACC_Z,1771303469.9142907,0x002,4,9.79 m/s²
VENTOR_ANGULAR_SPEED_Z,1771303469.9142907,0x002,4,0.00 rad/s
VENTOR_LINEAR_SPEED_X,1771303469.9142907,0x002,4,20.00 km/h
VENTOR_LINEAR_SPEED_Y,1771303469.9142907,0x002,4,20.00 km/h
VENTOR_LINEAR_ACC_X,1771303469.9243307,0x001,3,654.70 m/s²
VENTOR_ANGULAR_SPEED_X,1771303469.9243307,0x001,3,0.00 rad/s
VENTOR_LINEAR_ACC_Y,1771303469.9243307,0x001,3,654.99 m/s²
VENTOR_ANGULAR_SPEED_Y,1771303469.9243307,0x001,3,0.00 rad/s
VENTOR_LINEAR_ACC_Z,1771303469.9244032,0x002,4,9.79 m/s²
VENTOR_ANGULAR_SPEED_Z,1771303469.9244032,0x002,4,0.00 rad/s
VENTOR_LINEAR_SPEED_X,1771303469.9244032,0x002,4,20.00 km/h
VENTOR_LINEAR_SPEED_Y,1771303469.9244032,0x002,4,20.00 km/h
VENTOR_LINEAR_ACC_X,1771303469.9352553,0x001,3,654.70 m/s²
VENTOR_ANGULAR_SPEED_X,1771303469.9352553,0x001,3,0.00 rad/s
VENTOR_LINEAR_ACC_Y,1771303469.9352553,0x001,3,654.99 m/s²
VENTOR_ANGULAR_SPEED_Y,1771303469.9352553,0x001,3,0.00 rad/s
VENTOR_LINEAR_ACC_Z,1771303469.935311,0x002,4,9.79 m/s²
VENTOR_ANGULAR_SPEED_Z,1771303469.935311,0x002,4,0.00 rad/s
VENTOR_LINEAR_SPEED_X,1771303469.935311,0x002,4,20.00 km/h
VENTOR_LINEAR_SPEED_Y,1771303469.935311,0x002,4,20.00 km/h
VENTOR_LINEAR_ACC_X,1771303469.9453294,0x001,3,654.70 m/s²
VENTOR_ANGULAR_SPEED_X,1771303469.9453294,0x001,3,0.00 rad/s
VENTOR_LINEAR_ACC_Y,1771303469.9453294,0x001,3,654.99 m/s²
VENTOR_ANGULAR_SPEED_Y,1771303469.9453294,0x001,3,0.00 rad/s
VENTOR_LINEAR_ACC_Z,1771303469.9453814,0x002,4,9.79 m/s²
VENTOR_ANGULAR_SPEED_Z,1771303469.9453814,0x002,4,0.00 rad/s
VENTOR_LINEAR_SPEED_X,1771303469.9453814,0x002,4,20.00 km/h
VENTOR_LINEAR_SPEED_Y,1771303469.9453814,0x002,4,20.00 km/h
VENTOR_LINEAR_ACC_X,1771303469.955421,0x001,3,654.70 m/s²
VENTOR_ANGULAR_SPEED_X,1771303469.955421,0x001,3,0.00 rad/s
VENTOR_LINEAR_ACC_Y,1771303469.955421,0x001,3,655.00 m/s²
VENTOR_ANGULAR_SPEED_Y,1771303469.955421,0x001,3,0.00 rad/s
VENTOR_LINEAR_ACC_Z,1771303469.9554667,0x002,4,9.79 m/s²
VENTOR_ANGULAR_SPEED_Z,1771303469.9554667,0x002,4,0.00 rad/s
VENTOR_LINEAR_SPEED_X,1771303469.9554667,0x002,4,20.00 km/h
VENTOR_LINEAR_SPEED_Y,1771303469.9554667,0x002,4,20.00 km/h
VENTOR_LINEAR_ACC_X,1771303469.965515,0x001,3,654.70 m/s²
VENTOR_ANGULAR_SPEED_X,1771303469.965515,0x001,3,0.00 rad/s
VENTOR_LINEAR_ACC_Y,1771303469.965515,0x001,3,655.00 m/s²
VENTOR_ANGULAR_SPEED_Y,1771303469.965515,0x001,3,0.00 rad/s
VENTOR_LINEAR_ACC_Z,1771303469.9655666,0x002,4,9.79 m/s²
VENTOR_ANGULAR_SPEED_Z,1771303469.9655666,0x002,4,0.00 rad/s
VENTOR_LINEAR_SPEED_X,1771303469.9655666,0x002,4,20.00 km/h
VENTOR_LINEAR_SPEED_Y,1771303469.9655666,0x002,4,20.00 km/h
VENTOR_LINEAR_ACC_X,1771303469.9756107,0x001,3,654.70 m/s²
VENTOR_ANGULAR_SPEED_X,1771303469.9756107,0x001,3,0.00 rad/s
VENTOR_LINEAR_ACC_Y,1771303469.9756107,0x001,3,655.00 m/s²
VENTOR_ANGULAR_SPEED_Y,1771303469.9756107,0x001,3,0.00 rad/s
VENTOR_LINEAR_ACC_Z,1771303469.9756591,0x002,4,9.79 m/s²
VENTOR_ANGULAR_SPEED_Z,1771303469.9756591,0x002,4,0.00 rad/s
VENTOR_LINEAR_SPEED_X,1771303469.9756591,0x002,4,20.00 km/h
VENTOR_LINEAR_SPEED_Y,1771303469.9756591,0x002,4,20.00 km/h
VENTOR_LINEAR_ACC_X,1771303469.9856877,0x001,3,654.70 m/s²
VENTOR_ANGULAR_SPEED_X,1771303469.9856877,0x001,3,0.00 rad/s
VENTOR_LINEAR_ACC_Y,1771303469.9856877,0x001,3,654.99 m/s²
VENTOR_ANGULAR_SPEED_Y,1771303469.9856877,0x001,3,0.00 rad/s
VENTOR_LINEAR_ACC_Z,1771303469.9857588,0x002,4,9.79 m/s²
VENTOR_ANGULAR_SPEED_Z,1771303469.9857588,0x002,4,0.00 rad/s
VENTOR_LINEAR_SPEED_X,1771303469.9857588,0x002,4,20.00 km/h
VENTOR_LINEAR_SPEED_Y,1771303469.9857588,0x002,4,20.00 km/h
VENTOR_LINEAR_ACC_X,1771303469.9958024,0x001,3,654.70 m/s²
VENTOR_ANGULAR_SPEED_X,1771303469.9958024,0x001,3,0.00 rad/s
VENTOR_LINEAR_ACC_Y,1771303469.9958024,0x001,3,654.99 m/s²
VENTOR_ANGULAR_SPEED_Y,1771303469.9958024,0x001,3,0.00 rad/s
VENTOR_LINEAR_ACC_Z,1771303469.995856,0x002,4,9.79 m/s²
VENTOR_ANGULAR_SPEED_Z,1771303469.995856,0x002,4,0.00 rad/s
VENTOR_LINEAR_SPEED_X,1771303469.995856,0x002,4,20.00 km/h
VENTOR_LINEAR_SPEED_Y,1771303469.995856,0x002,4,20.00 km/h
VENTOR_LINEAR_ACC_X,1771303470.0058928,0x001,3,654.70 m/s²
VENTOR_ANGULAR_SPEED_X,1771303470.0058928,0x001,3,0.00 rad/s
VENTOR_LINEAR_ACC_Y,1771303470.0058928,0x001,3,654.99 m/s²
VENTOR_ANGULAR_SPEED_Y,1771303470.0058928,0x001,3,0.00 rad/s
VENTOR_LINEAR_ACC_Z,1771303470.0059419,0x002,4,9.79 m/s²
VENTOR_ANGULAR_SPEED_Z,1771303470.0059419,0x002,4,0.00 rad/s
VENTOR_LINEAR_SPEED_X,1771303470.0059419,0x002,4,20.00 km/h
VENTOR_LINEAR_SPEED_Y,1771303470.0059419,0x002,4,20.00 km/h
VENTOR_LINEAR_ACC_X,1771303470.0159853,0x001,3,654.70 m/s²
VENTOR_ANGULAR_SPEED_X,1771303470.0159853,0x001,3,0.00 rad/s
VENTOR_LINEAR_ACC_Y,1771303470.0159853,0x001,3,654.99 m/s²
VENTOR_ANGULAR_SPEED_Y,1771303470.0159853,0x001,3,0.00 rad/s
VENTOR_LINEAR_ACC_Z,1771303470.016033,0x002,4,9.79 m/s²
VENTOR_ANGULAR_SPEED_Z,1771303470.016033,0x002,4,0.00 rad/s
VENTOR_LINEAR_SPEED_X,1771303470.016033,0x002,4,20.00 km/h
VENTOR_LINEAR_SPEED_Y,1771303470.016033,0x002,4,20.00 km/h
VENTOR_LINEAR_ACC_X,1771303470.0261374,0x001,3,654.70 m/s²
VENTOR_ANGULAR_SPEED_X,1771303470.0261374,0x001,3,0.00 rad/s
VENTOR_LINEAR_ACC_Y,1771303470.0261374,0x001,3,654.99 m/s²
VENTOR_ANGULAR_SPEED_Y,1771303470.0261374,0x001,3,0.00 rad/s
VENTOR_LINEAR_ACC_Z,1771303470.026206,0x002,4,9.79 m/s²
VENTOR_ANGULAR_SPEED_Z,1771303470.026206,0x002,4,0.00 rad/s
VENTOR_LINEAR_SPEED_X,1771303470.026206,0x002,4,20.00 km/h
VENTOR_LINEAR_SPEED_Y,1771303470.026206,0x002,4,20.00 km/h
VENTOR_LINEAR_ACC_X,1771303470.036218,0x001,3,654.70 m/s²
VENTOR_ANGULAR_SPEED_X,1771303470.036218,0x001,3,0.00 rad/s
VENTOR_LINEAR_ACC_Y,1771303470.036218,0x001,3,654.99 m/s²
VENTOR_ANGULAR_SPEED_Y,1771303470.036218,0x001,3,0.00 rad/s
VENTOR_LINEAR_ACC_Z,1771303470.0362685,0x002,4,9.79 m/s²
VENTOR_ANGULAR_SPEED_Z,1771303470.0362685,0x002,4,0.00 rad/s
VENTOR_LINEAR_SPEED_X,1771303470.0362685,0x002,4,20.00 km/h
VENTOR_LINEAR_SPEED_Y,1771303470.0362685,0x002,4,20.00 km/h
VENTOR_LINEAR_ACC_X,1771303470.0463698,0x001,3,654.70 m/s²
VENTOR_ANGULAR_SPEED_X,1771303470.0463698,0x001,3,0.00 rad/s
VENTOR_LINEAR_ACC_Y,1771303470.0463698,0x001,3,654.99 m/s²
VENTOR_ANGULAR_SPEED_Y,1771303470.0463698,0x001,3,0.00 rad/s
VENTOR_LINEAR_ACC_Z,1771303470.0464218,0x002,4,9.79 m/s²
VENTOR_ANGULAR_SPEED_Z,1771303470.0464218,0x002,4,0.00 rad/s
VENTOR_LINEAR_SPEED_X,1771303470.0464218,0x002,4,20.00 km/h
VENTOR_LINEAR_SPEED_Y,1771303470.0464218,0x002,4,20.00 km/h
VENTOR_LINEAR_ACC_X,1771303470.0564468,0x001,3,654.70 m/s²
VENTOR_ANGULAR_SPEED_X,1771303470.0564468,0x001,3,0.00 rad/s
VENTOR_LINEAR_ACC_Y,1771303470.0564468,0x001,3,654.99 m/s²
VENTOR_ANGULAR_SPEED_Y,1771303470.0564468,0x001,3,0.00 rad/s
VENTOR_LINEAR_ACC_Z,1771303470.0565739,0x002,4,9.79 m/s²
VENTOR_ANGULAR_SPEED_Z,1771303470.0565739,0x002,4,0.00 rad/s
VENTOR_LINEAR_SPEED_X,1771303470.0565739,0x002,4,20.00 km/h
VENTOR_LINEAR_SPEED_Y,1771303470.0565739,0x002,4,20.00 km/h
VENTOR_LINEAR_ACC_X,1771303470.0665593,0x001,3,654.70 m/s²
VENTOR_ANGULAR_SPEED_X,1771303470.0665593,0x001,3,0.00 rad/s
VENTOR_LINEAR_ACC_Y,1771303470.0665593,0x001,3,654.99 m/s²
VENTOR_ANGULAR_SPEED_Y,1771303470.0665593,0x001,3,0.00 rad/s
VENTOR_LINEAR_ACC_Z,1771303470.0666213,0x002,4,9.79 m/s²
VENTOR_ANGULAR_SPEED_Z,1771303470.0666213,0x002,4,0.00 rad/s
VENTOR_LINEAR_SPEED_X,1771303470.0666213,0x002,4,20.00 km/h
VENTOR_LINEAR_SPEED_Y,1771303470.0666213,0x002,4,20.00 km/h
VENTOR_LINEAR_ACC_X,1771303470.0767868,0x001,3,654.70 m/s²
VENTOR_ANGULAR_SPEED_X,1771303470.0767868,0x001,3,0.00 rad/s
VENTOR_LINEAR_ACC_Y,1771303470.0767868,0x001,3,654.99 m/s²
VENTOR_ANGULAR_SPEED_Y,1771303470.0767868,0x001,3,0.00 rad/s
VENTOR_LINEAR_ACC_Z,1771303470.0768592,0x002,4,9.79 m/s²
VENTOR_ANGULAR_SPEED_Z,1771303470.0768592,0x002,4,0.00 rad/s
VENTOR_LINEAR_SPEED_X,1771303470.0768592,0x002,4,20.00 km/h
VENTOR_LINEAR_SPEED_Y,1771303470.0768592,0x002,4,20.00 km/h
VENTOR_LINEAR_ACC_X,1771303470.0867558,0x001,3,654.70 m/s²
VENTOR_ANGULAR_SPEED_X,1771303470.0867558,0x001,3,0.00 rad/s
VENTOR_LINEAR_ACC_Y,1771303470.0867558,0x001,3,654.99 m/s²
VENTOR_ANGULAR_SPEED_Y,1771303470.0867558,0x001,3,0.00 rad/s
VENTOR_LINEAR_ACC_Z,1771303470.0877037,0x002,4,9.79 m/s²
VENTOR_ANGULAR_SPEED_Z,1771303470.0877037,0x002,4,0.00 rad/s
VENTOR_LINEAR_SPEED_X,1771303470.0877037,0x002,4,20.00 km/h
VENTOR_LINEAR_SPEED_Y,1771303470.0877037,0x002,4,20.00 km/h
VENTOR_LINEAR_ACC_X,1771303470.0968528,0x001,3,654.70 m/s²
VENTOR_ANGULAR_SPEED_X,1771303470.0968528,0x001,3,0.00 rad/s
VENTOR_LINEAR_ACC_Y,1771303470.0968528,0x001,3,655.00 m/s²
VENTOR_ANGULAR_SPEED_Y,1771303470.0968528,0x001,3,0.00 rad/s
VENTOR_LINEAR_ACC_Z,1771303470.0969045,0x002,4,9.79 m/s²
VENTOR_ANGULAR_SPEED_Z,1771303470.0969045,0x002,4,0.00 rad/s
VENTOR_LINEAR_SPEED_X,1771303470.0969045,0x002,4,20.00 km/h
VENTOR_LINEAR_SPEED_Y,1771303470.0969045,0x002,4,20.00 km/h
VENTOR_LINEAR_ACC_X,1771303470.1069202,0x001,3,654.70 m/s²
VENTOR_ANGULAR_SPEED_X,1771303470.1069202,0x001,3,0.00 rad/s
VENTOR_LINEAR_ACC_Y,1771303470.1069202,0x001,3,654.99 m/s²
VENTOR_ANGULAR_SPEED_Y,1771303470.1069202,0x001,3,0.00 rad/s
VENTOR_LINEAR_ACC_Z,1771303470.1069684,0x002,4,9.79 m/s²
VENTOR_ANGULAR_SPEED_Z,1771303470.1069684,0x002,4,0.00 rad/s
VENTOR_LINEAR_SPEED_X,1771303470.1069684,0x002,4,20.00 km/h
VENTOR_LINEAR_SPEED_Y,1771303470.1069684,0x002,4,20.00 km/h
VENTOR_LINEAR_ACC_X,1771303470.1170137,0x001,3,654.70 m/s²
VENTOR_ANGULAR_SPEED_X,1771303470.1170137,0x001,3,0.00 rad/s
VENTOR_LINEAR_ACC_Y,1771303470.1170137,0x001,3,654.99 m/s²
VENTOR_ANGULAR_SPEED_Y,1771303470.1170137,0x001,3,0.00 rad/s
VENTOR_LINEAR_ACC_Z,1771303470.1170738,0x002,4,9.79 m/s²
VENTOR_ANGULAR_SPEED_Z,1771303470.1170738,0x002,4,0.00 rad/s
VENTOR_LINEAR_SPEED_X,1771303470.1170738,0x002,4,20.00 km/h
VENTOR_LINEAR_SPEED_Y,1771303470.1170738,0x002,4,20.00 km/h
VENTOR_LINEAR_ACC_X,1771303470.127137,0x001,3,654.70 m/s²
VENTOR_ANGULAR_SPEED_X,1771303470.127137,0x001,3,0.00 rad/s
VENTOR_LINEAR_ACC_Y,1771303470.127137,0x001,3,654.99 m/s²
VENTOR_ANGULAR_SPEED_Y,1771303470.127137,0x001,3,0.00 rad/s
VENTOR_LINEAR_ACC_Z,1771303470.127198,0x002,4,9.79 m/s²
VENTOR_ANGULAR_SPEED_Z,1771303470.127198,0x002,4,0.00 rad/s
VENTOR_LINEAR_SPEED_X,1771303470.127198,0x002,4,20.00 km/h
VENTOR_LINEAR_SPEED_Y,1771303470.127198,0x002,4,20.00 km/h
VENTOR_LINEAR_ACC_X,1771303470.137227,0x001,3,654.70 m/s²
VENTOR_ANGULAR_SPEED_X,1771303470.137227,0x001,3,0.00 rad/s
VENTOR_LINEAR_ACC_Y,1771303470.137227,0x001,3,654.99 m/s²
VENTOR_ANGULAR_SPEED_Y,1771303470.137227,0x001,3,0.00 rad/s
VENTOR_LINEAR_ACC_Z,1771303470.1372852,0x002,4,9.79 m/s²
VENTOR_ANGULAR_SPEED_Z,1771303470.1372852,0x002,4,0.00 rad/s
VENTOR_LINEAR_SPEED_X,1771303470.1372852,0x002,4,20.00 km/h
VENTOR_LINEAR_SPEED_Y,1771303470.1372852,0x002,4,20.00 km/h
VENTOR_LINEAR_ACC_X,1771303470.1475623,0x001,3,654.70 m/s²
VENTOR_ANGULAR_SPEED_X,1771303470.1475623,0x001,3,0.00 rad/s
VENTOR_LINEAR_ACC_Y,1771303470.1475623,0x001,3,654.99 m/s²
VENTOR_ANGULAR_SPEED_Y,1771303470.1475623,0x001,3,0.00 rad/s
VENTOR_LINEAR_ACC_Z,1771303470.1476178,0x002,4,9.79 m/s²
VENTOR_ANGULAR_SPEED_Z,1771303470.1476178,0x002,4,0.00 rad/s
VENTOR_LINEAR_SPEED_X,1771303470.1476178,0x002,4,20.00 km/h
VENTOR_LINEAR_SPEED_Y,1771303470.1476178,0x002,4,20.00 km/h
VENTOR_LINEAR_ACC_X,1771303470.1576898,0x001,3,654.70 m/s²
VENTOR_ANGULAR_SPEED_X,1771303470.1576898,0x001,3,0.00 rad/s
VENTOR_LINEAR_ACC_Y,1771303470.1576898,0x001,3,654.99 m/s²
VENTOR_ANGULAR_SPEED_Y,1771303470.1576898,0x001,3,0.00 rad/s
VENTOR_LINEAR_ACC_Z,1771303470.1577466,0x002,4,9.79 m/s²
VENTOR_ANGULAR_SPEED_Z,1771303470.1577466,0x002,4,0.00 rad/s
VENTOR_LINEAR_SPEED_X,1771303470.1577466,0x002,4,20.00 km/h
VENTOR_LINEAR_SPEED_Y,1771303470.1577466,0x002,4,20.00 km/h
VENTOR_LINEAR_ACC_X,1771303470.167803,0x001,3,654.70 m/s²
VENTOR_ANGULAR_SPEED_X,1771303470.167803,0x001,3,0.00 rad/s
VENTOR_LINEAR_ACC_Y,1771303470.167803,0x001,3,654.99 m/s²
VENTOR_ANGULAR_SPEED_Y,1771303470.167803,0x001,3,0.00 rad/s
VENTOR_LINEAR_ACC_Z,1771303470.1678607,0x002,4,9.79 m/s²
VENTOR_ANGULAR_SPEED_Z,1771303470.1678607,0x002,4,0.00 rad/s
VENTOR_LINEAR_SPEED_X,1771303470.1678607,0x002,4,20.00 km/h
VENTOR_LINEAR_SPEED_Y,1771303470.1678607,0x002,4,20.00 km/h
VENTOR_LINEAR_ACC_X,1771303470.178489,0x001,3,654.70 m/s²
VENTOR_ANGULAR_SPEED_X,1771303470.178489,0x001,3,0.00 rad/s
VENTOR_LINEAR_ACC_Y,1771303470.178489,0x001,3,654.99 m/s²
VENTOR_ANGULAR_SPEED_Y,1771303470.178489,0x001,3,0.00 rad/s
VENTOR_LINEAR_ACC_Z,1771303470.178548,0x002,4,9.79 m/s²
VENTOR_ANGULAR_SPEED_Z,1771303470.178548,0x002,4,0.00 rad/s
VENTOR_LINEAR_SPEED_X,1771303470.178548,0x002,4,20.00 km/h
VENTOR_LINEAR_SPEED_Y,1771303470.178548,0x002,4,20.00 km/h
VENTOR_LINEAR_ACC_X,1771303470.18862,0x001,3,654.70 m/s²
VENTOR_ANGULAR_SPEED_X,1771303470.18862,0x001,3,0.00 rad/s
VENTOR_LINEAR_ACC_Y,1771303470.18862,0x001,3,654.99 m/s²
VENTOR_ANGULAR_SPEED_Y,1771303470.18862,0x001,3,0.00 rad/s
VENTOR_LINEAR_ACC_Z,1771303470.1887074,0x002,4,9.79 m/s²
VENTOR_ANGULAR_SPEED_Z,1771303470.1887074,0x002,4,0.00 rad/s
VENTOR_LINEAR_SPEED_X,1771303470.1887074,0x002,4,20.00 km/h
VENTOR_LINEAR_SPEED_Y,1771303470.1887074,0x002,4,20.00 km/h
VENTOR_LINEAR_ACC_X,1771303470.1986947,0x001,3,654.70 m/s²
VENTOR_ANGULAR_SPEED_X,1771303470.1986947,0x001,3,0.00 rad/s
VENTOR_LINEAR_ACC_Y,1771303470.1986947,0x001,3,654.99 m/s²
VENTOR_ANGULAR_SPEED_Y,1771303470.1986947,0x001,3,0.00 rad/s
VENTOR_LINEAR_ACC_Z,1771303470.1987445,0x002,4,9.79 m/s²
VENTOR_ANGULAR_SPEED_Z,1771303470.1987445,0x002,4,0.00 rad/s
VENTOR_LINEAR_SPEED_X,1771303470.1987445,0x002,4,20.00 km/h
VENTOR_LINEAR_SPEED_Y,1771303470.1987445,0x002,4,20.00 km/h
VENTOR_LINEAR_ACC_X,1771303470.2087822,0x001,3,654.70 m/s²
VENTOR_ANGULAR_SPEED_X,1771303470.2087822,0x001,3,0.00 rad/s
VENTOR_LINEAR_ACC_Y,1771303470.2087822,0x001,3,654.99 m/s²
VENTOR_ANGULAR_SPEED_Y,1771303470.2087822,0x001,3,0.00 rad/s
VENTOR_LINEAR_ACC_Z,1771303470.2088292,0x002,4,9.79 m/s²
VENTOR_ANGULAR_SPEED_Z,1771303470.2088292,0x002,4,0.00 rad/s
VENTOR_LINEAR_SPEED_X,1771303470.2088292,0x002,4,20.00 km/h
VENTOR_LINEAR_SPEED_Y,1771303470.2088292,0x002,4,20.00 km/h
VENTOR_LINEAR_ACC_X,1771303470.2189121,0x001,3,654.70 m/s²
VENTOR_ANGULAR_SPEED_X,1771303470.2189121,0x001,3,0.00 rad/s
VENTOR_LINEAR_ACC_Y,1771303470.2189121,0x001,3,654.99 m/s²
VENTOR_ANGULAR_SPEED_Y,1771303470.2189121,0x001,3,0.00 rad/s
VENTOR_LINEAR_ACC_Z,1771303470.2189782,0x002,4,9.79 m/s²
VENTOR_ANGULAR_SPEED_Z,1771303470.2189782,0x002,4,0.00 rad/s
VENTOR_LINEAR_SPEED_X,1771303470.2189782,0x002,4,20.00 km/h
VENTOR_LINEAR_SPEED_Y,1771303470.2189782,0x002,4,20.00 km/h
VENTOR_LINEAR_ACC_X,1771303470.229001,0x001,3,654.70 m/s²
VENTOR_ANGULAR_SPEED_X,1771303470.229001,0x001,3,0.00 rad/s
VENTOR_LINEAR_ACC_Y,1771303470.229001,0x001,3,654.99 m/s²
VENTOR_ANGULAR_SPEED_Y,1771303470.229001,0x001,3,0.00 rad/s
VENTOR_LINEAR_ACC_Z,1771303470.22906,0x002,4,9.79 m/s²
VENTOR_ANGULAR_SPEED_Z,1771303470.22906,0x002,4,0.00 rad/s
VENTOR_LINEAR_SPEED_X,1771303470.22906,0x002,4,20.00 km/h
VENTOR_LINEAR_SPEED_Y,1771303470.22906,0x002,4,20.00 km/h
VENTOR_LINEAR_ACC_X,1771303470.2390924,0x001,3,654.70 m/s²
VENTOR_ANGULAR_SPEED_X,1771303470.2390924,0x001,3,0.00 rad/s
VENTOR_LINEAR_ACC_Y,1771303470.2390924,0x001,3,654.99 m/s²
VENTOR_ANGULAR_SPEED_Y,1771303470.2390924,0x001,3,0.00 rad/s
VENTOR_LINEAR_ACC_Z,1771303470.2391784,0x002,4,9.79 m/s²
VENTOR_ANGULAR_SPEED_Z,1771303470.2391784,0x002,4,0.00 rad/s
VENTOR_LINEAR_SPEED_X,1771303470.2391784,0x002,4,20.00 km/h
VENTOR_LINEAR_SPEED_Y,1771303470.2391784,0x002,4,20.00 km/h
VENTOR_LINEAR_ACC_X,1771303470.2491515,0x001,3,654.70 m/s²
VENTOR_ANGULAR_SPEED_X,1771303470.2491515,0x001,3,0.00 rad/s
VENTOR_LINEAR_ACC_Y,1771303470.2491515,0x001,3,655.00 m/s²
VENTOR_ANGULAR_SPEED_Y,1771303470.2491515,0x001,3,0.00 rad/s
VENTOR_LINEAR_ACC_Z,1771303470.2492027,0x002,4,9.79 m/s²
VENTOR_ANGULAR_SPEED_Z,1771303470.2492027,0x002,4,0.00 rad/s
VENTOR_LINEAR_SPEED_X,1771303470.2492027,0x002,4,20.00 km/h
VENTOR_LINEAR_SPEED_Y,1771303470.2492027,0x002,4,20.00 km/h
VENTOR_LINEAR_ACC_X,1771303470.2598774,0x001,3,654.70 m/s²
VENTOR_ANGULAR_SPEED_X,1771303470.2598774,0x001,3,0.00 rad/s
VENTOR_LINEAR_ACC_Y,1771303470.2598774,0x001,3,655.00 m/s²
VENTOR_ANGULAR_SPEED_Y,1771303470.2598774,0x001,3,0.00 rad/s
VENTOR_LINEAR_ACC_Z,1771303470.2599254,0x002,4,9.79 m/s²
VENTOR_ANGULAR_SPEED_Z,1771303470.2599254,0x002,4,0.00 rad/s
VENTOR_LINEAR_SPEED_X,1771303470.2599254,0x002,4,20.00 km/h
VENTOR_LINEAR_SPEED_Y,1771303470.2599254,0x002,4,20.00 km/h
VENTOR_LINEAR_ACC_X,1771303470.2699623,0x001,3,654.70 m/s²
VENTOR_ANGULAR_SPEED_X,1771303470.2699623,0x001,3,0.00 rad/s
VENTOR_LINEAR_ACC_Y,1771303470.2699623,0x001,3,655.00 m/s²
VENTOR_ANGULAR_SPEED_Y,1771303470.2699623,0x001,3,0.00 rad/s
VENTOR_LINEAR_ACC_Z,1771303470.2700093,0x002,4,9.79 m/s²
VENTOR_ANGULAR_SPEED_Z,1771303470.2700093,0x002,4,0.00 rad/s
VENTOR_LINEAR_SPEED_X,1771303470.2700093,0x002,4,20.00 km/h
VENTOR_LINEAR_SPEED_Y,1771303470.2700093,0x002,4,20.00 km/h
VENTOR_LINEAR_ACC_X,1771303470.280054,0x001,3,654.70 m/s²
VENTOR_ANGULAR_SPEED_X,1771303470.280054,0x001,3,0.00 rad/s
VENTOR_LINEAR_ACC_Y,1771303470.280054,0x001,3,655.00 m/s²
VENTOR_ANGULAR_SPEED_Y,1771303470.280054,0x001,3,0.00 rad/s
VENTOR_LINEAR_ACC_Z,1771303470.2801049,0x002,4,9.79 m/s²
VENTOR_ANGULAR_SPEED_Z,1771303470.2801049,0x002,4,0.00 rad/s
VENTOR_LINEAR_SPEED_X,1771303470.2801049,0x002,4,20.00 km/h
VENTOR_LINEAR_SPEED_Y,1771303470.2801049,0x002,4,20.00 km/h
VENTOR_LINEAR_ACC_X,1771303470.290133,0x001,3,654.70 m/s²
VENTOR_ANGULAR_SPEED_X,1771303470.290133,0x001,3,0.00 rad/s
VENTOR_LINEAR_ACC_Y,1771303470.290133,0x001,3,655.00 m/s²
VENTOR_ANGULAR_SPEED_Y,1771303470.290133,0x001,3,0.00 rad/s
VENTOR_LINEAR_ACC_Z,1771303470.2901776,0x002,4,9.79 m/s²
VENTOR_ANGULAR_SPEED_Z,1771303470.2901776,0x002,4,0.00 rad/s
VENTOR_LINEAR_SPEED_X,1771303470.2901776,0x002,4,20.00 km/h
VENTOR_LINEAR_SPEED_Y,1771303470.2901776,0x002,4,20.00 km/h
VENTOR_LINEAR_ACC_X,1771303470.300215,0x001,3,654.70 m/s²
VENTOR_ANGULAR_SPEED_X,1771303470.300215,0x001,3,0.00 rad/s
VENTOR_LINEAR_ACC_Y,1771303470.300215,0x001,3,655.00 m/s²
VENTOR_ANGULAR_SPEED_Y,1771303470.300215,0x001,3,0.00 rad/s
VENTOR_LINEAR_ACC_Z,1771303470.300263,0x002,4,9.79 m/s²
VENTOR_ANGULAR_SPEED_Z,1771303470.300263,0x002,4,0.00 rad/s
VENTOR_LINEAR_SPEED_X,1771303470.300263,0x002,4,20.00 km/h
VENTOR_LINEAR_SPEED_Y,1771303470.300263,0x002,4,20.00 km/h
VENTOR_LINEAR_ACC_X,1771303470.3103375,0x001,3,654.70 m/s²
VENTOR_ANGULAR_SPEED_X,1771303470.3103375,0x001,3,0.00 rad/s
VENTOR_LINEAR_ACC_Y,1771303470.3103375,0x001,3,655.00 m/s²
VENTOR_ANGULAR_SPEED_Y,1771303470.3103375,0x001,3,0.00 rad/s
VENTOR_LINEAR_ACC_Z,1771303470.3104148,0x002,4,9.79 m/s²
VENTOR_ANGULAR_SPEED_Z,1771303470.3104148,0x002,4,0.00 rad/s
VENTOR_LINEAR_SPEED_X,1771303470.3104148,0x002,4,20.00 km/h
VENTOR_LINEAR_SPEED_Y,1771303470.3104148,0x002,4,20.00 km/h
VENTOR_LINEAR_ACC_X,1771303470.3204262,0x001,3,654.70 m/s²
VENTOR_ANGULAR_SPEED_X,1771303470.3204262,0x001,3,0.00 rad/s
VENTOR_LINEAR_ACC_Y,1771303470.3204262,0x001,3,655.00 m/s²
VENTOR_ANGULAR_SPEED_Y,1771303470.3204262,0x001,3,0.00 rad/s
VENTOR_LINEAR_ACC_Z,1771303470.3205094,0x002,4,9.79 m/s²
VENTOR_ANGULAR_SPEED_Z,1771303470.3205094,0x002,4,0.00 rad/s
VENTOR_LINEAR_SPEED_X,1771303470.3205094,0x002,4,20.00 km/h
VENTOR_LINEAR_SPEED_Y,1771303470.3205094,0x002,4,20.00 km/h
VENTOR_LINEAR_ACC_X,1771303470.3305643,0x001,3,654.70 m/s²
VENTOR_ANGULAR_SPEED_X,1771303470.3305643,0x001,3,0.00 rad/s
VENTOR_LINEAR_ACC_Y,1771303470.3305643,0x001,3,654.99 m/s²
VENTOR_ANGULAR_SPEED_Y,1771303470.3305643,0x001,3,0.00 rad/s
VENTOR_LINEAR_ACC_Z,1771303470.3306203,0x002,4,9.79 m/s²
VENTOR_ANGULAR_SPEED_Z,1771303470.3306203,0x002,4,0.00 rad/s
VENTOR_LINEAR_SPEED_X,1771303470.3306203,0x002,4,20.00 km/h
VENTOR_LINEAR_SPEED_Y,1771303470.3306203,0x002,4,20.00 km/h
VENTOR_LINEAR_ACC_X,1771303470.340646,0x001,3,654.70 m/s²
VENTOR_ANGULAR_SPEED_X,1771303470.340646,0x001,3,0.00 rad/s
VENTOR_LINEAR_ACC_Y,1771303470.340646,0x001,3,654.99 m/s²
VENTOR_ANGULAR_SPEED_Y,1771303470.340646,0x001,3,0.00 rad/s
VENTOR_LINEAR_ACC_Z,1771303470.3406994,0x002,4,9.79 m/s²
VENTOR_ANGULAR_SPEED_Z,1771303470.3406994,0x002,4,0.00 rad/s
VENTOR_LINEAR_SPEED_X,1771303470.3406994,0x002,4,20.00 km/h
VENTOR_LINEAR_SPEED_Y,1771303470.3406994,0x002,4,20.00 km/h
VENTOR_LINEAR_ACC_X,1771303470.3507526,0x001,3,654.70 m/s²
VENTOR_ANGULAR_SPEED_X,1771303470.3507526,0x001,3,0.00 rad/s
VENTOR_LINEAR_ACC_Y,1771303470.3507526,0x001,3,654.99 m/s²
VENTOR_ANGULAR_SPEED_Y,1771303470.3507526,0x001,3,0.00 rad/s
VENTOR_LINEAR_ACC_Z,1771303470.3508067,0x002,4,9.79 m/s²
VENTOR_ANGULAR_SPEED_Z,1771303470.3508067,0x002,4,0.00 rad/s
VENTOR_LINEAR_SPEED_X,1771303470.3508067,0x002,4,20.00 km/h
VENTOR_LINEAR_SPEED_Y,1771303470.3508067,0x002,4,20.00 km/h
VENTOR_LINEAR_ACC_X,1771303470.360845,0x001,3,654.70 m/s²
VENTOR_ANGULAR_SPEED_X,1771303470.360845,0x001,3,0.00 rad/s
VENTOR_LINEAR_ACC_Y,1771303470.360845,0x001,3,654.99 m/s²
VENTOR_ANGULAR_SPEED_Y,1771303470.360845,0x001,3,0.00 rad/s
VENTOR_LINEAR_ACC_Z,1771303470.360896,0x002,4,9.79 m/s²
VENTOR_ANGULAR_SPEED_Z,1771303470.360896,0x002,4,0.00 rad/s
VENTOR_LINEAR_SPEED_X,1771303470.360896,0x002,4,20.00 km/h
VENTOR_LINEAR_SPEED_Y,1771303470.360896,0x002,4,20.00 km/h
VENTOR_LINEAR_ACC_X,1771303470.3709013,0x001,3,654.70 m/s²
VENTOR_ANGULAR_SPEED_X,1771303470.3709013,0x001,3,0.00 rad/s
VENTOR_LINEAR_ACC_Y,1771303470.3709013,0x001,3,654.99 m/s²
VENTOR_ANGULAR_SPEED_Y,1771303470.3709013,0x001,3,0.00 rad/s
VENTOR_LINEAR_ACC_Z,1771303470.370948,0x002,4,9.80 m/s²
VENTOR_ANGULAR_SPEED_Z,1771303470.370948,0x002,4,0.00 rad/s
VENTOR_LINEAR_SPEED_X,1771303470.370948,0x002,4,20.00 km/h
VENTOR_LINEAR_SPEED_Y,1771303470.370948,0x002,4,20.00 km/h
VENTOR_LINEAR_ACC_X,1771303470.3809907,0x001,3,654.70 m/s²
VENTOR_ANGULAR_SPEED_X,1771303470.3809907,0x001,3,0.00 rad/s
VENTOR_LINEAR_ACC_Y,1771303470.3809907,0x001,3,655.00 m/s²
VENTOR_ANGULAR_SPEED_Y,1771303470.3809907,0x001,3,0.00 rad/s
VENTOR_LINEAR_ACC_Z,1771303470.3810372,0x002,4,9.79 m/s²
VENTOR_ANGULAR_SPEED_Z,1771303470.3810372,0x002,4,0.00 rad/s
VENTOR_LINEAR_SPEED_X,1771303470.3810372,0x002,4,20.00 km/h
VENTOR_LINEAR_SPEED_Y,1771303470.3810372,0x002,4,20.00 km/h
VENTOR_LINEAR_ACC_X,1771303470.3910766,0x001,3,654.70 m/s²
VENTOR_ANGULAR_SPEED_X,1771303470.3910766,0x001,3,0.00 rad/s
VENTOR_LINEAR_ACC_Y,1771303470.3910766,0x001,3,654.99 m/s²
VENTOR_ANGULAR_SPEED_Y,1771303470.3910766,0x001,3,0.00 rad/s
VENTOR_LINEAR_ACC_Z,1771303470.3911216,0x002,4,9.79 m/s²
VENTOR_ANGULAR_SPEED_Z,1771303470.3911216,0x002,4,0.00 rad/s
VENTOR_LINEAR_SPEED_X,1771303470.3911216,0x002,4,20.00 km/h
VENTOR_LINEAR_SPEED_Y,1771303470.3911216,0x002,4,20.00 km/h
VENTOR_LINEAR_ACC_X,1771303470.401161,0x001,3,654.70 m/s²
VENTOR_ANGULAR_SPEED_X,1771303470.401161,0x001,3,0.00 rad/s
VENTOR_LINEAR_ACC_Y,1771303470.401161,0x001,3,654.99 m/s²
VENTOR_ANGULAR_SPEED_Y,1771303470.401161,0x001,3,0.00 rad/s
VENTOR_LINEAR_ACC_Z,1771303470.4012127,0x002,4,9.79 m/s²
VENTOR_ANGULAR_SPEED_Z,1771303470.4012127,0x002,4,0.00 rad/s
VENTOR_LINEAR_SPEED_X,1771303470.4012127,0x002,4,20.00 km/h
VENTOR_LINEAR_SPEED_Y,1771303470.4012127,0x002,4,20.00 km/h
VENTOR_LINEAR_ACC_X,1771303470.4112575,0x001,3,654.70 m/s²
VENTOR_ANGULAR_SPEED_X,1771303470.4112575,0x001,3,0.00 rad/s
VENTOR_LINEAR_ACC_Y,1771303470.4112575,0x001,3,654.99 m/s²
VENTOR_ANGULAR_SPEED_Y,1771303470.4112575,0x001,3,0.00 rad/s
VENTOR_LINEAR_ACC_Z,1771303470.4113054,0x002,4,9.79 m/s²
VENTOR_ANGULAR_SPEED_Z,1771303470.4113054,0x002,4,0.00 rad/s
VENTOR_LINEAR_SPEED_X,1771303470.4113054,0x002,4,20.00 km/h
VENTOR_LINEAR_SPEED_Y,1771303470.4113054,0x002,4,20.00 km/h
VENTOR_LINEAR_ACC_X,1771303470.421366,0x001,3,654.70 m/s²
VENTOR_ANGULAR_SPEED_X,1771303470.421366,0x001,3,0.00 rad/s
VENTOR_LINEAR_ACC_Y,1771303470.421366,0x001,3,654.99 m/s²
VENTOR_ANGULAR_SPEED_Y,1771303470.421366,0x001,3,0.00 rad/s
VENTOR_LINEAR_ACC_Z,1771303470.4214163,0x002,4,9.79 m/s²
VENTOR_ANGULAR_SPEED_Z,1771303470.4214163,0x002,4,0.00 rad/s
VENTOR_LINEAR_SPEED_X,1771303470.4214163,0x002,4,20.00 km/h
VENTOR_LINEAR_SPEED_Y,1771303470.4214163,0x002,4,20.00 km/h
VENTOR_LINEAR_ACC_X,1771303470.431488,0x001,3,654.70 m/s²
VENTOR_ANGULAR_SPEED_X,1771303470.431488,0x001,3,0.00 rad/s
VENTOR_LINEAR_ACC_Y,1771303470.431488,0x001,3,654.99 m/s²
VENTOR_ANGULAR_SPEED_Y,1771303470.431488,0x001,3,0.00 rad/s
VENTOR_LINEAR_ACC_Z,1771303470.4315498,0x002,4,9.79 m/s²
VENTOR_ANGULAR_SPEED_Z,1771303470.4315498,0x002,4,0.00 rad/s
VENTOR_LINEAR_SPEED_X,1771303470.4315498,0x002,4,20.00 km/h
VENTOR_LINEAR_SPEED_Y,1771303470.4315498,0x002,4,20.00 km/h
VENTOR_LINEAR_ACC_X,1771303470.4415627,0x001,3,654.70 m/s²
VENTOR_ANGULAR_SPEED_X,1771303470.4415627,0x001,3,0.00 rad/s
VENTOR_LINEAR_ACC_Y,1771303470.4415627,0x001,3,654.98 m/s²
VENTOR_ANGULAR_SPEED_Y,1771303470.4415627,0x001,3,0.00 rad/s
VENTOR_LINEAR_ACC_Z,1771303470.4416256,0x002,4,9.79 m/s²
VENTOR_ANGULAR_SPEED_Z,1771303470.4416256,0x002,4,0.00 rad/s
VENTOR_LINEAR_SPEED_X,1771303470.4416256,0x002,4,20.00 km/h
VENTOR_LINEAR_SPEED_Y,1771303470.4416256,0x002,4,20.00 km/h
VENTOR_LINEAR_ACC_X,1771303470.4516604,0x001,3,654.70 m/s²
VENTOR_ANGULAR_SPEED_X,1771303470.4516604,0x001,3,0.00 rad/s
VENTOR_LINEAR_ACC_Y,1771303470.4516604,0x001,3,654.99 m/s²
VENTOR_ANGULAR_SPEED_Y,1771303470.4516604,0x001,3,0.00 rad/s
VENTOR_LINEAR_ACC_Z,1771303470.4517074,0x002,4,9.79 m/s²
VENTOR_ANGULAR_SPEED_Z,1771303470.4517074,0x002,4,0.00 rad/s
VENTOR_LINEAR_SPEED_X,1771303470.4517074,0x002,4,20.00 km/h
VENTOR_LINEAR_SPEED_Y,1771303470.4517074,0x002,4,20.00 km/h
VENTOR_LINEAR_ACC_X,1771303470.4617372,0x001,3,654.70 m/s²
VENTOR_ANGULAR_SPEED_X,1771303470.4617372,0x001,3,0.00 rad/s
VENTOR_LINEAR_ACC_Y,1771303470.4617372,0x001,3,654.99 m/s²
VENTOR_ANGULAR_SPEED_Y,1771303470.4617372,0x001,3,0.00 rad/s
VENTOR_LINEAR_ACC_Z,1771303470.4617865,0x002,4,9.79 m/s²
VENTOR_ANGULAR_SPEED_Z,1771303470.4617865,0x002,4,0.00 rad/s
VENTOR_LINEAR_SPEED_X,1771303470.4617865,0x002,4,20.00 km/h
VENTOR_LINEAR_SPEED_Y,1771303470.4617865,0x002,4,20.00 km/h
VENTOR_LINEAR_ACC_X,1771303470.4723942,0x001,3,654.70 m/s²
VENTOR_ANGULAR_SPEED_X,1771303470.4723942,0x001,3,0.00 rad/s
VENTOR_LINEAR_ACC_Y,1771303470.4723942,0x001,3,654.99 m/s²
VENTOR_ANGULAR_SPEED_Y,1771303470.4723942,0x001,3,0.00 rad/s
VENTOR_LINEAR_ACC_Z,1771303470.4724476,0x002,4,9.79 m/s²
VENTOR_ANGULAR_SPEED_Z,1771303470.4724476,0x002,4,0.00 rad/s
VENTOR_LINEAR_SPEED_X,1771303470.4724476,0x002,4,20.00 km/h
VENTOR_LINEAR_SPEED_Y,1771303470.4724476,0x002,4,20.00 km/h
VENTOR_LINEAR_ACC_X,1771303470.4824896,0x001,3,654.70 m/s²
VENTOR_ANGULAR_SPEED_X,1771303470.4824896,0x001,3,0.00 rad/s
VENTOR_LINEAR_ACC_Y,1771303470.4824896,0x001,3,655.00 m/s²
VENTOR_ANGULAR_SPEED_Y,1771303470.4824896,0x001,3,0.00 rad/s
VENTOR_LINEAR_ACC_Z,1771303470.4825358,0x002,4,9.79 m/s²
VENTOR_ANGULAR_SPEED_Z,1771303470.4825358,0x002,4,0.00 rad/s
VENTOR_LINEAR_SPEED_X,1771303470.4825358,0x002,4,20.00 km/h
VENTOR_LINEAR_SPEED_Y,1771303470.4825358,0x002,4,20.00 km/h
VENTOR_LINEAR_ACC_X,1771303470.492582,0x001,3,654.70 m/s²
VENTOR_ANGULAR_SPEED_X,1771303470.492582,0x001,3,0.00 rad/s
VENTOR_LINEAR_ACC_Y,1771303470.492582,0x001,3,655.00 m/s²
VENTOR_ANGULAR_SPEED_Y,1771303470.492582,0x001,3,0.00 rad/s
VENTOR_LINEAR_ACC_Z,1771303470.4926293,0x002,4,9.79 m/s²
VENTOR_ANGULAR_SPEED_Z,1771303470.4926293,0x002,4,0.00 rad/s
VENTOR_LINEAR_SPEED_X,1771303470.4926293,0x002,4,20.00 km/h
VENTOR_LINEAR_SPEED_Y,1771303470.4926293,0x002,4,20.00 km/h
VENTOR_LINEAR_ACC_X,1771303470.5026746,0x001,3,654.70 m/s²
VENTOR_ANGULAR_SPEED_X,1771303470.5026746,0x001,3,0.00 rad/s
VENTOR_LINEAR_ACC_Y,1771303470.5026746,0x001,3,655.00 m/s²
VENTOR_ANGULAR_SPEED_Y,1771303470.5026746,0x001,3,0.00 rad/s
VENTOR_LINEAR_ACC_Z,1771303470.5027218,0x002,4,9.79 m/s²
VENTOR_ANGULAR_SPEED_Z,1771303470.5027218,0x002,4,0.00 rad/s
VENTOR_LINEAR_SPEED_X,1771303470.5027218,0x002,4,20.00 km/h
VENTOR_LINEAR_SPEED_Y,1771303470.5027218,0x002,4,20.00 km/h
VENTOR_LINEAR_ACC_X,1771303470.5127637,0x001,3,654.70 m/s²
VENTOR_ANGULAR_SPEED_X,1771303470.5127637,0x001,3,0.00 rad/s
VENTOR_LINEAR_ACC_Y,1771303470.5127637,0x001,3,655.00 m/s²
VENTOR_ANGULAR_SPEED_Y,1771303470.5127637,0x001,3,0.00 rad/s
VENTOR_LINEAR_ACC_Z,1771303470.5128107,0x002,4,9.79 m/s²
VENTOR_ANGULAR_SPEED_Z,1771303470.5128107,0x002,4,0.00 rad/s
VENTOR_LINEAR_SPEED_X,1771303470.5128107,0x002,4,20.00 km/h
VENTOR_LINEAR_SPEED_Y,1771303470.5128107,0x002,4,20.00 km/h
VENTOR_LINEAR_ACC_X,1771303470.52288,0x001,3,654.70 m/s²
VENTOR_ANGULAR_SPEED_X,1771303470.52288,0x001,3,0.00 rad/s
VENTOR_LINEAR_ACC_Y,1771303470.52288,0x001,3,655.00 m/s²
VENTOR_ANGULAR_SPEED_Y,1771303470.52288,0x001,3,0.00 rad/s
VENTOR_LINEAR_ACC_Z,1771303470.5229273,0x002,4,9.79 m/s²
VENTOR_ANGULAR_SPEED_Z,1771303470.5229273,0x002,4,0.00 rad/s
VENTOR_LINEAR_SPEED_X,1771303470.5229273,0x002,4,20.00 km/h
VENTOR_LINEAR_SPEED_Y,1771303470.5229273,0x002,4,20.00 km/h
VENTOR_LINEAR_ACC_X,1771303470.5329902,0x001,3,654.71 m/s²
VENTOR_ANGULAR_SPEED_X,1771303470.5329902,0x001,3,0.00 rad/s
VENTOR_LINEAR_ACC_Y,1771303470.5329902,0x001,3,655.00 m/s²
VENTOR_ANGULAR_SPEED_Y,1771303470.5329902,0x001,3,0.00 rad/s
VENTOR_LINEAR_ACC_Z,1771303470.533042,0x002,4,9.79 m/s²
VENTOR_ANGULAR_SPEED_Z,1771303470.533042,0x002,4,0.00 rad/s
VENTOR_LINEAR_SPEED_X,1771303470.533042,0x002,4,20.00 km/h
VENTOR_LINEAR_SPEED_Y,1771303470.533042,0x002,4,20.00 km/h
VENTOR_LINEAR_ACC_X,1771303470.5430534,0x001,3,654.70 m/s²
VENTOR_ANGULAR_SPEED_X,1771303470.5430534,0x001,3,0.00 rad/s
VENTOR_LINEAR_ACC_Y,1771303470.5430534,0x001,3,655.00 m/s²
VENTOR_ANGULAR_SPEED_Y,1771303470.5430534,0x001,3,0.00 rad/s
VENTOR_LINEAR_ACC_Z,1771303470.5430984,0x002,4,9.79 m/s²
VENTOR_ANGULAR_SPEED_Z,1771303470.5430984,0x002,4,0.00 rad/s
VENTOR_LINEAR_SPEED_X,1771303470.5430984,0x002,4,20.00 km/h
VENTOR_LINEAR_SPEED_Y,1771303470.5430984,0x002,4,20.00 km/h
VENTOR_LINEAR_ACC_X,1771303470.5531697,0x001,3,654.70 m/s²
VENTOR_ANGULAR_SPEED_X,1771303470.5531697,0x001,3,0.00 rad/s
VENTOR_LINEAR_ACC_Y,1771303470.5531697,0x001,3,655.00 m/s²
VENTOR_ANGULAR_SPEED_Y,1771303470.5531697,0x001,3,0.00 rad/s
VENTOR_LINEAR_ACC_Z,1771303470.5532303,0x002,4,9.79 m/s²
VENTOR_ANGULAR_SPEED_Z,1771303470.5532303,0x002,4,0.00 rad/s
VENTOR_LINEAR_SPEED_X,1771303470.5532303,0x002,4,20.00 km/h
VENTOR_LINEAR_SPEED_Y,1771303470.5532303,0x002,4,20.00 km/h
VENTOR_LINEAR_ACC_X,1771303470.563285,0x001,3,654.70 m/s²
VENTOR_ANGULAR_SPEED_X,1771303470.563285,0x001,3,0.00 rad/s
VENTOR_LINEAR_ACC_Y,1771303470.563285,0x001,3,655.00 m/s²
VENTOR_ANGULAR_SPEED_Y,1771303470.563285,0x001,3,0.00 rad/s
VENTOR_LINEAR_ACC_Z,1771303470.5633373,0x002,4,9.80 m/s²
VENTOR_ANGULAR_SPEED_Z,1771303470.5633373,0x002,4,0.00 rad/s
VENTOR_LINEAR_SPEED_X,1771303470.5633373,0x002,4,20.00 km/h
VENTOR_LINEAR_SPEED_Y,1771303470.5633373,0x002,4,20.00 km/h
VENTOR_LINEAR_ACC_X,1771303470.5733957,0x001,3,654.70 m/s²
VENTOR_ANGULAR_SPEED_X,1771303470.5733957,0x001,3,0.00 rad/s
VENTOR_LINEAR_ACC_Y,1771303470.5733957,0x001,3,655.00 m/s²
VENTOR_ANGULAR_SPEED_Y,1771303470.5733957,0x001,3,0.00 rad/s
VENTOR_LINEAR_ACC_Z,1771303470.5734513,0x002,4,9.79 m/s²
VENTOR_ANGULAR_SPEED_Z,1771303470.5734513,0x002,4,0.00 rad/s
VENTOR_LINEAR_SPEED_X,1771303470.5734513,0x002,4,20.00 km/h
VENTOR_LINEAR_SPEED_Y,1771303470.5734513,0x002,4,20.00 km/h
VENTOR_LINEAR_ACC_X,1771303470.5834816,0x001,3,654.70 m/s²
VENTOR_ANGULAR_SPEED_X,1771303470.5834816,0x001,3,0.00 rad/s
VENTOR_LINEAR_ACC_Y,1771303470.5834816,0x001,3,655.00 m/s²
VENTOR_ANGULAR_SPEED_Y,1771303470.5834816,0x001,3,0.00 rad/s
VENTOR_LINEAR_ACC_Z,1771303470.5835395,0x002,4,9.79 m/s²
VENTOR_ANGULAR_SPEED_Z,1771303470.5835395,0x002,4,0.00 rad/s
VENTOR_LINEAR_SPEED_X,1771303470.5835395,0x002,4,20.00 km/h
VENTOR_LINEAR_SPEED_Y,1771303470.5835395,0x002,4,20.00 km/h
VENTOR_LINEAR_ACC_X,1771303470.5935712,0x001,3,654.70 m/s²
VENTOR_ANGULAR_SPEED_X,1771303470.5935712,0x001,3,0.00 rad/s
VENTOR_LINEAR_ACC_Y,1771303470.5935712,0x001,3,655.00 m/s²
VENTOR_ANGULAR_SPEED_Y,1771303470.5935712,0x001,3,0.00 rad/s
VENTOR_LINEAR_ACC_Z,1771303470.5936296,0x002,4,9.80 m/s²
VENTOR_ANGULAR_SPEED_Z,1771303470.5936296,0x002,4,0.00 rad/s
VENTOR_LINEAR_SPEED_X,1771303470.5936296,0x002,4,20.00 km/h
VENTOR_LINEAR_SPEED_Y,1771303470.5936296,0x002,4,20.00 km/h
VENTOR_LINEAR_ACC_X,1771303470.6036596,0x001,3,654.70 m/s²
VENTOR_ANGULAR_SPEED_X,1771303470.6036596,0x001,3,0.00 rad/s
VENTOR_LINEAR_ACC_Y,1771303470.6036596,0x001,3,654.99 m/s²
VENTOR_ANGULAR_SPEED_Y,1771303470.6036596,0x001,3,0.00 rad/s
VENTOR_LINEAR_ACC_Z,1771303470.6037154,0x002,4,9.79 m/s²
VENTOR_ANGULAR_SPEED_Z,1771303470.6037154,0x002,4,0.00 rad/s
VENTOR_LINEAR_SPEED_X,1771303470.6037154,0x002,4,20.00 km/h
VENTOR_LINEAR_SPEED_Y,1771303470.6037154,0x002,4,20.00 km/h
VENTOR_LINEAR_ACC_X,1771303470.6137707,0x001,3,654.70 m/s²
VENTOR_ANGULAR_SPEED_X,1771303470.6137707,0x001,3,0.00 rad/s
VENTOR_LINEAR_ACC_Y,1771303470.6137707,0x001,3,654.99 m/s²
VENTOR_ANGULAR_SPEED_Y,1771303470.6137707,0x001,3,0.00 rad/s
VENTOR_LINEAR_ACC_Z,1771303470.613848,0x002,4,9.79 m/s²
VENTOR_ANGULAR_SPEED_Z,1771303470.613848,0x002,4,0.00 rad/s
VENTOR_LINEAR_SPEED_X,1771303470.613848,0x002,4,20.00 km/h
VENTOR_LINEAR_SPEED_Y,1771303470.613848,0x002,4,20.00 km/h
VENTOR_LINEAR_ACC_X,1771303470.6238832,0x001,3,654.70 m/s²
VENTOR_ANGULAR_SPEED_X,1771303470.6238832,0x001,3,0.00 rad/s
VENTOR_LINEAR_ACC_Y,1771303470.6238832,0x001,3,654.99 m/s²
VENTOR_ANGULAR_SPEED_Y,1771303470.6238832,0x001,3,0.00 rad/s
VENTOR_LINEAR_ACC_Z,1771303470.6239407,0x002,4,9.79 m/s²
VENTOR_ANGULAR_SPEED_Z,1771303470.6239407,0x002,4,0.00 rad/s
VENTOR_LINEAR_SPEED_X,1771303470.6239407,0x002,4,20.00 km/h
VENTOR_LINEAR_SPEED_Y,1771303470.6239407,0x002,4,20.00 km/h
VENTOR_LINEAR_ACC_X,1771303470.6339874,0x001,3,654.70 m/s²
VENTOR_ANGULAR_SPEED_X,1771303470.6339874,0x001,3,0.00 rad/s
VENTOR_LINEAR_ACC_Y,1771303470.6339874,0x001,3,654.98 m/s²
VENTOR_ANGULAR_SPEED_Y,1771303470.6339874,0x001,3,0.00 rad/s
VENTOR_LINEAR_ACC_Z,1771303470.6340423,0x002,4,9.79 m/s²
VENTOR_ANGULAR_SPEED_Z,1771303470.6340423,0x002,4,0.00 rad/s
VENTOR_LINEAR_SPEED_X,1771303470.6340423,0x002,4,20.00 km/h
VENTOR_LINEAR_SPEED_Y,1771303470.6340423,0x002,4,20.00 km/h
VENTOR_LINEAR_ACC_X,1771303470.6440816,0x001,3,654.70 m/s²
VENTOR_ANGULAR_SPEED_X,1771303470.6440816,0x001,3,0.00 rad/s
VENTOR_LINEAR_ACC_Y,1771303470.6440816,0x001,3,654.99 m/s²
VENTOR_ANGULAR_SPEED_Y,1771303470.6440816,0x001,3,0.00 rad/s
VENTOR_LINEAR_ACC_Z,1771303470.6441426,0x002,4,9.79 m/s²
VENTOR_ANGULAR_SPEED_Z,1771303470.6441426,0x002,4,0.00 rad/s
VENTOR_LINEAR_SPEED_X,1771303470.6441426,0x002,4,20.00 km/h
VENTOR_LINEAR_SPEED_Y,1771303470.6441426,0x002,4,20.00 km/h
VENTOR_LINEAR_ACC_X,1771303470.6541674,0x001,3,654.70 m/s²
VENTOR_ANGULAR_SPEED_X,1771303470.6541674,0x001,3,0.00 rad/s
VENTOR_LINEAR_ACC_Y,1771303470.6541674,0x001,3,654.99 m/s²
VENTOR_ANGULAR_SPEED_Y,1771303470.6541674,0x001,3,0.00 rad/s
VENTOR_LINEAR_ACC_Z,1771303470.654231,0x002,4,9.79 m/s²
VENTOR_ANGULAR_SPEED_Z,1771303470.654231,0x002,4,0.00 rad/s
VENTOR_LINEAR_SPEED_X,1771303470.654231,0x002,4,20.00 km/h
VENTOR_LINEAR_SPEED_Y,1771303470.654231,0x002,4,20.00 km/h
VENTOR_LINEAR_ACC_X,1771303470.6642802,0x001,3,654.70 m/s²
VENTOR_ANGULAR_SPEED_X,1771303470.6642802,0x001,3,0.00 rad/s
VENTOR_LINEAR_ACC_Y,1771303470.6642802,0x001,3,654.99 m/s²
VENTOR_ANGULAR_SPEED_Y,1771303470.6642802,0x001,3,0.00 rad/s
VENTOR_LINEAR_ACC_Z,1771303470.6651049,0x002,4,9.79 m/s²
VENTOR_ANGULAR_SPEED_Z,1771303470.6651049,0x002,4,0.00 rad/s
VENTOR_LINEAR_SPEED_X,1771303470.6651049,0x002,4,20.00 km/h
VENTOR_LINEAR_SPEED_Y,1771303470.6651049,0x002,4,20.00 km/h
VENTOR_LINEAR_ACC_X,1771303470.6743522,0x001,3,654.70 m/s²
VENTOR_ANGULAR_SPEED_X,1771303470.6743522,0x001,3,0.00 rad/s
VENTOR_LINEAR_ACC_Y,1771303470.6743522,0x001,3,654.99 m/s²
VENTOR_ANGULAR_SPEED_Y,1771303470.6743522,0x001,3,0.00 rad/s
VENTOR_LINEAR_ACC_Z,1771303470.674398,0x002,4,9.79 m/s²
VENTOR_ANGULAR_SPEED_Z,1771303470.674398,0x002,4,0.00 rad/s
VENTOR_LINEAR_SPEED_X,1771303470.674398,0x002,4,20.00 km/h
VENTOR_LINEAR_SPEED_Y,1771303470.674398,0x002,4,20.00 km/h
VENTOR_LINEAR_ACC_X,1771303470.6844313,0x001,3,654.70 m/s²
VENTOR_ANGULAR_SPEED_X,1771303470.6844313,0x001,3,0.00 rad/s
VENTOR_LINEAR_ACC_Y,1771303470.6844313,0x001,3,654.99 m/s²
VENTOR_ANGULAR_SPEED_Y,1771303470.6844313,0x001,3,0.00 rad/s
VENTOR_LINEAR_ACC_Z,1771303470.6845362,0x002,4,9.79 m/s²
VENTOR_ANGULAR_SPEED_Z,1771303470.6845362,0x002,4,0.00 rad/s
VENTOR_LINEAR_SPEED_X,1771303470.6845362,0x002,4,20.00 km/h
VENTOR_LINEAR_SPEED_Y,1771303470.6845362,0x002,4,20.00 km/h
VENTOR_LINEAR_ACC_X,1771303470.6949685,0x001,3,654.70 m/s²
VENTOR_ANGULAR_SPEED_X,1771303470.6949685,0x001,3,0.00 rad/s
VENTOR_LINEAR_ACC_Y,1771303470.6949685,0x001,3,654.99 m/s²
VENTOR_ANGULAR_SPEED_Y,1771303470.6949685,0x001,3,0.00 rad/s
VENTOR_LINEAR_ACC_Z,1771303470.6950386,0x002,4,9.79 m/s²
VENTOR_ANGULAR_SPEED_Z,1771303470.6950386,0x002,4,0.00 rad/s
VENTOR_LINEAR_SPEED_X,1771303470.6950386,0x002,4,20.00 km/h
VENTOR_LINEAR_SPEED_Y,1771303470.6950386,0x002,4,20.00 km/h
VENTOR_LINEAR_ACC_X,1771303470.7050703,0x001,3,654.70 m/s²
VENTOR_ANGULAR_SPEED_X,1771303470.7050703,0x001,3,0.00 rad/s
VENTOR_LINEAR_ACC_Y,1771303470.7050703,0x001,3,654.99 m/s²
VENTOR_ANGULAR_SPEED_Y,1771303470.7050703,0x001,3,0.00 rad/s
VENTOR_LINEAR_ACC_Z,1771303470.7051194,0x002,4,9.79 m/s²
VENTOR_ANGULAR_SPEED_Z,1771303470.7051194,0x002,4,0.00 rad/s
VENTOR_LINEAR_SPEED_X,1771303470.7051194,0x002,4,20.00 km/h
VENTOR_LINEAR_SPEED_Y,1771303470.7051194,0x002,4,20.00 km/h
VENTOR_LINEAR_ACC_X,1771303470.7151814,0x001,3,654.70 m/s²
VENTOR_ANGULAR_SPEED_X,1771303470.7151814,0x001,3,0.00 rad/s
VENTOR_LINEAR_ACC_Y,1771303470.7151814,0x001,3,655.00 m/s²
VENTOR_ANGULAR_SPEED_Y,1771303470.7151814,0x001,3,0.00 rad/s
VENTOR_LINEAR_ACC_Z,1771303470.715229,0x002,4,9.79 m/s²
VENTOR_ANGULAR_SPEED_Z,1771303470.715229,0x002,4,0.00 rad/s
VENTOR_LINEAR_SPEED_X,1771303470.715229,0x002,4,20.00 km/h
VENTOR_LINEAR_SPEED_Y,1771303470.715229,0x002,4,20.00 km/h
VENTOR_LINEAR_ACC_X,1771303470.7255237,0x001,3,654.71 m/s²
VENTOR_ANGULAR_SPEED_X,1771303470.7255237,0x001,3,0.00 rad/s
VENTOR_LINEAR_ACC_Y,1771303470.7255237,0x001,3,655.00 m/s²
VENTOR_ANGULAR_SPEED_Y,1771303470.7255237,0x001,3,0.00 rad/s
VENTOR_LINEAR_ACC_Z,1771303470.725576,0x002,4,9.79 m/s²
VENTOR_ANGULAR_SPEED_Z,1771303470.725576,0x002,4,0.00 rad/s
VENTOR_LINEAR_SPEED_X,1771303470.725576,0x002,4,20.00 km/h
VENTOR_LINEAR_SPEED_Y,1771303470.725576,0x002,4,20.00 km/h
VENTOR_LINEAR_ACC_X,1771303470.7356205,0x001,3,654.70 m/s²
VENTOR_ANGULAR_SPEED_X,1771303470.7356205,0x001,3,0.00 rad/s
VENTOR_LINEAR_ACC_Y,1771303470.7356205,0x001,3,655.00 m/s²
VENTOR_ANGULAR_SPEED_Y,1771303470.7356205,0x001,3,0.00 rad/s
VENTOR_LINEAR_ACC_Z,1771303470.7356699,0x002,4,9.79 m/s²
VENTOR_ANGULAR_SPEED_Z,1771303470.7356699,0x002,4,0.00 rad/s
VENTOR_LINEAR_SPEED_X,1771303470.7356699,0x002,4,20.00 km/h
VENTOR_LINEAR_SPEED_Y,1771303470.7356699,0x002,4,20.00 km/h
VENTOR_LINEAR_ACC_X,1771303470.7457056,0x001,3,654.70 m/s²
VENTOR_ANGULAR_SPEED_X,1771303470.7457056,0x001,3,0.00 rad/s
VENTOR_LINEAR_ACC_Y,1771303470.7457056,0x001,3,655.00 m/s²
VENTOR_ANGULAR_SPEED_Y,1771303470.7457056,0x001,3,0.00 rad/s
VENTOR_LINEAR_ACC_Z,1771303470.7457578,0x002,4,9.79 m/s²
VENTOR_ANGULAR_SPEED_Z,1771303470.7457578,0x002,4,0.00 rad/s
VENTOR_LINEAR_SPEED_X,1771303470.7457578,0x002,4,20.00 km/h
VENTOR_LINEAR_SPEED_Y,1771303470.7457578,0x002,4,20.00 km/h
VENTOR_LINEAR_ACC_X,1771303470.7558086,0x001,3,654.70 m/s²
VENTOR_ANGULAR_SPEED_X,1771303470.7558086,0x001,3,0.00 rad/s
VENTOR_LINEAR_ACC_Y,1771303470.7558086,0x001,3,655.00 m/s²
VENTOR_ANGULAR_SPEED_Y,1771303470.7558086,0x001,3,0.00 rad/s
VENTOR_LINEAR_ACC_Z,1771303470.7558575,0x002,4,9.79 m/s²
VENTOR_ANGULAR_SPEED_Z,1771303470.7558575,0x002,4,0.00 rad/s
VENTOR_LINEAR_SPEED_X,1771303470.7558575,0x002,4,20.00 km/h
VENTOR_LINEAR_SPEED_Y,1771303470.7558575,0x002,4,20.00 km/h
VENTOR_LINEAR_ACC_X,1771303470.7659009,0x001,3,654.70 m/s²
VENTOR_ANGULAR_SPEED_X,1771303470.7659009,0x001,3,0.00 rad/s
VENTOR_LINEAR_ACC_Y,1771303470.7659009,0x001,3,655.00 m/s²
VENTOR_ANGULAR_SPEED_Y,1771303470.7659009,0x001,3,0.00 rad/s
VENTOR_LINEAR_ACC_Z,1771303470.765945,0x002,4,9.79 m/s²
VENTOR_ANGULAR_SPEED_Z,1771303470.765945,0x002,4,0.00 rad/s
VENTOR_LINEAR_SPEED_X,1771303470.765945,0x002,4,20.00 km/h
VENTOR_LINEAR_SPEED_Y,1771303470.765945,0x002,4,20.00 km/h
VENTOR_LINEAR_ACC_X,1771303470.7759762,0x001,3,654.70 m/s²
VENTOR_ANGULAR_SPEED_X,1771303470.7759762,0x001,3,0.00 rad/s
VENTOR_LINEAR_ACC_Y,1771303470.7759762,0x001,3,655.00 m/s²
VENTOR_ANGULAR_SPEED_Y,1771303470.7759762,0x001,3,0.00 rad/s
VENTOR_LINEAR_ACC_Z,1771303470.7760224,0x002,4,9.79 m/s²
VENTOR_ANGULAR_SPEED_Z,1771303470.7760224,0x002,4,0.00 rad/s
VENTOR_LINEAR_SPEED_X,1771303470.7760224,0x002,4,20.00 km/h
VENTOR_LINEAR_SPEED_Y,1771303470.7760224,0x002,4,20.00 km/h
VENTOR_LINEAR_ACC_X,1771303470.786085,0x001,3,654.70 m/s²
VENTOR_ANGULAR_SPEED_X,1771303470.786085,0x001,3,0.00 rad/s
VENTOR_LINEAR_ACC_Y,1771303470.786085,0x001,3,654.99 m/s²
VENTOR_ANGULAR_SPEED_Y,1771303470.786085,0x001,3,0.00 rad/s
VENTOR_LINEAR_ACC_Z,1771303470.7861412,0x002,4,9.79 m/s²
VENTOR_ANGULAR_SPEED_Z,1771303470.7861412,0x002,4,0.00 rad/s
VENTOR_LINEAR_SPEED_X,1771303470.7861412,0x002,4,20.00 km/h
VENTOR_LINEAR_SPEED_Y,1771303470.7861412,0x002,4,20.00 km/h
VENTOR_LINEAR_ACC_X,1771303470.796178,0x001,3,654.70 m/s²
VENTOR_ANGULAR_SPEED_X,1771303470.796178,0x001,3,0.00 rad/s
VENTOR_LINEAR_ACC_Y,1771303470.796178,0x001,3,654.99 m/s²
VENTOR_ANGULAR_SPEED_Y,1771303470.796178,0x001,3,0.00 rad/s
VENTOR_LINEAR_ACC_Z,1771303470.7962244,0x002,4,9.79 m/s²
VENTOR_ANGULAR_SPEED_Z,1771303470.7962244,0x002,4,0.00 rad/s
VENTOR_LINEAR_SPEED_X,1771303470.7962244,0x002,4,20.00 km/h
VENTOR_LINEAR_SPEED_Y,1771303470.7962244,0x002,4,20.00 km/h
