names,timestamp,id_can,prioridade,dado
DEVICESTATE M13,1771291800.2421236,0x18FF00F7,1,0 state
ERRORLAMP M13,1771291800.2421236,0x18FF00F7,1,0 state
DEVICENUMBER M13,1771291800.2421236,0x18FF00F7,1,14 state
CLAMP15_STATUS M13,1771291800.2421236,0x18FF00F7,1,1 state
PRECHARGED M13,1771291800.2421236,0x18FF00F7,1,1 state
STATUS_ BIT_FLEX_IN_OUT_SIGNAL1 M13,1771291800.2421236,0x18FF00F7,1,3 state
STATUS_ BIT_FLEX_IN_OUT_SIGNAL2 M13,1771291800.2421236,0x18FF00F7,1,3 state
ERROR CODE  M13,1771291800.2421236,0x18FF00F7,1,0 state
ACT_DCBUSVOLTAGE M13,1771291800.2421236,0x18FF00F7,1,1.25 V
ACT_DCBUSPOWER M13,1771291800.2421236,0x18FF00F7,1,0.00 kw
ACT_DEVICETEMPERATURE M13,1771291800.2421236,0x18FF00F7,1,26.00 °C
ACT_INVERTERSTATUS A13,1771291800.2471764,0x18FF01F7,1,0 state
ACT_INVERTERREADY A13,1771291800.2471764,0x18FF01F7,1,0 state
ACT_ERRORSTATUS A13,1771291800.2471764,0x18FF01F7,1,0 state
ACT_SPEED A13,1771291800.2471764,0x18FF01F7,1,0.00 rpm
ACT_TORQUE A13,1771291800.2471764,0x18FF01F7,1,0.00 Nm
ACT_POWER A13,1771291800.2471764,0x18FF01F7,1,0.00 kw
ACT_MOTORTEMPERATURE A13,1771291800.2471764,0x18FF01F7,1,27.00 °C
ACT_INVERTERSTATUS B13,1771291800.2519057,0x18FF02F7,1,0 state
ACT_INVERTERREADY B13,1771291800.2519057,0x18FF02F7,1,0 state
ACT_ERRORSTATUS B13,1771291800.2519057,0x18FF02F7,1,0 state
ACT_SPEED B13,1771291800.2519057,0x18FF02F7,1,0.00 rpm
ACT_TORQUE B13,1771291800.2519057,0x18FF02F7,1,0.00 Nm
ACT_POWER B13,1771291800.2519057,0x18FF02F7,1,0.00 kw
ACT_MOTORTEMPERATURE B13,1771291800.2519057,0x18FF02F7,1,28.00 °C
DEVICESTATE M13,1771291800.3424156,0x18FF00F7,1,0 state
ERRORLAMP M13,1771291800.3424156,0x18FF00F7,1,0 state
DEVICENUMBER M13,1771291800.3424156,0x18FF00F7,1,14 state
CLAMP15_STATUS M13,1771291800.3424156,0x18FF00F7,1,1 state
PRECHARGED M13,1771291800.3424156,0x18FF00F7,1,1 state
STATUS_ BIT_FLEX_IN_OUT_SIGNAL1 M13,1771291800.3424156,0x18FF00F7,1,3 state
STATUS_ BIT_FLEX_IN_OUT_SIGNAL2 M13,1771291800.3424156,0x18FF00F7,1,3 state
ERROR CODE  M13,1771291800.3424156,0x18FF00F7,1,0 state
ACT_DCBUSVOLTAGE M13,1771291800.3424156,0x18FF00F7,1,1.25 V
ACT_DCBUSPOWER M13,1771291800.3424156,0x18FF00F7,1,0.00 kw
ACT_DEVICETEMPERATURE M13,1771291800.3424156,0x18FF00F7,1,26.00 °C
ACT_INVERTERSTATUS A13,1771291800.3466609,0x18FF01F7,1,0 state
ACT_INVERTERREADY A13,1771291800.3466609,0x18FF01F7,1,0 state
ACT_ERRORSTATUS A13,1771291800.3466609,0x18FF01F7,1,0 state
ACT_SPEED A13,1771291800.3466609,0x18FF01F7,1,0.00 rpm
ACT_TORQUE A13,1771291800.3466609,0x18FF01F7,1,0.00 Nm
ACT_POWER A13,1771291800.3466609,0x18FF01F7,1,0.00 kw
ACT_MOTORTEMPERATURE A13,1771291800.3466609,0x18FF01F7,1,27.00 °C
ACT_INVERTERSTATUS B13,1771291800.3517952,0x18FF02F7,1,0 state
ACT_INVERTERREADY B13,1771291800.3517952,0x18FF02F7,1,0 state
ACT_ERRORSTATUS B13,1771291800.3517952,0x18FF02F7,1,0 state
ACT_SPEED B13,1771291800.3517952,0x18FF02F7,1,0.00 rpm
ACT_TORQUE B13,1771291800.3517952,0x18FF02F7,1,0.00 Nm
ACT_POWER B13,1771291800.3517952,0x18FF02F7,1,0.00 kw
ACT_MOTORTEMPERATURE B13,1771291800.3517952,0x18FF02F7,1,28.00 °C
DEVICESTATE M13,1771291800.4421191,0x18FF00F7,1,0 state
ERRORLAMP M13,1771291800.4421191,0x18FF00F7,1,0 state
DEVICENUMBER M13,1771291800.4421191,0x18FF00F7,1,14 state
CLAMP15_STATUS M13,1771291800.4421191,0x18FF00F7,1,1 state
PRECHARGED M13,1771291800.4421191,0x18FF00F7,1,1 state
STATUS_ BIT_FLEX_IN_OUT_SIGNAL1 M13,1771291800.4421191,0x18FF00F7,1,3 state
STATUS_ BIT_FLEX_IN_OUT_SIGNAL2 M13,1771291800.4421191,0x18FF00F7,1,3 state
ERROR CODE  M13,1771291800.4421191,0x18FF00F7,1,0 state
ACT_DCBUSVOLTAGE M13,1771291800.4421191,0x18FF00F7,1,1.25 V
ACT_DCBUSPOWER M13,1771291800.4421191,0x18FF00F7,1,0.00 kw
ACT_DEVICETEMPERATURE M13,1771291800.4421191,0x18FF00F7,1,26.00 °C
ACT_INVERTERSTATUS A13,1771291800.447031,0x18FF01F7,1,0 state
ACT_INVERTERREADY A13,1771291800.447031,0x18FF01F7,1,0 state
ACT_ERRORSTATUS A13,1771291800.447031,0x18FF01F7,1,0 state
ACT_SPEED A13,1771291800.447031,0x18FF01F7,1,0.00 rpm
ACT_TORQUE A13,1771291800.447031,0x18FF01F7,1,0.00 Nm
ACT_POWER A13,1771291800.447031,0x18FF01F7,1,0.00 kw
ACT_MOTORTEMPERATURE A13,1771291800.447031,0x18FF01F7,1,27.00 °C
ACT_INVERTERSTATUS B13,1771291800.4521,0x18FF02F7,1,0 state
ACT_INVERTERREADY B13,1771291800.4521,0x18FF02F7,1,0 state
ACT_ERRORSTATUS B13,1771291800.4521,0x18FF02F7,1,0 state
ACT_SPEED B13,1771291800.4521,0x18FF02F7,1,0.00 rpm
ACT_TORQUE B13,1771291800.4521,0x18FF02F7,1,0.00 Nm
ACT_POWER B13,1771291800.4521,0x18FF02F7,1,0.00 kw
ACT_MOTORTEMPERATURE B13,1771291800.4521,0x18FF02F7,1,28.00 °C
DEVICESTATE M13,1771291800.5421736,0x18FF00F7,1,0 state
ERRORLAMP M13,1771291800.5421736,0x18FF00F7,1,0 state
DEVICENUMBER M13,1771291800.5421736,0x18FF00F7,1,14 state
CLAMP15_STATUS M13,1771291800.5421736,0x18FF00F7,1,1 state
PRECHARGED M13,1771291800.5421736,0x18FF00F7,1,1 state
STATUS_ BIT_FLEX_IN_OUT_SIGNAL1 M13,1771291800.5421736,0x18FF00F7,1,3 state
STATUS_ BIT_FLEX_IN_OUT_SIGNAL2 M13,1771291800.5421736,0x18FF00F7,1,3 state
ERROR CODE  M13,1771291800.5421736,0x18FF00F7,1,0 state
ACT_DCBUSVOLTAGE M13,1771291800.5421736,0x18FF00F7,1,1.25 V
ACT_DCBUSPOWER M13,1771291800.5421736,0x18FF00F7,1,0.00 kw
ACT_DEVICETEMPERATURE M13,1771291800.5421736,0x18FF00F7,1,26.00 °C
ACT_INVERTERSTATUS A13,1771291800.5473135,0x18FF01F7,1,0 state
ACT_INVERTERREADY A13,1771291800.5473135,0x18FF01F7,1,0 state
ACT_ERRORSTATUS A13,1771291800.5473135,0x18FF01F7,1,0 state
ACT_SPEED A13,1771291800.5473135,0x18FF01F7,1,0.00 rpm
ACT_TORQUE A13,1771291800.5473135,0x18FF01F7,1,0.00 Nm
ACT_POWER A13,1771291800.5473135,0x18FF01F7,1,0.00 kw
ACT_MOTORTEMPERATURE A13,1771291800.5473135,0x18FF01F7,1,27.00 °C
ACT_INVERTERSTATUS B13,1771291800.5518486,0x18FF02F7,1,0 state
ACT_INVERTERREADY B13,1771291800.5518486,0x18FF02F7,1,0 state
ACT_ERRORSTATUS B13,1771291800.5518486,0x18FF02F7,1,0 state
ACT_SPEED B13,1771291800.5518486,0x18FF02F7,1,0.00 rpm
ACT_TORQUE B13,1771291800.5518486,0x18FF02F7,1,0.00 Nm
ACT_POWER B13,1771291800.5518486,0x18FF02F7,1,0.00 kw
ACT_MOTORTEMPERATURE B13,1771291800.5518486,0x18FF02F7,1,28.00 °C
DEVICESTATE M13,1771291800.642226,0x18FF00F7,1,0 state
ERRORLAMP M13,1771291800.642226,0x18FF00F7,1,0 state
DEVICENUMBER M13,1771291800.642226,0x18FF00F7,1,14 state
CLAMP15_STATUS M13,1771291800.642226,0x18FF00F7,1,1 state
PRECHARGED M13,1771291800.642226,0x18FF00F7,1,1 state
STATUS_ BIT_FLEX_IN_OUT_SIGNAL1 M13,1771291800.642226,0x18FF00F7,1,3 state
STATUS_ BIT_FLEX_IN_OUT_SIGNAL2 M13,1771291800.642226,0x18FF00F7,1,3 state
ERROR CODE  M13,1771291800.642226,0x18FF00F7,1,0 state
ACT_DCBUSVOLTAGE M13,1771291800.642226,0x18FF00F7,1,1.25 V
ACT_DCBUSPOWER M13,1771291800.642226,0x18FF00F7,1,0.00 kw
ACT_DEVICETEMPERATURE M13,1771291800.642226,0x18FF00F7,1,26.00 °C
ACT_INVERTERSTATUS A13,1771291800.6471975,0x18FF01F7,1,0 state
ACT_INVERTERREADY A13,1771291800.6471975,0x18FF01F7,1,0 state
ACT_ERRORSTATUS A13,1771291800.6471975,0x18FF01F7,1,0 state
ACT_SPEED A13,1771291800.6471975,0x18FF01F7,1,0.00 rpm
ACT_TORQUE A13,1771291800.6471975,0x18FF01F7,1,0.00 Nm
ACT_POWER A13,1771291800.6471975,0x18FF01F7,1,0.00 kw
ACT_MOTORTEMPERATURE A13,1771291800.6471975,0x18FF01F7,1,27.00 °C
ACT_INVERTERSTATUS B13,1771291800.6518223,0x18FF02F7,1,0 state
ACT_INVERTERREADY B13,1771291800.6518223,0x18FF02F7,1,0 state
ACT_ERRORSTATUS B13,1771291800.6518223,0x18FF02F7,1,0 state
ACT_SPEED B13,1771291800.6518223,0x18FF02F7,1,0.00 rpm
ACT_TORQUE B13,1771291800.6518223,0x18FF02F7,1,0.00 Nm
ACT_POWER B13,1771291800.6518223,0x18FF02F7,1,0.00 kw
ACT_MOTORTEMPERATURE B13,1771291800.6518223,0x18FF02F7,1,28.00 °C
DEVICESTATE M13,1771291800.7421443,0x18FF00F7,1,0 state
ERRORLAMP M13,1771291800.7421443,0x18FF00F7,1,0 state
DEVICENUMBER M13,1771291800.7421443,0x18FF00F7,1,14 state
CLAMP15_STATUS M13,1771291800.7421443,0x18FF00F7,1,1 state
PRECHARGED M13,1771291800.7421443,0x18FF00F7,1,1 state
STATUS_ BIT_FLEX_IN_OUT_SIGNAL1 M13,1771291800.7421443,0x18FF00F7,1,3 state
STATUS_ BIT_FLEX_IN_OUT_SIGNAL2 M13,1771291800.7421443,0x18FF00F7,1,3 state
ERROR CODE  M13,1771291800.7421443,0x18FF00F7,1,0 state
ACT_DCBUSVOLTAGE M13,1771291800.7421443,0x18FF00F7,1,1.25 V
ACT_DCBUSPOWER M13,1771291800.7421443,0x18FF00F7,1,0.00 kw
ACT_DEVICETEMPERATURE M13,1771291800.7421443,0x18FF00F7,1,26.00 °C
ACT_INVERTERSTATUS A13,1771291800.7472324,0x18FF01F7,1,0 state
ACT_INVERTERREADY A13,1771291800.7472324,0x18FF01F7,1,0 state
ACT_ERRORSTATUS A13,1771291800.7472324,0x18FF01F7,1,0 state
ACT_SPEED A13,1771291800.7472324,0x18FF01F7,1,0.00 rpm
ACT_TORQUE A13,1771291800.7472324,0x18FF01F7,1,0.00 Nm
ACT_POWER A13,1771291800.7472324,0x18FF01F7,1,0.00 kw
ACT_MOTORTEMPERATURE A13,1771291800.7472324,0x18FF01F7,1,27.00 °C
ACT_INVERTERSTATUS B13,1771291800.7521756,0x18FF02F7,1,0 state
ACT_INVERTERREADY B13,1771291800.7521756,0x18FF02F7,1,0 state
ACT_ERRORSTATUS B13,1771291800.7521756,0x18FF02F7,1,0 state
ACT_SPEED B13,1771291800.7521756,0x18FF02F7,1,0.00 rpm
ACT_TORQUE B13,1771291800.7521756,0x18FF02F7,1,0.00 Nm
ACT_POWER B13,1771291800.7521756,0x18FF02F7,1,0.00 kw
ACT_MOTORTEMPERATURE B13,1771291800.7521756,0x18FF02F7,1,28.00 °C
DEVICESTATE M13,1771291800.8420696,0x18FF00F7,1,0 state
ERRORLAMP M13,1771291800.8420696,0x18FF00F7,1,0 state
DEVICENUMBER M13,1771291800.8420696,0x18FF00F7,1,14 state
CLAMP15_STATUS M13,1771291800.8420696,0x18FF00F7,1,1 state
PRECHARGED M13,1771291800.8420696,0x18FF00F7,1,1 state
STATUS_ BIT_FLEX_IN_OUT_SIGNAL1 M13,1771291800.8420696,0x18FF00F7,1,3 state
STATUS_ BIT_FLEX_IN_OUT_SIGNAL2 M13,1771291800.8420696,0x18FF00F7,1,3 state
ERROR CODE  M13,1771291800.8420696,0x18FF00F7,1,0 state
ACT_DCBUSVOLTAGE M13,1771291800.8420696,0x18FF00F7,1,1.25 V
ACT_DCBUSPOWER M13,1771291800.8420696,0x18FF00F7,1,0.00 kw
ACT_DEVICETEMPERATURE M13,1771291800.8420696,0x18FF00F7,1,26.00 °C
ACT_INVERTERSTATUS A13,1771291800.847233,0x18FF01F7,1,0 state
ACT_INVERTERREADY A13,1771291800.847233,0x18FF01F7,1,0 state
ACT_ERRORSTATUS A13,1771291800.847233,0x18FF01F7,1,0 state
ACT_SPEED A13,1771291800.847233,0x18FF01F7,1,0.00 rpm
ACT_TORQUE A13,1771291800.847233,0x18FF01F7,1,0.00 Nm
ACT_POWER A13,1771291800.847233,0x18FF01F7,1,0.00 kw
ACT_MOTORTEMPERATURE A13,1771291800.847233,0x18FF01F7,1,27.00 °C
ACT_INVERTERSTATUS B13,1771291800.8520956,0x18FF02F7,1,0 state
ACT_INVERTERREADY B13,1771291800.8520956,0x18FF02F7,1,0 state
ACT_ERRORSTATUS B13,1771291800.8520956,0x18FF02F7,1,0 state
ACT_SPEED B13,1771291800.8520956,0x18FF02F7,1,0.00 rpm
ACT_TORQUE B13,1771291800.8520956,0x18FF02F7,1,0.00 Nm
ACT_POWER B13,1771291800.8520956,0x18FF02F7,1,0.00 kw
ACT_MOTORTEMPERATURE B13,1771291800.8520956,0x18FF02F7,1,28.00 °C
DEVICESTATE M13,1771291800.9420404,0x18FF00F7,1,0 state
ERRORLAMP M13,1771291800.9420404,0x18FF00F7,1,0 state
DEVICENUMBER M13,1771291800.9420404,0x18FF00F7,1,14 state
CLAMP15_STATUS M13,1771291800.9420404,0x18FF00F7,1,1 state
PRECHARGED M13,1771291800.9420404,0x18FF00F7,1,1 state
STATUS_ BIT_FLEX_IN_OUT_SIGNAL1 M13,1771291800.9420404,0x18FF00F7,1,3 state
STATUS_ BIT_FLEX_IN_OUT_SIGNAL2 M13,1771291800.9420404,0x18FF00F7,1,3 state
ERROR CODE  M13,1771291800.9420404,0x18FF00F7,1,0 state
ACT_DCBUSVOLTAGE M13,1771291800.9420404,0x18FF00F7,1,1.25 V
ACT_DCBUSPOWER M13,1771291800.9420404,0x18FF00F7,1,0.00 kw
ACT_DEVICETEMPERATURE M13,1771291800.9420404,0x18FF00F7,1,26.00 °C
ACT_INVERTERSTATUS A13,1771291800.947258,0x18FF01F7,1,0 state
ACT_INVERTERREADY A13,1771291800.947258,0x18FF01F7,1,0 state
ACT_ERRORSTATUS A13,1771291800.947258,0x18FF01F7,1,0 state
ACT_SPEED A13,1771291800.947258,0x18FF01F7,1,0.00 rpm
ACT_TORQUE A13,1771291800.947258,0x18FF01F7,1,0.00 Nm
ACT_POWER A13,1771291800.947258,0x18FF01F7,1,0.00 kw
ACT_MOTORTEMPERATURE A13,1771291800.947258,0x18FF01F7,1,27.00 °C
ACT_INVERTERSTATUS B13,1771291800.9520447,0x18FF02F7,1,0 state
ACT_INVERTERREADY B13,1771291800.9520447,0x18FF02F7,1,0 state
ACT_ERRORSTATUS B13,1771291800.9520447,0x18FF02F7,1,0 state
ACT_SPEED B13,1771291800.9520447,0x18FF02F7,1,0.00 rpm
ACT_TORQUE B13,1771291800.9520447,0x18FF02F7,1,0.00 Nm
ACT_POWER B13,1771291800.9520447,0x18FF02F7,1,0.00 kw
ACT_MOTORTEMPERATURE B13,1771291800.9520447,0x18FF02F7,1,28.00 °C
DEVICESTATE M13,1771291801.042233,0x18FF00F7,1,0 state
ERRORLAMP M13,1771291801.042233,0x18FF00F7,1,0 state
DEVICENUMBER M13,1771291801.042233,0x18FF00F7,1,14 state
CLAMP15_STATUS M13,1771291801.042233,0x18FF00F7,1,1 state
PRECHARGED M13,1771291801.042233,0x18FF00F7,1,1 state
STATUS_ BIT_FLEX_IN_OUT_SIGNAL1 M13,1771291801.042233,0x18FF00F7,1,3 state
STATUS_ BIT_FLEX_IN_OUT_SIGNAL2 M13,1771291801.042233,0x18FF00F7,1,3 state
ERROR CODE  M13,1771291801.042233,0x18FF00F7,1,0 state
ACT_DCBUSVOLTAGE M13,1771291801.042233,0x18FF00F7,1,1.25 V
ACT_DCBUSPOWER M13,1771291801.042233,0x18FF00F7,1,0.00 kw
ACT_DEVICETEMPERATURE M13,1771291801.042233,0x18FF00F7,1,26.00 °C
ACT_INVERTERSTATUS A13,1771291801.0471318,0x18FF01F7,1,0 state
ACT_INVERTERREADY A13,1771291801.0471318,0x18FF01F7,1,0 state
ACT_ERRORSTATUS A13,1771291801.0471318,0x18FF01F7,1,0 state
ACT_SPEED A13,1771291801.0471318,0x18FF01F7,1,0.00 rpm
ACT_TORQUE A13,1771291801.0471318,0x18FF01F7,1,0.00 Nm
ACT_POWER A13,1771291801.0471318,0x18FF01F7,1,0.00 kw
ACT_MOTORTEMPERATURE A13,1771291801.0471318,0x18FF01F7,1,27.00 °C
ACT_INVERTERSTATUS B13,1771291801.0517297,0x18FF02F7,1,0 state
ACT_INVERTERREADY B13,1771291801.0517297,0x18FF02F7,1,0 state
ACT_ERRORSTATUS B13,1771291801.0517297,0x18FF02F7,1,0 state
ACT_SPEED B13,1771291801.0517297,0x18FF02F7,1,0.00 rpm
ACT_TORQUE B13,1771291801.0517297,0x18FF02F7,1,0.00 Nm
ACT_POWER B13,1771291801.0517297,0x18FF02F7,1,0.00 kw
ACT_MOTORTEMPERATURE B13,1771291801.0517297,0x18FF02F7,1,28.00 °C
DEVICESTATE M13,1771291801.1422527,0x18FF00F7,1,0 state
ERRORLAMP M13,1771291801.1422527,0x18FF00F7,1,0 state
DEVICENUMBER M13,1771291801.1422527,0x18FF00F7,1,14 state
CLAMP15_STATUS M13,1771291801.1422527,0x18FF00F7,1,1 state
PRECHARGED M13,1771291801.1422527,0x18FF00F7,1,1 state
STATUS_ BIT_FLEX_IN_OUT_SIGNAL1 M13,1771291801.1422527,0x18FF00F7,1,3 state
STATUS_ BIT_FLEX_IN_OUT_SIGNAL2 M13,1771291801.1422527,0x18FF00F7,1,3 state
ERROR CODE  M13,1771291801.1422527,0x18FF00F7,1,0 state
ACT_DCBUSVOLTAGE M13,1771291801.1422527,0x18FF00F7,1,1.25 V
ACT_DCBUSPOWER M13,1771291801.1422527,0x18FF00F7,1,0.00 kw
ACT_DEVICETEMPERATURE M13,1771291801.1422527,0x18FF00F7,1,26.00 °C
ACT_INVERTERSTATUS A13,1771291801.1468987,0x18FF01F7,1,0 state
ACT_INVERTERREADY A13,1771291801.1468987,0x18FF01F7,1,0 state
ACT_ERRORSTATUS A13,1771291801.1468987,0x18FF01F7,1,0 state
ACT_SPEED A13,1771291801.1468987,0x18FF01F7,1,0.00 rpm
ACT_TORQUE A13,1771291801.1468987,0x18FF01F7,1,0.00 Nm
ACT_POWER A13,1771291801.1468987,0x18FF01F7,1,0.00 kw
ACT_MOTORTEMPERATURE A13,1771291801.1468987,0x18FF01F7,1,27.00 °C
ACT_INVERTERSTATUS B13,1771291801.1519227,0x18FF02F7,1,0 state
ACT_INVERTERREADY B13,1771291801.1519227,0x18FF02F7,1,0 state
ACT_ERRORSTATUS B13,1771291801.1519227,0x18FF02F7,1,0 state
ACT_SPEED B13,1771291801.1519227,0x18FF02F7,1,0.00 rpm
ACT_TORQUE B13,1771291801.1519227,0x18FF02F7,1,0.00 Nm
ACT_POWER B13,1771291801.1519227,0x18FF02F7,1,0.00 kw
ACT_MOTORTEMPERATURE B13,1771291801.1519227,0x18FF02F7,1,28.00 °C
DEVICESTATE M13,1771291801.2418814,0x18FF00F7,1,0 state
ERRORLAMP M13,1771291801.2418814,0x18FF00F7,1,0 state
DEVICENUMBER M13,1771291801.2418814,0x18FF00F7,1,14 state
CLAMP15_STATUS M13,1771291801.2418814,0x18FF00F7,1,1 state
PRECHARGED M13,1771291801.2418814,0x18FF00F7,1,1 state
STATUS_ BIT_FLEX_IN_OUT_SIGNAL1 M13,1771291801.2418814,0x18FF00F7,1,3 state
STATUS_ BIT_FLEX_IN_OUT_SIGNAL2 M13,1771291801.2418814,0x18FF00F7,1,3 state
ERROR CODE  M13,1771291801.2418814,0x18FF00F7,1,0 state
ACT_DCBUSVOLTAGE M13,1771291801.2418814,0x18FF00F7,1,1.25 V
ACT_DCBUSPOWER M13,1771291801.2418814,0x18FF00F7,1,0.00 kw
ACT_DEVICETEMPERATURE M13,1771291801.2418814,0x18FF00F7,1,26.00 °C
ACT_INVERTERSTATUS A13,1771291801.2470078,0x18FF01F7,1,0 state
ACT_INVERTERREADY A13,1771291801.2470078,0x18FF01F7,1,0 state
ACT_ERRORSTATUS A13,1771291801.2470078,0x18FF01F7,1,0 state
ACT_SPEED A13,1771291801.2470078,0x18FF01F7,1,0.00 rpm
ACT_TORQUE A13,1771291801.2470078,0x18FF01F7,1,0.00 Nm
ACT_POWER A13,1771291801.2470078,0x18FF01F7,1,0.00 kw
ACT_MOTORTEMPERATURE A13,1771291801.2470078,0x18FF01F7,1,27.00 °C
ACT_INVERTERSTATUS B13,1771291801.2519803,0x18FF02F7,1,0 state
ACT_INVERTERREADY B13,1771291801.2519803,0x18FF02F7,1,0 state
ACT_ERRORSTATUS B13,1771291801.2519803,0x18FF02F7,1,0 state
ACT_SPEED B13,1771291801.2519803,0x18FF02F7,1,0.00 rpm
ACT_TORQUE B13,1771291801.2519803,0x18FF02F7,1,0.00 Nm
ACT_POWER B13,1771291801.2519803,0x18FF02F7,1,0.00 kw
ACT_MOTORTEMPERATURE B13,1771291801.2519803,0x18FF02F7,1,28.00 °C
DEVICESTATE M13,1771291801.3421078,0x18FF00F7,1,0 state
ERRORLAMP M13,1771291801.3421078,0x18FF00F7,1,0 state
DEVICENUMBER M13,1771291801.3421078,0x18FF00F7,1,14 state
CLAMP15_STATUS M13,1771291801.3421078,0x18FF00F7,1,1 state
PRECHARGED M13,1771291801.3421078,0x18FF00F7,1,1 state
STATUS_ BIT_FLEX_IN_OUT_SIGNAL1 M13,1771291801.3421078,0x18FF00F7,1,3 state
STATUS_ BIT_FLEX_IN_OUT_SIGNAL2 M13,1771291801.3421078,0x18FF00F7,1,3 state
ERROR CODE  M13,1771291801.3421078,0x18FF00F7,1,0 state
ACT_DCBUSVOLTAGE M13,1771291801.3421078,0x18FF00F7,1,1.25 V
ACT_DCBUSPOWER M13,1771291801.3421078,0x18FF00F7,1,0.00 kw
ACT_DEVICETEMPERATURE M13,1771291801.3421078,0x18FF00F7,1,26.00 °C
ACT_INVERTERSTATUS A13,1771291801.3472862,0x18FF01F7,1,0 state
ACT_INVERTERREADY A13,1771291801.3472862,0x18FF01F7,1,0 state
ACT_ERRORSTATUS A13,1771291801.3472862,0x18FF01F7,1,0 state
ACT_SPEED A13,1771291801.3472862,0x18FF01F7,1,0.00 rpm
ACT_TORQUE A13,1771291801.3472862,0x18FF01F7,1,0.00 Nm
ACT_POWER A13,1771291801.3472862,0x18FF01F7,1,0.00 kw
ACT_MOTORTEMPERATURE A13,1771291801.3472862,0x18FF01F7,1,27.00 °C
ACT_INVERTERSTATUS B13,1771291801.351948,0x18FF02F7,1,0 state
ACT_INVERTERREADY B13,1771291801.351948,0x18FF02F7,1,0 state
ACT_ERRORSTATUS B13,1771291801.351948,0x18FF02F7,1,0 state
ACT_SPEED B13,1771291801.351948,0x18FF02F7,1,0.00 rpm
ACT_TORQUE B13,1771291801.351948,0x18FF02F7,1,0.00 Nm
ACT_POWER B13,1771291801.351948,0x18FF02F7,1,0.00 kw
ACT_MOTORTEMPERATURE B13,1771291801.351948,0x18FF02F7,1,28.00 °C
DEVICESTATE M13,1771291801.4419646,0x18FF00F7,1,0 state
ERRORLAMP M13,1771291801.4419646,0x18FF00F7,1,0 state
DEVICENUMBER M13,1771291801.4419646,0x18FF00F7,1,14 state
CLAMP15_STATUS M13,1771291801.4419646,0x18FF00F7,1,1 state
PRECHARGED M13,1771291801.4419646,0x18FF00F7,1,1 state
STATUS_ BIT_FLEX_IN_OUT_SIGNAL1 M13,1771291801.4419646,0x18FF00F7,1,3 state
STATUS_ BIT_FLEX_IN_OUT_SIGNAL2 M13,1771291801.4419646,0x18FF00F7,1,3 state
ERROR CODE  M13,1771291801.4419646,0x18FF00F7,1,0 state
ACT_DCBUSVOLTAGE M13,1771291801.4419646,0x18FF00F7,1,1.25 V
ACT_DCBUSPOWER M13,1771291801.4419646,0x18FF00F7,1,0.00 kw
ACT_DEVICETEMPERATURE M13,1771291801.4419646,0x18FF00F7,1,26.00 °C
ACT_INVERTERSTATUS A13,1771291801.4472091,0x18FF01F7,1,0 state
ACT_INVERTERREADY A13,1771291801.4472091,0x18FF01F7,1,0 state
ACT_ERRORSTATUS A13,1771291801.4472091,0x18FF01F7,1,0 state
ACT_SPEED A13,1771291801.4472091,0x18FF01F7,1,0.00 rpm
ACT_TORQUE A13,1771291801.4472091,0x18FF01F7,1,0.00 Nm
ACT_POWER A13,1771291801.4472091,0x18FF01F7,1,0.00 kw
ACT_MOTORTEMPERATURE A13,1771291801.4472091,0x18FF01F7,1,27.00 °C
ACT_INVERTERSTATUS B13,1771291801.452206,0x18FF02F7,1,0 state
ACT_INVERTERREADY B13,1771291801.452206,0x18FF02F7,1,0 state
ACT_ERRORSTATUS B13,1771291801.452206,0x18FF02F7,1,0 state
ACT_SPEED B13,1771291801.452206,0x18FF02F7,1,0.00 rpm
ACT_TORQUE B13,1771291801.452206,0x18FF02F7,1,0.00 Nm
ACT_POWER B13,1771291801.452206,0x18FF02F7,1,0.00 kw
ACT_MOTORTEMPERATURE B13,1771291801.452206,0x18FF02F7,1,28.00 °C
DEVICESTATE M13,1771291801.5419888,0x18FF00F7,1,0 state
ERRORLAMP M13,1771291801.5419888,0x18FF00F7,1,0 state
DEVICENUMBER M13,1771291801.5419888,0x18FF00F7,1,14 state
CLAMP15_STATUS M13,1771291801.5419888,0x18FF00F7,1,1 state
PRECHARGED M13,1771291801.5419888,0x18FF00F7,1,1 state
STATUS_ BIT_FLEX_IN_OUT_SIGNAL1 M13,1771291801.5419888,0x18FF00F7,1,3 state
STATUS_ BIT_FLEX_IN_OUT_SIGNAL2 M13,1771291801.5419888,0x18FF00F7,1,3 state
ERROR CODE  M13,1771291801.5419888,0x18FF00F7,1,0 state
ACT_DCBUSVOLTAGE M13,1771291801.5419888,0x18FF00F7,1,1.25 V
ACT_DCBUSPOWER M13,1771291801.5419888,0x18FF00F7,1,0.00 kw
ACT_DEVICETEMPERATURE M13,1771291801.5419888,0x18FF00F7,1,26.00 °C
ACT_INVERTERSTATUS A13,1771291801.547077,0x18FF01F7,1,0 state
ACT_INVERTERREADY A13,1771291801.547077,0x18FF01F7,1,0 state
ACT_ERRORSTATUS A13,1771291801.547077,0x18FF01F7,1,0 state
ACT_SPEED A13,1771291801.547077,0x18FF01F7,1,0.00 rpm
ACT_TORQUE A13,1771291801.547077,0x18FF01F7,1,0.00 Nm
ACT_POWER A13,1771291801.547077,0x18FF01F7,1,0.00 kw
ACT_MOTORTEMPERATURE A13,1771291801.547077,0x18FF01F7,1,27.00 °C
ACT_INVERTERSTATUS B13,1771291801.5517242,0x18FF02F7,1,0 state
ACT_INVERTERREADY B13,1771291801.5517242,0x18FF02F7,1,0 state
ACT_ERRORSTATUS B13,1771291801.5517242,0x18FF02F7,1,0 state
ACT_SPEED B13,1771291801.5517242,0x18FF02F7,1,0.00 rpm
ACT_TORQUE B13,1771291801.5517242,0x18FF02F7,1,0.00 Nm
ACT_POWER B13,1771291801.5517242,0x18FF02F7,1,0.00 kw
ACT_MOTORTEMPERATURE B13,1771291801.5517242,0x18FF02F7,1,28.00 °C
DEVICESTATE M13,1771291801.6422777,0x18FF00F7,1,0 state
ERRORLAMP M13,1771291801.6422777,0x18FF00F7,1,0 state
DEVICENUMBER M13,1771291801.6422777,0x18FF00F7,1,14 state
CLAMP15_STATUS M13,1771291801.6422777,0x18FF00F7,1,1 state
PRECHARGED M13,1771291801.6422777,0x18FF00F7,1,1 state
STATUS_ BIT_FLEX_IN_OUT_SIGNAL1 M13,1771291801.6422777,0x18FF00F7,1,3 state
STATUS_ BIT_FLEX_IN_OUT_SIGNAL2 M13,1771291801.6422777,0x18FF00F7,1,3 state
ERROR CODE  M13,1771291801.6422777,0x18FF00F7,1,0 state
ACT_DCBUSVOLTAGE M13,1771291801.6422777,0x18FF00F7,1,1.25 V
ACT_DCBUSPOWER M13,1771291801.6422777,0x18FF00F7,1,0.00 kw
ACT_DEVICETEMPERATURE M13,1771291801.6422777,0x18FF00F7,1,26.00 °C
ACT_INVERTERSTATUS A13,1771291801.6472218,0x18FF01F7,1,0 state
ACT_INVERTERREADY A13,1771291801.6472218,0x18FF01F7,1,0 state
ACT_ERRORSTATUS A13,1771291801.6472218,0x18FF01F7,1,0 state
ACT_SPEED A13,1771291801.6472218,0x18FF01F7,1,0.00 rpm
ACT_TORQUE A13,1771291801.6472218,0x18FF01F7,1,0.00 Nm
ACT_POWER A13,1771291801.6472218,0x18FF01F7,1,0.00 kw
ACT_MOTORTEMPERATURE A13,1771291801.6472218,0x18FF01F7,1,27.00 °C
ACT_INVERTERSTATUS B13,1771291801.6522298,0x18FF02F7,1,0 state
ACT_INVERTERREADY B13,1771291801.6522298,0x18FF02F7,1,0 state
ACT_ERRORSTATUS B13,1771291801.6522298,0x18FF02F7,1,0 state
ACT_SPEED B13,1771291801.6522298,0x18FF02F7,1,0.00 rpm
ACT_TORQUE B13,1771291801.6522298,0x18FF02F7,1,0.00 Nm
ACT_POWER B13,1771291801.6522298,0x18FF02F7,1,0.00 kw
ACT_MOTORTEMPERATURE B13,1771291801.6522298,0x18FF02F7,1,28.00 °C
DEVICESTATE M13,1771291801.7421148,0x18FF00F7,1,0 state
ERRORLAMP M13,1771291801.7421148,0x18FF00F7,1,0 state
DEVICENUMBER M13,1771291801.7421148,0x18FF00F7,1,14 state
CLAMP15_STATUS M13,1771291801.7421148,0x18FF00F7,1,1 state
PRECHARGED M13,1771291801.7421148,0x18FF00F7,1,1 state
STATUS_ BIT_FLEX_IN_OUT_SIGNAL1 M13,1771291801.7421148,0x18FF00F7,1,3 state
STATUS_ BIT_FLEX_IN_OUT_SIGNAL2 M13,1771291801.7421148,0x18FF00F7,1,3 state
ERROR CODE  M13,1771291801.7421148,0x18FF00F7,1,0 state
ACT_DCBUSVOLTAGE M13,1771291801.7421148,0x18FF00F7,1,1.25 V
ACT_DCBUSPOWER M13,1771291801.7421148,0x18FF00F7,1,0.00 kw
ACT_DEVICETEMPERATURE M13,1771291801.7421148,0x18FF00F7,1,26.00 °C
ACT_INVERTERSTATUS A13,1771291801.747187,0x18FF01F7,1,0 state
ACT_INVERTERREADY A13,1771291801.747187,0x18FF01F7,1,0 state
ACT_ERRORSTATUS A13,1771291801.747187,0x18FF01F7,1,0 state
ACT_SPEED A13,1771291801.747187,0x18FF01F7,1,0.00 rpm
ACT_TORQUE A13,1771291801.747187,0x18FF01F7,1,0.00 Nm
ACT_POWER A13,1771291801.747187,0x18FF01F7,1,0.00 kw
ACT_MOTORTEMPERATURE A13,1771291801.747187,0x18FF01F7,1,27.00 °C
ACT_INVERTERSTATUS B13,1771291801.7521439,0x18FF02F7,1,0 state
ACT_INVERTERREADY B13,1771291801.7521439,0x18FF02F7,1,0 state
ACT_ERRORSTATUS B13,1771291801.7521439,0x18FF02F7,1,0 state
ACT_SPEED B13,1771291801.7521439,0x18FF02F7,1,0.00 rpm
ACT_TORQUE B13,1771291801.7521439,0x18FF02F7,1,0.00 Nm
ACT_POWER B13,1771291801.7521439,0x18FF02F7,1,0.00 kw
ACT_MOTORTEMPERATURE B13,1771291801.7521439,0x18FF02F7,1,28.00 °C
DEVICESTATE M13,1771291801.8422737,0x18FF00F7,1,0 state
ERRORLAMP M13,1771291801.8422737,0x18FF00F7,1,0 state
DEVICENUMBER M13,1771291801.8422737,0x18FF00F7,1,14 state
CLAMP15_STATUS M13,1771291801.8422737,0x18FF00F7,1,1 state
PRECHARGED M13,1771291801.8422737,0x18FF00F7,1,1 state
STATUS_ BIT_FLEX_IN_OUT_SIGNAL1 M13,1771291801.8422737,0x18FF00F7,1,3 state
STATUS_ BIT_FLEX_IN_OUT_SIGNAL2 M13,1771291801.8422737,0x18FF00F7,1,3 state
ERROR CODE  M13,1771291801.8422737,0x18FF00F7,1,0 state
ACT_DCBUSVOLTAGE M13,1771291801.8422737,0x18FF00F7,1,1.25 V
ACT_DCBUSPOWER M13,1771291801.8422737,0x18FF00F7,1,0.00 kw
ACT_DEVICETEMPERATURE M13,1771291801.8422737,0x18FF00F7,1,26.00 °C
ACT_INVERTERSTATUS A13,1771291801.8471372,0x18FF01F7,1,0 state
ACT_INVERTERREADY A13,1771291801.8471372,0x18FF01F7,1,0 state
ACT_ERRORSTATUS A13,1771291801.8471372,0x18FF01F7,1,0 state
ACT_SPEED A13,1771291801.8471372,0x18FF01F7,1,0.00 rpm
ACT_TORQUE A13,1771291801.8471372,0x18FF01F7,1,0.00 Nm
ACT_POWER A13,1771291801.8471372,0x18FF01F7,1,0.00 kw
ACT_MOTORTEMPERATURE A13,1771291801.8471372,0x18FF01F7,1,27.00 °C
ACT_INVERTERSTATUS B13,1771291801.8517737,0x18FF02F7,1,0 state
ACT_INVERTERREADY B13,1771291801.8517737,0x18FF02F7,1,0 state
ACT_ERRORSTATUS B13,1771291801.8517737,0x18FF02F7,1,0 state
ACT_SPEED B13,1771291801.8517737,0x18FF02F7,1,0.00 rpm
ACT_TORQUE B13,1771291801.8517737,0x18FF02F7,1,0.00 Nm
ACT_POWER B13,1771291801.8517737,0x18FF02F7,1,0.00 kw
ACT_MOTORTEMPERATURE B13,1771291801.8517737,0x18FF02F7,1,28.00 °C
DEVICESTATE M13,1771291801.9421499,0x18FF00F7,1,0 state
ERRORLAMP M13,1771291801.9421499,0x18FF00F7,1,0 state
DEVICENUMBER M13,1771291801.9421499,0x18FF00F7,1,14 state
CLAMP15_STATUS M13,1771291801.9421499,0x18FF00F7,1,1 state
PRECHARGED M13,1771291801.9421499,0x18FF00F7,1,1 state
STATUS_ BIT_FLEX_IN_OUT_SIGNAL1 M13,1771291801.9421499,0x18FF00F7,1,3 state
STATUS_ BIT_FLEX_IN_OUT_SIGNAL2 M13,1771291801.9421499,0x18FF00F7,1,3 state
ERROR CODE  M13,1771291801.9421499,0x18FF00F7,1,0 state
ACT_DCBUSVOLTAGE M13,1771291801.9421499,0x18FF00F7,1,1.25 V
ACT_DCBUSPOWER M13,1771291801.9421499,0x18FF00F7,1,0.00 kw
ACT_DEVICETEMPERATURE M13,1771291801.9421499,0x18FF00F7,1,26.00 °C
ACT_INVERTERSTATUS A13,1771291801.9471986,0x18FF01F7,1,0 state
ACT_INVERTERREADY A13,1771291801.9471986,0x18FF01F7,1,0 state
ACT_ERRORSTATUS A13,1771291801.9471986,0x18FF01F7,1,0 state
ACT_SPEED A13,1771291801.9471986,0x18FF01F7,1,0.00 rpm
ACT_TORQUE A13,1771291801.9471986,0x18FF01F7,1,0.00 Nm
ACT_POWER A13,1771291801.9471986,0x18FF01F7,1,0.00 kw
ACT_MOTORTEMPERATURE A13,1771291801.9471986,0x18FF01F7,1,27.00 °C
ACT_INVERTERSTATUS B13,1771291801.9521573,0x18FF02F7,1,0 state
ACT_INVERTERREADY B13,1771291801.9521573,0x18FF02F7,1,0 state
ACT_ERRORSTATUS B13,1771291801.9521573,0x18FF02F7,1,0 state
ACT_SPEED B13,1771291801.9521573,0x18FF02F7,1,0.00 rpm
ACT_TORQUE B13,1771291801.9521573,0x18FF02F7,1,0.00 Nm
ACT_POWER B13,1771291801.9521573,0x18FF02F7,1,0.00 kw
ACT_MOTORTEMPERATURE B13,1771291801.9521573,0x18FF02F7,1,28.00 °C
DEVICESTATE M13,1771291802.0422716,0x18FF00F7,1,0 state
ERRORLAMP M13,1771291802.0422716,0x18FF00F7,1,0 state
DEVICENUMBER M13,1771291802.0422716,0x18FF00F7,1,14 state
CLAMP15_STATUS M13,1771291802.0422716,0x18FF00F7,1,1 state
PRECHARGED M13,1771291802.0422716,0x18FF00F7,1,1 state
STATUS_ BIT_FLEX_IN_OUT_SIGNAL1 M13,1771291802.0422716,0x18FF00F7,1,3 state
STATUS_ BIT_FLEX_IN_OUT_SIGNAL2 M13,1771291802.0422716,0x18FF00F7,1,3 state
ERROR CODE  M13,1771291802.0422716,0x18FF00F7,1,0 state
ACT_DCBUSVOLTAGE M13,1771291802.0422716,0x18FF00F7,1,1.25 V
ACT_DCBUSPOWER M13,1771291802.0422716,0x18FF00F7,1,0.00 kw
ACT_DEVICETEMPERATURE M13,1771291802.0422716,0x18FF00F7,1,26.00 °C
ACT_INVERTERSTATUS A13,1771291802.0471334,0x18FF01F7,1,0 state
ACT_INVERTERREADY A13,1771291802.0471334,0x18FF01F7,1,0 state
ACT_ERRORSTATUS A13,1771291802.0471334,0x18FF01F7,1,0 state
ACT_SPEED A13,1771291802.0471334,0x18FF01F7,1,0.00 rpm
ACT_TORQUE A13,1771291802.0471334,0x18FF01F7,1,0.00 Nm
ACT_POWER A13,1771291802.0471334,0x18FF01F7,1,0.00 kw
ACT_MOTORTEMPERATURE A13,1771291802.0471334,0x18FF01F7,1,27.00 °C
ACT_INVERTERSTATUS B13,1771291802.0520985,0x18FF02F7,1,0 state
ACT_INVERTERREADY B13,1771291802.0520985,0x18FF02F7,1,0 state
ACT_ERRORSTATUS B13,1771291802.0520985,0x18FF02F7,1,0 state
ACT_SPEED B13,1771291802.0520985,0x18FF02F7,1,0.00 rpm
ACT_TORQUE B13,1771291802.0520985,0x18FF02F7,1,0.00 Nm
ACT_POWER B13,1771291802.0520985,0x18FF02F7,1,0.00 kw
ACT_MOTORTEMPERATURE B13,1771291802.0520985,0x18FF02F7,1,28.00 °C
DEVICESTATE M13,1771291802.1421678,0x18FF00F7,1,0 state
ERRORLAMP M13,1771291802.1421678,0x18FF00F7,1,0 state
DEVICENUMBER M13,1771291802.1421678,0x18FF00F7,1,14 state
CLAMP15_STATUS M13,1771291802.1421678,0x18FF00F7,1,1 state
PRECHARGED M13,1771291802.1421678,0x18FF00F7,1,1 state
STATUS_ BIT_FLEX_IN_OUT_SIGNAL1 M13,1771291802.1421678,0x18FF00F7,1,3 state
STATUS_ BIT_FLEX_IN_OUT_SIGNAL2 M13,1771291802.1421678,0x18FF00F7,1,3 state
ERROR CODE  M13,1771291802.1421678,0x18FF00F7,1,0 state
ACT_DCBUSVOLTAGE M13,1771291802.1421678,0x18FF00F7,1,1.25 V
ACT_DCBUSPOWER M13,1771291802.1421678,0x18FF00F7,1,0.00 kw
ACT_DEVICETEMPERATURE M13,1771291802.1421678,0x18FF00F7,1,26.00 °C
ACT_INVERTERSTATUS A13,1771291802.1471703,0x18FF01F7,1,0 state
ACT_INVERTERREADY A13,1771291802.1471703,0x18FF01F7,1,0 state
ACT_ERRORSTATUS A13,1771291802.1471703,0x18FF01F7,1,0 state
ACT_SPEED A13,1771291802.1471703,0x18FF01F7,1,0.00 rpm
ACT_TORQUE A13,1771291802.1471703,0x18FF01F7,1,0.00 Nm
ACT_POWER A13,1771291802.1471703,0x18FF01F7,1,0.00 kw
ACT_MOTORTEMPERATURE A13,1771291802.1471703,0x18FF01F7,1,27.00 °C
ACT_INVERTERSTATUS B13,1771291802.1518068,0x18FF02F7,1,0 state
ACT_INVERTERREADY B13,1771291802.1518068,0x18FF02F7,1,0 state
ACT_ERRORSTATUS B13,1771291802.1518068,0x18FF02F7,1,0 state
ACT_SPEED B13,1771291802.1518068,0x18FF02F7,1,0.00 rpm
ACT_TORQUE B13,1771291802.1518068,0x18FF02F7,1,0.00 Nm
ACT_POWER B13,1771291802.1518068,0x18FF02F7,1,0.00 kw
ACT_MOTORTEMPERATURE B13,1771291802.1518068,0x18FF02F7,1,28.00 °C
DEVICESTATE M13,1771291802.2418668,0x18FF00F7,1,0 state
ERRORLAMP M13,1771291802.2418668,0x18FF00F7,1,0 state
DEVICENUMBER M13,1771291802.2418668,0x18FF00F7,1,14 state
CLAMP15_STATUS M13,1771291802.2418668,0x18FF00F7,1,1 state
PRECHARGED M13,1771291802.2418668,0x18FF00F7,1,1 state
STATUS_ BIT_FLEX_IN_OUT_SIGNAL1 M13,1771291802.2418668,0x18FF00F7,1,3 state
STATUS_ BIT_FLEX_IN_OUT_SIGNAL2 M13,1771291802.2418668,0x18FF00F7,1,3 state
ERROR CODE  M13,1771291802.2418668,0x18FF00F7,1,0 state
ACT_DCBUSVOLTAGE M13,1771291802.2418668,0x18FF00F7,1,1.25 V
ACT_DCBUSPOWER M13,1771291802.2418668,0x18FF00F7,1,0.00 kw
ACT_DEVICETEMPERATURE M13,1771291802.2418668,0x18FF00F7,1,26.00 °C
ACT_INVERTERSTATUS A13,1771291802.2469165,0x18FF01F7,1,0 state
ACT_INVERTERREADY A13,1771291802.2469165,0x18FF01F7,1,0 state
ACT_ERRORSTATUS A13,1771291802.2469165,0x18FF01F7,1,0 state
ACT_SPEED A13,1771291802.2469165,0x18FF01F7,1,0.00 rpm
ACT_TORQUE A13,1771291802.2469165,0x18FF01F7,1,0.00 Nm
ACT_POWER A13,1771291802.2469165,0x18FF01F7,1,0.00 kw
ACT_MOTORTEMPERATURE A13,1771291802.2469165,0x18FF01F7,1,27.00 °C
ACT_INVERTERSTATUS B13,1771291802.251932,0x18FF02F7,1,0 state
ACT_INVERTERREADY B13,1771291802.251932,0x18FF02F7,1,0 state
ACT_ERRORSTATUS B13,1771291802.251932,0x18FF02F7,1,0 state
ACT_SPEED B13,1771291802.251932,0x18FF02F7,1,0.00 rpm
ACT_TORQUE B13,1771291802.251932,0x18FF02F7,1,0.00 Nm
ACT_POWER B13,1771291802.251932,0x18FF02F7,1,0.00 kw
ACT_MOTORTEMPERATURE B13,1771291802.251932,0x18FF02F7,1,28.00 °C
DEVICESTATE M13,1771291802.3420649,0x18FF00F7,1,0 state
ERRORLAMP M13,1771291802.3420649,0x18FF00F7,1,0 state
DEVICENUMBER M13,1771291802.3420649,0x18FF00F7,1,14 state
CLAMP15_STATUS M13,1771291802.3420649,0x18FF00F7,1,1 state
PRECHARGED M13,1771291802.3420649,0x18FF00F7,1,1 state
STATUS_ BIT_FLEX_IN_OUT_SIGNAL1 M13,1771291802.3420649,0x18FF00F7,1,3 state
STATUS_ BIT_FLEX_IN_OUT_SIGNAL2 M13,1771291802.3420649,0x18FF00F7,1,3 state
ERROR CODE  M13,1771291802.3420649,0x18FF00F7,1,0 state
ACT_DCBUSVOLTAGE M13,1771291802.3420649,0x18FF00F7,1,1.25 V
ACT_DCBUSPOWER M13,1771291802.3420649,0x18FF00F7,1,0.00 kw
ACT_DEVICETEMPERATURE M13,1771291802.3420649,0x18FF00F7,1,26.00 °C
ACT_INVERTERSTATUS A13,1771291802.3472192,0x18FF01F7,1,0 state
ACT_INVERTERREADY A13,1771291802.3472192,0x18FF01F7,1,0 state
ACT_ERRORSTATUS A13,1771291802.3472192,0x18FF01F7,1,0 state
ACT_SPEED A13,1771291802.3472192,0x18FF01F7,1,0.00 rpm
ACT_TORQUE A13,1771291802.3472192,0x18FF01F7,1,0.00 Nm
ACT_POWER A13,1771291802.3472192,0x18FF01F7,1,0.00 kw
ACT_MOTORTEMPERATURE A13,1771291802.3472192,0x18FF01F7,1,27.00 °C
ACT_INVERTERSTATUS B13,1771291802.3517756,0x18FF02F7,1,0 state
ACT_INVERTERREADY B13,1771291802.3517756,0x18FF02F7,1,0 state
ACT_ERRORSTATUS B13,1771291802.3517756,0x18FF02F7,1,0 state
ACT_SPEED B13,1771291802.3517756,0x18FF02F7,1,0.00 rpm
ACT_TORQUE B13,1771291802.3517756,0x18FF02F7,1,0.00 Nm
ACT_POWER B13,1771291802.3517756,0x18FF02F7,1,0.00 kw
ACT_MOTORTEMPERATURE B13,1771291802.3517756,0x18FF02F7,1,28.00 °C
DEVICESTATE M13,1771291802.4418528,0x18FF00F7,1,0 state
ERRORLAMP M13,1771291802.4418528,0x18FF00F7,1,0 state
DEVICENUMBER M13,1771291802.4418528,0x18FF00F7,1,14 state
CLAMP15_STATUS M13,1771291802.4418528,0x18FF00F7,1,1 state
PRECHARGED M13,1771291802.4418528,0x18FF00F7,1,1 state
STATUS_ BIT_FLEX_IN_OUT_SIGNAL1 M13,1771291802.4418528,0x18FF00F7,1,3 state
STATUS_ BIT_FLEX_IN_OUT_SIGNAL2 M13,1771291802.4418528,0x18FF00F7,1,3 state
ERROR CODE  M13,1771291802.4418528,0x18FF00F7,1,0 state
ACT_DCBUSVOLTAGE M13,1771291802.4418528,0x18FF00F7,1,1.25 V
ACT_DCBUSPOWER M13,1771291802.4418528,0x18FF00F7,1,0.00 kw
ACT_DEVICETEMPERATURE M13,1771291802.4418528,0x18FF00F7,1,26.00 °C
ACT_INVERTERSTATUS A13,1771291802.446967,0x18FF01F7,1,0 state
ACT_INVERTERREADY A13,1771291802.446967,0x18FF01F7,1,0 state
ACT_ERRORSTATUS A13,1771291802.446967,0x18FF01F7,1,0 state
ACT_SPEED A13,1771291802.446967,0x18FF01F7,1,0.00 rpm
ACT_TORQUE A13,1771291802.446967,0x18FF01F7,1,0.00 Nm
ACT_POWER A13,1771291802.446967,0x18FF01F7,1,0.00 kw
ACT_MOTORTEMPERATURE A13,1771291802.446967,0x18FF01F7,1,27.00 °C
ACT_INVERTERSTATUS B13,1771291802.4518785,0x18FF02F7,1,0 state
ACT_INVERTERREADY B13,1771291802.4518785,0x18FF02F7,1,0 state
ACT_ERRORSTATUS B13,1771291802.4518785,0x18FF02F7,1,0 state
ACT_SPEED B13,1771291802.4518785,0x18FF02F7,1,0.00 rpm
ACT_TORQUE B13,1771291802.4518785,0x18FF02F7,1,0.00 Nm
ACT_POWER B13,1771291802.4518785,0x18FF02F7,1,0.00 kw
ACT_MOTORTEMPERATURE B13,1771291802.4518785,0x18FF02F7,1,28.00 °C
DEVICESTATE M13,1771291802.541879,0x18FF00F7,1,0 state
ERRORLAMP M13,1771291802.541879,0x18FF00F7,1,0 state
DEVICENUMBER M13,1771291802.541879,0x18FF00F7,1,14 state
CLAMP15_STATUS M13,1771291802.541879,0x18FF00F7,1,1 state
PRECHARGED M13,1771291802.541879,0x18FF00F7,1,1 state
STATUS_ BIT_FLEX_IN_OUT_SIGNAL1 M13,1771291802.541879,0x18FF00F7,1,3 state
STATUS_ BIT_FLEX_IN_OUT_SIGNAL2 M13,1771291802.541879,0x18FF00F7,1,3 state
ERROR CODE  M13,1771291802.541879,0x18FF00F7,1,0 state
ACT_DCBUSVOLTAGE M13,1771291802.541879,0x18FF00F7,1,1.25 V
ACT_DCBUSPOWER M13,1771291802.541879,0x18FF00F7,1,0.00 kw
ACT_DEVICETEMPERATURE M13,1771291802.541879,0x18FF00F7,1,26.00 °C
ACT_INVERTERSTATUS A13,1771291802.547015,0x18FF01F7,1,0 state
ACT_INVERTERREADY A13,1771291802.547015,0x18FF01F7,1,0 state
ACT_ERRORSTATUS A13,1771291802.547015,0x18FF01F7,1,0 state
ACT_SPEED A13,1771291802.547015,0x18FF01F7,1,0.00 rpm
ACT_TORQUE A13,1771291802.547015,0x18FF01F7,1,0.00 Nm
ACT_POWER A13,1771291802.547015,0x18FF01F7,1,0.00 kw
ACT_MOTORTEMPERATURE A13,1771291802.547015,0x18FF01F7,1,27.00 °C
ACT_INVERTERSTATUS B13,1771291802.551913,0x18FF02F7,1,0 state
ACT_INVERTERREADY B13,1771291802.551913,0x18FF02F7,1,0 state
ACT_ERRORSTATUS B13,1771291802.551913,0x18FF02F7,1,0 state
ACT_SPEED B13,1771291802.551913,0x18FF02F7,1,0.00 rpm
ACT_TORQUE B13,1771291802.551913,0x18FF02F7,1,0.00 Nm
ACT_POWER B13,1771291802.551913,0x18FF02F7,1,0.00 kw
ACT_MOTORTEMPERATURE B13,1771291802.551913,0x18FF02F7,1,28.00 °C
DEVICESTATE M13,1771291802.6419995,0x18FF00F7,1,0 state
ERRORLAMP M13,1771291802.6419995,0x18FF00F7,1,0 state
DEVICENUMBER M13,1771291802.6419995,0x18FF00F7,1,14 state
CLAMP15_STATUS M13,1771291802.6419995,0x18FF00F7,1,1 state
PRECHARGED M13,1771291802.6419995,0x18FF00F7,1,1 state
STATUS_ BIT_FLEX_IN_OUT_SIGNAL1 M13,1771291802.6419995,0x18FF00F7,1,3 state
STATUS_ BIT_FLEX_IN_OUT_SIGNAL2 M13,1771291802.6419995,0x18FF00F7,1,3 state
ERROR CODE  M13,1771291802.6419995,0x18FF00F7,1,0 state
ACT_DCBUSVOLTAGE M13,1771291802.6419995,0x18FF00F7,1,1.25 V
ACT_DCBUSPOWER M13,1771291802.6419995,0x18FF00F7,1,0.00 kw
ACT_DEVICETEMPERATURE M13,1771291802.6419995,0x18FF00F7,1,26.00 °C
ACT_INVERTERSTATUS A13,1771291802.6469607,0x18FF01F7,1,0 state
ACT_INVERTERREADY A13,1771291802.6469607,0x18FF01F7,1,0 state
ACT_ERRORSTATUS A13,1771291802.6469607,0x18FF01F7,1,0 state
ACT_SPEED A13,1771291802.6469607,0x18FF01F7,1,0.00 rpm
ACT_TORQUE A13,1771291802.6469607,0x18FF01F7,1,0.00 Nm
ACT_POWER A13,1771291802.6469607,0x18FF01F7,1,0.00 kw
ACT_MOTORTEMPERATURE A13,1771291802.6469607,0x18FF01F7,1,27.00 °C
ACT_INVERTERSTATUS B13,1771291802.6519406,0x18FF02F7,1,0 state
ACT_INVERTERREADY B13,1771291802.6519406,0x18FF02F7,1,0 state
ACT_ERRORSTATUS B13,1771291802.6519406,0x18FF02F7,1,0 state
ACT_SPEED B13,1771291802.6519406,0x18FF02F7,1,0.00 rpm
ACT_TORQUE B13,1771291802.6519406,0x18FF02F7,1,0.00 Nm
ACT_POWER B13,1771291802.6519406,0x18FF02F7,1,0.00 kw
ACT_MOTORTEMPERATURE B13,1771291802.6519406,0x18FF02F7,1,28.00 °C
DEVICESTATE M13,1771291802.7420115,0x18FF00F7,1,0 state
ERRORLAMP M13,1771291802.7420115,0x18FF00F7,1,0 state
DEVICENUMBER M13,1771291802.7420115,0x18FF00F7,1,14 state
CLAMP15_STATUS M13,1771291802.7420115,0x18FF00F7,1,1 state
PRECHARGED M13,1771291802.7420115,0x18FF00F7,1,1 state
STATUS_ BIT_FLEX_IN_OUT_SIGNAL1 M13,1771291802.7420115,0x18FF00F7,1,3 state
STATUS_ BIT_FLEX_IN_OUT_SIGNAL2 M13,1771291802.7420115,0x18FF00F7,1,3 state
ERROR CODE  M13,1771291802.7420115,0x18FF00F7,1,0 state
ACT_DCBUSVOLTAGE M13,1771291802.7420115,0x18FF00F7,1,1.25 V
ACT_DCBUSPOWER M13,1771291802.7420115,0x18FF00F7,1,0.00 kw
ACT_DEVICETEMPERATURE M13,1771291802.7420115,0x18FF00F7,1,26.00 °C
ACT_INVERTERSTATUS A13,1771291802.7472045,0x18FF01F7,1,0 state
ACT_INVERTERREADY A13,1771291802.7472045,0x18FF01F7,1,0 state
ACT_ERRORSTATUS A13,1771291802.7472045,0x18FF01F7,1,0 state
ACT_SPEED A13,1771291802.7472045,0x18FF01F7,1,0.00 rpm
ACT_TORQUE A13,1771291802.7472045,0x18FF01F7,1,0.00 Nm
ACT_POWER A13,1771291802.7472045,0x18FF01F7,1,0.00 kw
ACT_MOTORTEMPERATURE A13,1771291802.7472045,0x18FF01F7,1,27.00 °C
ACT_INVERTERSTATUS B13,1771291802.7519104,0x18FF02F7,1,0 state
ACT_INVERTERREADY B13,1771291802.7519104,0x18FF02F7,1,0 state
ACT_ERRORSTATUS B13,1771291802.7519104,0x18FF02F7,1,0 state
ACT_SPEED B13,1771291802.7519104,0x18FF02F7,1,0.00 rpm
ACT_TORQUE B13,1771291802.7519104,0x18FF02F7,1,0.00 Nm
ACT_POWER B13,1771291802.7519104,0x18FF02F7,1,0.00 kw
ACT_MOTORTEMPERATURE B13,1771291802.7519104,0x18FF02F7,1,28.00 °C
DEVICESTATE M13,1771291802.84193,0x18FF00F7,1,0 state
ERRORLAMP M13,1771291802.84193,0x18FF00F7,1,0 state
DEVICENUMBER M13,1771291802.84193,0x18FF00F7,1,14 state
CLAMP15_STATUS M13,1771291802.84193,0x18FF00F7,1,1 state
PRECHARGED M13,1771291802.84193,0x18FF00F7,1,1 state
STATUS_ BIT_FLEX_IN_OUT_SIGNAL1 M13,1771291802.84193,0x18FF00F7,1,3 state
STATUS_ BIT_FLEX_IN_OUT_SIGNAL2 M13,1771291802.84193,0x18FF00F7,1,3 state
ERROR CODE  M13,1771291802.84193,0x18FF00F7,1,0 state
ACT_DCBUSVOLTAGE M13,1771291802.84193,0x18FF00F7,1,1.25 V
ACT_DCBUSPOWER M13,1771291802.84193,0x18FF00F7,1,0.00 kw
ACT_DEVICETEMPERATURE M13,1771291802.84193,0x18FF00F7,1,26.00 °C
ACT_INVERTERSTATUS A13,1771291802.8469906,0x18FF01F7,1,0 state
ACT_INVERTERREADY A13,1771291802.8469906,0x18FF01F7,1,0 state
ACT_ERRORSTATUS A13,1771291802.8469906,0x18FF01F7,1,0 state
ACT_SPEED A13,1771291802.8469906,0x18FF01F7,1,0.00 rpm
ACT_TORQUE A13,1771291802.8469906,0x18FF01F7,1,0.00 Nm
ACT_POWER A13,1771291802.8469906,0x18FF01F7,1,0.00 kw
ACT_MOTORTEMPERATURE A13,1771291802.8469906,0x18FF01F7,1,27.00 °C
ACT_INVERTERSTATUS B13,1771291802.8519092,0x18FF02F7,1,0 state
ACT_INVERTERREADY B13,1771291802.8519092,0x18FF02F7,1,0 state
ACT_ERRORSTATUS B13,1771291802.8519092,0x18FF02F7,1,0 state
ACT_SPEED B13,1771291802.8519092,0x18FF02F7,1,0.00 rpm
ACT_TORQUE B13,1771291802.8519092,0x18FF02F7,1,0.00 Nm
ACT_POWER B13,1771291802.8519092,0x18FF02F7,1,0.00 kw
ACT_MOTORTEMPERATURE B13,1771291802.8519092,0x18FF02F7,1,28.00 °C
DEVICESTATE M13,1771291802.942238,0x18FF00F7,1,0 state
ERRORLAMP M13,1771291802.942238,0x18FF00F7,1,0 state
DEVICENUMBER M13,1771291802.942238,0x18FF00F7,1,14 state
CLAMP15_STATUS M13,1771291802.942238,0x18FF00F7,1,1 state
PRECHARGED M13,1771291802.942238,0x18FF00F7,1,1 state
STATUS_ BIT_FLEX_IN_OUT_SIGNAL1 M13,1771291802.942238,0x18FF00F7,1,3 state
STATUS_ BIT_FLEX_IN_OUT_SIGNAL2 M13,1771291802.942238,0x18FF00F7,1,3 state
ERROR CODE  M13,1771291802.942238,0x18FF00F7,1,0 state
ACT_DCBUSVOLTAGE M13,1771291802.942238,0x18FF00F7,1,1.25 V
ACT_DCBUSPOWER M13,1771291802.942238,0x18FF00F7,1,0.00 kw
ACT_DEVICETEMPERATURE M13,1771291802.942238,0x18FF00F7,1,26.00 °C
ACT_INVERTERSTATUS A13,1771291802.9467711,0x18FF01F7,1,0 state
ACT_INVERTERREADY A13,1771291802.9467711,0x18FF01F7,1,0 state
ACT_ERRORSTATUS A13,1771291802.9467711,0x18FF01F7,1,0 state
ACT_SPEED A13,1771291802.9467711,0x18FF01F7,1,0.00 rpm
ACT_TORQUE A13,1771291802.9467711,0x18FF01F7,1,0.00 Nm
ACT_POWER A13,1771291802.9467711,0x18FF01F7,1,0.00 kw
ACT_MOTORTEMPERATURE A13,1771291802.9467711,0x18FF01F7,1,27.00 °C
ACT_INVERTERSTATUS B13,1771291802.951868,0x18FF02F7,1,0 state
ACT_INVERTERREADY B13,1771291802.951868,0x18FF02F7,1,0 state
ACT_ERRORSTATUS B13,1771291802.951868,0x18FF02F7,1,0 state
ACT_SPEED B13,1771291802.951868,0x18FF02F7,1,0.00 rpm
ACT_TORQUE B13,1771291802.951868,0x18FF02F7,1,0.00 Nm
ACT_POWER B13,1771291802.951868,0x18FF02F7,1,0.00 kw
ACT_MOTORTEMPERATURE B13,1771291802.951868,0x18FF02F7,1,28.00 °C
DEVICESTATE M13,1771291803.0418444,0x18FF00F7,1,0 state
ERRORLAMP M13,1771291803.0418444,0x18FF00F7,1,0 state
DEVICENUMBER M13,1771291803.0418444,0x18FF00F7,1,14 state
CLAMP15_STATUS M13,1771291803.0418444,0x18FF00F7,1,1 state
PRECHARGED M13,1771291803.0418444,0x18FF00F7,1,1 state
STATUS_ BIT_FLEX_IN_OUT_SIGNAL1 M13,1771291803.0418444,0x18FF00F7,1,3 state
STATUS_ BIT_FLEX_IN_OUT_SIGNAL2 M13,1771291803.0418444,0x18FF00F7,1,3 state
ERROR CODE  M13,1771291803.0418444,0x18FF00F7,1,0 state
ACT_DCBUSVOLTAGE M13,1771291803.0418444,0x18FF00F7,1,1.25 V
ACT_DCBUSPOWER M13,1771291803.0418444,0x18FF00F7,1,0.00 kw
ACT_DEVICETEMPERATURE M13,1771291803.0418444,0x18FF00F7,1,26.00 °C
ACT_INVERTERSTATUS A13,1771291803.0468988,0x18FF01F7,1,0 state
ACT_INVERTERREADY A13,1771291803.0468988,0x18FF01F7,1,0 state
ACT_ERRORSTATUS A13,1771291803.0468988,0x18FF01F7,1,0 state
ACT_SPEED A13,1771291803.0468988,0x18FF01F7,1,0.00 rpm
ACT_TORQUE A13,1771291803.0468988,0x18FF01F7,1,0.00 Nm
ACT_POWER A13,1771291803.0468988,0x18FF01F7,1,0.00 kw
ACT_MOTORTEMPERATURE A13,1771291803.0468988,0x18FF01F7,1,27.00 °C
ACT_INVERTERSTATUS B13,1771291803.0518599,0x18FF02F7,1,0 state
ACT_INVERTERREADY B13,1771291803.0518599,0x18FF02F7,1,0 state
ACT_ERRORSTATUS B13,1771291803.0518599,0x18FF02F7,1,0 state
ACT_SPEED B13,1771291803.0518599,0x18FF02F7,1,0.00 rpm
ACT_TORQUE B13,1771291803.0518599,0x18FF02F7,1,0.00 Nm
ACT_POWER B13,1771291803.0518599,0x18FF02F7,1,0.00 kw
ACT_MOTORTEMPERATURE B13,1771291803.0518599,0x18FF02F7,1,28.00 °C
DEVICESTATE M13,1771291803.142285,0x18FF00F7,1,0 state
ERRORLAMP M13,1771291803.142285,0x18FF00F7,1,0 state
DEVICENUMBER M13,1771291803.142285,0x18FF00F7,1,14 state
CLAMP15_STATUS M13,1771291803.142285,0x18FF00F7,1,1 state
PRECHARGED M13,1771291803.142285,0x18FF00F7,1,1 state
STATUS_ BIT_FLEX_IN_OUT_SIGNAL1 M13,1771291803.142285,0x18FF00F7,1,3 state
STATUS_ BIT_FLEX_IN_OUT_SIGNAL2 M13,1771291803.142285,0x18FF00F7,1,3 state
ERROR CODE  M13,1771291803.142285,0x18FF00F7,1,0 state
ACT_DCBUSVOLTAGE M13,1771291803.142285,0x18FF00F7,1,1.25 V
ACT_DCBUSPOWER M13,1771291803.142285,0x18FF00F7,1,0.00 kw
ACT_DEVICETEMPERATURE M13,1771291803.142285,0x18FF00F7,1,26.00 °C
ACT_INVERTERSTATUS A13,1771291803.1467717,0x18FF01F7,1,0 state
ACT_INVERTERREADY A13,1771291803.1467717,0x18FF01F7,1,0 state
ACT_ERRORSTATUS A13,1771291803.1467717,0x18FF01F7,1,0 state
ACT_SPEED A13,1771291803.1467717,0x18FF01F7,1,0.00 rpm
ACT_TORQUE A13,1771291803.1467717,0x18FF01F7,1,0.00 Nm
ACT_POWER A13,1771291803.1467717,0x18FF01F7,1,0.00 kw
ACT_MOTORTEMPERATURE A13,1771291803.1467717,0x18FF01F7,1,27.00 °C
ACT_INVERTERSTATUS B13,1771291803.1517787,0x18FF02F7,1,0 state
ACT_INVERTERREADY B13,1771291803.1517787,0x18FF02F7,1,0 state
ACT_ERRORSTATUS B13,1771291803.1517787,0x18FF02F7,1,0 state
ACT_SPEED B13,1771291803.1517787,0x18FF02F7,1,0.00 rpm
ACT_TORQUE B13,1771291803.1517787,0x18FF02F7,1,0.00 Nm
ACT_POWER B13,1771291803.1517787,0x18FF02F7,1,0.00 kw
ACT_MOTORTEMPERATURE B13,1771291803.1517787,0x18FF02F7,1,28.00 °C
DEVICESTATE M13,1771291803.2422514,0x18FF00F7,1,0 state
ERRORLAMP M13,1771291803.2422514,0x18FF00F7,1,0 state
DEVICENUMBER M13,1771291803.2422514,0x18FF00F7,1,14 state
CLAMP15_STATUS M13,1771291803.2422514,0x18FF00F7,1,1 state
PRECHARGED M13,1771291803.2422514,0x18FF00F7,1,1 state
STATUS_ BIT_FLEX_IN_OUT_SIGNAL1 M13,1771291803.2422514,0x18FF00F7,1,3 state
STATUS_ BIT_FLEX_IN_OUT_SIGNAL2 M13,1771291803.2422514,0x18FF00F7,1,3 state
ERROR CODE  M13,1771291803.2422514,0x18FF00F7,1,0 state
ACT_DCBUSVOLTAGE M13,1771291803.2422514,0x18FF00F7,1,1.25 V
ACT_DCBUSPOWER M13,1771291803.2422514,0x18FF00F7,1,0.00 kw
ACT_DEVICETEMPERATURE M13,1771291803.2422514,0x18FF00F7,1,26.00 °C
ACT_INVERTERSTATUS A13,1771291803.2469935,0x18FF01F7,1,0 state
ACT_INVERTERREADY A13,1771291803.2469935,0x18FF01F7,1,0 state
ACT_ERRORSTATUS A13,1771291803.2469935,0x18FF01F7,1,0 state
ACT_SPEED A13,1771291803.2469935,0x18FF01F7,1,0.00 rpm
ACT_TORQUE A13,1771291803.2469935,0x18FF01F7,1,0.00 Nm
ACT_POWER A13,1771291803.2469935,0x18FF01F7,1,0.00 kw
ACT_MOTORTEMPERATURE A13,1771291803.2469935,0x18FF01F7,1,27.00 °C
ACT_INVERTERSTATUS B13,1771291803.251963,0x18FF02F7,1,0 state
ACT_INVERTERREADY B13,1771291803.251963,0x18FF02F7,1,0 state
ACT_ERRORSTATUS B13,1771291803.251963,0x18FF02F7,1,0 state
ACT_SPEED B13,1771291803.251963,0x18FF02F7,1,0.00 rpm
ACT_TORQUE B13,1771291803.251963,0x18FF02F7,1,0.00 Nm
ACT_POWER B13,1771291803.251963,0x18FF02F7,1,0.00 kw
ACT_MOTORTEMPERATURE B13,1771291803.251963,0x18FF02F7,1,28.00 °C
DEVICESTATE M13,1771291803.3421552,0x18FF00F7,1,0 state
ERRORLAMP M13,1771291803.3421552,0x18FF00F7,1,0 state
DEVICENUMBER M13,1771291803.3421552,0x18FF00F7,1,14 state
CLAMP15_STATUS M13,1771291803.3421552,0x18FF00F7,1,1 state
PRECHARGED M13,1771291803.3421552,0x18FF00F7,1,1 state
STATUS_ BIT_FLEX_IN_OUT_SIGNAL1 M13,1771291803.3421552,0x18FF00F7,1,3 state
STATUS_ BIT_FLEX_IN_OUT_SIGNAL2 M13,1771291803.3421552,0x18FF00F7,1,3 state
ERROR CODE  M13,1771291803.3421552,0x18FF00F7,1,0 state
ACT_DCBUSVOLTAGE M13,1771291803.3421552,0x18FF00F7,1,1.25 V
ACT_DCBUSPOWER M13,1771291803.3421552,0x18FF00F7,1,0.00 kw
ACT_DEVICETEMPERATURE M13,1771291803.3421552,0x18FF00F7,1,26.00 °C
ACT_INVERTERSTATUS A13,1771291803.3472373,0x18FF01F7,1,0 state
ACT_INVERTERREADY A13,1771291803.3472373,0x18FF01F7,1,0 state
ACT_ERRORSTATUS A13,1771291803.3472373,0x18FF01F7,1,0 state
ACT_SPEED A13,1771291803.3472373,0x18FF01F7,1,0.00 rpm
ACT_TORQUE A13,1771291803.3472373,0x18FF01F7,1,0.00 Nm
ACT_POWER A13,1771291803.3472373,0x18FF01F7,1,0.00 kw
ACT_MOTORTEMPERATURE A13,1771291803.3472373,0x18FF01F7,1,27.00 °C
ACT_INVERTERSTATUS B13,1771291803.352174,0x18FF02F7,1,0 state
ACT_INVERTERREADY B13,1771291803.352174,0x18FF02F7,1,0 state
ACT_ERRORSTATUS B13,1771291803.352174,0x18FF02F7,1,0 state
ACT_SPEED B13,1771291803.352174,0x18FF02F7,1,0.00 rpm
ACT_TORQUE B13,1771291803.352174,0x18FF02F7,1,0.00 Nm
ACT_POWER B13,1771291803.352174,0x18FF02F7,1,0.00 kw
ACT_MOTORTEMPERATURE B13,1771291803.352174,0x18FF02F7,1,28.00 °C
DEVICESTATE M13,1771291803.4420736,0x18FF00F7,1,0 state
ERRORLAMP M13,1771291803.4420736,0x18FF00F7,1,0 state
DEVICENUMBER M13,1771291803.4420736,0x18FF00F7,1,14 state
CLAMP15_STATUS M13,1771291803.4420736,0x18FF00F7,1,1 state
PRECHARGED M13,1771291803.4420736,0x18FF00F7,1,1 state
STATUS_ BIT_FLEX_IN_OUT_SIGNAL1 M13,1771291803.4420736,0x18FF00F7,1,3 state
STATUS_ BIT_FLEX_IN_OUT_SIGNAL2 M13,1771291803.4420736,0x18FF00F7,1,3 state
ERROR CODE  M13,1771291803.4420736,0x18FF00F7,1,0 state
ACT_DCBUSVOLTAGE M13,1771291803.4420736,0x18FF00F7,1,1.25 V
ACT_DCBUSPOWER M13,1771291803.4420736,0x18FF00F7,1,0.00 kw
ACT_DEVICETEMPERATURE M13,1771291803.4420736,0x18FF00F7,1,26.00 °C
ACT_INVERTERSTATUS A13,1771291803.4471805,0x18FF01F7,1,0 state
ACT_INVERTERREADY A13,1771291803.4471805,0x18FF01F7,1,0 state
ACT_ERRORSTATUS A13,1771291803.4471805,0x18FF01F7,1,0 state
ACT_SPEED A13,1771291803.4471805,0x18FF01F7,1,0.00 rpm
ACT_TORQUE A13,1771291803.4471805,0x18FF01F7,1,0.00 Nm
ACT_POWER A13,1771291803.4471805,0x18FF01F7,1,0.00 kw
ACT_MOTORTEMPERATURE A13,1771291803.4471805,0x18FF01F7,1,27.00 °C
ACT_INVERTERSTATUS B13,1771291803.4519668,0x18FF02F7,1,0 state
ACT_INVERTERREADY B13,1771291803.4519668,0x18FF02F7,1,0 state
ACT_ERRORSTATUS B13,1771291803.4519668,0x18FF02F7,1,0 state
ACT_SPEED B13,1771291803.4519668,0x18FF02F7,1,0.00 rpm
ACT_TORQUE B13,1771291803.4519668,0x18FF02F7,1,0.00 Nm
ACT_POWER B13,1771291803.4519668,0x18FF02F7,1,0.00 kw
ACT_MOTORTEMPERATURE B13,1771291803.4519668,0x18FF02F7,1,28.00 °C
DEVICESTATE M13,1771291803.5420644,0x18FF00F7,1,0 state
ERRORLAMP M13,1771291803.5420644,0x18FF00F7,1,0 state
DEVICENUMBER M13,1771291803.5420644,0x18FF00F7,1,14 state
CLAMP15_STATUS M13,1771291803.5420644,0x18FF00F7,1,1 state
PRECHARGED M13,1771291803.5420644,0x18FF00F7,1,1 state
STATUS_ BIT_FLEX_IN_OUT_SIGNAL1 M13,1771291803.5420644,0x18FF00F7,1,3 state
STATUS_ BIT_FLEX_IN_OUT_SIGNAL2 M13,1771291803.5420644,0x18FF00F7,1,3 state
ERROR CODE  M13,1771291803.5420644,0x18FF00F7,1,0 state
ACT_DCBUSVOLTAGE M13,1771291803.5420644,0x18FF00F7,1,1.25 V
ACT_DCBUSPOWER M13,1771291803.5420644,0x18FF00F7,1,0.00 kw
ACT_DEVICETEMPERATURE M13,1771291803.5420644,0x18FF00F7,1,26.00 °C
ACT_INVERTERSTATUS A13,1771291803.5470076,0x18FF01F7,1,0 state
ACT_INVERTERREADY A13,1771291803.5470076,0x18FF01F7,1,0 state
ACT_ERRORSTATUS A13,1771291803.5470076,0x18FF01F7,1,0 state
ACT_SPEED A13,1771291803.5470076,0x18FF01F7,1,0.00 rpm
ACT_TORQUE A13,1771291803.5470076,0x18FF01F7,1,0.00 Nm
ACT_POWER A13,1771291803.5470076,0x18FF01F7,1,0.00 kw
ACT_MOTORTEMPERATURE A13,1771291803.5470076,0x18FF01F7,1,27.00 °C
ACT_INVERTERSTATUS B13,1771291803.552176,0x18FF02F7,1,0 state
ACT_INVERTERREADY B13,1771291803.552176,0x18FF02F7,1,0 state
ACT_ERRORSTATUS B13,1771291803.552176,0x18FF02F7,1,0 state
ACT_SPEED B13,1771291803.552176,0x18FF02F7,1,0.00 rpm
ACT_TORQUE B13,1771291803.552176,0x18FF02F7,1,0.00 Nm
ACT_POWER B13,1771291803.552176,0x18FF02F7,1,0.00 kw
ACT_MOTORTEMPERATURE B13,1771291803.552176,0x18FF02F7,1,28.00 °C
DEVICESTATE M13,1771291803.6420577,0x18FF00F7,1,0 state
ERRORLAMP M13,1771291803.6420577,0x18FF00F7,1,0 state
DEVICENUMBER M13,1771291803.6420577,0x18FF00F7,1,14 state
CLAMP15_STATUS M13,1771291803.6420577,0x18FF00F7,1,1 state
PRECHARGED M13,1771291803.6420577,0x18FF00F7,1,1 state
STATUS_ BIT_FLEX_IN_OUT_SIGNAL1 M13,1771291803.6420577,0x18FF00F7,1,3 state
STATUS_ BIT_FLEX_IN_OUT_SIGNAL2 M13,1771291803.6420577,0x18FF00F7,1,3 state
ERROR CODE  M13,1771291803.6420577,0x18FF00F7,1,0 state
ACT_DCBUSVOLTAGE M13,1771291803.6420577,0x18FF00F7,1,1.25 V
ACT_DCBUSPOWER M13,1771291803.6420577,0x18FF00F7,1,0.00 kw
ACT_DEVICETEMPERATURE M13,1771291803.6420577,0x18FF00F7,1,26.00 °C
ACT_INVERTERSTATUS A13,1771291803.6472056,0x18FF01F7,1,0 state
ACT_INVERTERREADY A13,1771291803.6472056,0x18FF01F7,1,0 state
ACT_ERRORSTATUS A13,1771291803.6472056,0x18FF01F7,1,0 state
ACT_SPEED A13,1771291803.6472056,0x18FF01F7,1,0.00 rpm
ACT_TORQUE A13,1771291803.6472056,0x18FF01F7,1,0.00 Nm
ACT_POWER A13,1771291803.6472056,0x18FF01F7,1,0.00 kw
ACT_MOTORTEMPERATURE A13,1771291803.6472056,0x18FF01F7,1,27.00 °C
ACT_INVERTERSTATUS B13,1771291803.651901,0x18FF02F7,1,0 state
ACT_INVERTERREADY B13,1771291803.651901,0x18FF02F7,1,0 state
ACT_ERRORSTATUS B13,1771291803.651901,0x18FF02F7,1,0 state
ACT_SPEED B13,1771291803.651901,0x18FF02F7,1,0.00 rpm
ACT_TORQUE B13,1771291803.651901,0x18FF02F7,1,0.00 Nm
ACT_POWER B13,1771291803.651901,0x18FF02F7,1,0.00 kw
ACT_MOTORTEMPERATURE B13,1771291803.651901,0x18FF02F7,1,28.00 °C
DEVICESTATE M13,1771291803.7418737,0x18FF00F7,1,0 state
ERRORLAMP M13,1771291803.7418737,0x18FF00F7,1,0 state
DEVICENUMBER M13,1771291803.7418737,0x18FF00F7,1,14 state
CLAMP15_STATUS M13,1771291803.7418737,0x18FF00F7,1,1 state
PRECHARGED M13,1771291803.7418737,0x18FF00F7,1,1 state
STATUS_ BIT_FLEX_IN_OUT_SIGNAL1 M13,1771291803.7418737,0x18FF00F7,1,3 state
STATUS_ BIT_FLEX_IN_OUT_SIGNAL2 M13,1771291803.7418737,0x18FF00F7,1,3 state
ERROR CODE  M13,1771291803.7418737,0x18FF00F7,1,0 state
ACT_DCBUSVOLTAGE M13,1771291803.7418737,0x18FF00F7,1,1.25 V
ACT_DCBUSPOWER M13,1771291803.7418737,0x18FF00F7,1,0.00 kw
ACT_DEVICETEMPERATURE M13,1771291803.7418737,0x18FF00F7,1,26.00 °C
ACT_INVERTERSTATUS A13,1771291803.746984,0x18FF01F7,1,0 state
ACT_INVERTERREADY A13,1771291803.746984,0x18FF01F7,1,0 state
ACT_ERRORSTATUS A13,1771291803.746984,0x18FF01F7,1,0 state
ACT_SPEED A13,1771291803.746984,0x18FF01F7,1,0.00 rpm
ACT_TORQUE A13,1771291803.746984,0x18FF01F7,1,0.00 Nm
ACT_POWER A13,1771291803.746984,0x18FF01F7,1,0.00 kw
ACT_MOTORTEMPERATURE A13,1771291803.746984,0x18FF01F7,1,27.00 °C
ACT_INVERTERSTATUS B13,1771291803.752104,0x18FF02F7,1,0 state
ACT_INVERTERREADY B13,1771291803.752104,0x18FF02F7,1,0 state
ACT_ERRORSTATUS B13,1771291803.752104,0x18FF02F7,1,0 state
ACT_SPEED B13,1771291803.752104,0x18FF02F7,1,0.00 rpm
ACT_TORQUE B13,1771291803.752104,0x18FF02F7,1,0.00 Nm
ACT_POWER B13,1771291803.752104,0x18FF02F7,1,0.00 kw
ACT_MOTORTEMPERATURE B13,1771291803.752104,0x18FF02F7,1,28.00 °C
DEVICESTATE M13,1771291803.8421993,0x18FF00F7,1,0 state
ERRORLAMP M13,1771291803.8421993,0x18FF00F7,1,0 state
DEVICENUMBER M13,1771291803.8421993,0x18FF00F7,1,14 state
CLAMP15_STATUS M13,1771291803.8421993,0x18FF00F7,1,1 state
PRECHARGED M13,1771291803.8421993,0x18FF00F7,1,1 state
STATUS_ BIT_FLEX_IN_OUT_SIGNAL1 M13,1771291803.8421993,0x18FF00F7,1,3 state
STATUS_ BIT_FLEX_IN_OUT_SIGNAL2 M13,1771291803.8421993,0x18FF00F7,1,3 state
ERROR CODE  M13,1771291803.8421993,0x18FF00F7,1,0 state
ACT_DCBUSVOLTAGE M13,1771291803.8421993,0x18FF00F7,1,1.25 V
ACT_DCBUSPOWER M13,1771291803.8421993,0x18FF00F7,1,0.00 kw
ACT_DEVICETEMPERATURE M13,1771291803.8421993,0x18FF00F7,1,26.00 °C
ACT_INVERTERSTATUS A13,1771291803.8470433,0x18FF01F7,1,0 state
ACT_INVERTERREADY A13,1771291803.8470433,0x18FF01F7,1,0 state
ACT_ERRORSTATUS A13,1771291803.8470433,0x18FF01F7,1,0 state
ACT_SPEED A13,1771291803.8470433,0x18FF01F7,1,0.00 rpm
ACT_TORQUE A13,1771291803.8470433,0x18FF01F7,1,0.00 Nm
ACT_POWER A13,1771291803.8470433,0x18FF01F7,1,0.00 kw
ACT_MOTORTEMPERATURE A13,1771291803.8470433,0x18FF01F7,1,27.00 °C
ACT_INVERTERSTATUS B13,1771291803.8520603,0x18FF02F7,1,0 state
ACT_INVERTERREADY B13,1771291803.8520603,0x18FF02F7,1,0 state
ACT_ERRORSTATUS B13,1771291803.8520603,0x18FF02F7,1,0 state
ACT_SPEED B13,1771291803.8520603,0x18FF02F7,1,0.00 rpm
ACT_TORQUE B13,1771291803.8520603,0x18FF02F7,1,0.00 Nm
ACT_POWER B13,1771291803.8520603,0x18FF02F7,1,0.00 kw
ACT_MOTORTEMPERATURE B13,1771291803.8520603,0x18FF02F7,1,28.00 °C
DEVICESTATE M13,1771291803.9418888,0x18FF00F7,1,0 state
ERRORLAMP M13,1771291803.9418888,0x18FF00F7,1,0 state
DEVICENUMBER M13,1771291803.9418888,0x18FF00F7,1,14 state
CLAMP15_STATUS M13,1771291803.9418888,0x18FF00F7,1,1 state
PRECHARGED M13,1771291803.9418888,0x18FF00F7,1,1 state
STATUS_ BIT_FLEX_IN_OUT_SIGNAL1 M13,1771291803.9418888,0x18FF00F7,1,3 state
STATUS_ BIT_FLEX_IN_OUT_SIGNAL2 M13,1771291803.9418888,0x18FF00F7,1,3 state
ERROR CODE  M13,1771291803.9418888,0x18FF00F7,1,0 state
ACT_DCBUSVOLTAGE M13,1771291803.9418888,0x18FF00F7,1,1.25 V
ACT_DCBUSPOWER M13,1771291803.9418888,0x18FF00F7,1,0.00 kw
ACT_DEVICETEMPERATURE M13,1771291803.9418888,0x18FF00F7,1,26.00 °C
ACT_INVERTERSTATUS A13,1771291803.94702,0x18FF01F7,1,0 state
ACT_INVERTERREADY A13,1771291803.94702,0x18FF01F7,1,0 state
ACT_ERRORSTATUS A13,1771291803.94702,0x18FF01F7,1,0 state
ACT_SPEED A13,1771291803.94702,0x18FF01F7,1,0.00 rpm
ACT_TORQUE A13,1771291803.94702,0x18FF01F7,1,0.00 Nm
ACT_POWER A13,1771291803.94702,0x18FF01F7,1,0.00 kw
ACT_MOTORTEMPERATURE A13,1771291803.94702,0x18FF01F7,1,27.00 °C
ACT_INVERTERSTATUS B13,1771291803.9519107,0x18FF02F7,1,0 state
ACT_INVERTERREADY B13,1771291803.9519107,0x18FF02F7,1,0 state
ACT_ERRORSTATUS B13,1771291803.9519107,0x18FF02F7,1,0 state
ACT_SPEED B13,1771291803.9519107,0x18FF02F7,1,0.00 rpm
ACT_TORQUE B13,1771291803.9519107,0x18FF02F7,1,0.00 Nm
ACT_POWER B13,1771291803.9519107,0x18FF02F7,1,0.00 kw
ACT_MOTORTEMPERATURE B13,1771291803.9519107,0x18FF02F7,1,28.00 °C
DEVICESTATE M13,1771291804.042208,0x18FF00F7,1,0 state
ERRORLAMP M13,1771291804.042208,0x18FF00F7,1,0 state
DEVICENUMBER M13,1771291804.042208,0x18FF00F7,1,14 state
CLAMP15_STATUS M13,1771291804.042208,0x18FF00F7,1,1 state
PRECHARGED M13,1771291804.042208,0x18FF00F7,1,1 state
STATUS_ BIT_FLEX_IN_OUT_SIGNAL1 M13,1771291804.042208,0x18FF00F7,1,3 state
STATUS_ BIT_FLEX_IN_OUT_SIGNAL2 M13,1771291804.042208,0x18FF00F7,1,3 state
ERROR CODE  M13,1771291804.042208,0x18FF00F7,1,0 state
ACT_DCBUSVOLTAGE M13,1771291804.042208,0x18FF00F7,1,1.25 V
ACT_DCBUSPOWER M13,1771291804.042208,0x18FF00F7,1,0.00 kw
ACT_DEVICETEMPERATURE M13,1771291804.042208,0x18FF00F7,1,26.00 °C
ACT_INVERTERSTATUS A13,1771291804.0472014,0x18FF01F7,1,0 state
ACT_INVERTERREADY A13,1771291804.0472014,0x18FF01F7,1,0 state
ACT_ERRORSTATUS A13,1771291804.0472014,0x18FF01F7,1,0 state
ACT_SPEED A13,1771291804.0472014,0x18FF01F7,1,0.00 rpm
ACT_TORQUE A13,1771291804.0472014,0x18FF01F7,1,0.00 Nm
ACT_POWER A13,1771291804.0472014,0x18FF01F7,1,0.00 kw
ACT_MOTORTEMPERATURE A13,1771291804.0472014,0x18FF01F7,1,27.00 °C
ACT_INVERTERSTATUS B13,1771291804.0517957,0x18FF02F7,1,0 state
ACT_INVERTERREADY B13,1771291804.0517957,0x18FF02F7,1,0 state
ACT_ERRORSTATUS B13,1771291804.0517957,0x18FF02F7,1,0 state
ACT_SPEED B13,1771291804.0517957,0x18FF02F7,1,0.00 rpm
ACT_TORQUE B13,1771291804.0517957,0x18FF02F7,1,0.00 Nm
ACT_POWER B13,1771291804.0517957,0x18FF02F7,1,0.00 kw
ACT_MOTORTEMPERATURE B13,1771291804.0517957,0x18FF02F7,1,28.00 °C
DEVICESTATE M13,1771291804.1418793,0x18FF00F7,1,0 state
ERRORLAMP M13,1771291804.1418793,0x18FF00F7,1,0 state
DEVICENUMBER M13,1771291804.1418793,0x18FF00F7,1,14 state
CLAMP15_STATUS M13,1771291804.1418793,0x18FF00F7,1,1 state
PRECHARGED M13,1771291804.1418793,0x18FF00F7,1,1 state
STATUS_ BIT_FLEX_IN_OUT_SIGNAL1 M13,1771291804.1418793,0x18FF00F7,1,3 state
STATUS_ BIT_FLEX_IN_OUT_SIGNAL2 M13,1771291804.1418793,0x18FF00F7,1,3 state
ERROR CODE  M13,1771291804.1418793,0x18FF00F7,1,0 state
ACT_DCBUSVOLTAGE M13,1771291804.1418793,0x18FF00F7,1,1.25 V
ACT_DCBUSPOWER M13,1771291804.1418793,0x18FF00F7,1,0.00 kw
ACT_DEVICETEMPERATURE M13,1771291804.1418793,0x18FF00F7,1,26.00 °C
ACT_INVERTERSTATUS A13,1771291804.1469631,0x18FF01F7,1,0 state
ACT_INVERTERREADY A13,1771291804.1469631,0x18FF01F7,1,0 state
ACT_ERRORSTATUS A13,1771291804.1469631,0x18FF01F7,1,0 state
ACT_SPEED A13,1771291804.1469631,0x18FF01F7,1,0.00 rpm
ACT_TORQUE A13,1771291804.1469631,0x18FF01F7,1,0.00 Nm
ACT_POWER A13,1771291804.1469631,0x18FF01F7,1,0.00 kw
ACT_MOTORTEMPERATURE A13,1771291804.1469631,0x18FF01F7,1,27.00 °C
ACT_INVERTERSTATUS B13,1771291804.1519346,0x18FF02F7,1,0 state
ACT_INVERTERREADY B13,1771291804.1519346,0x18FF02F7,1,0 state
ACT_ERRORSTATUS B13,1771291804.1519346,0x18FF02F7,1,0 state
ACT_SPEED B13,1771291804.1519346,0x18FF02F7,1,0.00 rpm
ACT_TORQUE B13,1771291804.1519346,0x18FF02F7,1,0.00 Nm
ACT_POWER B13,1771291804.1519346,0x18FF02F7,1,0.00 kw
ACT_MOTORTEMPERATURE B13,1771291804.1519346,0x18FF02F7,1,28.00 °C
DEVICESTATE M13,1771291804.2418869,0x18FF00F7,1,0 state
ERRORLAMP M13,1771291804.2418869,0x18FF00F7,1,0 state
DEVICENUMBER M13,1771291804.2418869,0x18FF00F7,1,14 state
CLAMP15_STATUS M13,1771291804.2418869,0x18FF00F7,1,1 state
PRECHARGED M13,1771291804.2418869,0x18FF00F7,1,1 state
STATUS_ BIT_FLEX_IN_OUT_SIGNAL1 M13,1771291804.2418869,0x18FF00F7,1,3 state
STATUS_ BIT_FLEX_IN_OUT_SIGNAL2 M13,1771291804.2418869,0x18FF00F7,1,3 state
ERROR CODE  M13,1771291804.2418869,0x18FF00F7,1,0 state
ACT_DCBUSVOLTAGE M13,1771291804.2418869,0x18FF00F7,1,1.25 V
ACT_DCBUSPOWER M13,1771291804.2418869,0x18FF00F7,1,0.00 kw
ACT_DEVICETEMPERATURE M13,1771291804.2418869,0x18FF00F7,1,26.00 °C
ACT_INVERTERSTATUS A13,1771291804.247028,0x18FF01F7,1,0 state
ACT_INVERTERREADY A13,1771291804.247028,0x18FF01F7,1,0 state
ACT_ERRORSTATUS A13,1771291804.247028,0x18FF01F7,1,0 state
ACT_SPEED A13,1771291804.247028,0x18FF01F7,1,0.00 rpm
ACT_TORQUE A13,1771291804.247028,0x18FF01F7,1,0.00 Nm
ACT_POWER A13,1771291804.247028,0x18FF01F7,1,0.00 kw
ACT_MOTORTEMPERATURE A13,1771291804.247028,0x18FF01F7,1,27.00 °C
ACT_INVERTERSTATUS B13,1771291804.2519822,0x18FF02F7,1,0 state
ACT_INVERTERREADY B13,1771291804.2519822,0x18FF02F7,1,0 state
ACT_ERRORSTATUS B13,1771291804.2519822,0x18FF02F7,1,0 state
ACT_SPEED B13,1771291804.2519822,0x18FF02F7,1,0.00 rpm
ACT_TORQUE B13,1771291804.2519822,0x18FF02F7,1,0.00 Nm
ACT_POWER B13,1771291804.2519822,0x18FF02F7,1,0.00 kw
ACT_MOTORTEMPERATURE B13,1771291804.2519822,0x18FF02F7,1,28.00 °C
DEVICESTATE M13,1771291804.3418684,0x18FF00F7,1,0 state
ERRORLAMP M13,1771291804.3418684,0x18FF00F7,1,0 state
DEVICENUMBER M13,1771291804.3418684,0x18FF00F7,1,14 state
CLAMP15_STATUS M13,1771291804.3418684,0x18FF00F7,1,1 state
PRECHARGED M13,1771291804.3418684,0x18FF00F7,1,1 state
STATUS_ BIT_FLEX_IN_OUT_SIGNAL1 M13,1771291804.3418684,0x18FF00F7,1,3 state
STATUS_ BIT_FLEX_IN_OUT_SIGNAL2 M13,1771291804.3418684,0x18FF00F7,1,3 state
ERROR CODE  M13,1771291804.3418684,0x18FF00F7,1,0 state
ACT_DCBUSVOLTAGE M13,1771291804.3418684,0x18FF00F7,1,1.25 V
ACT_DCBUSPOWER M13,1771291804.3418684,0x18FF00F7,1,0.00 kw
ACT_DEVICETEMPERATURE M13,1771291804.3418684,0x18FF00F7,1,26.00 °C
ACT_INVERTERSTATUS A13,1771291804.3469071,0x18FF01F7,1,0 state
ACT_INVERTERREADY A13,1771291804.3469071,0x18FF01F7,1,0 state
ACT_ERRORSTATUS A13,1771291804.3469071,0x18FF01F7,1,0 state
ACT_SPEED A13,1771291804.3469071,0x18FF01F7,1,0.00 rpm
ACT_TORQUE A13,1771291804.3469071,0x18FF01F7,1,0.00 Nm
ACT_POWER A13,1771291804.3469071,0x18FF01F7,1,0.00 kw
ACT_MOTORTEMPERATURE A13,1771291804.3469071,0x18FF01F7,1,27.00 °C
ACT_INVERTERSTATUS B13,1771291804.351885,0x18FF02F7,1,0 state
ACT_INVERTERREADY B13,1771291804.351885,0x18FF02F7,1,0 state
ACT_ERRORSTATUS B13,1771291804.351885,0x18FF02F7,1,0 state
ACT_SPEED B13,1771291804.351885,0x18FF02F7,1,0.00 rpm
ACT_TORQUE B13,1771291804.351885,0x18FF02F7,1,0.00 Nm
ACT_POWER B13,1771291804.351885,0x18FF02F7,1,0.00 kw
ACT_MOTORTEMPERATURE B13,1771291804.351885,0x18FF02F7,1,28.00 °C
DEVICESTATE M13,1771291804.4418678,0x18FF00F7,1,0 state
ERRORLAMP M13,1771291804.4418678,0x18FF00F7,1,0 state
DEVICENUMBER M13,1771291804.4418678,0x18FF00F7,1,14 state
CLAMP15_STATUS M13,1771291804.4418678,0x18FF00F7,1,1 state
PRECHARGED M13,1771291804.4418678,0x18FF00F7,1,1 state
STATUS_ BIT_FLEX_IN_OUT_SIGNAL1 M13,1771291804.4418678,0x18FF00F7,1,3 state
STATUS_ BIT_FLEX_IN_OUT_SIGNAL2 M13,1771291804.4418678,0x18FF00F7,1,3 state
ERROR CODE  M13,1771291804.4418678,0x18FF00F7,1,0 state
ACT_DCBUSVOLTAGE M13,1771291804.4418678,0x18FF00F7,1,1.25 V
ACT_DCBUSPOWER M13,1771291804.4418678,0x18FF00F7,1,0.00 kw
ACT_DEVICETEMPERATURE M13,1771291804.4418678,0x18FF00F7,1,26.00 °C
ACT_INVERTERSTATUS A13,1771291804.4468427,0x18FF01F7,1,0 state
ACT_INVERTERREADY A13,1771291804.4468427,0x18FF01F7,1,0 state
ACT_ERRORSTATUS A13,1771291804.4468427,0x18FF01F7,1,0 state
ACT_SPEED A13,1771291804.4468427,0x18FF01F7,1,0.00 rpm
ACT_TORQUE A13,1771291804.4468427,0x18FF01F7,1,0.00 Nm
ACT_POWER A13,1771291804.4468427,0x18FF01F7,1,0.00 kw
ACT_MOTORTEMPERATURE A13,1771291804.4468427,0x18FF01F7,1,27.00 °C
ACT_INVERTERSTATUS B13,1771291804.4519105,0x18FF02F7,1,0 state
ACT_INVERTERREADY B13,1771291804.4519105,0x18FF02F7,1,0 state
ACT_ERRORSTATUS B13,1771291804.4519105,0x18FF02F7,1,0 state
ACT_SPEED B13,1771291804.4519105,0x18FF02F7,1,0.00 rpm
ACT_TORQUE B13,1771291804.4519105,0x18FF02F7,1,0.00 Nm
ACT_POWER B13,1771291804.4519105,0x18FF02F7,1,0.00 kw
ACT_MOTORTEMPERATURE B13,1771291804.4519105,0x18FF02F7,1,28.00 °C
DEVICESTATE M13,1771291804.5418081,0x18FF00F7,1,0 state
ERRORLAMP M13,1771291804.5418081,0x18FF00F7,1,0 state
DEVICENUMBER M13,1771291804.5418081,0x18FF00F7,1,14 state
CLAMP15_STATUS M13,1771291804.5418081,0x18FF00F7,1,1 state
PRECHARGED M13,1771291804.5418081,0x18FF00F7,1,1 state
STATUS_ BIT_FLEX_IN_OUT_SIGNAL1 M13,1771291804.5418081,0x18FF00F7,1,3 state
STATUS_ BIT_FLEX_IN_OUT_SIGNAL2 M13,1771291804.5418081,0x18FF00F7,1,3 state
ERROR CODE  M13,1771291804.5418081,0x18FF00F7,1,0 state
ACT_DCBUSVOLTAGE M13,1771291804.5418081,0x18FF00F7,1,1.25 V
ACT_DCBUSPOWER M13,1771291804.5418081,0x18FF00F7,1,0.00 kw
ACT_DEVICETEMPERATURE M13,1771291804.5418081,0x18FF00F7,1,26.00 °C
ACT_INVERTERSTATUS A13,1771291804.5469122,0x18FF01F7,1,0 state
ACT_INVERTERREADY A13,1771291804.5469122,0x18FF01F7,1,0 state
ACT_ERRORSTATUS A13,1771291804.5469122,0x18FF01F7,1,0 state
ACT_SPEED A13,1771291804.5469122,0x18FF01F7,1,0.00 rpm
ACT_TORQUE A13,1771291804.5469122,0x18FF01F7,1,0.00 Nm
ACT_POWER A13,1771291804.5469122,0x18FF01F7,1,0.00 kw
ACT_MOTORTEMPERATURE A13,1771291804.5469122,0x18FF01F7,1,27.00 °C
ACT_INVERTERSTATUS B13,1771291804.5518804,0x18FF02F7,1,0 state
ACT_INVERTERREADY B13,1771291804.5518804,0x18FF02F7,1,0 state
ACT_ERRORSTATUS B13,1771291804.5518804,0x18FF02F7,1,0 state
ACT_SPEED B13,1771291804.5518804,0x18FF02F7,1,0.00 rpm
ACT_TORQUE B13,1771291804.5518804,0x18FF02F7,1,0.00 Nm
ACT_POWER B13,1771291804.5518804,0x18FF02F7,1,0.00 kw
ACT_MOTORTEMPERATURE B13,1771291804.5518804,0x18FF02F7,1,28.00 °C
DEVICESTATE M13,1771291804.6423166,0x18FF00F7,1,0 state
ERRORLAMP M13,1771291804.6423166,0x18FF00F7,1,0 state
DEVICENUMBER M13,1771291804.6423166,0x18FF00F7,1,14 state
CLAMP15_STATUS M13,1771291804.6423166,0x18FF00F7,1,1 state
PRECHARGED M13,1771291804.6423166,0x18FF00F7,1,1 state
STATUS_ BIT_FLEX_IN_OUT_SIGNAL1 M13,1771291804.6423166,0x18FF00F7,1,3 state
STATUS_ BIT_FLEX_IN_OUT_SIGNAL2 M13,1771291804.6423166,0x18FF00F7,1,3 state
ERROR CODE  M13,1771291804.6423166,0x18FF00F7,1,0 state
ACT_DCBUSVOLTAGE M13,1771291804.6423166,0x18FF00F7,1,1.25 V
ACT_DCBUSPOWER M13,1771291804.6423166,0x18FF00F7,1,0.00 kw
ACT_DEVICETEMPERATURE M13,1771291804.6423166,0x18FF00F7,1,26.00 °C
ACT_INVERTERSTATUS A13,1771291804.647245,0x18FF01F7,1,0 state
ACT_INVERTERREADY A13,1771291804.647245,0x18FF01F7,1,0 state
ACT_ERRORSTATUS A13,1771291804.647245,0x18FF01F7,1,0 state
ACT_SPEED A13,1771291804.647245,0x18FF01F7,1,0.00 rpm
ACT_TORQUE A13,1771291804.647245,0x18FF01F7,1,0.00 Nm
ACT_POWER A13,1771291804.647245,0x18FF01F7,1,0.00 kw
ACT_MOTORTEMPERATURE A13,1771291804.647245,0x18FF01F7,1,27.00 °C
ACT_INVERTERSTATUS B13,1771291804.6516488,0x18FF02F7,1,0 state
ACT_INVERTERREADY B13,1771291804.6516488,0x18FF02F7,1,0 state
ACT_ERRORSTATUS B13,1771291804.6516488,0x18FF02F7,1,0 state
ACT_SPEED B13,1771291804.6516488,0x18FF02F7,1,0.00 rpm
ACT_TORQUE B13,1771291804.6516488,0x18FF02F7,1,0.00 Nm
ACT_POWER B13,1771291804.6516488,0x18FF02F7,1,0.00 kw
ACT_MOTORTEMPERATURE B13,1771291804.6516488,0x18FF02F7,1,28.00 °C
DEVICESTATE M13,1771291804.7419014,0x18FF00F7,1,0 state
ERRORLAMP M13,1771291804.7419014,0x18FF00F7,1,0 state
DEVICENUMBER M13,1771291804.7419014,0x18FF00F7,1,14 state
CLAMP15_STATUS M13,1771291804.7419014,0x18FF00F7,1,1 state
PRECHARGED M13,1771291804.7419014,0x18FF00F7,1,1 state
STATUS_ BIT_FLEX_IN_OUT_SIGNAL1 M13,1771291804.7419014,0x18FF00F7,1,3 state
STATUS_ BIT_FLEX_IN_OUT_SIGNAL2 M13,1771291804.7419014,0x18FF00F7,1,3 state
ERROR CODE  M13,1771291804.7419014,0x18FF00F7,1,0 state
ACT_DCBUSVOLTAGE M13,1771291804.7419014,0x18FF00F7,1,1.25 V
ACT_DCBUSPOWER M13,1771291804.7419014,0x18FF00F7,1,0.00 kw
ACT_DEVICETEMPERATURE M13,1771291804.7419014,0x18FF00F7,1,26.00 °C
ACT_INVERTERSTATUS A13,1771291804.7471747,0x18FF01F7,1,0 state
ACT_INVERTERREADY A13,1771291804.7471747,0x18FF01F7,1,0 state
ACT_ERRORSTATUS A13,1771291804.7471747,0x18FF01F7,1,0 state
ACT_SPEED A13,1771291804.7471747,0x18FF01F7,1,0.00 rpm
ACT_TORQUE A13,1771291804.7471747,0x18FF01F7,1,0.00 Nm
ACT_POWER A13,1771291804.7471747,0x18FF01F7,1,0.00 kw
ACT_MOTORTEMPERATURE A13,1771291804.7471747,0x18FF01F7,1,27.00 °C
ACT_INVERTERSTATUS B13,1771291804.7519207,0x18FF02F7,1,0 state
ACT_INVERTERREADY B13,1771291804.7519207,0x18FF02F7,1,0 state
ACT_ERRORSTATUS B13,1771291804.7519207,0x18FF02F7,1,0 state
ACT_SPEED B13,1771291804.7519207,0x18FF02F7,1,0.00 rpm
ACT_TORQUE B13,1771291804.7519207,0x18FF02F7,1,0.00 Nm
ACT_POWER B13,1771291804.7519207,0x18FF02F7,1,0.00 kw
ACT_MOTORTEMPERATURE B13,1771291804.7519207,0x18FF02F7,1,28.00 °C
DEVICESTATE M13,1771291804.8420026,0x18FF00F7,1,0 state
ERRORLAMP M13,1771291804.8420026,0x18FF00F7,1,0 state
DEVICENUMBER M13,1771291804.8420026,0x18FF00F7,1,14 state
CLAMP15_STATUS M13,1771291804.8420026,0x18FF00F7,1,1 state
PRECHARGED M13,1771291804.8420026,0x18FF00F7,1,1 state
STATUS_ BIT_FLEX_IN_OUT_SIGNAL1 M13,1771291804.8420026,0x18FF00F7,1,3 state
STATUS_ BIT_FLEX_IN_OUT_SIGNAL2 M13,1771291804.8420026,0x18FF00F7,1,3 state
ERROR CODE  M13,1771291804.8420026,0x18FF00F7,1,0 state
ACT_DCBUSVOLTAGE M13,1771291804.8420026,0x18FF00F7,1,1.25 V
ACT_DCBUSPOWER M13,1771291804.8420026,0x18FF00F7,1,0.00 kw
ACT_DEVICETEMPERATURE M13,1771291804.8420026,0x18FF00F7,1,26.00 °C
ACT_INVERTERSTATUS A13,1771291804.8469253,0x18FF01F7,1,0 state
ACT_INVERTERREADY A13,1771291804.8469253,0x18FF01F7,1,0 state
ACT_ERRORSTATUS A13,1771291804.8469253,0x18FF01F7,1,0 state
ACT_SPEED A13,1771291804.8469253,0x18FF01F7,1,0.00 rpm
ACT_TORQUE A13,1771291804.8469253,0x18FF01F7,1,0.00 Nm
ACT_POWER A13,1771291804.8469253,0x18FF01F7,1,0.00 kw
ACT_MOTORTEMPERATURE A13,1771291804.8469253,0x18FF01F7,1,27.00 °C
ACT_INVERTERSTATUS B13,1771291804.851956,0x18FF02F7,1,0 state
ACT_INVERTERREADY B13,1771291804.851956,0x18FF02F7,1,0 state
ACT_ERRORSTATUS B13,1771291804.851956,0x18FF02F7,1,0 state
ACT_SPEED B13,1771291804.851956,0x18FF02F7,1,0.00 rpm
ACT_TORQUE B13,1771291804.851956,0x18FF02F7,1,0.00 Nm
ACT_POWER B13,1771291804.851956,0x18FF02F7,1,0.00 kw
ACT_MOTORTEMPERATURE B13,1771291804.851956,0x18FF02F7,1,28.00 °C
DEVICESTATE M13,1771291804.9422915,0x18FF00F7,1,0 state
ERRORLAMP M13,1771291804.9422915,0x18FF00F7,1,0 state
DEVICENUMBER M13,1771291804.9422915,0x18FF00F7,1,14 state
CLAMP15_STATUS M13,1771291804.9422915,0x18FF00F7,1,1 state
PRECHARGED M13,1771291804.9422915,0x18FF00F7,1,1 state
STATUS_ BIT_FLEX_IN_OUT_SIGNAL1 M13,1771291804.9422915,0x18FF00F7,1,3 state
STATUS_ BIT_FLEX_IN_OUT_SIGNAL2 M13,1771291804.9422915,0x18FF00F7,1,3 state
ERROR CODE  M13,1771291804.9422915,0x18FF00F7,1,0 state
ACT_DCBUSVOLTAGE M13,1771291804.9422915,0x18FF00F7,1,1.25 V
ACT_DCBUSPOWER M13,1771291804.9422915,0x18FF00F7,1,0.00 kw
ACT_DEVICETEMPERATURE M13,1771291804.9422915,0x18FF00F7,1,26.00 °C
ACT_INVERTERSTATUS A13,1771291804.9468176,0x18FF01F7,1,0 state
ACT_INVERTERREADY A13,1771291804.9468176,0x18FF01F7,1,0 state
ACT_ERRORSTATUS A13,1771291804.9468176,0x18FF01F7,1,0 state
ACT_SPEED A13,1771291804.9468176,0x18FF01F7,1,0.00 rpm
ACT_TORQUE A13,1771291804.9468176,0x18FF01F7,1,0.00 Nm
ACT_POWER A13,1771291804.9468176,0x18FF01F7,1,0.00 kw
ACT_MOTORTEMPERATURE A13,1771291804.9468176,0x18FF01F7,1,27.00 °C
ACT_INVERTERSTATUS B13,1771291804.9517589,0x18FF02F7,1,0 state
ACT_INVERTERREADY B13,1771291804.9517589,0x18FF02F7,1,0 state
ACT_ERRORSTATUS B13,1771291804.9517589,0x18FF02F7,1,0 state
ACT_SPEED B13,1771291804.9517589,0x18FF02F7,1,0.00 rpm
ACT_TORQUE B13,1771291804.9517589,0x18FF02F7,1,0.00 Nm
ACT_POWER B13,1771291804.9517589,0x18FF02F7,1,0.00 kw
ACT_MOTORTEMPERATURE B13,1771291804.9517589,0x18FF02F7,1,28.00 °C
DEVICESTATE M13,1771291805.0422513,0x18FF00F7,1,0 state
ERRORLAMP M13,1771291805.0422513,0x18FF00F7,1,0 state
DEVICENUMBER M13,1771291805.0422513,0x18FF00F7,1,14 state
CLAMP15_STATUS M13,1771291805.0422513,0x18FF00F7,1,1 state
PRECHARGED M13,1771291805.0422513,0x18FF00F7,1,1 state
STATUS_ BIT_FLEX_IN_OUT_SIGNAL1 M13,1771291805.0422513,0x18FF00F7,1,3 state
STATUS_ BIT_FLEX_IN_OUT_SIGNAL2 M13,1771291805.0422513,0x18FF00F7,1,3 state
ERROR CODE  M13,1771291805.0422513,0x18FF00F7,1,0 state
ACT_DCBUSVOLTAGE M13,1771291805.0422513,0x18FF00F7,1,1.25 V
ACT_DCBUSPOWER M13,1771291805.0422513,0x18FF00F7,1,0.00 kw
ACT_DEVICETEMPERATURE M13,1771291805.0422513,0x18FF00F7,1,26.00 °C
ACT_INVERTERSTATUS A13,1771291805.0472062,0x18FF01F7,1,0 state
ACT_INVERTERREADY A13,1771291805.0472062,0x18FF01F7,1,0 state
ACT_ERRORSTATUS A13,1771291805.0472062,0x18FF01F7,1,0 state
ACT_SPEED A13,1771291805.0472062,0x18FF01F7,1,0.00 rpm
ACT_TORQUE A13,1771291805.0472062,0x18FF01F7,1,0.00 Nm
ACT_POWER A13,1771291805.0472062,0x18FF01F7,1,0.00 kw
ACT_MOTORTEMPERATURE A13,1771291805.0472062,0x18FF01F7,1,27.00 °C
ACT_INVERTERSTATUS B13,1771291805.0517054,0x18FF02F7,1,0 state
ACT_INVERTERREADY B13,1771291805.0517054,0x18FF02F7,1,0 state
ACT_ERRORSTATUS B13,1771291805.0517054,0x18FF02F7,1,0 state
ACT_SPEED B13,1771291805.0517054,0x18FF02F7,1,0.00 rpm
ACT_TORQUE B13,1771291805.0517054,0x18FF02F7,1,0.00 Nm
ACT_POWER B13,1771291805.0517054,0x18FF02F7,1,0.00 kw
ACT_MOTORTEMPERATURE B13,1771291805.0517054,0x18FF02F7,1,28.00 °C
DEVICESTATE M13,1771291805.1422575,0x18FF00F7,1,0 state
ERRORLAMP M13,1771291805.1422575,0x18FF00F7,1,0 state
DEVICENUMBER M13,1771291805.1422575,0x18FF00F7,1,14 state
CLAMP15_STATUS M13,1771291805.1422575,0x18FF00F7,1,1 state
PRECHARGED M13,1771291805.1422575,0x18FF00F7,1,1 state
STATUS_ BIT_FLEX_IN_OUT_SIGNAL1 M13,1771291805.1422575,0x18FF00F7,1,3 state
STATUS_ BIT_FLEX_IN_OUT_SIGNAL2 M13,1771291805.1422575,0x18FF00F7,1,3 state
ERROR CODE  M13,1771291805.1422575,0x18FF00F7,1,0 state
ACT_DCBUSVOLTAGE M13,1771291805.1422575,0x18FF00F7,1,1.25 V
ACT_DCBUSPOWER M13,1771291805.1422575,0x18FF00F7,1,0.00 kw
ACT_DEVICETEMPERATURE M13,1771291805.1422575,0x18FF00F7,1,26.00 °C
ACT_INVERTERSTATUS A13,1771291805.1467252,0x18FF01F7,1,0 state
ACT_INVERTERREADY A13,1771291805.1467252,0x18FF01F7,1,0 state
ACT_ERRORSTATUS A13,1771291805.1467252,0x18FF01F7,1,0 state
ACT_SPEED A13,1771291805.1467252,0x18FF01F7,1,0.00 rpm
ACT_TORQUE A13,1771291805.1467252,0x18FF01F7,1,0.00 Nm
ACT_POWER A13,1771291805.1467252,0x18FF01F7,1,0.00 kw
ACT_MOTORTEMPERATURE A13,1771291805.1467252,0x18FF01F7,1,27.00 °C
ACT_INVERTERSTATUS B13,1771291805.1517196,0x18FF02F7,1,0 state
ACT_INVERTERREADY B13,1771291805.1517196,0x18FF02F7,1,0 state
ACT_ERRORSTATUS B13,1771291805.1517196,0x18FF02F7,1,0 state
ACT_SPEED B13,1771291805.1517196,0x18FF02F7,1,0.00 rpm
ACT_TORQUE B13,1771291805.1517196,0x18FF02F7,1,0.00 Nm
ACT_POWER B13,1771291805.1517196,0x18FF02F7,1,0.00 kw
ACT_MOTORTEMPERATURE B13,1771291805.1517196,0x18FF02F7,1,28.00 °C
DEVICESTATE M13,1771291805.2420466,0x18FF00F7,1,0 state
ERRORLAMP M13,1771291805.2420466,0x18FF00F7,1,0 state
DEVICENUMBER M13,1771291805.2420466,0x18FF00F7,1,14 state
CLAMP15_STATUS M13,1771291805.2420466,0x18FF00F7,1,1 state
PRECHARGED M13,1771291805.2420466,0x18FF00F7,1,1 state
STATUS_ BIT_FLEX_IN_OUT_SIGNAL1 M13,1771291805.2420466,0x18FF00F7,1,3 state
STATUS_ BIT_FLEX_IN_OUT_SIGNAL2 M13,1771291805.2420466,0x18FF00F7,1,3 state
ERROR CODE  M13,1771291805.2420466,0x18FF00F7,1,0 state
ACT_DCBUSVOLTAGE M13,1771291805.2420466,0x18FF00F7,1,1.25 V
ACT_DCBUSPOWER M13,1771291805.2420466,0x18FF00F7,1,0.00 kw
ACT_DEVICETEMPERATURE M13,1771291805.2420466,0x18FF00F7,1,26.00 °C
ACT_INVERTERSTATUS A13,1771291805.2474525,0x18FF01F7,1,0 state
ACT_INVERTERREADY A13,1771291805.2474525,0x18FF01F7,1,0 state
ACT_ERRORSTATUS A13,1771291805.2474525,0x18FF01F7,1,0 state
ACT_SPEED A13,1771291805.2474525,0x18FF01F7,1,0.00 rpm
ACT_TORQUE A13,1771291805.2474525,0x18FF01F7,1,0.00 Nm
ACT_POWER A13,1771291805.2474525,0x18FF01F7,1,0.00 kw
ACT_MOTORTEMPERATURE A13,1771291805.2474525,0x18FF01F7,1,27.00 °C
ACT_INVERTERSTATUS B13,1771291805.251951,0x18FF02F7,1,0 state
ACT_INVERTERREADY B13,1771291805.251951,0x18FF02F7,1,0 state
ACT_ERRORSTATUS B13,1771291805.251951,0x18FF02F7,1,0 state
ACT_SPEED B13,1771291805.251951,0x18FF02F7,1,0.00 rpm
ACT_TORQUE B13,1771291805.251951,0x18FF02F7,1,0.00 Nm
ACT_POWER B13,1771291805.251951,0x18FF02F7,1,0.00 kw
ACT_MOTORTEMPERATURE B13,1771291805.251951,0x18FF02F7,1,28.00 °C
DEVICESTATE M13,1771291805.342253,0x18FF00F7,1,0 state
ERRORLAMP M13,1771291805.342253,0x18FF00F7,1,0 state
DEVICENUMBER M13,1771291805.342253,0x18FF00F7,1,14 state
CLAMP15_STATUS M13,1771291805.342253,0x18FF00F7,1,1 state
PRECHARGED M13,1771291805.342253,0x18FF00F7,1,1 state
STATUS_ BIT_FLEX_IN_OUT_SIGNAL1 M13,1771291805.342253,0x18FF00F7,1,3 state
STATUS_ BIT_FLEX_IN_OUT_SIGNAL2 M13,1771291805.342253,0x18FF00F7,1,3 state
ERROR CODE  M13,1771291805.342253,0x18FF00F7,1,0 state
ACT_DCBUSVOLTAGE M13,1771291805.342253,0x18FF00F7,1,1.25 V
ACT_DCBUSPOWER M13,1771291805.342253,0x18FF00F7,1,0.00 kw
ACT_DEVICETEMPERATURE M13,1771291805.342253,0x18FF00F7,1,26.00 °C
ACT_INVERTERSTATUS A13,1771291805.3472302,0x18FF01F7,1,0 state
ACT_INVERTERREADY A13,1771291805.3472302,0x18FF01F7,1,0 state
ACT_ERRORSTATUS A13,1771291805.3472302,0x18FF01F7,1,0 state
ACT_SPEED A13,1771291805.3472302,0x18FF01F7,1,0.00 rpm
ACT_TORQUE A13,1771291805.3472302,0x18FF01F7,1,0.00 Nm
ACT_POWER A13,1771291805.3472302,0x18FF01F7,1,0.00 kw
ACT_MOTORTEMPERATURE A13,1771291805.3472302,0x18FF01F7,1,27.00 °C
ACT_INVERTERSTATUS B13,1771291805.3517509,0x18FF02F7,1,0 state
ACT_INVERTERREADY B13,1771291805.3517509,0x18FF02F7,1,0 state
ACT_ERRORSTATUS B13,1771291805.3517509,0x18FF02F7,1,0 state
ACT_SPEED B13,1771291805.3517509,0x18FF02F7,1,0.00 rpm
ACT_TORQUE B13,1771291805.3517509,0x18FF02F7,1,0.00 Nm
ACT_POWER B13,1771291805.3517509,0x18FF02F7,1,0.00 kw
ACT_MOTORTEMPERATURE B13,1771291805.3517509,0x18FF02F7,1,28.00 °C
DEVICESTATE M13,1771291805.4420795,0x18FF00F7,1,0 state
ERRORLAMP M13,1771291805.4420795,0x18FF00F7,1,0 state
DEVICENUMBER M13,1771291805.4420795,0x18FF00F7,1,14 state
CLAMP15_STATUS M13,1771291805.4420795,0x18FF00F7,1,1 state
PRECHARGED M13,1771291805.4420795,0x18FF00F7,1,1 state
STATUS_ BIT_FLEX_IN_OUT_SIGNAL1 M13,1771291805.4420795,0x18FF00F7,1,3 state
STATUS_ BIT_FLEX_IN_OUT_SIGNAL2 M13,1771291805.4420795,0x18FF00F7,1,3 state
ERROR CODE  M13,1771291805.4420795,0x18FF00F7,1,0 state
ACT_DCBUSVOLTAGE M13,1771291805.4420795,0x18FF00F7,1,1.25 V
ACT_DCBUSPOWER M13,1771291805.4420795,0x18FF00F7,1,0.00 kw
ACT_DEVICETEMPERATURE M13,1771291805.4420795,0x18FF00F7,1,26.00 °C
ACT_INVERTERSTATUS A13,1771291805.4467604,0x18FF01F7,1,0 state
ACT_INVERTERREADY A13,1771291805.4467604,0x18FF01F7,1,0 state
ACT_ERRORSTATUS A13,1771291805.4467604,0x18FF01F7,1,0 state
ACT_SPEED A13,1771291805.4467604,0x18FF01F7,1,0.00 rpm
ACT_TORQUE A13,1771291805.4467604,0x18FF01F7,1,0.00 Nm
ACT_POWER A13,1771291805.4467604,0x18FF01F7,1,0.00 kw
ACT_MOTORTEMPERATURE A13,1771291805.4467604,0x18FF01F7,1,27.00 °C
ACT_INVERTERSTATUS B13,1771291805.451769,0x18FF02F7,1,0 state
ACT_INVERTERREADY B13,1771291805.451769,0x18FF02F7,1,0 state
ACT_ERRORSTATUS B13,1771291805.451769,0x18FF02F7,1,0 state
ACT_SPEED B13,1771291805.451769,0x18FF02F7,1,0.00 rpm
ACT_TORQUE B13,1771291805.451769,0x18FF02F7,1,0.00 Nm
ACT_POWER B13,1771291805.451769,0x18FF02F7,1,0.00 kw
ACT_MOTORTEMPERATURE B13,1771291805.451769,0x18FF02F7,1,28.00 °C
DEVICESTATE M13,1771291805.5421445,0x18FF00F7,1,0 state
ERRORLAMP M13,1771291805.5421445,0x18FF00F7,1,0 state
DEVICENUMBER M13,1771291805.5421445,0x18FF00F7,1,14 state
CLAMP15_STATUS M13,1771291805.5421445,0x18FF00F7,1,1 state
PRECHARGED M13,1771291805.5421445,0x18FF00F7,1,1 state
STATUS_ BIT_FLEX_IN_OUT_SIGNAL1 M13,1771291805.5421445,0x18FF00F7,1,3 state
STATUS_ BIT_FLEX_IN_OUT_SIGNAL2 M13,1771291805.5421445,0x18FF00F7,1,3 state
ERROR CODE  M13,1771291805.5421445,0x18FF00F7,1,0 state
ACT_DCBUSVOLTAGE M13,1771291805.5421445,0x18FF00F7,1,1.25 V
ACT_DCBUSPOWER M13,1771291805.5421445,0x18FF00F7,1,0.00 kw
ACT_DEVICETEMPERATURE M13,1771291805.5421445,0x18FF00F7,1,26.00 °C
ACT_INVERTERSTATUS A13,1771291805.546914,0x18FF01F7,1,0 state
ACT_INVERTERREADY A13,1771291805.546914,0x18FF01F7,1,0 state
ACT_ERRORSTATUS A13,1771291805.546914,0x18FF01F7,1,0 state
ACT_SPEED A13,1771291805.546914,0x18FF01F7,1,0.00 rpm
ACT_TORQUE A13,1771291805.546914,0x18FF01F7,1,0.00 Nm
ACT_POWER A13,1771291805.546914,0x18FF01F7,1,0.00 kw
ACT_MOTORTEMPERATURE A13,1771291805.546914,0x18FF01F7,1,27.00 °C
ACT_INVERTERSTATUS B13,1771291805.5517883,0x18FF02F7,1,0 state
ACT_INVERTERREADY B13,1771291805.5517883,0x18FF02F7,1,0 state
ACT_ERRORSTATUS B13,1771291805.5517883,0x18FF02F7,1,0 state
ACT_SPEED B13,1771291805.5517883,0x18FF02F7,1,0.00 rpm
ACT_TORQUE B13,1771291805.5517883,0x18FF02F7,1,0.00 Nm
ACT_POWER B13,1771291805.5517883,0x18FF02F7,1,0.00 kw
ACT_MOTORTEMPERATURE B13,1771291805.5517883,0x18FF02F7,1,28.00 °C
DEVICESTATE M13,1771291805.6422508,0x18FF00F7,1,0 state
ERRORLAMP M13,1771291805.6422508,0x18FF00F7,1,0 state
DEVICENUMBER M13,1771291805.6422508,0x18FF00F7,1,14 state
CLAMP15_STATUS M13,1771291805.6422508,0x18FF00F7,1,1 state
PRECHARGED M13,1771291805.6422508,0x18FF00F7,1,1 state
STATUS_ BIT_FLEX_IN_OUT_SIGNAL1 M13,1771291805.6422508,0x18FF00F7,1,3 state
STATUS_ BIT_FLEX_IN_OUT_SIGNAL2 M13,1771291805.6422508,0x18FF00F7,1,3 state
ERROR CODE  M13,1771291805.6422508,0x18FF00F7,1,0 state
ACT_DCBUSVOLTAGE M13,1771291805.6422508,0x18FF00F7,1,1.25 V
ACT_DCBUSPOWER M13,1771291805.6422508,0x18FF00F7,1,0.00 kw
ACT_DEVICETEMPERATURE M13,1771291805.6422508,0x18FF00F7,1,26.00 °C
ACT_INVERTERSTATUS A13,1771291805.6465964,0x18FF01F7,1,0 state
ACT_INVERTERREADY A13,1771291805.6465964,0x18FF01F7,1,0 state
ACT_ERRORSTATUS A13,1771291805.6465964,0x18FF01F7,1,0 state
ACT_SPEED A13,1771291805.6465964,0x18FF01F7,1,0.00 rpm
ACT_TORQUE A13,1771291805.6465964,0x18FF01F7,1,0.00 Nm
ACT_POWER A13,1771291805.6465964,0x18FF01F7,1,0.00 kw
ACT_MOTORTEMPERATURE A13,1771291805.6465964,0x18FF01F7,1,27.00 °C
ACT_INVERTERSTATUS B13,1771291805.6515849,0x18FF02F7,1,0 state
ACT_INVERTERREADY B13,1771291805.6515849,0x18FF02F7,1,0 state
ACT_ERRORSTATUS B13,1771291805.6515849,0x18FF02F7,1,0 state
ACT_SPEED B13,1771291805.6515849,0x18FF02F7,1,0.00 rpm
ACT_TORQUE B13,1771291805.6515849,0x18FF02F7,1,0.00 Nm
ACT_POWER B13,1771291805.6515849,0x18FF02F7,1,0.00 kw
ACT_MOTORTEMPERATURE B13,1771291805.6515849,0x18FF02F7,1,28.00 °C
DEVICESTATE M13,1771291805.7419202,0x18FF00F7,1,0 state
ERRORLAMP M13,1771291805.7419202,0x18FF00F7,1,0 state
DEVICENUMBER M13,1771291805.7419202,0x18FF00F7,1,14 state
CLAMP15_STATUS M13,1771291805.7419202,0x18FF00F7,1,1 state
PRECHARGED M13,1771291805.7419202,0x18FF00F7,1,1 state
STATUS_ BIT_FLEX_IN_OUT_SIGNAL1 M13,1771291805.7419202,0x18FF00F7,1,3 state
STATUS_ BIT_FLEX_IN_OUT_SIGNAL2 M13,1771291805.7419202,0x18FF00F7,1,3 state
ERROR CODE  M13,1771291805.7419202,0x18FF00F7,1,0 state
ACT_DCBUSVOLTAGE M13,1771291805.7419202,0x18FF00F7,1,1.25 V
ACT_DCBUSPOWER M13,1771291805.7419202,0x18FF00F7,1,0.00 kw
ACT_DEVICETEMPERATURE M13,1771291805.7419202,0x18FF00F7,1,26.00 °C
ACT_INVERTERSTATUS A13,1771291805.747056,0x18FF01F7,1,0 state
ACT_INVERTERREADY A13,1771291805.747056,0x18FF01F7,1,0 state
ACT_ERRORSTATUS A13,1771291805.747056,0x18FF01F7,1,0 state
ACT_SPEED A13,1771291805.747056,0x18FF01F7,1,0.00 rpm
ACT_TORQUE A13,1771291805.747056,0x18FF01F7,1,0.00 Nm
ACT_POWER A13,1771291805.747056,0x18FF01F7,1,0.00 kw
ACT_MOTORTEMPERATURE A13,1771291805.747056,0x18FF01F7,1,27.00 °C
ACT_INVERTERSTATUS B13,1771291805.7520146,0x18FF02F7,1,0 state
ACT_INVERTERREADY B13,1771291805.7520146,0x18FF02F7,1,0 state
ACT_ERRORSTATUS B13,1771291805.7520146,0x18FF02F7,1,0 state
ACT_SPEED B13,1771291805.7520146,0x18FF02F7,1,0.00 rpm
ACT_TORQUE B13,1771291805.7520146,0x18FF02F7,1,0.00 Nm
ACT_POWER B13,1771291805.7520146,0x18FF02F7,1,0.00 kw
ACT_MOTORTEMPERATURE B13,1771291805.7520146,0x18FF02F7,1,28.00 °C
DEVICESTATE M13,1771291805.8420851,0x18FF00F7,1,0 state
ERRORLAMP M13,1771291805.8420851,0x18FF00F7,1,0 state
DEVICENUMBER M13,1771291805.8420851,0x18FF00F7,1,14 state
CLAMP15_STATUS M13,1771291805.8420851,0x18FF00F7,1,1 state
PRECHARGED M13,1771291805.8420851,0x18FF00F7,1,1 state
STATUS_ BIT_FLEX_IN_OUT_SIGNAL1 M13,1771291805.8420851,0x18FF00F7,1,3 state
STATUS_ BIT_FLEX_IN_OUT_SIGNAL2 M13,1771291805.8420851,0x18FF00F7,1,3 state
ERROR CODE  M13,1771291805.8420851,0x18FF00F7,1,0 state
ACT_DCBUSVOLTAGE M13,1771291805.8420851,0x18FF00F7,1,1.25 V
ACT_DCBUSPOWER M13,1771291805.8420851,0x18FF00F7,1,0.00 kw
ACT_DEVICETEMPERATURE M13,1771291805.8420851,0x18FF00F7,1,26.00 °C
ACT_INVERTERSTATUS A13,1771291805.8470228,0x18FF01F7,1,0 state
ACT_INVERTERREADY A13,1771291805.8470228,0x18FF01F7,1,0 state
ACT_ERRORSTATUS A13,1771291805.8470228,0x18FF01F7,1,0 state
ACT_SPEED A13,1771291805.8470228,0x18FF01F7,1,0.00 rpm
ACT_TORQUE A13,1771291805.8470228,0x18FF01F7,1,0.00 Nm
ACT_POWER A13,1771291805.8470228,0x18FF01F7,1,0.00 kw
ACT_MOTORTEMPERATURE A13,1771291805.8470228,0x18FF01F7,1,27.00 °C
ACT_INVERTERSTATUS B13,1771291805.851977,0x18FF02F7,1,0 state
ACT_INVERTERREADY B13,1771291805.851977,0x18FF02F7,1,0 state
ACT_ERRORSTATUS B13,1771291805.851977,0x18FF02F7,1,0 state
ACT_SPEED B13,1771291805.851977,0x18FF02F7,1,0.00 rpm
ACT_TORQUE B13,1771291805.851977,0x18FF02F7,1,0.00 Nm
ACT_POWER B13,1771291805.851977,0x18FF02F7,1,0.00 kw
ACT_MOTORTEMPERATURE B13,1771291805.851977,0x18FF02F7,1,28.00 °C
DEVICESTATE M13,1771291805.9421177,0x18FF00F7,1,0 state
ERRORLAMP M13,1771291805.9421177,0x18FF00F7,1,0 state
DEVICENUMBER M13,1771291805.9421177,0x18FF00F7,1,14 state
CLAMP15_STATUS M13,1771291805.9421177,0x18FF00F7,1,1 state
PRECHARGED M13,1771291805.9421177,0x18FF00F7,1,1 state
STATUS_ BIT_FLEX_IN_OUT_SIGNAL1 M13,1771291805.9421177,0x18FF00F7,1,3 state
STATUS_ BIT_FLEX_IN_OUT_SIGNAL2 M13,1771291805.9421177,0x18FF00F7,1,3 state
ERROR CODE  M13,1771291805.9421177,0x18FF00F7,1,0 state
ACT_DCBUSVOLTAGE M13,1771291805.9421177,0x18FF00F7,1,1.25 V
ACT_DCBUSPOWER M13,1771291805.9421177,0x18FF00F7,1,0.00 kw
ACT_DEVICETEMPERATURE M13,1771291805.9421177,0x18FF00F7,1,26.00 °C
ACT_INVERTERSTATUS A13,1771291805.9468899,0x18FF01F7,1,0 state
ACT_INVERTERREADY A13,1771291805.9468899,0x18FF01F7,1,0 state
ACT_ERRORSTATUS A13,1771291805.9468899,0x18FF01F7,1,0 state
ACT_SPEED A13,1771291805.9468899,0x18FF01F7,1,0.00 rpm
ACT_TORQUE A13,1771291805.9468899,0x18FF01F7,1,0.00 Nm
ACT_POWER A13,1771291805.9468899,0x18FF01F7,1,0.00 kw
ACT_MOTORTEMPERATURE A13,1771291805.9468899,0x18FF01F7,1,27.00 °C
ACT_INVERTERSTATUS B13,1771291805.9517324,0x18FF02F7,1,0 state
ACT_INVERTERREADY B13,1771291805.9517324,0x18FF02F7,1,0 state
ACT_ERRORSTATUS B13,1771291805.9517324,0x18FF02F7,1,0 state
ACT_SPEED B13,1771291805.9517324,0x18FF02F7,1,0.00 rpm
ACT_TORQUE B13,1771291805.9517324,0x18FF02F7,1,0.00 Nm
ACT_POWER B13,1771291805.9517324,0x18FF02F7,1,0.00 kw
ACT_MOTORTEMPERATURE B13,1771291805.9517324,0x18FF02F7,1,28.00 °C
DEVICESTATE M13,1771291806.0420887,0x18FF00F7,1,0 state
ERRORLAMP M13,1771291806.0420887,0x18FF00F7,1,0 state
DEVICENUMBER M13,1771291806.0420887,0x18FF00F7,1,14 state
CLAMP15_STATUS M13,1771291806.0420887,0x18FF00F7,1,1 state
PRECHARGED M13,1771291806.0420887,0x18FF00F7,1,1 state
STATUS_ BIT_FLEX_IN_OUT_SIGNAL1 M13,1771291806.0420887,0x18FF00F7,1,3 state
STATUS_ BIT_FLEX_IN_OUT_SIGNAL2 M13,1771291806.0420887,0x18FF00F7,1,3 state
ERROR CODE  M13,1771291806.0420887,0x18FF00F7,1,0 state
ACT_DCBUSVOLTAGE M13,1771291806.0420887,0x18FF00F7,1,1.25 V
ACT_DCBUSPOWER M13,1771291806.0420887,0x18FF00F7,1,0.00 kw
ACT_DEVICETEMPERATURE M13,1771291806.0420887,0x18FF00F7,1,26.00 °C
ACT_INVERTERSTATUS A13,1771291806.047178,0x18FF01F7,1,0 state
ACT_INVERTERREADY A13,1771291806.047178,0x18FF01F7,1,0 state
ACT_ERRORSTATUS A13,1771291806.047178,0x18FF01F7,1,0 state
ACT_SPEED A13,1771291806.047178,0x18FF01F7,1,0.00 rpm
ACT_TORQUE A13,1771291806.047178,0x18FF01F7,1,0.00 Nm
ACT_POWER A13,1771291806.047178,0x18FF01F7,1,0.00 kw
ACT_MOTORTEMPERATURE A13,1771291806.047178,0x18FF01F7,1,27.00 °C
ACT_INVERTERSTATUS B13,1771291806.0516632,0x18FF02F7,1,0 state
ACT_INVERTERREADY B13,1771291806.0516632,0x18FF02F7,1,0 state
ACT_ERRORSTATUS B13,1771291806.0516632,0x18FF02F7,1,0 state
ACT_SPEED B13,1771291806.0516632,0x18FF02F7,1,0.00 rpm
ACT_TORQUE B13,1771291806.0516632,0x18FF02F7,1,0.00 Nm
ACT_POWER B13,1771291806.0516632,0x18FF02F7,1,0.00 kw
ACT_MOTORTEMPERATURE B13,1771291806.0516632,0x18FF02F7,1,28.00 °C
DEVICESTATE M13,1771291806.142211,0x18FF00F7,1,0 state
ERRORLAMP M13,1771291806.142211,0x18FF00F7,1,0 state
DEVICENUMBER M13,1771291806.142211,0x18FF00F7,1,14 state
CLAMP15_STATUS M13,1771291806.142211,0x18FF00F7,1,1 state
PRECHARGED M13,1771291806.142211,0x18FF00F7,1,1 state
STATUS_ BIT_FLEX_IN_OUT_SIGNAL1 M13,1771291806.142211,0x18FF00F7,1,3 state
STATUS_ BIT_FLEX_IN_OUT_SIGNAL2 M13,1771291806.142211,0x18FF00F7,1,3 state
ERROR CODE  M13,1771291806.142211,0x18FF00F7,1,0 state
ACT_DCBUSVOLTAGE M13,1771291806.142211,0x18FF00F7,1,1.25 V
ACT_DCBUSPOWER M13,1771291806.142211,0x18FF00F7,1,0.00 kw
ACT_DEVICETEMPERATURE M13,1771291806.142211,0x18FF00F7,1,26.00 °C
ACT_INVERTERSTATUS A13,1771291806.1470277,0x18FF01F7,1,0 state
ACT_INVERTERREADY A13,1771291806.1470277,0x18FF01F7,1,0 state
ACT_ERRORSTATUS A13,1771291806.1470277,0x18FF01F7,1,0 state
ACT_SPEED A13,1771291806.1470277,0x18FF01F7,1,0.00 rpm
ACT_TORQUE A13,1771291806.1470277,0x18FF01F7,1,0.00 Nm
ACT_POWER A13,1771291806.1470277,0x18FF01F7,1,0.00 kw
ACT_MOTORTEMPERATURE A13,1771291806.1470277,0x18FF01F7,1,27.00 °C
ACT_INVERTERSTATUS B13,1771291806.151884,0x18FF02F7,1,0 state
ACT_INVERTERREADY B13,1771291806.151884,0x18FF02F7,1,0 state
ACT_ERRORSTATUS B13,1771291806.151884,0x18FF02F7,1,0 state
ACT_SPEED B13,1771291806.151884,0x18FF02F7,1,0.00 rpm
ACT_TORQUE B13,1771291806.151884,0x18FF02F7,1,0.00 Nm
ACT_POWER B13,1771291806.151884,0x18FF02F7,1,0.00 kw
ACT_MOTORTEMPERATURE B13,1771291806.151884,0x18FF02F7,1,28.00 °C
DEVICESTATE M13,1771291806.2420232,0x18FF00F7,1,0 state
ERRORLAMP M13,1771291806.2420232,0x18FF00F7,1,0 state
DEVICENUMBER M13,1771291806.2420232,0x18FF00F7,1,14 state
CLAMP15_STATUS M13,1771291806.2420232,0x18FF00F7,1,1 state
PRECHARGED M13,1771291806.2420232,0x18FF00F7,1,1 state
STATUS_ BIT_FLEX_IN_OUT_SIGNAL1 M13,1771291806.2420232,0x18FF00F7,1,3 state
STATUS_ BIT_FLEX_IN_OUT_SIGNAL2 M13,1771291806.2420232,0x18FF00F7,1,3 state
ERROR CODE  M13,1771291806.2420232,0x18FF00F7,1,0 state
ACT_DCBUSVOLTAGE M13,1771291806.2420232,0x18FF00F7,1,1.25 V
ACT_DCBUSPOWER M13,1771291806.2420232,0x18FF00F7,1,0.00 kw
ACT_DEVICETEMPERATURE M13,1771291806.2420232,0x18FF00F7,1,26.00 °C
ACT_INVERTERSTATUS A13,1771291806.2472248,0x18FF01F7,1,0 state
ACT_INVERTERREADY A13,1771291806.2472248,0x18FF01F7,1,0 state
ACT_ERRORSTATUS A13,1771291806.2472248,0x18FF01F7,1,0 state
ACT_SPEED A13,1771291806.2472248,0x18FF01F7,1,0.00 rpm
ACT_TORQUE A13,1771291806.2472248,0x18FF01F7,1,0.00 Nm
ACT_POWER A13,1771291806.2472248,0x18FF01F7,1,0.00 kw
ACT_MOTORTEMPERATURE A13,1771291806.2472248,0x18FF01F7,1,27.00 °C
ACT_INVERTERSTATUS B13,1771291806.2519085,0x18FF02F7,1,0 state
ACT_INVERTERREADY B13,1771291806.2519085,0x18FF02F7,1,0 state
ACT_ERRORSTATUS B13,1771291806.2519085,0x18FF02F7,1,0 state
ACT_SPEED B13,1771291806.2519085,0x18FF02F7,1,0.00 rpm
ACT_TORQUE B13,1771291806.2519085,0x18FF02F7,1,0.00 Nm
ACT_POWER B13,1771291806.2519085,0x18FF02F7,1,0.00 kw
ACT_MOTORTEMPERATURE B13,1771291806.2519085,0x18FF02F7,1,28.00 °C
DEVICESTATE M13,1771291806.3419445,0x18FF00F7,1,0 state
ERRORLAMP M13,1771291806.3419445,0x18FF00F7,1,0 state
DEVICENUMBER M13,1771291806.3419445,0x18FF00F7,1,14 state
CLAMP15_STATUS M13,1771291806.3419445,0x18FF00F7,1,1 state
PRECHARGED M13,1771291806.3419445,0x18FF00F7,1,1 state
STATUS_ BIT_FLEX_IN_OUT_SIGNAL1 M13,1771291806.3419445,0x18FF00F7,1,3 state
STATUS_ BIT_FLEX_IN_OUT_SIGNAL2 M13,1771291806.3419445,0x18FF00F7,1,3 state
ERROR CODE  M13,1771291806.3419445,0x18FF00F7,1,0 state
ACT_DCBUSVOLTAGE M13,1771291806.3419445,0x18FF00F7,1,1.25 V
ACT_DCBUSPOWER M13,1771291806.3419445,0x18FF00F7,1,0.00 kw
ACT_DEVICETEMPERATURE M13,1771291806.3419445,0x18FF00F7,1,26.00 °C
ACT_INVERTERSTATUS A13,1771291806.347197,0x18FF01F7,1,0 state
ACT_INVERTERREADY A13,1771291806.347197,0x18FF01F7,1,0 state
ACT_ERRORSTATUS A13,1771291806.347197,0x18FF01F7,1,0 state
ACT_SPEED A13,1771291806.347197,0x18FF01F7,1,0.00 rpm
ACT_TORQUE A13,1771291806.347197,0x18FF01F7,1,0.00 Nm
ACT_POWER A13,1771291806.347197,0x18FF01F7,1,0.00 kw
ACT_MOTORTEMPERATURE A13,1771291806.347197,0x18FF01F7,1,27.00 °C
ACT_INVERTERSTATUS B13,1771291806.3516572,0x18FF02F7,1,0 state
ACT_INVERTERREADY B13,1771291806.3516572,0x18FF02F7,1,0 state
ACT_ERRORSTATUS B13,1771291806.3516572,0x18FF02F7,1,0 state
ACT_SPEED B13,1771291806.3516572,0x18FF02F7,1,0.00 rpm
ACT_TORQUE B13,1771291806.3516572,0x18FF02F7,1,0.00 Nm
ACT_POWER B13,1771291806.3516572,0x18FF02F7,1,0.00 kw
ACT_MOTORTEMPERATURE B13,1771291806.3516572,0x18FF02F7,1,28.00 °C
DEVICESTATE M13,1771291806.4420102,0x18FF00F7,1,0 state
ERRORLAMP M13,1771291806.4420102,0x18FF00F7,1,0 state
DEVICENUMBER M13,1771291806.4420102,0x18FF00F7,1,14 state
CLAMP15_STATUS M13,1771291806.4420102,0x18FF00F7,1,1 state
PRECHARGED M13,1771291806.4420102,0x18FF00F7,1,1 state
STATUS_ BIT_FLEX_IN_OUT_SIGNAL1 M13,1771291806.4420102,0x18FF00F7,1,3 state
STATUS_ BIT_FLEX_IN_OUT_SIGNAL2 M13,1771291806.4420102,0x18FF00F7,1,3 state
ERROR CODE  M13,1771291806.4420102,0x18FF00F7,1,0 state
ACT_DCBUSVOLTAGE M13,1771291806.4420102,0x18FF00F7,1,1.25 V
ACT_DCBUSPOWER M13,1771291806.4420102,0x18FF00F7,1,0.00 kw
ACT_DEVICETEMPERATURE M13,1771291806.4420102,0x18FF00F7,1,26.00 °C
ACT_INVERTERSTATUS A13,1771291806.44722,0x18FF01F7,1,0 state
ACT_INVERTERREADY A13,1771291806.44722,0x18FF01F7,1,0 state
ACT_ERRORSTATUS A13,1771291806.44722,0x18FF01F7,1,0 state
ACT_SPEED A13,1771291806.44722,0x18FF01F7,1,0.00 rpm
ACT_TORQUE A13,1771291806.44722,0x18FF01F7,1,0.00 Nm
ACT_POWER A13,1771291806.44722,0x18FF01F7,1,0.00 kw
ACT_MOTORTEMPERATURE A13,1771291806.44722,0x18FF01F7,1,27.00 °C
ACT_INVERTERSTATUS B13,1771291806.4518967,0x18FF02F7,1,0 state
ACT_INVERTERREADY B13,1771291806.4518967,0x18FF02F7,1,0 state
ACT_ERRORSTATUS B13,1771291806.4518967,0x18FF02F7,1,0 state
ACT_SPEED B13,1771291806.4518967,0x18FF02F7,1,0.00 rpm
ACT_TORQUE B13,1771291806.4518967,0x18FF02F7,1,0.00 Nm
ACT_POWER B13,1771291806.4518967,0x18FF02F7,1,0.00 kw
ACT_MOTORTEMPERATURE B13,1771291806.4518967,0x18FF02F7,1,28.00 °C
DEVICESTATE M13,1771291806.5420177,0x18FF00F7,1,0 state
ERRORLAMP M13,1771291806.5420177,0x18FF00F7,1,0 state
DEVICENUMBER M13,1771291806.5420177,0x18FF00F7,1,14 state
CLAMP15_STATUS M13,1771291806.5420177,0x18FF00F7,1,1 state
PRECHARGED M13,1771291806.5420177,0x18FF00F7,1,1 state
STATUS_ BIT_FLEX_IN_OUT_SIGNAL1 M13,1771291806.5420177,0x18FF00F7,1,3 state
STATUS_ BIT_FLEX_IN_OUT_SIGNAL2 M13,1771291806.5420177,0x18FF00F7,1,3 state
ERROR CODE  M13,1771291806.5420177,0x18FF00F7,1,0 state
ACT_DCBUSVOLTAGE M13,1771291806.5420177,0x18FF00F7,1,1.25 V
ACT_DCBUSPOWER M13,1771291806.5420177,0x18FF00F7,1,0.00 kw
ACT_DEVICETEMPERATURE M13,1771291806.5420177,0x18FF00F7,1,26.00 °C
ACT_INVERTERSTATUS A13,1771291806.5470526,0x18FF01F7,1,0 state
ACT_INVERTERREADY A13,1771291806.5470526,0x18FF01F7,1,0 state
ACT_ERRORSTATUS A13,1771291806.5470526,0x18FF01F7,1,0 state
ACT_SPEED A13,1771291806.5470526,0x18FF01F7,1,0.00 rpm
ACT_TORQUE A13,1771291806.5470526,0x18FF01F7,1,0.00 Nm
ACT_POWER A13,1771291806.5470526,0x18FF01F7,1,0.00 kw
ACT_MOTORTEMPERATURE A13,1771291806.5470526,0x18FF01F7,1,27.00 °C
ACT_INVERTERSTATUS B13,1771291806.551857,0x18FF02F7,1,0 state
ACT_INVERTERREADY B13,1771291806.551857,0x18FF02F7,1,0 state
ACT_ERRORSTATUS B13,1771291806.551857,0x18FF02F7,1,0 state
ACT_SPEED B13,1771291806.551857,0x18FF02F7,1,0.00 rpm
ACT_TORQUE B13,1771291806.551857,0x18FF02F7,1,0.00 Nm
ACT_POWER B13,1771291806.551857,0x18FF02F7,1,0.00 kw
ACT_MOTORTEMPERATURE B13,1771291806.551857,0x18FF02F7,1,28.00 °C
DEVICESTATE M13,1771291806.6423926,0x18FF00F7,1,0 state
ERRORLAMP M13,1771291806.6423926,0x18FF00F7,1,0 state
DEVICENUMBER M13,1771291806.6423926,0x18FF00F7,1,14 state
CLAMP15_STATUS M13,1771291806.6423926,0x18FF00F7,1,1 state
PRECHARGED M13,1771291806.6423926,0x18FF00F7,1,1 state
STATUS_ BIT_FLEX_IN_OUT_SIGNAL1 M13,1771291806.6423926,0x18FF00F7,1,3 state
STATUS_ BIT_FLEX_IN_OUT_SIGNAL2 M13,1771291806.6423926,0x18FF00F7,1,3 state
ERROR CODE  M13,1771291806.6423926,0x18FF00F7,1,0 state
ACT_DCBUSVOLTAGE M13,1771291806.6423926,0x18FF00F7,1,1.25 V
ACT_DCBUSPOWER M13,1771291806.6423926,0x18FF00F7,1,0.00 kw
ACT_DEVICETEMPERATURE M13,1771291806.6423926,0x18FF00F7,1,26.00 °C
ACT_INVERTERSTATUS A13,1771291806.6466362,0x18FF01F7,1,0 state
ACT_INVERTERREADY A13,1771291806.6466362,0x18FF01F7,1,0 state
ACT_ERRORSTATUS A13,1771291806.6466362,0x18FF01F7,1,0 state
ACT_SPEED A13,1771291806.6466362,0x18FF01F7,1,0.00 rpm
ACT_TORQUE A13,1771291806.6466362,0x18FF01F7,1,0.00 Nm
ACT_POWER A13,1771291806.6466362,0x18FF01F7,1,0.00 kw
ACT_MOTORTEMPERATURE A13,1771291806.6466362,0x18FF01F7,1,27.00 °C
ACT_INVERTERSTATUS B13,1771291806.6517034,0x18FF02F7,1,0 state
ACT_INVERTERREADY B13,1771291806.6517034,0x18FF02F7,1,0 state
ACT_ERRORSTATUS B13,1771291806.6517034,0x18FF02F7,1,0 state
ACT_SPEED B13,1771291806.6517034,0x18FF02F7,1,0.00 rpm
ACT_TORQUE B13,1771291806.6517034,0x18FF02F7,1,0.00 Nm
ACT_POWER B13,1771291806.6517034,0x18FF02F7,1,0.00 kw
ACT_MOTORTEMPERATURE B13,1771291806.6517034,0x18FF02F7,1,28.00 °C
DEVICESTATE M13,1771291806.7418299,0x18FF00F7,1,0 state
ERRORLAMP M13,1771291806.7418299,0x18FF00F7,1,0 state
DEVICENUMBER M13,1771291806.7418299,0x18FF00F7,1,14 state
CLAMP15_STATUS M13,1771291806.7418299,0x18FF00F7,1,1 state
PRECHARGED M13,1771291806.7418299,0x18FF00F7,1,1 state
STATUS_ BIT_FLEX_IN_OUT_SIGNAL1 M13,1771291806.7418299,0x18FF00F7,1,3 state
STATUS_ BIT_FLEX_IN_OUT_SIGNAL2 M13,1771291806.7418299,0x18FF00F7,1,3 state
ERROR CODE  M13,1771291806.7418299,0x18FF00F7,1,0 state
ACT_DCBUSVOLTAGE M13,1771291806.7418299,0x18FF00F7,1,1.25 V
ACT_DCBUSPOWER M13,1771291806.7418299,0x18FF00F7,1,0.00 kw
ACT_DEVICETEMPERATURE M13,1771291806.7418299,0x18FF00F7,1,26.00 °C
ACT_INVERTERSTATUS A13,1771291806.7471778,0x18FF01F7,1,0 state
ACT_INVERTERREADY A13,1771291806.7471778,0x18FF01F7,1,0 state
ACT_ERRORSTATUS A13,1771291806.7471778,0x18FF01F7,1,0 state
ACT_SPEED A13,1771291806.7471778,0x18FF01F7,1,0.00 rpm
ACT_TORQUE A13,1771291806.7471778,0x18FF01F7,1,0.00 Nm
ACT_POWER A13,1771291806.7471778,0x18FF01F7,1,0.00 kw
ACT_MOTORTEMPERATURE A13,1771291806.7471778,0x18FF01F7,1,27.00 °C
ACT_INVERTERSTATUS B13,1771291806.751818,0x18FF02F7,1,0 state
ACT_INVERTERREADY B13,1771291806.751818,0x18FF02F7,1,0 state
ACT_ERRORSTATUS B13,1771291806.751818,0x18FF02F7,1,0 state
ACT_SPEED B13,1771291806.751818,0x18FF02F7,1,0.00 rpm
ACT_TORQUE B13,1771291806.751818,0x18FF02F7,1,0.00 Nm
ACT_POWER B13,1771291806.751818,0x18FF02F7,1,0.00 kw
ACT_MOTORTEMPERATURE B13,1771291806.751818,0x18FF02F7,1,28.00 °C
DEVICESTATE M13,1771291806.8421752,0x18FF00F7,1,0 state
ERRORLAMP M13,1771291806.8421752,0x18FF00F7,1,0 state
DEVICENUMBER M13,1771291806.8421752,0x18FF00F7,1,14 state
CLAMP15_STATUS M13,1771291806.8421752,0x18FF00F7,1,1 state
PRECHARGED M13,1771291806.8421752,0x18FF00F7,1,1 state
STATUS_ BIT_FLEX_IN_OUT_SIGNAL1 M13,1771291806.8421752,0x18FF00F7,1,3 state
STATUS_ BIT_FLEX_IN_OUT_SIGNAL2 M13,1771291806.8421752,0x18FF00F7,1,3 state
ERROR CODE  M13,1771291806.8421752,0x18FF00F7,1,0 state
ACT_DCBUSVOLTAGE M13,1771291806.8421752,0x18FF00F7,1,1.25 V
ACT_DCBUSPOWER M13,1771291806.8421752,0x18FF00F7,1,0.00 kw
ACT_DEVICETEMPERATURE M13,1771291806.8421752,0x18FF00F7,1,26.00 °C
ACT_INVERTERSTATUS A13,1771291806.8466659,0x18FF01F7,1,0 state
ACT_INVERTERREADY A13,1771291806.8466659,0x18FF01F7,1,0 state
ACT_ERRORSTATUS A13,1771291806.8466659,0x18FF01F7,1,0 state
ACT_SPEED A13,1771291806.8466659,0x18FF01F7,1,0.00 rpm
ACT_TORQUE A13,1771291806.8466659,0x18FF01F7,1,0.00 Nm
ACT_POWER A13,1771291806.8466659,0x18FF01F7,1,0.00 kw
ACT_MOTORTEMPERATURE A13,1771291806.8466659,0x18FF01F7,1,27.00 °C
ACT_INVERTERSTATUS B13,1771291806.8517332,0x18FF02F7,1,0 state
ACT_INVERTERREADY B13,1771291806.8517332,0x18FF02F7,1,0 state
ACT_ERRORSTATUS B13,1771291806.8517332,0x18FF02F7,1,0 state
ACT_SPEED B13,1771291806.8517332,0x18FF02F7,1,0.00 rpm
ACT_TORQUE B13,1771291806.8517332,0x18FF02F7,1,0.00 Nm
ACT_POWER B13,1771291806.8517332,0x18FF02F7,1,0.00 kw
ACT_MOTORTEMPERATURE B13,1771291806.8517332,0x18FF02F7,1,28.00 °C
DEVICESTATE M13,1771291806.9421906,0x18FF00F7,1,0 state
ERRORLAMP M13,1771291806.9421906,0x18FF00F7,1,0 state
DEVICENUMBER M13,1771291806.9421906,0x18FF00F7,1,14 state
CLAMP15_STATUS M13,1771291806.9421906,0x18FF00F7,1,1 state
PRECHARGED M13,1771291806.9421906,0x18FF00F7,1,1 state
STATUS_ BIT_FLEX_IN_OUT_SIGNAL1 M13,1771291806.9421906,0x18FF00F7,1,3 state
STATUS_ BIT_FLEX_IN_OUT_SIGNAL2 M13,1771291806.9421906,0x18FF00F7,1,3 state
ERROR CODE  M13,1771291806.9421906,0x18FF00F7,1,0 state
ACT_DCBUSVOLTAGE M13,1771291806.9421906,0x18FF00F7,1,1.25 V
ACT_DCBUSPOWER M13,1771291806.9421906,0x18FF00F7,1,0.00 kw
ACT_DEVICETEMPERATURE M13,1771291806.9421906,0x18FF00F7,1,26.00 °C
ACT_INVERTERSTATUS A13,1771291806.9466355,0x18FF01F7,1,0 state
ACT_INVERTERREADY A13,1771291806.9466355,0x18FF01F7,1,0 state
ACT_ERRORSTATUS A13,1771291806.9466355,0x18FF01F7,1,0 state
ACT_SPEED A13,1771291806.9466355,0x18FF01F7,1,0.00 rpm
ACT_TORQUE A13,1771291806.9466355,0x18FF01F7,1,0.00 Nm
ACT_POWER A13,1771291806.9466355,0x18FF01F7,1,0.00 kw
ACT_MOTORTEMPERATURE A13,1771291806.9466355,0x18FF01F7,1,27.00 °C
ACT_INVERTERSTATUS B13,1771291806.951658,0x18FF02F7,1,0 state
ACT_INVERTERREADY B13,1771291806.951658,0x18FF02F7,1,0 state
ACT_ERRORSTATUS B13,1771291806.951658,0x18FF02F7,1,0 state
ACT_SPEED B13,1771291806.951658,0x18FF02F7,1,0.00 rpm
ACT_TORQUE B13,1771291806.951658,0x18FF02F7,1,0.00 Nm
ACT_POWER B13,1771291806.951658,0x18FF02F7,1,0.00 kw
ACT_MOTORTEMPERATURE B13,1771291806.951658,0x18FF02F7,1,28.00 °C
DEVICESTATE M13,1771291807.0417902,0x18FF00F7,1,0 state
ERRORLAMP M13,1771291807.0417902,0x18FF00F7,1,0 state
DEVICENUMBER M13,1771291807.0417902,0x18FF00F7,1,14 state
CLAMP15_STATUS M13,1771291807.0417902,0x18FF00F7,1,1 state
PRECHARGED M13,1771291807.0417902,0x18FF00F7,1,1 state
STATUS_ BIT_FLEX_IN_OUT_SIGNAL1 M13,1771291807.0417902,0x18FF00F7,1,3 state
STATUS_ BIT_FLEX_IN_OUT_SIGNAL2 M13,1771291807.0417902,0x18FF00F7,1,3 state
ERROR CODE  M13,1771291807.0417902,0x18FF00F7,1,0 state
ACT_DCBUSVOLTAGE M13,1771291807.0417902,0x18FF00F7,1,1.25 V
ACT_DCBUSPOWER M13,1771291807.0417902,0x18FF00F7,1,0.00 kw
ACT_DEVICETEMPERATURE M13,1771291807.0417902,0x18FF00F7,1,26.00 °C
ACT_INVERTERSTATUS A13,1771291807.0468194,0x18FF01F7,1,0 state
ACT_INVERTERREADY A13,1771291807.0468194,0x18FF01F7,1,0 state
ACT_ERRORSTATUS A13,1771291807.0468194,0x18FF01F7,1,0 state
ACT_SPEED A13,1771291807.0468194,0x18FF01F7,1,0.00 rpm
ACT_TORQUE A13,1771291807.0468194,0x18FF01F7,1,0.00 Nm
ACT_POWER A13,1771291807.0468194,0x18FF01F7,1,0.00 kw
ACT_MOTORTEMPERATURE A13,1771291807.0468194,0x18FF01F7,1,27.00 °C
ACT_INVERTERSTATUS B13,1771291807.0516953,0x18FF02F7,1,0 state
ACT_INVERTERREADY B13,1771291807.0516953,0x18FF02F7,1,0 state
ACT_ERRORSTATUS B13,1771291807.0516953,0x18FF02F7,1,0 state
ACT_SPEED B13,1771291807.0516953,0x18FF02F7,1,0.00 rpm
ACT_TORQUE B13,1771291807.0516953,0x18FF02F7,1,0.00 Nm
ACT_POWER B13,1771291807.0516953,0x18FF02F7,1,0.00 kw
ACT_MOTORTEMPERATURE B13,1771291807.0516953,0x18FF02F7,1,28.00 °C
DEVICESTATE M13,1771291807.1419086,0x18FF00F7,1,0 state
ERRORLAMP M13,1771291807.1419086,0x18FF00F7,1,0 state
DEVICENUMBER M13,1771291807.1419086,0x18FF00F7,1,14 state
CLAMP15_STATUS M13,1771291807.1419086,0x18FF00F7,1,1 state
PRECHARGED M13,1771291807.1419086,0x18FF00F7,1,1 state
STATUS_ BIT_FLEX_IN_OUT_SIGNAL1 M13,1771291807.1419086,0x18FF00F7,1,3 state
STATUS_ BIT_FLEX_IN_OUT_SIGNAL2 M13,1771291807.1419086,0x18FF00F7,1,3 state
ERROR CODE  M13,1771291807.1419086,0x18FF00F7,1,0 state
ACT_DCBUSVOLTAGE M13,1771291807.1419086,0x18FF00F7,1,1.25 V
ACT_DCBUSPOWER M13,1771291807.1419086,0x18FF00F7,1,0.00 kw
ACT_DEVICETEMPERATURE M13,1771291807.1419086,0x18FF00F7,1,26.00 °C
ACT_INVERTERSTATUS A13,1771291807.1472201,0x18FF01F7,1,0 state
ACT_INVERTERREADY A13,1771291807.1472201,0x18FF01F7,1,0 state
ACT_ERRORSTATUS A13,1771291807.1472201,0x18FF01F7,1,0 state
ACT_SPEED A13,1771291807.1472201,0x18FF01F7,1,0.00 rpm
ACT_TORQUE A13,1771291807.1472201,0x18FF01F7,1,0.00 Nm
ACT_POWER A13,1771291807.1472201,0x18FF01F7,1,0.00 kw
ACT_MOTORTEMPERATURE A13,1771291807.1472201,0x18FF01F7,1,27.00 °C
ACT_INVERTERSTATUS B13,1771291807.1519058,0x18FF02F7,1,0 state
ACT_INVERTERREADY B13,1771291807.1519058,0x18FF02F7,1,0 state
ACT_ERRORSTATUS B13,1771291807.1519058,0x18FF02F7,1,0 state
ACT_SPEED B13,1771291807.1519058,0x18FF02F7,1,0.00 rpm
ACT_TORQUE B13,1771291807.1519058,0x18FF02F7,1,0.00 Nm
ACT_POWER B13,1771291807.1519058,0x18FF02F7,1,0.00 kw
ACT_MOTORTEMPERATURE B13,1771291807.1519058,0x18FF02F7,1,28.00 °C
DEVICESTATE M13,1771291807.2420855,0x18FF00F7,1,0 state
ERRORLAMP M13,1771291807.2420855,0x18FF00F7,1,0 state
DEVICENUMBER M13,1771291807.2420855,0x18FF00F7,1,14 state
CLAMP15_STATUS M13,1771291807.2420855,0x18FF00F7,1,1 state
PRECHARGED M13,1771291807.2420855,0x18FF00F7,1,1 state
STATUS_ BIT_FLEX_IN_OUT_SIGNAL1 M13,1771291807.2420855,0x18FF00F7,1,3 state
STATUS_ BIT_FLEX_IN_OUT_SIGNAL2 M13,1771291807.2420855,0x18FF00F7,1,3 state
ERROR CODE  M13,1771291807.2420855,0x18FF00F7,1,0 state
ACT_DCBUSVOLTAGE M13,1771291807.2420855,0x18FF00F7,1,1.25 V
ACT_DCBUSPOWER M13,1771291807.2420855,0x18FF00F7,1,0.00 kw
ACT_DEVICETEMPERATURE M13,1771291807.2420855,0x18FF00F7,1,26.00 °C
ACT_INVERTERSTATUS A13,1771291807.247076,0x18FF01F7,1,0 state
ACT_INVERTERREADY A13,1771291807.247076,0x18FF01F7,1,0 state
ACT_ERRORSTATUS A13,1771291807.247076,0x18FF01F7,1,0 state
ACT_SPEED A13,1771291807.247076,0x18FF01F7,1,0.00 rpm
ACT_TORQUE A13,1771291807.247076,0x18FF01F7,1,0.00 Nm
ACT_POWER A13,1771291807.247076,0x18FF01F7,1,0.00 kw
ACT_MOTORTEMPERATURE A13,1771291807.247076,0x18FF01F7,1,27.00 °C
ACT_INVERTERSTATUS B13,1771291807.251943,0x18FF02F7,1,0 state
ACT_INVERTERREADY B13,1771291807.251943,0x18FF02F7,1,0 state
ACT_ERRORSTATUS B13,1771291807.251943,0x18FF02F7,1,0 state
ACT_SPEED B13,1771291807.251943,0x18FF02F7,1,0.00 rpm
ACT_TORQUE B13,1771291807.251943,0x18FF02F7,1,0.00 Nm
ACT_POWER B13,1771291807.251943,0x18FF02F7,1,0.00 kw
ACT_MOTORTEMPERATURE B13,1771291807.251943,0x18FF02F7,1,28.00 °C
DEVICESTATE M13,1771291807.3416567,0x18FF00F7,1,0 state
ERRORLAMP M13,1771291807.3416567,0x18FF00F7,1,0 state
DEVICENUMBER M13,1771291807.3416567,0x18FF00F7,1,14 state
CLAMP15_STATUS M13,1771291807.3416567,0x18FF00F7,1,1 state
PRECHARGED M13,1771291807.3416567,0x18FF00F7,1,1 state
STATUS_ BIT_FLEX_IN_OUT_SIGNAL1 M13,1771291807.3416567,0x18FF00F7,1,3 state
STATUS_ BIT_FLEX_IN_OUT_SIGNAL2 M13,1771291807.3416567,0x18FF00F7,1,3 state
ERROR CODE  M13,1771291807.3416567,0x18FF00F7,1,0 state
ACT_DCBUSVOLTAGE M13,1771291807.3416567,0x18FF00F7,1,1.25 V
ACT_DCBUSPOWER M13,1771291807.3416567,0x18FF00F7,1,0.00 kw
ACT_DEVICETEMPERATURE M13,1771291807.3416567,0x18FF00F7,1,26.00 °C
ACT_INVERTERSTATUS A13,1771291807.3469656,0x18FF01F7,1,0 state
ACT_INVERTERREADY A13,1771291807.3469656,0x18FF01F7,1,0 state
ACT_ERRORSTATUS A13,1771291807.3469656,0x18FF01F7,1,0 state
ACT_SPEED A13,1771291807.3469656,0x18FF01F7,1,0.00 rpm
ACT_TORQUE A13,1771291807.3469656,0x18FF01F7,1,0.00 Nm
ACT_POWER A13,1771291807.3469656,0x18FF01F7,1,0.00 kw
ACT_MOTORTEMPERATURE A13,1771291807.3469656,0x18FF01F7,1,27.00 °C
ACT_INVERTERSTATUS B13,1771291807.3519413,0x18FF02F7,1,0 state
ACT_INVERTERREADY B13,1771291807.3519413,0x18FF02F7,1,0 state
ACT_ERRORSTATUS B13,1771291807.3519413,0x18FF02F7,1,0 state
ACT_SPEED B13,1771291807.3519413,0x18FF02F7,1,0.00 rpm
ACT_TORQUE B13,1771291807.3519413,0x18FF02F7,1,0.00 Nm
ACT_POWER B13,1771291807.3519413,0x18FF02F7,1,0.00 kw
ACT_MOTORTEMPERATURE B13,1771291807.3519413,0x18FF02F7,1,28.00 °C
DEVICESTATE M13,1771291807.4421308,0x18FF00F7,1,0 state
ERRORLAMP M13,1771291807.4421308,0x18FF00F7,1,0 state
DEVICENUMBER M13,1771291807.4421308,0x18FF00F7,1,14 state
CLAMP15_STATUS M13,1771291807.4421308,0x18FF00F7,1,1 state
PRECHARGED M13,1771291807.4421308,0x18FF00F7,1,1 state
STATUS_ BIT_FLEX_IN_OUT_SIGNAL1 M13,1771291807.4421308,0x18FF00F7,1,3 state
STATUS_ BIT_FLEX_IN_OUT_SIGNAL2 M13,1771291807.4421308,0x18FF00F7,1,3 state
ERROR CODE  M13,1771291807.4421308,0x18FF00F7,1,0 state
ACT_DCBUSVOLTAGE M13,1771291807.4421308,0x18FF00F7,1,1.25 V
ACT_DCBUSPOWER M13,1771291807.4421308,0x18FF00F7,1,0.00 kw
ACT_DEVICETEMPERATURE M13,1771291807.4421308,0x18FF00F7,1,26.00 °C
ACT_INVERTERSTATUS A13,1771291807.4468906,0x18FF01F7,1,0 state
ACT_INVERTERREADY A13,1771291807.4468906,0x18FF01F7,1,0 state
ACT_ERRORSTATUS A13,1771291807.4468906,0x18FF01F7,1,0 state
ACT_SPEED A13,1771291807.4468906,0x18FF01F7,1,0.00 rpm
ACT_TORQUE A13,1771291807.4468906,0x18FF01F7,1,0.00 Nm
ACT_POWER A13,1771291807.4468906,0x18FF01F7,1,0.00 kw
ACT_MOTORTEMPERATURE A13,1771291807.4468906,0x18FF01F7,1,27.00 °C
ACT_INVERTERSTATUS B13,1771291807.4515927,0x18FF02F7,1,0 state
ACT_INVERTERREADY B13,1771291807.4515927,0x18FF02F7,1,0 state
ACT_ERRORSTATUS B13,1771291807.4515927,0x18FF02F7,1,0 state
ACT_SPEED B13,1771291807.4515927,0x18FF02F7,1,0.00 rpm
ACT_TORQUE B13,1771291807.4515927,0x18FF02F7,1,0.00 Nm
ACT_POWER B13,1771291807.4515927,0x18FF02F7,1,0.00 kw
ACT_MOTORTEMPERATURE B13,1771291807.4515927,0x18FF02F7,1,28.00 °C
DEVICESTATE M13,1771291807.5419087,0x18FF00F7,1,0 state
ERRORLAMP M13,1771291807.5419087,0x18FF00F7,1,0 state
DEVICENUMBER M13,1771291807.5419087,0x18FF00F7,1,14 state
CLAMP15_STATUS M13,1771291807.5419087,0x18FF00F7,1,1 state
PRECHARGED M13,1771291807.5419087,0x18FF00F7,1,1 state
STATUS_ BIT_FLEX_IN_OUT_SIGNAL1 M13,1771291807.5419087,0x18FF00F7,1,3 state
STATUS_ BIT_FLEX_IN_OUT_SIGNAL2 M13,1771291807.5419087,0x18FF00F7,1,3 state
ERROR CODE  M13,1771291807.5419087,0x18FF00F7,1,0 state
ACT_DCBUSVOLTAGE M13,1771291807.5419087,0x18FF00F7,1,1.25 V
ACT_DCBUSPOWER M13,1771291807.5419087,0x18FF00F7,1,0.00 kw
ACT_DEVICETEMPERATURE M13,1771291807.5419087,0x18FF00F7,1,26.00 °C
ACT_INVERTERSTATUS A13,1771291807.5470126,0x18FF01F7,1,0 state
ACT_INVERTERREADY A13,1771291807.5470126,0x18FF01F7,1,0 state
ACT_ERRORSTATUS A13,1771291807.5470126,0x18FF01F7,1,0 state
ACT_SPEED A13,1771291807.5470126,0x18FF01F7,1,0.00 rpm
ACT_TORQUE A13,1771291807.5470126,0x18FF01F7,1,0.00 Nm
ACT_POWER A13,1771291807.5470126,0x18FF01F7,1,0.00 kw
ACT_MOTORTEMPERATURE A13,1771291807.5470126,0x18FF01F7,1,27.00 °C
ACT_INVERTERSTATUS B13,1771291807.5519044,0x18FF02F7,1,0 state
ACT_INVERTERREADY B13,1771291807.5519044,0x18FF02F7,1,0 state
ACT_ERRORSTATUS B13,1771291807.5519044,0x18FF02F7,1,0 state
ACT_SPEED B13,1771291807.5519044,0x18FF02F7,1,0.00 rpm
ACT_TORQUE B13,1771291807.5519044,0x18FF02F7,1,0.00 Nm
ACT_POWER B13,1771291807.5519044,0x18FF02F7,1,0.00 kw
ACT_MOTORTEMPERATURE B13,1771291807.5519044,0x18FF02F7,1,28.00 °C
DEVICESTATE M13,1771291807.6421735,0x18FF00F7,1,0 state
ERRORLAMP M13,1771291807.6421735,0x18FF00F7,1,0 state
DEVICENUMBER M13,1771291807.6421735,0x18FF00F7,1,14 state
CLAMP15_STATUS M13,1771291807.6421735,0x18FF00F7,1,1 state
PRECHARGED M13,1771291807.6421735,0x18FF00F7,1,1 state
STATUS_ BIT_FLEX_IN_OUT_SIGNAL1 M13,1771291807.6421735,0x18FF00F7,1,3 state
STATUS_ BIT_FLEX_IN_OUT_SIGNAL2 M13,1771291807.6421735,0x18FF00F7,1,3 state
ERROR CODE  M13,1771291807.6421735,0x18FF00F7,1,0 state
ACT_DCBUSVOLTAGE M13,1771291807.6421735,0x18FF00F7,1,1.25 V
ACT_DCBUSPOWER M13,1771291807.6421735,0x18FF00F7,1,0.00 kw
ACT_DEVICETEMPERATURE M13,1771291807.6421735,0x18FF00F7,1,26.00 °C
ACT_INVERTERSTATUS A13,1771291807.6469176,0x18FF01F7,1,0 state
ACT_INVERTERREADY A13,1771291807.6469176,0x18FF01F7,1,0 state
ACT_ERRORSTATUS A13,1771291807.6469176,0x18FF01F7,1,0 state
ACT_SPEED A13,1771291807.6469176,0x18FF01F7,1,0.00 rpm
ACT_TORQUE A13,1771291807.6469176,0x18FF01F7,1,0.00 Nm
ACT_POWER A13,1771291807.6469176,0x18FF01F7,1,0.00 kw
ACT_MOTORTEMPERATURE A13,1771291807.6469176,0x18FF01F7,1,27.00 °C
ACT_INVERTERSTATUS B13,1771291807.6519156,0x18FF02F7,1,0 state
ACT_INVERTERREADY B13,1771291807.6519156,0x18FF02F7,1,0 state
ACT_ERRORSTATUS B13,1771291807.6519156,0x18FF02F7,1,0 state
ACT_SPEED B13,1771291807.6519156,0x18FF02F7,1,0.00 rpm
ACT_TORQUE B13,1771291807.6519156,0x18FF02F7,1,0.00 Nm
ACT_POWER B13,1771291807.6519156,0x18FF02F7,1,0.00 kw
ACT_MOTORTEMPERATURE B13,1771291807.6519156,0x18FF02F7,1,28.00 °C
DEVICESTATE M13,1771291807.742122,0x18FF00F7,1,0 state
ERRORLAMP M13,1771291807.742122,0x18FF00F7,1,0 state
DEVICENUMBER M13,1771291807.742122,0x18FF00F7,1,14 state
CLAMP15_STATUS M13,1771291807.742122,0x18FF00F7,1,1 state
PRECHARGED M13,1771291807.742122,0x18FF00F7,1,1 state
STATUS_ BIT_FLEX_IN_OUT_SIGNAL1 M13,1771291807.742122,0x18FF00F7,1,3 state
STATUS_ BIT_FLEX_IN_OUT_SIGNAL2 M13,1771291807.742122,0x18FF00F7,1,3 state
ERROR CODE  M13,1771291807.742122,0x18FF00F7,1,0 state
ACT_DCBUSVOLTAGE M13,1771291807.742122,0x18FF00F7,1,1.25 V
ACT_DCBUSPOWER M13,1771291807.742122,0x18FF00F7,1,0.00 kw
ACT_DEVICETEMPERATURE M13,1771291807.742122,0x18FF00F7,1,26.00 °C
ACT_INVERTERSTATUS A13,1771291807.7470233,0x18FF01F7,1,0 state
ACT_INVERTERREADY A13,1771291807.7470233,0x18FF01F7,1,0 state
ACT_ERRORSTATUS A13,1771291807.7470233,0x18FF01F7,1,0 state
ACT_SPEED A13,1771291807.7470233,0x18FF01F7,1,0.00 rpm
ACT_TORQUE A13,1771291807.7470233,0x18FF01F7,1,0.00 Nm
ACT_POWER A13,1771291807.7470233,0x18FF01F7,1,0.00 kw
ACT_MOTORTEMPERATURE A13,1771291807.7470233,0x18FF01F7,1,27.00 °C
ACT_INVERTERSTATUS B13,1771291807.7515268,0x18FF02F7,1,0 state
ACT_INVERTERREADY B13,1771291807.7515268,0x18FF02F7,1,0 state
ACT_ERRORSTATUS B13,1771291807.7515268,0x18FF02F7,1,0 state
ACT_SPEED B13,1771291807.7515268,0x18FF02F7,1,0.00 rpm
ACT_TORQUE B13,1771291807.7515268,0x18FF02F7,1,0.00 Nm
ACT_POWER B13,1771291807.7515268,0x18FF02F7,1,0.00 kw
ACT_MOTORTEMPERATURE B13,1771291807.7515268,0x18FF02F7,1,28.00 °C
DEVICESTATE M13,1771291807.8418822,0x18FF00F7,1,0 state
ERRORLAMP M13,1771291807.8418822,0x18FF00F7,1,0 state
DEVICENUMBER M13,1771291807.8418822,0x18FF00F7,1,14 state
CLAMP15_STATUS M13,1771291807.8418822,0x18FF00F7,1,1 state
PRECHARGED M13,1771291807.8418822,0x18FF00F7,1,1 state
STATUS_ BIT_FLEX_IN_OUT_SIGNAL1 M13,1771291807.8418822,0x18FF00F7,1,3 state
STATUS_ BIT_FLEX_IN_OUT_SIGNAL2 M13,1771291807.8418822,0x18FF00F7,1,3 state
ERROR CODE  M13,1771291807.8418822,0x18FF00F7,1,0 state
ACT_DCBUSVOLTAGE M13,1771291807.8418822,0x18FF00F7,1,1.25 V
ACT_DCBUSPOWER M13,1771291807.8418822,0x18FF00F7,1,0.00 kw
ACT_DEVICETEMPERATURE M13,1771291807.8418822,0x18FF00F7,1,26.00 °C
ACT_INVERTERSTATUS A13,1771291807.8469691,0x18FF01F7,1,0 state
ACT_INVERTERREADY A13,1771291807.8469691,0x18FF01F7,1,0 state
ACT_ERRORSTATUS A13,1771291807.8469691,0x18FF01F7,1,0 state
ACT_SPEED A13,1771291807.8469691,0x18FF01F7,1,0.00 rpm
ACT_TORQUE A13,1771291807.8469691,0x18FF01F7,1,0.00 Nm
ACT_POWER A13,1771291807.8469691,0x18FF01F7,1,0.00 kw
ACT_MOTORTEMPERATURE A13,1771291807.8469691,0x18FF01F7,1,27.00 °C
ACT_INVERTERSTATUS B13,1771291807.8520145,0x18FF02F7,1,0 state
ACT_INVERTERREADY B13,1771291807.8520145,0x18FF02F7,1,0 state
ACT_ERRORSTATUS B13,1771291807.8520145,0x18FF02F7,1,0 state
ACT_SPEED B13,1771291807.8520145,0x18FF02F7,1,0.00 rpm
ACT_TORQUE B13,1771291807.8520145,0x18FF02F7,1,0.00 Nm
ACT_POWER B13,1771291807.8520145,0x18FF02F7,1,0.00 kw
ACT_MOTORTEMPERATURE B13,1771291807.8520145,0x18FF02F7,1,28.00 °C
DEVICESTATE M13,1771291807.941857,0x18FF00F7,1,0 state
ERRORLAMP M13,1771291807.941857,0x18FF00F7,1,0 state
DEVICENUMBER M13,1771291807.941857,0x18FF00F7,1,14 state
CLAMP15_STATUS M13,1771291807.941857,0x18FF00F7,1,1 state
PRECHARGED M13,1771291807.941857,0x18FF00F7,1,1 state
STATUS_ BIT_FLEX_IN_OUT_SIGNAL1 M13,1771291807.941857,0x18FF00F7,1,3 state
STATUS_ BIT_FLEX_IN_OUT_SIGNAL2 M13,1771291807.941857,0x18FF00F7,1,3 state
ERROR CODE  M13,1771291807.941857,0x18FF00F7,1,0 state
ACT_DCBUSVOLTAGE M13,1771291807.941857,0x18FF00F7,1,1.25 V
ACT_DCBUSPOWER M13,1771291807.941857,0x18FF00F7,1,0.00 kw
ACT_DEVICETEMPERATURE M13,1771291807.941857,0x18FF00F7,1,26.00 °C
ACT_INVERTERSTATUS A13,1771291807.9470363,0x18FF01F7,1,0 state
ACT_INVERTERREADY A13,1771291807.9470363,0x18FF01F7,1,0 state
ACT_ERRORSTATUS A13,1771291807.9470363,0x18FF01F7,1,0 state
ACT_SPEED A13,1771291807.9470363,0x18FF01F7,1,0.00 rpm
ACT_TORQUE A13,1771291807.9470363,0x18FF01F7,1,0.00 Nm
ACT_POWER A13,1771291807.9470363,0x18FF01F7,1,0.00 kw
ACT_MOTORTEMPERATURE A13,1771291807.9470363,0x18FF01F7,1,27.00 °C
ACT_INVERTERSTATUS B13,1771291807.951586,0x18FF02F7,1,0 state
ACT_INVERTERREADY B13,1771291807.951586,0x18FF02F7,1,0 state
ACT_ERRORSTATUS B13,1771291807.951586,0x18FF02F7,1,0 state
ACT_SPEED B13,1771291807.951586,0x18FF02F7,1,0.00 rpm
ACT_TORQUE B13,1771291807.951586,0x18FF02F7,1,0.00 Nm
ACT_POWER B13,1771291807.951586,0x18FF02F7,1,0.00 kw
ACT_MOTORTEMPERATURE B13,1771291807.951586,0x18FF02F7,1,28.00 °C
DEVICESTATE M13,1771291808.0420225,0x18FF00F7,1,0 state
ERRORLAMP M13,1771291808.0420225,0x18FF00F7,1,0 state
DEVICENUMBER M13,1771291808.0420225,0x18FF00F7,1,14 state
CLAMP15_STATUS M13,1771291808.0420225,0x18FF00F7,1,1 state
PRECHARGED M13,1771291808.0420225,0x18FF00F7,1,1 state
STATUS_ BIT_FLEX_IN_OUT_SIGNAL1 M13,1771291808.0420225,0x18FF00F7,1,3 state
STATUS_ BIT_FLEX_IN_OUT_SIGNAL2 M13,1771291808.0420225,0x18FF00F7,1,3 state
ERROR CODE  M13,1771291808.0420225,0x18FF00F7,1,0 state
ACT_DCBUSVOLTAGE M13,1771291808.0420225,0x18FF00F7,1,1.25 V
ACT_DCBUSPOWER M13,1771291808.0420225,0x18FF00F7,1,0.00 kw
ACT_DEVICETEMPERATURE M13,1771291808.0420225,0x18FF00F7,1,26.00 °C
ACT_INVERTERSTATUS A13,1771291808.0469112,0x18FF01F7,1,0 state
ACT_INVERTERREADY A13,1771291808.0469112,0x18FF01F7,1,0 state
ACT_ERRORSTATUS A13,1771291808.0469112,0x18FF01F7,1,0 state
ACT_SPEED A13,1771291808.0469112,0x18FF01F7,1,0.00 rpm
ACT_TORQUE A13,1771291808.0469112,0x18FF01F7,1,0.00 Nm
ACT_POWER A13,1771291808.0469112,0x18FF01F7,1,0.00 kw
ACT_MOTORTEMPERATURE A13,1771291808.0469112,0x18FF01F7,1,27.00 °C
ACT_INVERTERSTATUS B13,1771291808.051858,0x18FF02F7,1,0 state
ACT_INVERTERREADY B13,1771291808.051858,0x18FF02F7,1,0 state
ACT_ERRORSTATUS B13,1771291808.051858,0x18FF02F7,1,0 state
ACT_SPEED B13,1771291808.051858,0x18FF02F7,1,0.00 rpm
ACT_TORQUE B13,1771291808.051858,0x18FF02F7,1,0.00 Nm
ACT_POWER B13,1771291808.051858,0x18FF02F7,1,0.00 kw
ACT_MOTORTEMPERATURE B13,1771291808.051858,0x18FF02F7,1,28.00 °C
DEVICESTATE M13,1771291808.141897,0x18FF00F7,1,0 state
ERRORLAMP M13,1771291808.141897,0x18FF00F7,1,0 state
DEVICENUMBER M13,1771291808.141897,0x18FF00F7,1,14 state
CLAMP15_STATUS M13,1771291808.141897,0x18FF00F7,1,1 state
PRECHARGED M13,1771291808.141897,0x18FF00F7,1,1 state
STATUS_ BIT_FLEX_IN_OUT_SIGNAL1 M13,1771291808.141897,0x18FF00F7,1,3 state
STATUS_ BIT_FLEX_IN_OUT_SIGNAL2 M13,1771291808.141897,0x18FF00F7,1,3 state
ERROR CODE  M13,1771291808.141897,0x18FF00F7,1,0 state
ACT_DCBUSVOLTAGE M13,1771291808.141897,0x18FF00F7,1,1.25 V
ACT_DCBUSPOWER M13,1771291808.141897,0x18FF00F7,1,0.00 kw
ACT_DEVICETEMPERATURE M13,1771291808.141897,0x18FF00F7,1,26.00 °C
ACT_INVERTERSTATUS A13,1771291808.146755,0x18FF01F7,1,0 state
ACT_INVERTERREADY A13,1771291808.146755,0x18FF01F7,1,0 state
ACT_ERRORSTATUS A13,1771291808.146755,0x18FF01F7,1,0 state
ACT_SPEED A13,1771291808.146755,0x18FF01F7,1,0.00 rpm
ACT_TORQUE A13,1771291808.146755,0x18FF01F7,1,0.00 Nm
ACT_POWER A13,1771291808.146755,0x18FF01F7,1,0.00 kw
ACT_MOTORTEMPERATURE A13,1771291808.146755,0x18FF01F7,1,27.00 °C
ACT_INVERTERSTATUS B13,1771291808.1518285,0x18FF02F7,1,0 state
ACT_INVERTERREADY B13,1771291808.1518285,0x18FF02F7,1,0 state
ACT_ERRORSTATUS B13,1771291808.1518285,0x18FF02F7,1,0 state
ACT_SPEED B13,1771291808.1518285,0x18FF02F7,1,0.00 rpm
ACT_TORQUE B13,1771291808.1518285,0x18FF02F7,1,0.00 Nm
ACT_POWER B13,1771291808.1518285,0x18FF02F7,1,0.00 kw
ACT_MOTORTEMPERATURE B13,1771291808.1518285,0x18FF02F7,1,28.00 °C
DEVICESTATE M13,1771291808.2416868,0x18FF00F7,1,0 state
ERRORLAMP M13,1771291808.2416868,0x18FF00F7,1,0 state
DEVICENUMBER M13,1771291808.2416868,0x18FF00F7,1,14 state
CLAMP15_STATUS M13,1771291808.2416868,0x18FF00F7,1,1 state
PRECHARGED M13,1771291808.2416868,0x18FF00F7,1,1 state
STATUS_ BIT_FLEX_IN_OUT_SIGNAL1 M13,1771291808.2416868,0x18FF00F7,1,3 state
STATUS_ BIT_FLEX_IN_OUT_SIGNAL2 M13,1771291808.2416868,0x18FF00F7,1,3 state
ERROR CODE  M13,1771291808.2416868,0x18FF00F7,1,0 state
ACT_DCBUSVOLTAGE M13,1771291808.2416868,0x18FF00F7,1,1.25 V
ACT_DCBUSPOWER M13,1771291808.2416868,0x18FF00F7,1,0.00 kw
ACT_DEVICETEMPERATURE M13,1771291808.2416868,0x18FF00F7,1,26.00 °C
ACT_INVERTERSTATUS A13,1771291808.2468433,0x18FF01F7,1,0 state
ACT_INVERTERREADY A13,1771291808.2468433,0x18FF01F7,1,0 state
ACT_ERRORSTATUS A13,1771291808.2468433,0x18FF01F7,1,0 state
ACT_SPEED A13,1771291808.2468433,0x18FF01F7,1,0.00 rpm
ACT_TORQUE A13,1771291808.2468433,0x18FF01F7,1,0.00 Nm
ACT_POWER A13,1771291808.2468433,0x18FF01F7,1,0.00 kw
ACT_MOTORTEMPERATURE A13,1771291808.2468433,0x18FF01F7,1,27.00 °C
ACT_INVERTERSTATUS B13,1771291808.2517648,0x18FF02F7,1,0 state
ACT_INVERTERREADY B13,1771291808.2517648,0x18FF02F7,1,0 state
ACT_ERRORSTATUS B13,1771291808.2517648,0x18FF02F7,1,0 state
ACT_SPEED B13,1771291808.2517648,0x18FF02F7,1,0.00 rpm
ACT_TORQUE B13,1771291808.2517648,0x18FF02F7,1,0.00 Nm
ACT_POWER B13,1771291808.2517648,0x18FF02F7,1,0.00 kw
ACT_MOTORTEMPERATURE B13,1771291808.2517648,0x18FF02F7,1,28.00 °C
DEVICESTATE M13,1771291808.3420622,0x18FF00F7,1,0 state
ERRORLAMP M13,1771291808.3420622,0x18FF00F7,1,0 state
DEVICENUMBER M13,1771291808.3420622,0x18FF00F7,1,14 state
CLAMP15_STATUS M13,1771291808.3420622,0x18FF00F7,1,1 state
PRECHARGED M13,1771291808.3420622,0x18FF00F7,1,1 state
STATUS_ BIT_FLEX_IN_OUT_SIGNAL1 M13,1771291808.3420622,0x18FF00F7,1,3 state
STATUS_ BIT_FLEX_IN_OUT_SIGNAL2 M13,1771291808.3420622,0x18FF00F7,1,3 state
ERROR CODE  M13,1771291808.3420622,0x18FF00F7,1,0 state
ACT_DCBUSVOLTAGE M13,1771291808.3420622,0x18FF00F7,1,1.25 V
ACT_DCBUSPOWER M13,1771291808.3420622,0x18FF00F7,1,0.00 kw
ACT_DEVICETEMPERATURE M13,1771291808.3420622,0x18FF00F7,1,26.00 °C
ACT_INVERTERSTATUS A13,1771291808.3466177,0x18FF01F7,1,0 state
ACT_INVERTERREADY A13,1771291808.3466177,0x18FF01F7,1,0 state
ACT_ERRORSTATUS A13,1771291808.3466177,0x18FF01F7,1,0 state
ACT_SPEED A13,1771291808.3466177,0x18FF01F7,1,0.00 rpm
ACT_TORQUE A13,1771291808.3466177,0x18FF01F7,1,0.00 Nm
ACT_POWER A13,1771291808.3466177,0x18FF01F7,1,0.00 kw
ACT_MOTORTEMPERATURE A13,1771291808.3466177,0x18FF01F7,1,27.00 °C
ACT_INVERTERSTATUS B13,1771291808.3515482,0x18FF02F7,1,0 state
ACT_INVERTERREADY B13,1771291808.3515482,0x18FF02F7,1,0 state
ACT_ERRORSTATUS B13,1771291808.3515482,0x18FF02F7,1,0 state
ACT_SPEED B13,1771291808.3515482,0x18FF02F7,1,0.00 rpm
ACT_TORQUE B13,1771291808.3515482,0x18FF02F7,1,0.00 Nm
ACT_POWER B13,1771291808.3515482,0x18FF02F7,1,0.00 kw
ACT_MOTORTEMPERATURE B13,1771291808.3515482,0x18FF02F7,1,28.00 °C
DEVICESTATE M13,1771291808.4420514,0x18FF00F7,1,0 state
ERRORLAMP M13,1771291808.4420514,0x18FF00F7,1,0 state
DEVICENUMBER M13,1771291808.4420514,0x18FF00F7,1,14 state
CLAMP15_STATUS M13,1771291808.4420514,0x18FF00F7,1,1 state
PRECHARGED M13,1771291808.4420514,0x18FF00F7,1,1 state
STATUS_ BIT_FLEX_IN_OUT_SIGNAL1 M13,1771291808.4420514,0x18FF00F7,1,3 state
STATUS_ BIT_FLEX_IN_OUT_SIGNAL2 M13,1771291808.4420514,0x18FF00F7,1,3 state
ERROR CODE  M13,1771291808.4420514,0x18FF00F7,1,0 state
ACT_DCBUSVOLTAGE M13,1771291808.4420514,0x18FF00F7,1,1.25 V
ACT_DCBUSPOWER M13,1771291808.4420514,0x18FF00F7,1,0.00 kw
ACT_DEVICETEMPERATURE M13,1771291808.4420514,0x18FF00F7,1,26.00 °C
ACT_INVERTERSTATUS A13,1771291808.4469275,0x18FF01F7,1,0 state
ACT_INVERTERREADY A13,1771291808.4469275,0x18FF01F7,1,0 state
ACT_ERRORSTATUS A13,1771291808.4469275,0x18FF01F7,1,0 state
ACT_SPEED A13,1771291808.4469275,0x18FF01F7,1,0.00 rpm
ACT_TORQUE A13,1771291808.4469275,0x18FF01F7,1,0.00 Nm
ACT_POWER A13,1771291808.4469275,0x18FF01F7,1,0.00 kw
ACT_MOTORTEMPERATURE A13,1771291808.4469275,0x18FF01F7,1,27.00 °C
ACT_INVERTERSTATUS B13,1771291808.4515605,0x18FF02F7,1,0 state
ACT_INVERTERREADY B13,1771291808.4515605,0x18FF02F7,1,0 state
ACT_ERRORSTATUS B13,1771291808.4515605,0x18FF02F7,1,0 state
ACT_SPEED B13,1771291808.4515605,0x18FF02F7,1,0.00 rpm
ACT_TORQUE B13,1771291808.4515605,0x18FF02F7,1,0.00 Nm
ACT_POWER B13,1771291808.4515605,0x18FF02F7,1,0.00 kw
ACT_MOTORTEMPERATURE B13,1771291808.4515605,0x18FF02F7,1,28.00 °C
DEVICESTATE M13,1771291808.5417387,0x18FF00F7,1,0 state
ERRORLAMP M13,1771291808.5417387,0x18FF00F7,1,0 state
DEVICENUMBER M13,1771291808.5417387,0x18FF00F7,1,14 state
CLAMP15_STATUS M13,1771291808.5417387,0x18FF00F7,1,1 state
PRECHARGED M13,1771291808.5417387,0x18FF00F7,1,1 state
STATUS_ BIT_FLEX_IN_OUT_SIGNAL1 M13,1771291808.5417387,0x18FF00F7,1,3 state
STATUS_ BIT_FLEX_IN_OUT_SIGNAL2 M13,1771291808.5417387,0x18FF00F7,1,3 state
ERROR CODE  M13,1771291808.5417387,0x18FF00F7,1,0 state
ACT_DCBUSVOLTAGE M13,1771291808.5417387,0x18FF00F7,1,1.25 V
ACT_DCBUSPOWER M13,1771291808.5417387,0x18FF00F7,1,0.00 kw
ACT_DEVICETEMPERATURE M13,1771291808.5417387,0x18FF00F7,1,26.00 °C
ACT_INVERTERSTATUS A13,1771291808.5468798,0x18FF01F7,1,0 state
ACT_INVERTERREADY A13,1771291808.5468798,0x18FF01F7,1,0 state
ACT_ERRORSTATUS A13,1771291808.5468798,0x18FF01F7,1,0 state
ACT_SPEED A13,1771291808.5468798,0x18FF01F7,1,0.00 rpm
ACT_TORQUE A13,1771291808.5468798,0x18FF01F7,1,0.00 Nm
ACT_POWER A13,1771291808.5468798,0x18FF01F7,1,0.00 kw
ACT_MOTORTEMPERATURE A13,1771291808.5468798,0x18FF01F7,1,27.00 °C
ACT_INVERTERSTATUS B13,1771291808.5518644,0x18FF02F7,1,0 state
ACT_INVERTERREADY B13,1771291808.5518644,0x18FF02F7,1,0 state
ACT_ERRORSTATUS B13,1771291808.5518644,0x18FF02F7,1,0 state
ACT_SPEED B13,1771291808.5518644,0x18FF02F7,1,0.00 rpm
ACT_TORQUE B13,1771291808.5518644,0x18FF02F7,1,0.00 Nm
ACT_POWER B13,1771291808.5518644,0x18FF02F7,1,0.00 kw
ACT_MOTORTEMPERATURE B13,1771291808.5518644,0x18FF02F7,1,28.00 °C
DEVICESTATE M13,1771291808.6421304,0x18FF00F7,1,0 state
ERRORLAMP M13,1771291808.6421304,0x18FF00F7,1,0 state
DEVICENUMBER M13,1771291808.6421304,0x18FF00F7,1,14 state
CLAMP15_STATUS M13,1771291808.6421304,0x18FF00F7,1,1 state
PRECHARGED M13,1771291808.6421304,0x18FF00F7,1,1 state
STATUS_ BIT_FLEX_IN_OUT_SIGNAL1 M13,1771291808.6421304,0x18FF00F7,1,3 state
STATUS_ BIT_FLEX_IN_OUT_SIGNAL2 M13,1771291808.6421304,0x18FF00F7,1,3 state
ERROR CODE  M13,1771291808.6421304,0x18FF00F7,1,0 state
ACT_DCBUSVOLTAGE M13,1771291808.6421304,0x18FF00F7,1,1.25 V
ACT_DCBUSPOWER M13,1771291808.6421304,0x18FF00F7,1,0.00 kw
ACT_DEVICETEMPERATURE M13,1771291808.6421304,0x18FF00F7,1,26.00 °C
ACT_INVERTERSTATUS A13,1771291808.64702,0x18FF01F7,1,0 state
ACT_INVERTERREADY A13,1771291808.64702,0x18FF01F7,1,0 state
ACT_ERRORSTATUS A13,1771291808.64702,0x18FF01F7,1,0 state
ACT_SPEED A13,1771291808.64702,0x18FF01F7,1,0.00 rpm
ACT_TORQUE A13,1771291808.64702,0x18FF01F7,1,0.00 Nm
ACT_POWER A13,1771291808.64702,0x18FF01F7,1,0.00 kw
ACT_MOTORTEMPERATURE A13,1771291808.64702,0x18FF01F7,1,27.00 °C
ACT_INVERTERSTATUS B13,1771291808.651657,0x18FF02F7,1,0 state
ACT_INVERTERREADY B13,1771291808.651657,0x18FF02F7,1,0 state
ACT_ERRORSTATUS B13,1771291808.651657,0x18FF02F7,1,0 state
ACT_SPEED B13,1771291808.651657,0x18FF02F7,1,0.00 rpm
ACT_TORQUE B13,1771291808.651657,0x18FF02F7,1,0.00 Nm
ACT_POWER B13,1771291808.651657,0x18FF02F7,1,0.00 kw
ACT_MOTORTEMPERATURE B13,1771291808.651657,0x18FF02F7,1,28.00 °C
DEVICESTATE M13,1771291808.7420666,0x18FF00F7,1,0 state
ERRORLAMP M13,1771291808.7420666,0x18FF00F7,1,0 state
DEVICENUMBER M13,1771291808.7420666,0x18FF00F7,1,14 state
CLAMP15_STATUS M13,1771291808.7420666,0x18FF00F7,1,1 state
PRECHARGED M13,1771291808.7420666,0x18FF00F7,1,1 state
STATUS_ BIT_FLEX_IN_OUT_SIGNAL1 M13,1771291808.7420666,0x18FF00F7,1,3 state
STATUS_ BIT_FLEX_IN_OUT_SIGNAL2 M13,1771291808.7420666,0x18FF00F7,1,3 state
ERROR CODE  M13,1771291808.7420666,0x18FF00F7,1,0 state
ACT_DCBUSVOLTAGE M13,1771291808.7420666,0x18FF00F7,1,1.25 V
ACT_DCBUSPOWER M13,1771291808.7420666,0x18FF00F7,1,0.00 kw
ACT_DEVICETEMPERATURE M13,1771291808.7420666,0x18FF00F7,1,26.00 °C
ACT_INVERTERSTATUS A13,1771291808.7466896,0x18FF01F7,1,0 state
ACT_INVERTERREADY A13,1771291808.7466896,0x18FF01F7,1,0 state
ACT_ERRORSTATUS A13,1771291808.7466896,0x18FF01F7,1,0 state
ACT_SPEED A13,1771291808.7466896,0x18FF01F7,1,0.00 rpm
ACT_TORQUE A13,1771291808.7466896,0x18FF01F7,1,0.00 Nm
ACT_POWER A13,1771291808.7466896,0x18FF01F7,1,0.00 kw
ACT_MOTORTEMPERATURE A13,1771291808.7466896,0x18FF01F7,1,27.00 °C
ACT_INVERTERSTATUS B13,1771291808.7516181,0x18FF02F7,1,0 state
ACT_INVERTERREADY B13,1771291808.7516181,0x18FF02F7,1,0 state
ACT_ERRORSTATUS B13,1771291808.7516181,0x18FF02F7,1,0 state
ACT_SPEED B13,1771291808.7516181,0x18FF02F7,1,0.00 rpm
ACT_TORQUE B13,1771291808.7516181,0x18FF02F7,1,0.00 Nm
ACT_POWER B13,1771291808.7516181,0x18FF02F7,1,0.00 kw
ACT_MOTORTEMPERATURE B13,1771291808.7516181,0x18FF02F7,1,28.00 °C
DEVICESTATE M13,1771291808.8419461,0x18FF00F7,1,0 state
ERRORLAMP M13,1771291808.8419461,0x18FF00F7,1,0 state
DEVICENUMBER M13,1771291808.8419461,0x18FF00F7,1,14 state
CLAMP15_STATUS M13,1771291808.8419461,0x18FF00F7,1,1 state
PRECHARGED M13,1771291808.8419461,0x18FF00F7,1,1 state
STATUS_ BIT_FLEX_IN_OUT_SIGNAL1 M13,1771291808.8419461,0x18FF00F7,1,3 state
STATUS_ BIT_FLEX_IN_OUT_SIGNAL2 M13,1771291808.8419461,0x18FF00F7,1,3 state
ERROR CODE  M13,1771291808.8419461,0x18FF00F7,1,0 state
ACT_DCBUSVOLTAGE M13,1771291808.8419461,0x18FF00F7,1,1.25 V
ACT_DCBUSPOWER M13,1771291808.8419461,0x18FF00F7,1,0.00 kw
ACT_DEVICETEMPERATURE M13,1771291808.8419461,0x18FF00F7,1,26.00 °C
ACT_INVERTERSTATUS A13,1771291808.847062,0x18FF01F7,1,0 state
ACT_INVERTERREADY A13,1771291808.847062,0x18FF01F7,1,0 state
ACT_ERRORSTATUS A13,1771291808.847062,0x18FF01F7,1,0 state
ACT_SPEED A13,1771291808.847062,0x18FF01F7,1,0.00 rpm
ACT_TORQUE A13,1771291808.847062,0x18FF01F7,1,0.00 Nm
ACT_POWER A13,1771291808.847062,0x18FF01F7,1,0.00 kw
ACT_MOTORTEMPERATURE A13,1771291808.847062,0x18FF01F7,1,27.00 °C
ACT_INVERTERSTATUS B13,1771291808.8515677,0x18FF02F7,1,0 state
ACT_INVERTERREADY B13,1771291808.8515677,0x18FF02F7,1,0 state
ACT_ERRORSTATUS B13,1771291808.8515677,0x18FF02F7,1,0 state
ACT_SPEED B13,1771291808.8515677,0x18FF02F7,1,0.00 rpm
ACT_TORQUE B13,1771291808.8515677,0x18FF02F7,1,0.00 Nm
ACT_POWER B13,1771291808.8515677,0x18FF02F7,1,0.00 kw
ACT_MOTORTEMPERATURE B13,1771291808.8515677,0x18FF02F7,1,28.00 °C
DEVICESTATE M13,1771291808.941712,0x18FF00F7,1,0 state
ERRORLAMP M13,1771291808.941712,0x18FF00F7,1,0 state
DEVICENUMBER M13,1771291808.941712,0x18FF00F7,1,14 state
CLAMP15_STATUS M13,1771291808.941712,0x18FF00F7,1,1 state
PRECHARGED M13,1771291808.941712,0x18FF00F7,1,1 state
STATUS_ BIT_FLEX_IN_OUT_SIGNAL1 M13,1771291808.941712,0x18FF00F7,1,3 state
STATUS_ BIT_FLEX_IN_OUT_SIGNAL2 M13,1771291808.941712,0x18FF00F7,1,3 state
ERROR CODE  M13,1771291808.941712,0x18FF00F7,1,0 state
ACT_DCBUSVOLTAGE M13,1771291808.941712,0x18FF00F7,1,1.25 V
ACT_DCBUSPOWER M13,1771291808.941712,0x18FF00F7,1,0.00 kw
ACT_DEVICETEMPERATURE M13,1771291808.941712,0x18FF00F7,1,26.00 °C
ACT_INVERTERSTATUS A13,1771291808.946637,0x18FF01F7,1,0 state
ACT_INVERTERREADY A13,1771291808.946637,0x18FF01F7,1,0 state
ACT_ERRORSTATUS A13,1771291808.946637,0x18FF01F7,1,0 state
ACT_SPEED A13,1771291808.946637,0x18FF01F7,1,0.00 rpm
ACT_TORQUE A13,1771291808.946637,0x18FF01F7,1,0.00 Nm
ACT_POWER A13,1771291808.946637,0x18FF01F7,1,0.00 kw
ACT_MOTORTEMPERATURE A13,1771291808.946637,0x18FF01F7,1,27.00 °C
ACT_INVERTERSTATUS B13,1771291808.9515686,0x18FF02F7,1,0 state
ACT_INVERTERREADY B13,1771291808.9515686,0x18FF02F7,1,0 state
ACT_ERRORSTATUS B13,1771291808.9515686,0x18FF02F7,1,0 state
ACT_SPEED B13,1771291808.9515686,0x18FF02F7,1,0.00 rpm
ACT_TORQUE B13,1771291808.9515686,0x18FF02F7,1,0.00 Nm
ACT_POWER B13,1771291808.9515686,0x18FF02F7,1,0.00 kw
ACT_MOTORTEMPERATURE B13,1771291808.9515686,0x18FF02F7,1,28.00 °C
DEVICESTATE M13,1771291809.0420697,0x18FF00F7,1,0 state
ERRORLAMP M13,1771291809.0420697,0x18FF00F7,1,0 state
DEVICENUMBER M13,1771291809.0420697,0x18FF00F7,1,14 state
CLAMP15_STATUS M13,1771291809.0420697,0x18FF00F7,1,1 state
PRECHARGED M13,1771291809.0420697,0x18FF00F7,1,1 state
STATUS_ BIT_FLEX_IN_OUT_SIGNAL1 M13,1771291809.0420697,0x18FF00F7,1,3 state
STATUS_ BIT_FLEX_IN_OUT_SIGNAL2 M13,1771291809.0420697,0x18FF00F7,1,3 state
ERROR CODE  M13,1771291809.0420697,0x18FF00F7,1,0 state
ACT_DCBUSVOLTAGE M13,1771291809.0420697,0x18FF00F7,1,1.25 V
ACT_DCBUSPOWER M13,1771291809.0420697,0x18FF00F7,1,0.00 kw
ACT_DEVICETEMPERATURE M13,1771291809.0420697,0x18FF00F7,1,26.00 °C
ACT_INVERTERSTATUS A13,1771291809.0469627,0x18FF01F7,1,0 state
ACT_INVERTERREADY A13,1771291809.0469627,0x18FF01F7,1,0 state
ACT_ERRORSTATUS A13,1771291809.0469627,0x18FF01F7,1,0 state
ACT_SPEED A13,1771291809.0469627,0x18FF01F7,1,0.00 rpm
ACT_TORQUE A13,1771291809.0469627,0x18FF01F7,1,0.00 Nm
ACT_POWER A13,1771291809.0469627,0x18FF01F7,1,0.00 kw
ACT_MOTORTEMPERATURE A13,1771291809.0469627,0x18FF01F7,1,27.00 °C
ACT_INVERTERSTATUS B13,1771291809.0519054,0x18FF02F7,1,0 state
ACT_INVERTERREADY B13,1771291809.0519054,0x18FF02F7,1,0 state
ACT_ERRORSTATUS B13,1771291809.0519054,0x18FF02F7,1,0 state
ACT_SPEED B13,1771291809.0519054,0x18FF02F7,1,0.00 rpm
ACT_TORQUE B13,1771291809.0519054,0x18FF02F7,1,0.00 Nm
ACT_POWER B13,1771291809.0519054,0x18FF02F7,1,0.00 kw
ACT_MOTORTEMPERATURE B13,1771291809.0519054,0x18FF02F7,1,28.00 °C
DEVICESTATE M13,1771291809.1418421,0x18FF00F7,1,0 state
ERRORLAMP M13,1771291809.1418421,0x18FF00F7,1,0 state
DEVICENUMBER M13,1771291809.1418421,0x18FF00F7,1,14 state
CLAMP15_STATUS M13,1771291809.1418421,0x18FF00F7,1,1 state
PRECHARGED M13,1771291809.1418421,0x18FF00F7,1,1 state
STATUS_ BIT_FLEX_IN_OUT_SIGNAL1 M13,1771291809.1418421,0x18FF00F7,1,3 state
STATUS_ BIT_FLEX_IN_OUT_SIGNAL2 M13,1771291809.1418421,0x18FF00F7,1,3 state
ERROR CODE  M13,1771291809.1418421,0x18FF00F7,1,0 state
ACT_DCBUSVOLTAGE M13,1771291809.1418421,0x18FF00F7,1,1.25 V
ACT_DCBUSPOWER M13,1771291809.1418421,0x18FF00F7,1,0.00 kw
ACT_DEVICETEMPERATURE M13,1771291809.1418421,0x18FF00F7,1,26.00 °C
ACT_INVERTERSTATUS A13,1771291809.1471868,0x18FF01F7,1,0 state
ACT_INVERTERREADY A13,1771291809.1471868,0x18FF01F7,1,0 state
ACT_ERRORSTATUS A13,1771291809.1471868,0x18FF01F7,1,0 state
ACT_SPEED A13,1771291809.1471868,0x18FF01F7,1,0.00 rpm
ACT_TORQUE A13,1771291809.1471868,0x18FF01F7,1,0.00 Nm
ACT_POWER A13,1771291809.1471868,0x18FF01F7,1,0.00 kw
ACT_MOTORTEMPERATURE A13,1771291809.1471868,0x18FF01F7,1,27.00 °C
ACT_INVERTERSTATUS B13,1771291809.1518,0x18FF02F7,1,0 state
ACT_INVERTERREADY B13,1771291809.1518,0x18FF02F7,1,0 state
ACT_ERRORSTATUS B13,1771291809.1518,0x18FF02F7,1,0 state
ACT_SPEED B13,1771291809.1518,0x18FF02F7,1,0.00 rpm
ACT_TORQUE B13,1771291809.1518,0x18FF02F7,1,0.00 Nm
ACT_POWER B13,1771291809.1518,0x18FF02F7,1,0.00 kw
ACT_MOTORTEMPERATURE B13,1771291809.1518,0x18FF02F7,1,28.00 °C
DEVICESTATE M13,1771291809.2416918,0x18FF00F7,1,0 state
ERRORLAMP M13,1771291809.2416918,0x18FF00F7,1,0 state
DEVICENUMBER M13,1771291809.2416918,0x18FF00F7,1,14 state
CLAMP15_STATUS M13,1771291809.2416918,0x18FF00F7,1,1 state
PRECHARGED M13,1771291809.2416918,0x18FF00F7,1,1 state
STATUS_ BIT_FLEX_IN_OUT_SIGNAL1 M13,1771291809.2416918,0x18FF00F7,1,3 state
STATUS_ BIT_FLEX_IN_OUT_SIGNAL2 M13,1771291809.2416918,0x18FF00F7,1,3 state
ERROR CODE  M13,1771291809.2416918,0x18FF00F7,1,0 state
ACT_DCBUSVOLTAGE M13,1771291809.2416918,0x18FF00F7,1,1.25 V
ACT_DCBUSPOWER M13,1771291809.2416918,0x18FF00F7,1,0.00 kw
ACT_DEVICETEMPERATURE M13,1771291809.2416918,0x18FF00F7,1,26.00 °C
ACT_INVERTERSTATUS A13,1771291809.2468855,0x18FF01F7,1,0 state
ACT_INVERTERREADY A13,1771291809.2468855,0x18FF01F7,1,0 state
ACT_ERRORSTATUS A13,1771291809.2468855,0x18FF01F7,1,0 state
ACT_SPEED A13,1771291809.2468855,0x18FF01F7,1,0.00 rpm
ACT_TORQUE A13,1771291809.2468855,0x18FF01F7,1,0.00 Nm
ACT_POWER A13,1771291809.2468855,0x18FF01F7,1,0.00 kw
ACT_MOTORTEMPERATURE A13,1771291809.2468855,0x18FF01F7,1,27.00 °C
ACT_INVERTERSTATUS B13,1771291809.2522366,0x18FF02F7,1,0 state
ACT_INVERTERREADY B13,1771291809.2522366,0x18FF02F7,1,0 state
ACT_ERRORSTATUS B13,1771291809.2522366,0x18FF02F7,1,0 state
ACT_SPEED B13,1771291809.2522366,0x18FF02F7,1,0.00 rpm
ACT_TORQUE B13,1771291809.2522366,0x18FF02F7,1,0.00 Nm
ACT_POWER B13,1771291809.2522366,0x18FF02F7,1,0.00 kw
ACT_MOTORTEMPERATURE B13,1771291809.2522366,0x18FF02F7,1,28.00 °C
DEVICESTATE M13,1771291809.3417823,0x18FF00F7,1,0 state
ERRORLAMP M13,1771291809.3417823,0x18FF00F7,1,0 state
DEVICENUMBER M13,1771291809.3417823,0x18FF00F7,1,14 state
CLAMP15_STATUS M13,1771291809.3417823,0x18FF00F7,1,1 state
PRECHARGED M13,1771291809.3417823,0x18FF00F7,1,1 state
STATUS_ BIT_FLEX_IN_OUT_SIGNAL1 M13,1771291809.3417823,0x18FF00F7,1,3 state
STATUS_ BIT_FLEX_IN_OUT_SIGNAL2 M13,1771291809.3417823,0x18FF00F7,1,3 state
ERROR CODE  M13,1771291809.3417823,0x18FF00F7,1,0 state
ACT_DCBUSVOLTAGE M13,1771291809.3417823,0x18FF00F7,1,1.25 V
ACT_DCBUSPOWER M13,1771291809.3417823,0x18FF00F7,1,0.00 kw
ACT_DEVICETEMPERATURE M13,1771291809.3417823,0x18FF00F7,1,26.00 °C
ACT_INVERTERSTATUS A13,1771291809.3467057,0x18FF01F7,1,0 state
ACT_INVERTERREADY A13,1771291809.3467057,0x18FF01F7,1,0 state
ACT_ERRORSTATUS A13,1771291809.3467057,0x18FF01F7,1,0 state
ACT_SPEED A13,1771291809.3467057,0x18FF01F7,1,0.00 rpm
ACT_TORQUE A13,1771291809.3467057,0x18FF01F7,1,0.00 Nm
ACT_POWER A13,1771291809.3467057,0x18FF01F7,1,0.00 kw
ACT_MOTORTEMPERATURE A13,1771291809.3467057,0x18FF01F7,1,27.00 °C
ACT_INVERTERSTATUS B13,1771291809.3517945,0x18FF02F7,1,0 state
ACT_INVERTERREADY B13,1771291809.3517945,0x18FF02F7,1,0 state
ACT_ERRORSTATUS B13,1771291809.3517945,0x18FF02F7,1,0 state
ACT_SPEED B13,1771291809.3517945,0x18FF02F7,1,0.00 rpm
ACT_TORQUE B13,1771291809.3517945,0x18FF02F7,1,0.00 Nm
ACT_POWER B13,1771291809.3517945,0x18FF02F7,1,0.00 kw
ACT_MOTORTEMPERATURE B13,1771291809.3517945,0x18FF02F7,1,28.00 °C
DEVICESTATE M13,1771291809.4417531,0x18FF00F7,1,0 state
ERRORLAMP M13,1771291809.4417531,0x18FF00F7,1,0 state
DEVICENUMBER M13,1771291809.4417531,0x18FF00F7,1,14 state
CLAMP15_STATUS M13,1771291809.4417531,0x18FF00F7,1,1 state
PRECHARGED M13,1771291809.4417531,0x18FF00F7,1,1 state
STATUS_ BIT_FLEX_IN_OUT_SIGNAL1 M13,1771291809.4417531,0x18FF00F7,1,3 state
STATUS_ BIT_FLEX_IN_OUT_SIGNAL2 M13,1771291809.4417531,0x18FF00F7,1,3 state
ERROR CODE  M13,1771291809.4417531,0x18FF00F7,1,0 state
ACT_DCBUSVOLTAGE M13,1771291809.4417531,0x18FF00F7,1,1.25 V
ACT_DCBUSPOWER M13,1771291809.4417531,0x18FF00F7,1,0.00 kw
ACT_DEVICETEMPERATURE M13,1771291809.4417531,0x18FF00F7,1,26.00 °C
ACT_INVERTERSTATUS A13,1771291809.4467292,0x18FF01F7,1,0 state
ACT_INVERTERREADY A13,1771291809.4467292,0x18FF01F7,1,0 state
ACT_ERRORSTATUS A13,1771291809.4467292,0x18FF01F7,1,0 state
ACT_SPEED A13,1771291809.4467292,0x18FF01F7,1,0.00 rpm
ACT_TORQUE A13,1771291809.4467292,0x18FF01F7,1,0.00 Nm
ACT_POWER A13,1771291809.4467292,0x18FF01F7,1,0.00 kw
ACT_MOTORTEMPERATURE A13,1771291809.4467292,0x18FF01F7,1,27.00 °C
ACT_INVERTERSTATUS B13,1771291809.4517565,0x18FF02F7,1,0 state
ACT_INVERTERREADY B13,1771291809.4517565,0x18FF02F7,1,0 state
ACT_ERRORSTATUS B13,1771291809.4517565,0x18FF02F7,1,0 state
ACT_SPEED B13,1771291809.4517565,0x18FF02F7,1,0.00 rpm
ACT_TORQUE B13,1771291809.4517565,0x18FF02F7,1,0.00 Nm
ACT_POWER B13,1771291809.4517565,0x18FF02F7,1,0.00 kw
ACT_MOTORTEMPERATURE B13,1771291809.4517565,0x18FF02F7,1,28.00 °C
DEVICESTATE M13,1771291809.541677,0x18FF00F7,1,0 state
ERRORLAMP M13,1771291809.541677,0x18FF00F7,1,0 state
DEVICENUMBER M13,1771291809.541677,0x18FF00F7,1,14 state
CLAMP15_STATUS M13,1771291809.541677,0x18FF00F7,1,1 state
PRECHARGED M13,1771291809.541677,0x18FF00F7,1,1 state
STATUS_ BIT_FLEX_IN_OUT_SIGNAL1 M13,1771291809.541677,0x18FF00F7,1,3 state
STATUS_ BIT_FLEX_IN_OUT_SIGNAL2 M13,1771291809.541677,0x18FF00F7,1,3 state
ERROR CODE  M13,1771291809.541677,0x18FF00F7,1,0 state
ACT_DCBUSVOLTAGE M13,1771291809.541677,0x18FF00F7,1,1.25 V
ACT_DCBUSPOWER M13,1771291809.541677,0x18FF00F7,1,0.00 kw
ACT_DEVICETEMPERATURE M13,1771291809.541677,0x18FF00F7,1,26.00 °C
ACT_INVERTERSTATUS A13,1771291809.546734,0x18FF01F7,1,0 state
ACT_INVERTERREADY A13,1771291809.546734,0x18FF01F7,1,0 state
ACT_ERRORSTATUS A13,1771291809.546734,0x18FF01F7,1,0 state
ACT_SPEED A13,1771291809.546734,0x18FF01F7,1,0.00 rpm
ACT_TORQUE A13,1771291809.546734,0x18FF01F7,1,0.00 Nm
ACT_POWER A13,1771291809.546734,0x18FF01F7,1,0.00 kw
ACT_MOTORTEMPERATURE A13,1771291809.546734,0x18FF01F7,1,27.00 °C
ACT_INVERTERSTATUS B13,1771291809.5519757,0x18FF02F7,1,0 state
ACT_INVERTERREADY B13,1771291809.5519757,0x18FF02F7,1,0 state
ACT_ERRORSTATUS B13,1771291809.5519757,0x18FF02F7,1,0 state
ACT_SPEED B13,1771291809.5519757,0x18FF02F7,1,0.00 rpm
ACT_TORQUE B13,1771291809.5519757,0x18FF02F7,1,0.00 Nm
ACT_POWER B13,1771291809.5519757,0x18FF02F7,1,0.00 kw
ACT_MOTORTEMPERATURE B13,1771291809.5519757,0x18FF02F7,1,28.00 °C
DEVICESTATE M13,1771291809.6416981,0x18FF00F7,1,0 state
ERRORLAMP M13,1771291809.6416981,0x18FF00F7,1,0 state
DEVICENUMBER M13,1771291809.6416981,0x18FF00F7,1,14 state
CLAMP15_STATUS M13,1771291809.6416981,0x18FF00F7,1,1 state
PRECHARGED M13,1771291809.6416981,0x18FF00F7,1,1 state
STATUS_ BIT_FLEX_IN_OUT_SIGNAL1 M13,1771291809.6416981,0x18FF00F7,1,3 state
STATUS_ BIT_FLEX_IN_OUT_SIGNAL2 M13,1771291809.6416981,0x18FF00F7,1,3 state
ERROR CODE  M13,1771291809.6416981,0x18FF00F7,1,0 state
ACT_DCBUSVOLTAGE M13,1771291809.6416981,0x18FF00F7,1,1.25 V
ACT_DCBUSPOWER M13,1771291809.6416981,0x18FF00F7,1,0.00 kw
ACT_DEVICETEMPERATURE M13,1771291809.6416981,0x18FF00F7,1,26.00 °C
ACT_INVERTERSTATUS A13,1771291809.6467545,0x18FF01F7,1,0 state
ACT_INVERTERREADY A13,1771291809.6467545,0x18FF01F7,1,0 state
ACT_ERRORSTATUS A13,1771291809.6467545,0x18FF01F7,1,0 state
ACT_SPEED A13,1771291809.6467545,0x18FF01F7,1,0.00 rpm
ACT_TORQUE A13,1771291809.6467545,0x18FF01F7,1,0.00 Nm
ACT_POWER A13,1771291809.6467545,0x18FF01F7,1,0.00 kw
ACT_MOTORTEMPERATURE A13,1771291809.6467545,0x18FF01F7,1,27.00 °C
ACT_INVERTERSTATUS B13,1771291809.6516902,0x18FF02F7,1,0 state
ACT_INVERTERREADY B13,1771291809.6516902,0x18FF02F7,1,0 state
ACT_ERRORSTATUS B13,1771291809.6516902,0x18FF02F7,1,0 state
ACT_SPEED B13,1771291809.6516902,0x18FF02F7,1,0.00 rpm
ACT_TORQUE B13,1771291809.6516902,0x18FF02F7,1,0.00 Nm
ACT_POWER B13,1771291809.6516902,0x18FF02F7,1,0.00 kw
ACT_MOTORTEMPERATURE B13,1771291809.6516902,0x18FF02F7,1,28.00 °C
DEVICESTATE M13,1771291809.7417471,0x18FF00F7,1,0 state
ERRORLAMP M13,1771291809.7417471,0x18FF00F7,1,0 state
DEVICENUMBER M13,1771291809.7417471,0x18FF00F7,1,14 state
CLAMP15_STATUS M13,1771291809.7417471,0x18FF00F7,1,1 state
PRECHARGED M13,1771291809.7417471,0x18FF00F7,1,1 state
STATUS_ BIT_FLEX_IN_OUT_SIGNAL1 M13,1771291809.7417471,0x18FF00F7,1,3 state
STATUS_ BIT_FLEX_IN_OUT_SIGNAL2 M13,1771291809.7417471,0x18FF00F7,1,3 state
ERROR CODE  M13,1771291809.7417471,0x18FF00F7,1,0 state
ACT_DCBUSVOLTAGE M13,1771291809.7417471,0x18FF00F7,1,1.25 V
ACT_DCBUSPOWER M13,1771291809.7417471,0x18FF00F7,1,0.00 kw
ACT_DEVICETEMPERATURE M13,1771291809.7417471,0x18FF00F7,1,26.00 °C
ACT_INVERTERSTATUS A13,1771291809.7468715,0x18FF01F7,1,0 state
ACT_INVERTERREADY A13,1771291809.7468715,0x18FF01F7,1,0 state
ACT_ERRORSTATUS A13,1771291809.7468715,0x18FF01F7,1,0 state
ACT_SPEED A13,1771291809.7468715,0x18FF01F7,1,0.00 rpm
ACT_TORQUE A13,1771291809.7468715,0x18FF01F7,1,0.00 Nm
ACT_POWER A13,1771291809.7468715,0x18FF01F7,1,0.00 kw
ACT_MOTORTEMPERATURE A13,1771291809.7468715,0x18FF01F7,1,27.00 °C
ACT_INVERTERSTATUS B13,1771291809.751824,0x18FF02F7,1,0 state
ACT_INVERTERREADY B13,1771291809.751824,0x18FF02F7,1,0 state
ACT_ERRORSTATUS B13,1771291809.751824,0x18FF02F7,1,0 state
ACT_SPEED B13,1771291809.751824,0x18FF02F7,1,0.00 rpm
ACT_TORQUE B13,1771291809.751824,0x18FF02F7,1,0.00 Nm
ACT_POWER B13,1771291809.751824,0x18FF02F7,1,0.00 kw
ACT_MOTORTEMPERATURE B13,1771291809.751824,0x18FF02F7,1,28.00 °C
DEVICESTATE M13,1771291809.8419101,0x18FF00F7,1,0 state
ERRORLAMP M13,1771291809.8419101,0x18FF00F7,1,0 state
DEVICENUMBER M13,1771291809.8419101,0x18FF00F7,1,14 state
CLAMP15_STATUS M13,1771291809.8419101,0x18FF00F7,1,1 state
PRECHARGED M13,1771291809.8419101,0x18FF00F7,1,1 state
STATUS_ BIT_FLEX_IN_OUT_SIGNAL1 M13,1771291809.8419101,0x18FF00F7,1,3 state
STATUS_ BIT_FLEX_IN_OUT_SIGNAL2 M13,1771291809.8419101,0x18FF00F7,1,3 state
ERROR CODE  M13,1771291809.8419101,0x18FF00F7,1,0 state
ACT_DCBUSVOLTAGE M13,1771291809.8419101,0x18FF00F7,1,1.25 V
ACT_DCBUSPOWER M13,1771291809.8419101,0x18FF00F7,1,0.00 kw
ACT_DEVICETEMPERATURE M13,1771291809.8419101,0x18FF00F7,1,26.00 °C
ACT_INVERTERSTATUS A13,1771291809.8469865,0x18FF01F7,1,0 state
ACT_INVERTERREADY A13,1771291809.8469865,0x18FF01F7,1,0 state
ACT_ERRORSTATUS A13,1771291809.8469865,0x18FF01F7,1,0 state
ACT_SPEED A13,1771291809.8469865,0x18FF01F7,1,0.00 rpm
ACT_TORQUE A13,1771291809.8469865,0x18FF01F7,1,0.00 Nm
ACT_POWER A13,1771291809.8469865,0x18FF01F7,1,0.00 kw
ACT_MOTORTEMPERATURE A13,1771291809.8469865,0x18FF01F7,1,27.00 °C
ACT_INVERTERSTATUS B13,1771291809.8519895,0x18FF02F7,1,0 state
ACT_INVERTERREADY B13,1771291809.8519895,0x18FF02F7,1,0 state
ACT_ERRORSTATUS B13,1771291809.8519895,0x18FF02F7,1,0 state
ACT_SPEED B13,1771291809.8519895,0x18FF02F7,1,0.00 rpm
ACT_TORQUE B13,1771291809.8519895,0x18FF02F7,1,0.00 Nm
ACT_POWER B13,1771291809.8519895,0x18FF02F7,1,0.00 kw
ACT_MOTORTEMPERATURE B13,1771291809.8519895,0x18FF02F7,1,28.00 °C
DEVICESTATE M13,1771291809.941874,0x18FF00F7,1,0 state
ERRORLAMP M13,1771291809.941874,0x18FF00F7,1,0 state
DEVICENUMBER M13,1771291809.941874,0x18FF00F7,1,14 state
CLAMP15_STATUS M13,1771291809.941874,0x18FF00F7,1,1 state
PRECHARGED M13,1771291809.941874,0x18FF00F7,1,1 state
STATUS_ BIT_FLEX_IN_OUT_SIGNAL1 M13,1771291809.941874,0x18FF00F7,1,3 state
STATUS_ BIT_FLEX_IN_OUT_SIGNAL2 M13,1771291809.941874,0x18FF00F7,1,3 state
ERROR CODE  M13,1771291809.941874,0x18FF00F7,1,0 state
ACT_DCBUSVOLTAGE M13,1771291809.941874,0x18FF00F7,1,1.25 V
ACT_DCBUSPOWER M13,1771291809.941874,0x18FF00F7,1,0.00 kw
ACT_DEVICETEMPERATURE M13,1771291809.941874,0x18FF00F7,1,26.00 °C
ACT_INVERTERSTATUS A13,1771291809.946702,0x18FF01F7,1,0 state
ACT_INVERTERREADY A13,1771291809.946702,0x18FF01F7,1,0 state
ACT_ERRORSTATUS A13,1771291809.946702,0x18FF01F7,1,0 state
ACT_SPEED A13,1771291809.946702,0x18FF01F7,1,0.00 rpm
ACT_TORQUE A13,1771291809.946702,0x18FF01F7,1,0.00 Nm
ACT_POWER A13,1771291809.946702,0x18FF01F7,1,0.00 kw
ACT_MOTORTEMPERATURE A13,1771291809.946702,0x18FF01F7,1,27.00 °C
ACT_INVERTERSTATUS B13,1771291809.9517727,0x18FF02F7,1,0 state
ACT_INVERTERREADY B13,1771291809.9517727,0x18FF02F7,1,0 state
ACT_ERRORSTATUS B13,1771291809.9517727,0x18FF02F7,1,0 state
ACT_SPEED B13,1771291809.9517727,0x18FF02F7,1,0.00 rpm
ACT_TORQUE B13,1771291809.9517727,0x18FF02F7,1,0.00 Nm
ACT_POWER B13,1771291809.9517727,0x18FF02F7,1,0.00 kw
ACT_MOTORTEMPERATURE B13,1771291809.9517727,0x18FF02F7,1,28.00 °C
DEVICESTATE M13,1771291810.0418148,0x18FF00F7,1,0 state
ERRORLAMP M13,1771291810.0418148,0x18FF00F7,1,0 state
DEVICENUMBER M13,1771291810.0418148,0x18FF00F7,1,14 state
CLAMP15_STATUS M13,1771291810.0418148,0x18FF00F7,1,1 state
PRECHARGED M13,1771291810.0418148,0x18FF00F7,1,1 state
STATUS_ BIT_FLEX_IN_OUT_SIGNAL1 M13,1771291810.0418148,0x18FF00F7,1,3 state
STATUS_ BIT_FLEX_IN_OUT_SIGNAL2 M13,1771291810.0418148,0x18FF00F7,1,3 state
ERROR CODE  M13,1771291810.0418148,0x18FF00F7,1,0 state
ACT_DCBUSVOLTAGE M13,1771291810.0418148,0x18FF00F7,1,1.25 V
ACT_DCBUSPOWER M13,1771291810.0418148,0x18FF00F7,1,0.00 kw
ACT_DEVICETEMPERATURE M13,1771291810.0418148,0x18FF00F7,1,26.00 °C
ACT_INVERTERSTATUS A13,1771291810.047006,0x18FF01F7,1,0 state
ACT_INVERTERREADY A13,1771291810.047006,0x18FF01F7,1,0 state
ACT_ERRORSTATUS A13,1771291810.047006,0x18FF01F7,1,0 state
ACT_SPEED A13,1771291810.047006,0x18FF01F7,1,0.00 rpm
ACT_TORQUE A13,1771291810.047006,0x18FF01F7,1,0.00 Nm
ACT_POWER A13,1771291810.047006,0x18FF01F7,1,0.00 kw
ACT_MOTORTEMPERATURE A13,1771291810.047006,0x18FF01F7,1,27.00 °C
ACT_INVERTERSTATUS B13,1771291810.0517519,0x18FF02F7,1,0 state
ACT_INVERTERREADY B13,1771291810.0517519,0x18FF02F7,1,0 state
ACT_ERRORSTATUS B13,1771291810.0517519,0x18FF02F7,1,0 state
ACT_SPEED B13,1771291810.0517519,0x18FF02F7,1,0.00 rpm
ACT_TORQUE B13,1771291810.0517519,0x18FF02F7,1,0.00 Nm
ACT_POWER B13,1771291810.0517519,0x18FF02F7,1,0.00 kw
ACT_MOTORTEMPERATURE B13,1771291810.0517519,0x18FF02F7,1,28.00 °C
DEVICESTATE M13,1771291810.1419637,0x18FF00F7,1,0 state
ERRORLAMP M13,1771291810.1419637,0x18FF00F7,1,0 state
DEVICENUMBER M13,1771291810.1419637,0x18FF00F7,1,14 state
CLAMP15_STATUS M13,1771291810.1419637,0x18FF00F7,1,1 state
PRECHARGED M13,1771291810.1419637,0x18FF00F7,1,1 state
STATUS_ BIT_FLEX_IN_OUT_SIGNAL1 M13,1771291810.1419637,0x18FF00F7,1,3 state
STATUS_ BIT_FLEX_IN_OUT_SIGNAL2 M13,1771291810.1419637,0x18FF00F7,1,3 state
ERROR CODE  M13,1771291810.1419637,0x18FF00F7,1,0 state
ACT_DCBUSVOLTAGE M13,1771291810.1419637,0x18FF00F7,1,1.25 V
ACT_DCBUSPOWER M13,1771291810.1419637,0x18FF00F7,1,0.00 kw
ACT_DEVICETEMPERATURE M13,1771291810.1419637,0x18FF00F7,1,26.00 °C
ACT_INVERTERSTATUS A13,1771291810.1468792,0x18FF01F7,1,0 state
ACT_INVERTERREADY A13,1771291810.1468792,0x18FF01F7,1,0 state
ACT_ERRORSTATUS A13,1771291810.1468792,0x18FF01F7,1,0 state
ACT_SPEED A13,1771291810.1468792,0x18FF01F7,1,0.00 rpm
ACT_TORQUE A13,1771291810.1468792,0x18FF01F7,1,0.00 Nm
ACT_POWER A13,1771291810.1468792,0x18FF01F7,1,0.00 kw
ACT_MOTORTEMPERATURE A13,1771291810.1468792,0x18FF01F7,1,27.00 °C
ACT_INVERTERSTATUS B13,1771291810.1516268,0x18FF02F7,1,0 state
ACT_INVERTERREADY B13,1771291810.1516268,0x18FF02F7,1,0 state
ACT_ERRORSTATUS B13,1771291810.1516268,0x18FF02F7,1,0 state
ACT_SPEED B13,1771291810.1516268,0x18FF02F7,1,0.00 rpm
ACT_TORQUE B13,1771291810.1516268,0x18FF02F7,1,0.00 Nm
ACT_POWER B13,1771291810.1516268,0x18FF02F7,1,0.00 kw
ACT_MOTORTEMPERATURE B13,1771291810.1516268,0x18FF02F7,1,28.00 °C
DEVICESTATE M13,1771291810.2418437,0x18FF00F7,1,0 state
ERRORLAMP M13,1771291810.2418437,0x18FF00F7,1,0 state
DEVICENUMBER M13,1771291810.2418437,0x18FF00F7,1,14 state
CLAMP15_STATUS M13,1771291810.2418437,0x18FF00F7,1,1 state
PRECHARGED M13,1771291810.2418437,0x18FF00F7,1,1 state
STATUS_ BIT_FLEX_IN_OUT_SIGNAL1 M13,1771291810.2418437,0x18FF00F7,1,3 state
STATUS_ BIT_FLEX_IN_OUT_SIGNAL2 M13,1771291810.2418437,0x18FF00F7,1,3 state
ERROR CODE  M13,1771291810.2418437,0x18FF00F7,1,0 state
ACT_DCBUSVOLTAGE M13,1771291810.2418437,0x18FF00F7,1,1.25 V
ACT_DCBUSPOWER M13,1771291810.2418437,0x18FF00F7,1,0.00 kw
ACT_DEVICETEMPERATURE M13,1771291810.2418437,0x18FF00F7,1,26.00 °C
ACT_INVERTERSTATUS A13,1771291810.2470129,0x18FF01F7,1,0 state
ACT_INVERTERREADY A13,1771291810.2470129,0x18FF01F7,1,0 state
ACT_ERRORSTATUS A13,1771291810.2470129,0x18FF01F7,1,0 state
ACT_SPEED A13,1771291810.2470129,0x18FF01F7,1,0.00 rpm
ACT_TORQUE A13,1771291810.2470129,0x18FF01F7,1,0.00 Nm
ACT_POWER A13,1771291810.2470129,0x18FF01F7,1,0.00 kw
ACT_MOTORTEMPERATURE A13,1771291810.2470129,0x18FF01F7,1,27.00 °C
ACT_INVERTERSTATUS B13,1771291810.2519796,0x18FF02F7,1,0 state
ACT_INVERTERREADY B13,1771291810.2519796,0x18FF02F7,1,0 state
ACT_ERRORSTATUS B13,1771291810.2519796,0x18FF02F7,1,0 state
ACT_SPEED B13,1771291810.2519796,0x18FF02F7,1,0.00 rpm
ACT_TORQUE B13,1771291810.2519796,0x18FF02F7,1,0.00 Nm
ACT_POWER B13,1771291810.2519796,0x18FF02F7,1,0.00 kw
ACT_MOTORTEMPERATURE B13,1771291810.2519796,0x18FF02F7,1,28.00 °C
DEVICESTATE M13,1771291810.3420022,0x18FF00F7,1,0 state
ERRORLAMP M13,1771291810.3420022,0x18FF00F7,1,0 state
DEVICENUMBER M13,1771291810.3420022,0x18FF00F7,1,14 state
CLAMP15_STATUS M13,1771291810.3420022,0x18FF00F7,1,1 state
PRECHARGED M13,1771291810.3420022,0x18FF00F7,1,1 state
STATUS_ BIT_FLEX_IN_OUT_SIGNAL1 M13,1771291810.3420022,0x18FF00F7,1,3 state
STATUS_ BIT_FLEX_IN_OUT_SIGNAL2 M13,1771291810.3420022,0x18FF00F7,1,3 state
ERROR CODE  M13,1771291810.3420022,0x18FF00F7,1,0 state
ACT_DCBUSVOLTAGE M13,1771291810.3420022,0x18FF00F7,1,1.25 V
ACT_DCBUSPOWER M13,1771291810.3420022,0x18FF00F7,1,0.00 kw
ACT_DEVICETEMPERATURE M13,1771291810.3420022,0x18FF00F7,1,26.00 °C
ACT_INVERTERSTATUS A13,1771291810.3469744,0x18FF01F7,1,0 state
ACT_INVERTERREADY A13,1771291810.3469744,0x18FF01F7,1,0 state
ACT_ERRORSTATUS A13,1771291810.3469744,0x18FF01F7,1,0 state
ACT_SPEED A13,1771291810.3469744,0x18FF01F7,1,0.00 rpm
ACT_TORQUE A13,1771291810.3469744,0x18FF01F7,1,0.00 Nm
ACT_POWER A13,1771291810.3469744,0x18FF01F7,1,0.00 kw
ACT_MOTORTEMPERATURE A13,1771291810.3469744,0x18FF01F7,1,27.00 °C
ACT_INVERTERSTATUS B13,1771291810.3515465,0x18FF02F7,1,0 state
ACT_INVERTERREADY B13,1771291810.3515465,0x18FF02F7,1,0 state
ACT_ERRORSTATUS B13,1771291810.3515465,0x18FF02F7,1,0 state
ACT_SPEED B13,1771291810.3515465,0x18FF02F7,1,0.00 rpm
ACT_TORQUE B13,1771291810.3515465,0x18FF02F7,1,0.00 Nm
ACT_POWER B13,1771291810.3515465,0x18FF02F7,1,0.00 kw
ACT_MOTORTEMPERATURE B13,1771291810.3515465,0x18FF02F7,1,28.00 °C
DEVICESTATE M13,1771291810.4420764,0x18FF00F7,1,0 state
ERRORLAMP M13,1771291810.4420764,0x18FF00F7,1,0 state
DEVICENUMBER M13,1771291810.4420764,0x18FF00F7,1,14 state
CLAMP15_STATUS M13,1771291810.4420764,0x18FF00F7,1,1 state
PRECHARGED M13,1771291810.4420764,0x18FF00F7,1,1 state
STATUS_ BIT_FLEX_IN_OUT_SIGNAL1 M13,1771291810.4420764,0x18FF00F7,1,3 state
STATUS_ BIT_FLEX_IN_OUT_SIGNAL2 M13,1771291810.4420764,0x18FF00F7,1,3 state
ERROR CODE  M13,1771291810.4420764,0x18FF00F7,1,0 state
ACT_DCBUSVOLTAGE M13,1771291810.4420764,0x18FF00F7,1,1.25 V
ACT_DCBUSPOWER M13,1771291810.4420764,0x18FF00F7,1,0.00 kw
ACT_DEVICETEMPERATURE M13,1771291810.4420764,0x18FF00F7,1,26.00 °C
ACT_INVERTERSTATUS A13,1771291810.446724,0x18FF01F7,1,0 state
ACT_INVERTERREADY A13,1771291810.446724,0x18FF01F7,1,0 state
ACT_ERRORSTATUS A13,1771291810.446724,0x18FF01F7,1,0 state
ACT_SPEED A13,1771291810.446724,0x18FF01F7,1,0.00 rpm
ACT_TORQUE A13,1771291810.446724,0x18FF01F7,1,0.00 Nm
ACT_POWER A13,1771291810.446724,0x18FF01F7,1,0.00 kw
ACT_MOTORTEMPERATURE A13,1771291810.446724,0x18FF01F7,1,26.00 °C
ACT_INVERTERSTATUS B13,1771291810.451782,0x18FF02F7,1,0 state
ACT_INVERTERREADY B13,1771291810.451782,0x18FF02F7,1,0 state
ACT_ERRORSTATUS B13,1771291810.451782,0x18FF02F7,1,0 state
ACT_SPEED B13,1771291810.451782,0x18FF02F7,1,0.00 rpm
ACT_TORQUE B13,1771291810.451782,0x18FF02F7,1,0.00 Nm
ACT_POWER B13,1771291810.451782,0x18FF02F7,1,0.00 kw
ACT_MOTORTEMPERATURE B13,1771291810.451782,0x18FF02F7,1,28.00 °C
DEVICESTATE M13,1771291810.5420277,0x18FF00F7,1,0 state
ERRORLAMP M13,1771291810.5420277,0x18FF00F7,1,0 state
DEVICENUMBER M13,1771291810.5420277,0x18FF00F7,1,14 state
CLAMP15_STATUS M13,1771291810.5420277,0x18FF00F7,1,1 state
PRECHARGED M13,1771291810.5420277,0x18FF00F7,1,1 state
STATUS_ BIT_FLEX_IN_OUT_SIGNAL1 M13,1771291810.5420277,0x18FF00F7,1,3 state
STATUS_ BIT_FLEX_IN_OUT_SIGNAL2 M13,1771291810.5420277,0x18FF00F7,1,3 state
ERROR CODE  M13,1771291810.5420277,0x18FF00F7,1,0 state
ACT_DCBUSVOLTAGE M13,1771291810.5420277,0x18FF00F7,1,1.25 V
ACT_DCBUSPOWER M13,1771291810.5420277,0x18FF00F7,1,0.00 kw
ACT_DEVICETEMPERATURE M13,1771291810.5420277,0x18FF00F7,1,26.00 °C
ACT_INVERTERSTATUS A13,1771291810.546526,0x18FF01F7,1,0 state
ACT_INVERTERREADY A13,1771291810.546526,0x18FF01F7,1,0 state
ACT_ERRORSTATUS A13,1771291810.546526,0x18FF01F7,1,0 state
ACT_SPEED A13,1771291810.546526,0x18FF01F7,1,0.00 rpm
ACT_TORQUE A13,1771291810.546526,0x18FF01F7,1,0.00 Nm
ACT_POWER A13,1771291810.546526,0x18FF01F7,1,0.00 kw
ACT_MOTORTEMPERATURE A13,1771291810.546526,0x18FF01F7,1,27.00 °C
ACT_INVERTERSTATUS B13,1771291810.5514967,0x18FF02F7,1,0 state
ACT_INVERTERREADY B13,1771291810.5514967,0x18FF02F7,1,0 state
ACT_ERRORSTATUS B13,1771291810.5514967,0x18FF02F7,1,0 state
ACT_SPEED B13,1771291810.5514967,0x18FF02F7,1,0.00 rpm
ACT_TORQUE B13,1771291810.5514967,0x18FF02F7,1,0.00 Nm
ACT_POWER B13,1771291810.5514967,0x18FF02F7,1,0.00 kw
ACT_MOTORTEMPERATURE B13,1771291810.5514967,0x18FF02F7,1,28.00 °C
DEVICESTATE M13,1771291810.6417592,0x18FF00F7,1,0 state
ERRORLAMP M13,1771291810.6417592,0x18FF00F7,1,0 state
DEVICENUMBER M13,1771291810.6417592,0x18FF00F7,1,14 state
CLAMP15_STATUS M13,1771291810.6417592,0x18FF00F7,1,1 state
PRECHARGED M13,1771291810.6417592,0x18FF00F7,1,1 state
STATUS_ BIT_FLEX_IN_OUT_SIGNAL1 M13,1771291810.6417592,0x18FF00F7,1,3 state
STATUS_ BIT_FLEX_IN_OUT_SIGNAL2 M13,1771291810.6417592,0x18FF00F7,1,3 state
ERROR CODE  M13,1771291810.6417592,0x18FF00F7,1,0 state
ACT_DCBUSVOLTAGE M13,1771291810.6417592,0x18FF00F7,1,1.25 V
ACT_DCBUSPOWER M13,1771291810.6417592,0x18FF00F7,1,0.00 kw
ACT_DEVICETEMPERATURE M13,1771291810.6417592,0x18FF00F7,1,26.00 °C
ACT_INVERTERSTATUS A13,1771291810.6467447,0x18FF01F7,1,0 state
ACT_INVERTERREADY A13,1771291810.6467447,0x18FF01F7,1,0 state
ACT_ERRORSTATUS A13,1771291810.6467447,0x18FF01F7,1,0 state
ACT_SPEED A13,1771291810.6467447,0x18FF01F7,1,0.00 rpm
ACT_TORQUE A13,1771291810.6467447,0x18FF01F7,1,0.00 Nm
ACT_POWER A13,1771291810.6467447,0x18FF01F7,1,0.00 kw
ACT_MOTORTEMPERATURE A13,1771291810.6467447,0x18FF01F7,1,27.00 °C
ACT_INVERTERSTATUS B13,1771291810.6518266,0x18FF02F7,1,0 state
ACT_INVERTERREADY B13,1771291810.6518266,0x18FF02F7,1,0 state
ACT_ERRORSTATUS B13,1771291810.6518266,0x18FF02F7,1,0 state
ACT_SPEED B13,1771291810.6518266,0x18FF02F7,1,0.00 rpm
ACT_TORQUE B13,1771291810.6518266,0x18FF02F7,1,0.00 Nm
ACT_POWER B13,1771291810.6518266,0x18FF02F7,1,0.00 kw
ACT_MOTORTEMPERATURE B13,1771291810.6518266,0x18FF02F7,1,28.00 °C
DEVICESTATE M13,1771291810.7416706,0x18FF00F7,1,0 state
ERRORLAMP M13,1771291810.7416706,0x18FF00F7,1,0 state
DEVICENUMBER M13,1771291810.7416706,0x18FF00F7,1,14 state
CLAMP15_STATUS M13,1771291810.7416706,0x18FF00F7,1,1 state
PRECHARGED M13,1771291810.7416706,0x18FF00F7,1,1 state
STATUS_ BIT_FLEX_IN_OUT_SIGNAL1 M13,1771291810.7416706,0x18FF00F7,1,3 state
STATUS_ BIT_FLEX_IN_OUT_SIGNAL2 M13,1771291810.7416706,0x18FF00F7,1,3 state
ERROR CODE  M13,1771291810.7416706,0x18FF00F7,1,0 state
ACT_DCBUSVOLTAGE M13,1771291810.7416706,0x18FF00F7,1,1.25 V
ACT_DCBUSPOWER M13,1771291810.7416706,0x18FF00F7,1,0.00 kw
ACT_DEVICETEMPERATURE M13,1771291810.7416706,0x18FF00F7,1,26.00 °C
ACT_INVERTERSTATUS A13,1771291810.746716,0x18FF01F7,1,0 state
ACT_INVERTERREADY A13,1771291810.746716,0x18FF01F7,1,0 state
ACT_ERRORSTATUS A13,1771291810.746716,0x18FF01F7,1,0 state
ACT_SPEED A13,1771291810.746716,0x18FF01F7,1,0.00 rpm
ACT_TORQUE A13,1771291810.746716,0x18FF01F7,1,0.00 Nm
ACT_POWER A13,1771291810.746716,0x18FF01F7,1,0.00 kw
ACT_MOTORTEMPERATURE A13,1771291810.746716,0x18FF01F7,1,27.00 °C
ACT_INVERTERSTATUS B13,1771291810.7517931,0x18FF02F7,1,0 state
ACT_INVERTERREADY B13,1771291810.7517931,0x18FF02F7,1,0 state
ACT_ERRORSTATUS B13,1771291810.7517931,0x18FF02F7,1,0 state
ACT_SPEED B13,1771291810.7517931,0x18FF02F7,1,0.00 rpm
ACT_TORQUE B13,1771291810.7517931,0x18FF02F7,1,0.00 Nm
ACT_POWER B13,1771291810.7517931,0x18FF02F7,1,0.00 kw
ACT_MOTORTEMPERATURE B13,1771291810.7517931,0x18FF02F7,1,28.00 °C
DEVICESTATE M13,1771291810.8416567,0x18FF00F7,1,0 state
ERRORLAMP M13,1771291810.8416567,0x18FF00F7,1,0 state
DEVICENUMBER M13,1771291810.8416567,0x18FF00F7,1,14 state
CLAMP15_STATUS M13,1771291810.8416567,0x18FF00F7,1,1 state
PRECHARGED M13,1771291810.8416567,0x18FF00F7,1,1 state
STATUS_ BIT_FLEX_IN_OUT_SIGNAL1 M13,1771291810.8416567,0x18FF00F7,1,3 state
STATUS_ BIT_FLEX_IN_OUT_SIGNAL2 M13,1771291810.8416567,0x18FF00F7,1,3 state
ERROR CODE  M13,1771291810.8416567,0x18FF00F7,1,0 state
ACT_DCBUSVOLTAGE M13,1771291810.8416567,0x18FF00F7,1,1.25 V
ACT_DCBUSPOWER M13,1771291810.8416567,0x18FF00F7,1,0.00 kw
ACT_DEVICETEMPERATURE M13,1771291810.8416567,0x18FF00F7,1,26.00 °C
ACT_INVERTERSTATUS A13,1771291810.8466723,0x18FF01F7,1,0 state
ACT_INVERTERREADY A13,1771291810.8466723,0x18FF01F7,1,0 state
ACT_ERRORSTATUS A13,1771291810.8466723,0x18FF01F7,1,0 state
ACT_SPEED A13,1771291810.8466723,0x18FF01F7,1,0.00 rpm
ACT_TORQUE A13,1771291810.8466723,0x18FF01F7,1,0.00 Nm
ACT_POWER A13,1771291810.8466723,0x18FF01F7,1,0.00 kw
ACT_MOTORTEMPERATURE A13,1771291810.8466723,0x18FF01F7,1,27.00 °C
ACT_INVERTERSTATUS B13,1771291810.8516824,0x18FF02F7,1,0 state
ACT_INVERTERREADY B13,1771291810.8516824,0x18FF02F7,1,0 state
ACT_ERRORSTATUS B13,1771291810.8516824,0x18FF02F7,1,0 state
ACT_SPEED B13,1771291810.8516824,0x18FF02F7,1,0.00 rpm
ACT_TORQUE B13,1771291810.8516824,0x18FF02F7,1,0.00 Nm
ACT_POWER B13,1771291810.8516824,0x18FF02F7,1,0.00 kw
ACT_MOTORTEMPERATURE B13,1771291810.8516824,0x18FF02F7,1,28.00 °C
DEVICESTATE M13,1771291810.9418163,0x18FF00F7,1,0 state
ERRORLAMP M13,1771291810.9418163,0x18FF00F7,1,0 state
DEVICENUMBER M13,1771291810.9418163,0x18FF00F7,1,14 state
CLAMP15_STATUS M13,1771291810.9418163,0x18FF00F7,1,1 state
PRECHARGED M13,1771291810.9418163,0x18FF00F7,1,1 state
STATUS_ BIT_FLEX_IN_OUT_SIGNAL1 M13,1771291810.9418163,0x18FF00F7,1,3 state
STATUS_ BIT_FLEX_IN_OUT_SIGNAL2 M13,1771291810.9418163,0x18FF00F7,1,3 state
ERROR CODE  M13,1771291810.9418163,0x18FF00F7,1,0 state
ACT_DCBUSVOLTAGE M13,1771291810.9418163,0x18FF00F7,1,1.25 V
ACT_DCBUSPOWER M13,1771291810.9418163,0x18FF00F7,1,0.00 kw
ACT_DEVICETEMPERATURE M13,1771291810.9418163,0x18FF00F7,1,26.00 °C
ACT_INVERTERSTATUS A13,1771291810.9470162,0x18FF01F7,1,0 state
ACT_INVERTERREADY A13,1771291810.9470162,0x18FF01F7,1,0 state
ACT_ERRORSTATUS A13,1771291810.9470162,0x18FF01F7,1,0 state
ACT_SPEED A13,1771291810.9470162,0x18FF01F7,1,0.00 rpm
ACT_TORQUE A13,1771291810.9470162,0x18FF01F7,1,0.00 Nm
ACT_POWER A13,1771291810.9470162,0x18FF01F7,1,0.00 kw
ACT_MOTORTEMPERATURE A13,1771291810.9470162,0x18FF01F7,1,27.00 °C
ACT_INVERTERSTATUS B13,1771291810.9516556,0x18FF02F7,1,0 state
ACT_INVERTERREADY B13,1771291810.9516556,0x18FF02F7,1,0 state
ACT_ERRORSTATUS B13,1771291810.9516556,0x18FF02F7,1,0 state
ACT_SPEED B13,1771291810.9516556,0x18FF02F7,1,0.00 rpm
ACT_TORQUE B13,1771291810.9516556,0x18FF02F7,1,0.00 Nm
ACT_POWER B13,1771291810.9516556,0x18FF02F7,1,0.00 kw
ACT_MOTORTEMPERATURE B13,1771291810.9516556,0x18FF02F7,1,28.00 °C
DEVICESTATE M13,1771291811.041575,0x18FF00F7,1,0 state
ERRORLAMP M13,1771291811.041575,0x18FF00F7,1,0 state
DEVICENUMBER M13,1771291811.041575,0x18FF00F7,1,14 state
CLAMP15_STATUS M13,1771291811.041575,0x18FF00F7,1,1 state
PRECHARGED M13,1771291811.041575,0x18FF00F7,1,1 state
STATUS_ BIT_FLEX_IN_OUT_SIGNAL1 M13,1771291811.041575,0x18FF00F7,1,3 state
STATUS_ BIT_FLEX_IN_OUT_SIGNAL2 M13,1771291811.041575,0x18FF00F7,1,3 state
ERROR CODE  M13,1771291811.041575,0x18FF00F7,1,0 state
ACT_DCBUSVOLTAGE M13,1771291811.041575,0x18FF00F7,1,1.25 V
ACT_DCBUSPOWER M13,1771291811.041575,0x18FF00F7,1,0.00 kw
ACT_DEVICETEMPERATURE M13,1771291811.041575,0x18FF00F7,1,26.00 °C
ACT_INVERTERSTATUS A13,1771291811.0466905,0x18FF01F7,1,0 state
ACT_INVERTERREADY A13,1771291811.0466905,0x18FF01F7,1,0 state
ACT_ERRORSTATUS A13,1771291811.0466905,0x18FF01F7,1,0 state
ACT_SPEED A13,1771291811.0466905,0x18FF01F7,1,0.00 rpm
ACT_TORQUE A13,1771291811.0466905,0x18FF01F7,1,0.00 Nm
ACT_POWER A13,1771291811.0466905,0x18FF01F7,1,0.00 kw
ACT_MOTORTEMPERATURE A13,1771291811.0466905,0x18FF01F7,1,27.00 °C
ACT_INVERTERSTATUS B13,1771291811.0517535,0x18FF02F7,1,0 state
ACT_INVERTERREADY B13,1771291811.0517535,0x18FF02F7,1,0 state
ACT_ERRORSTATUS B13,1771291811.0517535,0x18FF02F7,1,0 state
ACT_SPEED B13,1771291811.0517535,0x18FF02F7,1,0.00 rpm
ACT_TORQUE B13,1771291811.0517535,0x18FF02F7,1,0.00 Nm
ACT_POWER B13,1771291811.0517535,0x18FF02F7,1,0.00 kw
ACT_MOTORTEMPERATURE B13,1771291811.0517535,0x18FF02F7,1,28.00 °C
DEVICESTATE M13,1771291811.1416903,0x18FF00F7,1,0 state
ERRORLAMP M13,1771291811.1416903,0x18FF00F7,1,0 state
DEVICENUMBER M13,1771291811.1416903,0x18FF00F7,1,14 state
CLAMP15_STATUS M13,1771291811.1416903,0x18FF00F7,1,1 state
PRECHARGED M13,1771291811.1416903,0x18FF00F7,1,1 state
STATUS_ BIT_FLEX_IN_OUT_SIGNAL1 M13,1771291811.1416903,0x18FF00F7,1,3 state
STATUS_ BIT_FLEX_IN_OUT_SIGNAL2 M13,1771291811.1416903,0x18FF00F7,1,3 state
ERROR CODE  M13,1771291811.1416903,0x18FF00F7,1,0 state
ACT_DCBUSVOLTAGE M13,1771291811.1416903,0x18FF00F7,1,1.25 V
ACT_DCBUSPOWER M13,1771291811.1416903,0x18FF00F7,1,0.00 kw
ACT_DEVICETEMPERATURE M13,1771291811.1416903,0x18FF00F7,1,26.00 °C
ACT_INVERTERSTATUS A13,1771291811.146753,0x18FF01F7,1,0 state
ACT_INVERTERREADY A13,1771291811.146753,0x18FF01F7,1,0 state
ACT_ERRORSTATUS A13,1771291811.146753,0x18FF01F7,1,0 state
ACT_SPEED A13,1771291811.146753,0x18FF01F7,1,0.00 rpm
ACT_TORQUE A13,1771291811.146753,0x18FF01F7,1,0.00 Nm
ACT_POWER A13,1771291811.146753,0x18FF01F7,1,0.00 kw
ACT_MOTORTEMPERATURE A13,1771291811.146753,0x18FF01F7,1,27.00 °C
ACT_INVERTERSTATUS B13,1771291811.1517258,0x18FF02F7,1,0 state
ACT_INVERTERREADY B13,1771291811.1517258,0x18FF02F7,1,0 state
ACT_ERRORSTATUS B13,1771291811.1517258,0x18FF02F7,1,0 state
ACT_SPEED B13,1771291811.1517258,0x18FF02F7,1,0.00 rpm
ACT_TORQUE B13,1771291811.1517258,0x18FF02F7,1,0.00 Nm
ACT_POWER B13,1771291811.1517258,0x18FF02F7,1,0.00 kw
ACT_MOTORTEMPERATURE B13,1771291811.1517258,0x18FF02F7,1,28.00 °C
DEVICESTATE M13,1771291811.2416725,0x18FF00F7,1,0 state
ERRORLAMP M13,1771291811.2416725,0x18FF00F7,1,0 state
DEVICENUMBER M13,1771291811.2416725,0x18FF00F7,1,14 state
CLAMP15_STATUS M13,1771291811.2416725,0x18FF00F7,1,1 state
PRECHARGED M13,1771291811.2416725,0x18FF00F7,1,1 state
STATUS_ BIT_FLEX_IN_OUT_SIGNAL1 M13,1771291811.2416725,0x18FF00F7,1,3 state
STATUS_ BIT_FLEX_IN_OUT_SIGNAL2 M13,1771291811.2416725,0x18FF00F7,1,3 state
ERROR CODE  M13,1771291811.2416725,0x18FF00F7,1,0 state
ACT_DCBUSVOLTAGE M13,1771291811.2416725,0x18FF00F7,1,1.25 V
ACT_DCBUSPOWER M13,1771291811.2416725,0x18FF00F7,1,0.00 kw
ACT_DEVICETEMPERATURE M13,1771291811.2416725,0x18FF00F7,1,26.00 °C
ACT_INVERTERSTATUS A13,1771291811.2468078,0x18FF01F7,1,0 state
ACT_INVERTERREADY A13,1771291811.2468078,0x18FF01F7,1,0 state
ACT_ERRORSTATUS A13,1771291811.2468078,0x18FF01F7,1,0 state
ACT_SPEED A13,1771291811.2468078,0x18FF01F7,1,0.00 rpm
ACT_TORQUE A13,1771291811.2468078,0x18FF01F7,1,0.00 Nm
ACT_POWER A13,1771291811.2468078,0x18FF01F7,1,0.00 kw
ACT_MOTORTEMPERATURE A13,1771291811.2468078,0x18FF01F7,1,27.00 °C
ACT_INVERTERSTATUS B13,1771291811.2517688,0x18FF02F7,1,0 state
ACT_INVERTERREADY B13,1771291811.2517688,0x18FF02F7,1,0 state
ACT_ERRORSTATUS B13,1771291811.2517688,0x18FF02F7,1,0 state
ACT_SPEED B13,1771291811.2517688,0x18FF02F7,1,0.00 rpm
ACT_TORQUE B13,1771291811.2517688,0x18FF02F7,1,0.00 Nm
ACT_POWER B13,1771291811.2517688,0x18FF02F7,1,0.00 kw
ACT_MOTORTEMPERATURE B13,1771291811.2517688,0x18FF02F7,1,28.00 °C
DEVICESTATE M13,1771291811.3419647,0x18FF00F7,1,0 state
ERRORLAMP M13,1771291811.3419647,0x18FF00F7,1,0 state
DEVICENUMBER M13,1771291811.3419647,0x18FF00F7,1,14 state
CLAMP15_STATUS M13,1771291811.3419647,0x18FF00F7,1,1 state
PRECHARGED M13,1771291811.3419647,0x18FF00F7,1,1 state
STATUS_ BIT_FLEX_IN_OUT_SIGNAL1 M13,1771291811.3419647,0x18FF00F7,1,3 state
STATUS_ BIT_FLEX_IN_OUT_SIGNAL2 M13,1771291811.3419647,0x18FF00F7,1,3 state
ERROR CODE  M13,1771291811.3419647,0x18FF00F7,1,0 state
ACT_DCBUSVOLTAGE M13,1771291811.3419647,0x18FF00F7,1,1.25 V
ACT_DCBUSPOWER M13,1771291811.3419647,0x18FF00F7,1,0.00 kw
ACT_DEVICETEMPERATURE M13,1771291811.3419647,0x18FF00F7,1,26.00 °C
ACT_INVERTERSTATUS A13,1771291811.3467972,0x18FF01F7,1,0 state
ACT_INVERTERREADY A13,1771291811.3467972,0x18FF01F7,1,0 state
ACT_ERRORSTATUS A13,1771291811.3467972,0x18FF01F7,1,0 state
ACT_SPEED A13,1771291811.3467972,0x18FF01F7,1,0.00 rpm
ACT_TORQUE A13,1771291811.3467972,0x18FF01F7,1,0.00 Nm
ACT_POWER A13,1771291811.3467972,0x18FF01F7,1,0.00 kw
ACT_MOTORTEMPERATURE A13,1771291811.3467972,0x18FF01F7,1,27.00 °C
ACT_INVERTERSTATUS B13,1771291811.3517473,0x18FF02F7,1,0 state
ACT_INVERTERREADY B13,1771291811.3517473,0x18FF02F7,1,0 state
ACT_ERRORSTATUS B13,1771291811.3517473,0x18FF02F7,1,0 state
ACT_SPEED B13,1771291811.3517473,0x18FF02F7,1,0.00 rpm
ACT_TORQUE B13,1771291811.3517473,0x18FF02F7,1,0.00 Nm
ACT_POWER B13,1771291811.3517473,0x18FF02F7,1,0.00 kw
ACT_MOTORTEMPERATURE B13,1771291811.3517473,0x18FF02F7,1,28.00 °C
DEVICESTATE M13,1771291811.44194,0x18FF00F7,1,0 state
ERRORLAMP M13,1771291811.44194,0x18FF00F7,1,0 state
DEVICENUMBER M13,1771291811.44194,0x18FF00F7,1,14 state
CLAMP15_STATUS M13,1771291811.44194,0x18FF00F7,1,1 state
PRECHARGED M13,1771291811.44194,0x18FF00F7,1,1 state
STATUS_ BIT_FLEX_IN_OUT_SIGNAL1 M13,1771291811.44194,0x18FF00F7,1,3 state
STATUS_ BIT_FLEX_IN_OUT_SIGNAL2 M13,1771291811.44194,0x18FF00F7,1,3 state
ERROR CODE  M13,1771291811.44194,0x18FF00F7,1,0 state
ACT_DCBUSVOLTAGE M13,1771291811.44194,0x18FF00F7,1,1.25 V
ACT_DCBUSPOWER M13,1771291811.44194,0x18FF00F7,1,0.00 kw
ACT_DEVICETEMPERATURE M13,1771291811.44194,0x18FF00F7,1,26.00 °C
ACT_INVERTERSTATUS A13,1771291811.446931,0x18FF01F7,1,0 state
ACT_INVERTERREADY A13,1771291811.446931,0x18FF01F7,1,0 state
ACT_ERRORSTATUS A13,1771291811.446931,0x18FF01F7,1,0 state
ACT_SPEED A13,1771291811.446931,0x18FF01F7,1,0.00 rpm
ACT_TORQUE A13,1771291811.446931,0x18FF01F7,1,0.00 Nm
ACT_POWER A13,1771291811.446931,0x18FF01F7,1,0.00 kw
ACT_MOTORTEMPERATURE A13,1771291811.446931,0x18FF01F7,1,27.00 °C
ACT_INVERTERSTATUS B13,1771291811.4518375,0x18FF02F7,1,0 state
ACT_INVERTERREADY B13,1771291811.4518375,0x18FF02F7,1,0 state
ACT_ERRORSTATUS B13,1771291811.4518375,0x18FF02F7,1,0 state
ACT_SPEED B13,1771291811.4518375,0x18FF02F7,1,0.00 rpm
ACT_TORQUE B13,1771291811.4518375,0x18FF02F7,1,0.00 Nm
ACT_POWER B13,1771291811.4518375,0x18FF02F7,1,0.00 kw
ACT_MOTORTEMPERATURE B13,1771291811.4518375,0x18FF02F7,1,28.00 °C
DEVICESTATE M13,1771291811.5417342,0x18FF00F7,1,0 state
ERRORLAMP M13,1771291811.5417342,0x18FF00F7,1,0 state
DEVICENUMBER M13,1771291811.5417342,0x18FF00F7,1,14 state
CLAMP15_STATUS M13,1771291811.5417342,0x18FF00F7,1,1 state
PRECHARGED M13,1771291811.5417342,0x18FF00F7,1,1 state
STATUS_ BIT_FLEX_IN_OUT_SIGNAL1 M13,1771291811.5417342,0x18FF00F7,1,3 state
STATUS_ BIT_FLEX_IN_OUT_SIGNAL2 M13,1771291811.5417342,0x18FF00F7,1,3 state
ERROR CODE  M13,1771291811.5417342,0x18FF00F7,1,0 state
ACT_DCBUSVOLTAGE M13,1771291811.5417342,0x18FF00F7,1,1.25 V
ACT_DCBUSPOWER M13,1771291811.5417342,0x18FF00F7,1,0.00 kw
ACT_DEVICETEMPERATURE M13,1771291811.5417342,0x18FF00F7,1,26.00 °C
ACT_INVERTERSTATUS A13,1771291811.5469418,0x18FF01F7,1,0 state
ACT_INVERTERREADY A13,1771291811.5469418,0x18FF01F7,1,0 state
ACT_ERRORSTATUS A13,1771291811.5469418,0x18FF01F7,1,0 state
ACT_SPEED A13,1771291811.5469418,0x18FF01F7,1,0.00 rpm
ACT_TORQUE A13,1771291811.5469418,0x18FF01F7,1,0.00 Nm
ACT_POWER A13,1771291811.5469418,0x18FF01F7,1,0.00 kw
ACT_MOTORTEMPERATURE A13,1771291811.5469418,0x18FF01F7,1,27.00 °C
ACT_INVERTERSTATUS B13,1771291811.5518475,0x18FF02F7,1,0 state
ACT_INVERTERREADY B13,1771291811.5518475,0x18FF02F7,1,0 state
ACT_ERRORSTATUS B13,1771291811.5518475,0x18FF02F7,1,0 state
ACT_SPEED B13,1771291811.5518475,0x18FF02F7,1,0.00 rpm
ACT_TORQUE B13,1771291811.5518475,0x18FF02F7,1,0.00 Nm
ACT_POWER B13,1771291811.5518475,0x18FF02F7,1,0.00 kw
ACT_MOTORTEMPERATURE B13,1771291811.5518475,0x18FF02F7,1,28.00 °C
DEVICESTATE M13,1771291811.6417892,0x18FF00F7,1,0 state
ERRORLAMP M13,1771291811.6417892,0x18FF00F7,1,0 state
DEVICENUMBER M13,1771291811.6417892,0x18FF00F7,1,14 state
CLAMP15_STATUS M13,1771291811.6417892,0x18FF00F7,1,1 state
PRECHARGED M13,1771291811.6417892,0x18FF00F7,1,1 state
STATUS_ BIT_FLEX_IN_OUT_SIGNAL1 M13,1771291811.6417892,0x18FF00F7,1,3 state
STATUS_ BIT_FLEX_IN_OUT_SIGNAL2 M13,1771291811.6417892,0x18FF00F7,1,3 state
ERROR CODE  M13,1771291811.6417892,0x18FF00F7,1,0 state
ACT_DCBUSVOLTAGE M13,1771291811.6417892,0x18FF00F7,1,1.25 V
ACT_DCBUSPOWER M13,1771291811.6417892,0x18FF00F7,1,0.00 kw
ACT_DEVICETEMPERATURE M13,1771291811.6417892,0x18FF00F7,1,26.00 °C
ACT_INVERTERSTATUS A13,1771291811.6468396,0x18FF01F7,1,0 state
ACT_INVERTERREADY A13,1771291811.6468396,0x18FF01F7,1,0 state
ACT_ERRORSTATUS A13,1771291811.6468396,0x18FF01F7,1,0 state
ACT_SPEED A13,1771291811.6468396,0x18FF01F7,1,0.00 rpm
ACT_TORQUE A13,1771291811.6468396,0x18FF01F7,1,0.00 Nm
ACT_POWER A13,1771291811.6468396,0x18FF01F7,1,0.00 kw
ACT_MOTORTEMPERATURE A13,1771291811.6468396,0x18FF01F7,1,27.00 °C
ACT_INVERTERSTATUS B13,1771291811.6517837,0x18FF02F7,1,0 state
ACT_INVERTERREADY B13,1771291811.6517837,0x18FF02F7,1,0 state
ACT_ERRORSTATUS B13,1771291811.6517837,0x18FF02F7,1,0 state
ACT_SPEED B13,1771291811.6517837,0x18FF02F7,1,0.00 rpm
ACT_TORQUE B13,1771291811.6517837,0x18FF02F7,1,0.00 Nm
ACT_POWER B13,1771291811.6517837,0x18FF02F7,1,0.00 kw
ACT_MOTORTEMPERATURE B13,1771291811.6517837,0x18FF02F7,1,28.00 °C
DEVICESTATE M13,1771291811.7420561,0x18FF00F7,1,0 state
ERRORLAMP M13,1771291811.7420561,0x18FF00F7,1,0 state
DEVICENUMBER M13,1771291811.7420561,0x18FF00F7,1,14 state
CLAMP15_STATUS M13,1771291811.7420561,0x18FF00F7,1,1 state
PRECHARGED M13,1771291811.7420561,0x18FF00F7,1,1 state
STATUS_ BIT_FLEX_IN_OUT_SIGNAL1 M13,1771291811.7420561,0x18FF00F7,1,3 state
STATUS_ BIT_FLEX_IN_OUT_SIGNAL2 M13,1771291811.7420561,0x18FF00F7,1,3 state
ERROR CODE  M13,1771291811.7420561,0x18FF00F7,1,0 state
ACT_DCBUSVOLTAGE M13,1771291811.7420561,0x18FF00F7,1,1.25 V
ACT_DCBUSPOWER M13,1771291811.7420561,0x18FF00F7,1,0.00 kw
ACT_DEVICETEMPERATURE M13,1771291811.7420561,0x18FF00F7,1,26.00 °C
ACT_INVERTERSTATUS A13,1771291811.746543,0x18FF01F7,1,0 state
ACT_INVERTERREADY A13,1771291811.746543,0x18FF01F7,1,0 state
ACT_ERRORSTATUS A13,1771291811.746543,0x18FF01F7,1,0 state
ACT_SPEED A13,1771291811.746543,0x18FF01F7,1,0.00 rpm
ACT_TORQUE A13,1771291811.746543,0x18FF01F7,1,0.00 Nm
ACT_POWER A13,1771291811.746543,0x18FF01F7,1,0.00 kw
ACT_MOTORTEMPERATURE A13,1771291811.746543,0x18FF01F7,1,27.00 °C
ACT_INVERTERSTATUS B13,1771291811.7515182,0x18FF02F7,1,0 state
ACT_INVERTERREADY B13,1771291811.7515182,0x18FF02F7,1,0 state
ACT_ERRORSTATUS B13,1771291811.7515182,0x18FF02F7,1,0 state
ACT_SPEED B13,1771291811.7515182,0x18FF02F7,1,0.00 rpm
ACT_TORQUE B13,1771291811.7515182,0x18FF02F7,1,0.00 Nm
ACT_POWER B13,1771291811.7515182,0x18FF02F7,1,0.00 kw
ACT_MOTORTEMPERATURE B13,1771291811.7515182,0x18FF02F7,1,28.00 °C
DEVICESTATE M13,1771291811.841631,0x18FF00F7,1,0 state
ERRORLAMP M13,1771291811.841631,0x18FF00F7,1,0 state
DEVICENUMBER M13,1771291811.841631,0x18FF00F7,1,14 state
CLAMP15_STATUS M13,1771291811.841631,0x18FF00F7,1,1 state
PRECHARGED M13,1771291811.841631,0x18FF00F7,1,1 state
STATUS_ BIT_FLEX_IN_OUT_SIGNAL1 M13,1771291811.841631,0x18FF00F7,1,3 state
STATUS_ BIT_FLEX_IN_OUT_SIGNAL2 M13,1771291811.841631,0x18FF00F7,1,3 state
ERROR CODE  M13,1771291811.841631,0x18FF00F7,1,0 state
ACT_DCBUSVOLTAGE M13,1771291811.841631,0x18FF00F7,1,1.25 V
ACT_DCBUSPOWER M13,1771291811.841631,0x18FF00F7,1,0.00 kw
ACT_DEVICETEMPERATURE M13,1771291811.841631,0x18FF00F7,1,26.00 °C
ACT_INVERTERSTATUS A13,1771291811.8468862,0x18FF01F7,1,0 state
ACT_INVERTERREADY A13,1771291811.8468862,0x18FF01F7,1,0 state
ACT_ERRORSTATUS A13,1771291811.8468862,0x18FF01F7,1,0 state
ACT_SPEED A13,1771291811.8468862,0x18FF01F7,1,0.00 rpm
ACT_TORQUE A13,1771291811.8468862,0x18FF01F7,1,0.00 Nm
ACT_POWER A13,1771291811.8468862,0x18FF01F7,1,0.00 kw
ACT_MOTORTEMPERATURE A13,1771291811.8468862,0x18FF01F7,1,27.00 °C
ACT_INVERTERSTATUS B13,1771291811.8517852,0x18FF02F7,1,0 state
ACT_INVERTERREADY B13,1771291811.8517852,0x18FF02F7,1,0 state
ACT_ERRORSTATUS B13,1771291811.8517852,0x18FF02F7,1,0 state
ACT_SPEED B13,1771291811.8517852,0x18FF02F7,1,0.00 rpm
ACT_TORQUE B13,1771291811.8517852,0x18FF02F7,1,0.00 Nm
ACT_POWER B13,1771291811.8517852,0x18FF02F7,1,0.00 kw
ACT_MOTORTEMPERATURE B13,1771291811.8517852,0x18FF02F7,1,28.00 °C
DEVICESTATE M13,1771291811.9418936,0x18FF00F7,1,0 state
ERRORLAMP M13,1771291811.9418936,0x18FF00F7,1,0 state
DEVICENUMBER M13,1771291811.9418936,0x18FF00F7,1,14 state
CLAMP15_STATUS M13,1771291811.9418936,0x18FF00F7,1,1 state
PRECHARGED M13,1771291811.9418936,0x18FF00F7,1,1 state
STATUS_ BIT_FLEX_IN_OUT_SIGNAL1 M13,1771291811.9418936,0x18FF00F7,1,3 state
STATUS_ BIT_FLEX_IN_OUT_SIGNAL2 M13,1771291811.9418936,0x18FF00F7,1,3 state
ERROR CODE  M13,1771291811.9418936,0x18FF00F7,1,0 state
ACT_DCBUSVOLTAGE M13,1771291811.9418936,0x18FF00F7,1,1.25 V
ACT_DCBUSPOWER M13,1771291811.9418936,0x18FF00F7,1,0.00 kw
ACT_DEVICETEMPERATURE M13,1771291811.9418936,0x18FF00F7,1,26.00 °C
ACT_INVERTERSTATUS A13,1771291811.946954,0x18FF01F7,1,0 state
ACT_INVERTERREADY A13,1771291811.946954,0x18FF01F7,1,0 state
ACT_ERRORSTATUS A13,1771291811.946954,0x18FF01F7,1,0 state
ACT_SPEED A13,1771291811.946954,0x18FF01F7,1,0.00 rpm
ACT_TORQUE A13,1771291811.946954,0x18FF01F7,1,0.00 Nm
ACT_POWER A13,1771291811.946954,0x18FF01F7,1,0.00 kw
ACT_MOTORTEMPERATURE A13,1771291811.946954,0x18FF01F7,1,27.00 °C
ACT_INVERTERSTATUS B13,1771291811.9514096,0x18FF02F7,1,0 state
ACT_INVERTERREADY B13,1771291811.9514096,0x18FF02F7,1,0 state
ACT_ERRORSTATUS B13,1771291811.9514096,0x18FF02F7,1,0 state
ACT_SPEED B13,1771291811.9514096,0x18FF02F7,1,0.00 rpm
ACT_TORQUE B13,1771291811.9514096,0x18FF02F7,1,0.00 Nm
ACT_POWER B13,1771291811.9514096,0x18FF02F7,1,0.00 kw
ACT_MOTORTEMPERATURE B13,1771291811.9514096,0x18FF02F7,1,28.00 °C
DEVICESTATE M13,1771291812.0415623,0x18FF00F7,1,0 state
ERRORLAMP M13,1771291812.0415623,0x18FF00F7,1,0 state
DEVICENUMBER M13,1771291812.0415623,0x18FF00F7,1,14 state
CLAMP15_STATUS M13,1771291812.0415623,0x18FF00F7,1,1 state
PRECHARGED M13,1771291812.0415623,0x18FF00F7,1,1 state
STATUS_ BIT_FLEX_IN_OUT_SIGNAL1 M13,1771291812.0415623,0x18FF00F7,1,3 state
STATUS_ BIT_FLEX_IN_OUT_SIGNAL2 M13,1771291812.0415623,0x18FF00F7,1,3 state
ERROR CODE  M13,1771291812.0415623,0x18FF00F7,1,0 state
ACT_DCBUSVOLTAGE M13,1771291812.0415623,0x18FF00F7,1,1.25 V
ACT_DCBUSPOWER M13,1771291812.0415623,0x18FF00F7,1,0.00 kw
ACT_DEVICETEMPERATURE M13,1771291812.0415623,0x18FF00F7,1,26.00 °C
ACT_INVERTERSTATUS A13,1771291812.0466926,0x18FF01F7,1,0 state
ACT_INVERTERREADY A13,1771291812.0466926,0x18FF01F7,1,0 state
ACT_ERRORSTATUS A13,1771291812.0466926,0x18FF01F7,1,0 state
ACT_SPEED A13,1771291812.0466926,0x18FF01F7,1,0.00 rpm
ACT_TORQUE A13,1771291812.0466926,0x18FF01F7,1,0.00 Nm
ACT_POWER A13,1771291812.0466926,0x18FF01F7,1,0.00 kw
ACT_MOTORTEMPERATURE A13,1771291812.0466926,0x18FF01F7,1,27.00 °C
ACT_INVERTERSTATUS B13,1771291812.0516129,0x18FF02F7,1,0 state
ACT_INVERTERREADY B13,1771291812.0516129,0x18FF02F7,1,0 state
ACT_ERRORSTATUS B13,1771291812.0516129,0x18FF02F7,1,0 state
ACT_SPEED B13,1771291812.0516129,0x18FF02F7,1,0.00 rpm
ACT_TORQUE B13,1771291812.0516129,0x18FF02F7,1,0.00 Nm
ACT_POWER B13,1771291812.0516129,0x18FF02F7,1,0.00 kw
ACT_MOTORTEMPERATURE B13,1771291812.0516129,0x18FF02F7,1,28.00 °C
DEVICESTATE M13,1771291812.1418266,0x18FF00F7,1,0 state
ERRORLAMP M13,1771291812.1418266,0x18FF00F7,1,0 state
DEVICENUMBER M13,1771291812.1418266,0x18FF00F7,1,14 state
CLAMP15_STATUS M13,1771291812.1418266,0x18FF00F7,1,1 state
PRECHARGED M13,1771291812.1418266,0x18FF00F7,1,1 state
STATUS_ BIT_FLEX_IN_OUT_SIGNAL1 M13,1771291812.1418266,0x18FF00F7,1,3 state
STATUS_ BIT_FLEX_IN_OUT_SIGNAL2 M13,1771291812.1418266,0x18FF00F7,1,3 state
ERROR CODE  M13,1771291812.1418266,0x18FF00F7,1,0 state
ACT_DCBUSVOLTAGE M13,1771291812.1418266,0x18FF00F7,1,1.25 V
ACT_DCBUSPOWER M13,1771291812.1418266,0x18FF00F7,1,0.00 kw
ACT_DEVICETEMPERATURE M13,1771291812.1418266,0x18FF00F7,1,26.00 °C
ACT_INVERTERSTATUS A13,1771291812.1469433,0x18FF01F7,1,0 state
ACT_INVERTERREADY A13,1771291812.1469433,0x18FF01F7,1,0 state
ACT_ERRORSTATUS A13,1771291812.1469433,0x18FF01F7,1,0 state
ACT_SPEED A13,1771291812.1469433,0x18FF01F7,1,0.00 rpm
ACT_TORQUE A13,1771291812.1469433,0x18FF01F7,1,0.00 Nm
ACT_POWER A13,1771291812.1469433,0x18FF01F7,1,0.00 kw
ACT_MOTORTEMPERATURE A13,1771291812.1469433,0x18FF01F7,1,27.00 °C
ACT_INVERTERSTATUS B13,1771291812.1514943,0x18FF02F7,1,0 state
ACT_INVERTERREADY B13,1771291812.1514943,0x18FF02F7,1,0 state
ACT_ERRORSTATUS B13,1771291812.1514943,0x18FF02F7,1,0 state
ACT_SPEED B13,1771291812.1514943,0x18FF02F7,1,0.00 rpm
ACT_TORQUE B13,1771291812.1514943,0x18FF02F7,1,0.00 Nm
ACT_POWER B13,1771291812.1514943,0x18FF02F7,1,0.00 kw
ACT_MOTORTEMPERATURE B13,1771291812.1514943,0x18FF02F7,1,28.00 °C
DEVICESTATE M13,1771291812.241874,0x18FF00F7,1,0 state
ERRORLAMP M13,1771291812.241874,0x18FF00F7,1,0 state
DEVICENUMBER M13,1771291812.241874,0x18FF00F7,1,14 state
CLAMP15_STATUS M13,1771291812.241874,0x18FF00F7,1,1 state
PRECHARGED M13,1771291812.241874,0x18FF00F7,1,1 state
STATUS_ BIT_FLEX_IN_OUT_SIGNAL1 M13,1771291812.241874,0x18FF00F7,1,3 state
STATUS_ BIT_FLEX_IN_OUT_SIGNAL2 M13,1771291812.241874,0x18FF00F7,1,3 state
ERROR CODE  M13,1771291812.241874,0x18FF00F7,1,0 state
ACT_DCBUSVOLTAGE M13,1771291812.241874,0x18FF00F7,1,1.25 V
ACT_DCBUSPOWER M13,1771291812.241874,0x18FF00F7,1,0.00 kw
ACT_DEVICETEMPERATURE M13,1771291812.241874,0x18FF00F7,1,26.00 °C
ACT_INVERTERSTATUS A13,1771291812.2468612,0x18FF01F7,1,0 state
ACT_INVERTERREADY A13,1771291812.2468612,0x18FF01F7,1,0 state
ACT_ERRORSTATUS A13,1771291812.2468612,0x18FF01F7,1,0 state
ACT_SPEED A13,1771291812.2468612,0x18FF01F7,1,0.00 rpm
ACT_TORQUE A13,1771291812.2468612,0x18FF01F7,1,0.00 Nm
ACT_POWER A13,1771291812.2468612,0x18FF01F7,1,0.00 kw
ACT_MOTORTEMPERATURE A13,1771291812.2468612,0x18FF01F7,1,27.00 °C
ACT_INVERTERSTATUS B13,1771291812.251756,0x18FF02F7,1,0 state
ACT_INVERTERREADY B13,1771291812.251756,0x18FF02F7,1,0 state
ACT_ERRORSTATUS B13,1771291812.251756,0x18FF02F7,1,0 state
ACT_SPEED B13,1771291812.251756,0x18FF02F7,1,0.00 rpm
ACT_TORQUE B13,1771291812.251756,0x18FF02F7,1,0.00 Nm
ACT_POWER B13,1771291812.251756,0x18FF02F7,1,0.00 kw
ACT_MOTORTEMPERATURE B13,1771291812.251756,0x18FF02F7,1,28.00 °C
DEVICESTATE M13,1771291812.3420901,0x18FF00F7,1,0 state
ERRORLAMP M13,1771291812.3420901,0x18FF00F7,1,0 state
DEVICENUMBER M13,1771291812.3420901,0x18FF00F7,1,14 state
CLAMP15_STATUS M13,1771291812.3420901,0x18FF00F7,1,1 state
PRECHARGED M13,1771291812.3420901,0x18FF00F7,1,1 state
STATUS_ BIT_FLEX_IN_OUT_SIGNAL1 M13,1771291812.3420901,0x18FF00F7,1,3 state
STATUS_ BIT_FLEX_IN_OUT_SIGNAL2 M13,1771291812.3420901,0x18FF00F7,1,3 state
ERROR CODE  M13,1771291812.3420901,0x18FF00F7,1,0 state
ACT_DCBUSVOLTAGE M13,1771291812.3420901,0x18FF00F7,1,1.25 V
ACT_DCBUSPOWER M13,1771291812.3420901,0x18FF00F7,1,0.00 kw
ACT_DEVICETEMPERATURE M13,1771291812.3420901,0x18FF00F7,1,26.00 °C
ACT_INVERTERSTATUS A13,1771291812.3467212,0x18FF01F7,1,0 state
ACT_INVERTERREADY A13,1771291812.3467212,0x18FF01F7,1,0 state
ACT_ERRORSTATUS A13,1771291812.3467212,0x18FF01F7,1,0 state
ACT_SPEED A13,1771291812.3467212,0x18FF01F7,1,0.00 rpm
ACT_TORQUE A13,1771291812.3467212,0x18FF01F7,1,0.00 Nm
ACT_POWER A13,1771291812.3467212,0x18FF01F7,1,0.00 kw
ACT_MOTORTEMPERATURE A13,1771291812.3467212,0x18FF01F7,1,27.00 °C
ACT_INVERTERSTATUS B13,1771291812.3516195,0x18FF02F7,1,0 state
ACT_INVERTERREADY B13,1771291812.3516195,0x18FF02F7,1,0 state
ACT_ERRORSTATUS B13,1771291812.3516195,0x18FF02F7,1,0 state
ACT_SPEED B13,1771291812.3516195,0x18FF02F7,1,0.00 rpm
ACT_TORQUE B13,1771291812.3516195,0x18FF02F7,1,0.00 Nm
ACT_POWER B13,1771291812.3516195,0x18FF02F7,1,0.00 kw
ACT_MOTORTEMPERATURE B13,1771291812.3516195,0x18FF02F7,1,28.00 °C
DEVICESTATE M13,1771291812.4419816,0x18FF00F7,1,0 state
ERRORLAMP M13,1771291812.4419816,0x18FF00F7,1,0 state
DEVICENUMBER M13,1771291812.4419816,0x18FF00F7,1,14 state
CLAMP15_STATUS M13,1771291812.4419816,0x18FF00F7,1,1 state
PRECHARGED M13,1771291812.4419816,0x18FF00F7,1,1 state
STATUS_ BIT_FLEX_IN_OUT_SIGNAL1 M13,1771291812.4419816,0x18FF00F7,1,3 state
STATUS_ BIT_FLEX_IN_OUT_SIGNAL2 M13,1771291812.4419816,0x18FF00F7,1,3 state
ERROR CODE  M13,1771291812.4419816,0x18FF00F7,1,0 state
ACT_DCBUSVOLTAGE M13,1771291812.4419816,0x18FF00F7,1,1.25 V
ACT_DCBUSPOWER M13,1771291812.4419816,0x18FF00F7,1,0.00 kw
ACT_DEVICETEMPERATURE M13,1771291812.4419816,0x18FF00F7,1,26.00 °C
ACT_INVERTERSTATUS A13,1771291812.4466865,0x18FF01F7,1,0 state
ACT_INVERTERREADY A13,1771291812.4466865,0x18FF01F7,1,0 state
ACT_ERRORSTATUS A13,1771291812.4466865,0x18FF01F7,1,0 state
ACT_SPEED A13,1771291812.4466865,0x18FF01F7,1,0.00 rpm
ACT_TORQUE A13,1771291812.4466865,0x18FF01F7,1,0.00 Nm
ACT_POWER A13,1771291812.4466865,0x18FF01F7,1,0.00 kw
ACT_MOTORTEMPERATURE A13,1771291812.4466865,0x18FF01F7,1,27.00 °C
ACT_INVERTERSTATUS B13,1771291812.4515533,0x18FF02F7,1,0 state
ACT_INVERTERREADY B13,1771291812.4515533,0x18FF02F7,1,0 state
ACT_ERRORSTATUS B13,1771291812.4515533,0x18FF02F7,1,0 state
ACT_SPEED B13,1771291812.4515533,0x18FF02F7,1,0.00 rpm
ACT_TORQUE B13,1771291812.4515533,0x18FF02F7,1,0.00 Nm
ACT_POWER B13,1771291812.4515533,0x18FF02F7,1,0.00 kw
ACT_MOTORTEMPERATURE B13,1771291812.4515533,0x18FF02F7,1,28.00 °C
DEVICESTATE M13,1771291812.54193,0x18FF00F7,1,0 state
ERRORLAMP M13,1771291812.54193,0x18FF00F7,1,0 state
DEVICENUMBER M13,1771291812.54193,0x18FF00F7,1,14 state
CLAMP15_STATUS M13,1771291812.54193,0x18FF00F7,1,1 state
PRECHARGED M13,1771291812.54193,0x18FF00F7,1,1 state
STATUS_ BIT_FLEX_IN_OUT_SIGNAL1 M13,1771291812.54193,0x18FF00F7,1,3 state
STATUS_ BIT_FLEX_IN_OUT_SIGNAL2 M13,1771291812.54193,0x18FF00F7,1,3 state
ERROR CODE  M13,1771291812.54193,0x18FF00F7,1,0 state
ACT_DCBUSVOLTAGE M13,1771291812.54193,0x18FF00F7,1,1.25 V
ACT_DCBUSPOWER M13,1771291812.54193,0x18FF00F7,1,0.00 kw
ACT_DEVICETEMPERATURE M13,1771291812.54193,0x18FF00F7,1,26.00 °C
ACT_INVERTERSTATUS A13,1771291812.5465934,0x18FF01F7,1,0 state
ACT_INVERTERREADY A13,1771291812.5465934,0x18FF01F7,1,0 state
ACT_ERRORSTATUS A13,1771291812.5465934,0x18FF01F7,1,0 state
ACT_SPEED A13,1771291812.5465934,0x18FF01F7,1,0.00 rpm
ACT_TORQUE A13,1771291812.5465934,0x18FF01F7,1,0.00 Nm
ACT_POWER A13,1771291812.5465934,0x18FF01F7,1,0.00 kw
ACT_MOTORTEMPERATURE A13,1771291812.5465934,0x18FF01F7,1,27.00 °C
ACT_INVERTERSTATUS B13,1771291812.5515807,0x18FF02F7,1,0 state
ACT_INVERTERREADY B13,1771291812.5515807,0x18FF02F7,1,0 state
ACT_ERRORSTATUS B13,1771291812.5515807,0x18FF02F7,1,0 state
ACT_SPEED B13,1771291812.5515807,0x18FF02F7,1,0.00 rpm
ACT_TORQUE B13,1771291812.5515807,0x18FF02F7,1,0.00 Nm
ACT_POWER B13,1771291812.5515807,0x18FF02F7,1,0.00 kw
ACT_MOTORTEMPERATURE B13,1771291812.5515807,0x18FF02F7,1,28.00 °C
DEVICESTATE M13,1771291812.6419392,0x18FF00F7,1,0 state
ERRORLAMP M13,1771291812.6419392,0x18FF00F7,1,0 state
DEVICENUMBER M13,1771291812.6419392,0x18FF00F7,1,14 state
CLAMP15_STATUS M13,1771291812.6419392,0x18FF00F7,1,1 state
PRECHARGED M13,1771291812.6419392,0x18FF00F7,1,1 state
STATUS_ BIT_FLEX_IN_OUT_SIGNAL1 M13,1771291812.6419392,0x18FF00F7,1,3 state
STATUS_ BIT_FLEX_IN_OUT_SIGNAL2 M13,1771291812.6419392,0x18FF00F7,1,3 state
ERROR CODE  M13,1771291812.6419392,0x18FF00F7,1,0 state
ACT_DCBUSVOLTAGE M13,1771291812.6419392,0x18FF00F7,1,1.25 V
ACT_DCBUSPOWER M13,1771291812.6419392,0x18FF00F7,1,0.00 kw
ACT_DEVICETEMPERATURE M13,1771291812.6419392,0x18FF00F7,1,26.00 °C
ACT_INVERTERSTATUS A13,1771291812.646937,0x18FF01F7,1,0 state
ACT_INVERTERREADY A13,1771291812.646937,0x18FF01F7,1,0 state
ACT_ERRORSTATUS A13,1771291812.646937,0x18FF01F7,1,0 state
ACT_SPEED A13,1771291812.646937,0x18FF01F7,1,0.00 rpm
ACT_TORQUE A13,1771291812.646937,0x18FF01F7,1,0.00 Nm
ACT_POWER A13,1771291812.646937,0x18FF01F7,1,0.00 kw
ACT_MOTORTEMPERATURE A13,1771291812.646937,0x18FF01F7,1,27.00 °C
ACT_INVERTERSTATUS B13,1771291812.6515558,0x18FF02F7,1,0 state
ACT_INVERTERREADY B13,1771291812.6515558,0x18FF02F7,1,0 state
ACT_ERRORSTATUS B13,1771291812.6515558,0x18FF02F7,1,0 state
ACT_SPEED B13,1771291812.6515558,0x18FF02F7,1,0.00 rpm
ACT_TORQUE B13,1771291812.6515558,0x18FF02F7,1,0.00 Nm
ACT_POWER B13,1771291812.6515558,0x18FF02F7,1,0.00 kw
ACT_MOTORTEMPERATURE B13,1771291812.6515558,0x18FF02F7,1,28.00 °C
DEVICESTATE M13,1771291812.7418733,0x18FF00F7,1,0 state
ERRORLAMP M13,1771291812.7418733,0x18FF00F7,1,0 state
DEVICENUMBER M13,1771291812.7418733,0x18FF00F7,1,14 state
CLAMP15_STATUS M13,1771291812.7418733,0x18FF00F7,1,1 state
PRECHARGED M13,1771291812.7418733,0x18FF00F7,1,1 state
STATUS_ BIT_FLEX_IN_OUT_SIGNAL1 M13,1771291812.7418733,0x18FF00F7,1,3 state
STATUS_ BIT_FLEX_IN_OUT_SIGNAL2 M13,1771291812.7418733,0x18FF00F7,1,3 state
ERROR CODE  M13,1771291812.7418733,0x18FF00F7,1,0 state
ACT_DCBUSVOLTAGE M13,1771291812.7418733,0x18FF00F7,1,1.25 V
ACT_DCBUSPOWER M13,1771291812.7418733,0x18FF00F7,1,0.00 kw
ACT_DEVICETEMPERATURE M13,1771291812.7418733,0x18FF00F7,1,26.00 °C
ACT_INVERTERSTATUS A13,1771291812.7472496,0x18FF01F7,1,0 state
ACT_INVERTERREADY A13,1771291812.7472496,0x18FF01F7,1,0 state
ACT_ERRORSTATUS A13,1771291812.7472496,0x18FF01F7,1,0 state
ACT_SPEED A13,1771291812.7472496,0x18FF01F7,1,0.00 rpm
ACT_TORQUE A13,1771291812.7472496,0x18FF01F7,1,0.00 Nm
ACT_POWER A13,1771291812.7472496,0x18FF01F7,1,0.00 kw
ACT_MOTORTEMPERATURE A13,1771291812.7472496,0x18FF01F7,1,27.00 °C
ACT_INVERTERSTATUS B13,1771291812.751684,0x18FF02F7,1,0 state
ACT_INVERTERREADY B13,1771291812.751684,0x18FF02F7,1,0 state
ACT_ERRORSTATUS B13,1771291812.751684,0x18FF02F7,1,0 state
ACT_SPEED B13,1771291812.751684,0x18FF02F7,1,0.00 rpm
ACT_TORQUE B13,1771291812.751684,0x18FF02F7,1,0.00 Nm
ACT_POWER B13,1771291812.751684,0x18FF02F7,1,0.00 kw
ACT_MOTORTEMPERATURE B13,1771291812.751684,0x18FF02F7,1,28.00 °C
DEVICESTATE M13,1771291812.841839,0x18FF00F7,1,0 state
ERRORLAMP M13,1771291812.841839,0x18FF00F7,1,0 state
DEVICENUMBER M13,1771291812.841839,0x18FF00F7,1,14 state
CLAMP15_STATUS M13,1771291812.841839,0x18FF00F7,1,1 state
PRECHARGED M13,1771291812.841839,0x18FF00F7,1,1 state
STATUS_ BIT_FLEX_IN_OUT_SIGNAL1 M13,1771291812.841839,0x18FF00F7,1,3 state
STATUS_ BIT_FLEX_IN_OUT_SIGNAL2 M13,1771291812.841839,0x18FF00F7,1,3 state
ERROR CODE  M13,1771291812.841839,0x18FF00F7,1,0 state
ACT_DCBUSVOLTAGE M13,1771291812.841839,0x18FF00F7,1,1.25 V
ACT_DCBUSPOWER M13,1771291812.841839,0x18FF00F7,1,0.00 kw
ACT_DEVICETEMPERATURE M13,1771291812.841839,0x18FF00F7,1,26.00 °C
ACT_INVERTERSTATUS A13,1771291812.8469658,0x18FF01F7,1,0 state
ACT_INVERTERREADY A13,1771291812.8469658,0x18FF01F7,1,0 state
ACT_ERRORSTATUS A13,1771291812.8469658,0x18FF01F7,1,0 state
ACT_SPEED A13,1771291812.8469658,0x18FF01F7,1,0.00 rpm
ACT_TORQUE A13,1771291812.8469658,0x18FF01F7,1,0.00 Nm
ACT_POWER A13,1771291812.8469658,0x18FF01F7,1,0.00 kw
ACT_MOTORTEMPERATURE A13,1771291812.8469658,0x18FF01F7,1,27.00 °C
ACT_INVERTERSTATUS B13,1771291812.85163,0x18FF02F7,1,0 state
ACT_INVERTERREADY B13,1771291812.85163,0x18FF02F7,1,0 state
ACT_ERRORSTATUS B13,1771291812.85163,0x18FF02F7,1,0 state
ACT_SPEED B13,1771291812.85163,0x18FF02F7,1,0.00 rpm
ACT_TORQUE B13,1771291812.85163,0x18FF02F7,1,0.00 Nm
ACT_POWER B13,1771291812.85163,0x18FF02F7,1,0.00 kw
ACT_MOTORTEMPERATURE B13,1771291812.85163,0x18FF02F7,1,28.00 °C
DEVICESTATE M13,1771291812.9418101,0x18FF00F7,1,0 state
ERRORLAMP M13,1771291812.9418101,0x18FF00F7,1,0 state
DEVICENUMBER M13,1771291812.9418101,0x18FF00F7,1,14 state
CLAMP15_STATUS M13,1771291812.9418101,0x18FF00F7,1,1 state
PRECHARGED M13,1771291812.9418101,0x18FF00F7,1,1 state
STATUS_ BIT_FLEX_IN_OUT_SIGNAL1 M13,1771291812.9418101,0x18FF00F7,1,3 state
STATUS_ BIT_FLEX_IN_OUT_SIGNAL2 M13,1771291812.9418101,0x18FF00F7,1,3 state
ERROR CODE  M13,1771291812.9418101,0x18FF00F7,1,0 state
ACT_DCBUSVOLTAGE M13,1771291812.9418101,0x18FF00F7,1,1.25 V
ACT_DCBUSPOWER M13,1771291812.9418101,0x18FF00F7,1,0.00 kw
ACT_DEVICETEMPERATURE M13,1771291812.9418101,0x18FF00F7,1,26.00 °C
ACT_INVERTERSTATUS A13,1771291812.9470453,0x18FF01F7,1,0 state
ACT_INVERTERREADY A13,1771291812.9470453,0x18FF01F7,1,0 state
ACT_ERRORSTATUS A13,1771291812.9470453,0x18FF01F7,1,0 state
ACT_SPEED A13,1771291812.9470453,0x18FF01F7,1,0.00 rpm
ACT_TORQUE A13,1771291812.9470453,0x18FF01F7,1,0.00 Nm
ACT_POWER A13,1771291812.9470453,0x18FF01F7,1,0.00 kw
ACT_MOTORTEMPERATURE A13,1771291812.9470453,0x18FF01F7,1,27.00 °C
ACT_INVERTERSTATUS B13,1771291812.9517841,0x18FF02F7,1,0 state
ACT_INVERTERREADY B13,1771291812.9517841,0x18FF02F7,1,0 state
ACT_ERRORSTATUS B13,1771291812.9517841,0x18FF02F7,1,0 state
ACT_SPEED B13,1771291812.9517841,0x18FF02F7,1,0.00 rpm
ACT_TORQUE B13,1771291812.9517841,0x18FF02F7,1,0.00 Nm
ACT_POWER B13,1771291812.9517841,0x18FF02F7,1,0.00 kw
ACT_MOTORTEMPERATURE B13,1771291812.9517841,0x18FF02F7,1,28.00 °C
DEVICESTATE M13,1771291813.041759,0x18FF00F7,1,0 state
ERRORLAMP M13,1771291813.041759,0x18FF00F7,1,0 state
DEVICENUMBER M13,1771291813.041759,0x18FF00F7,1,14 state
CLAMP15_STATUS M13,1771291813.041759,0x18FF00F7,1,1 state
PRECHARGED M13,1771291813.041759,0x18FF00F7,1,1 state
STATUS_ BIT_FLEX_IN_OUT_SIGNAL1 M13,1771291813.041759,0x18FF00F7,1,3 state
STATUS_ BIT_FLEX_IN_OUT_SIGNAL2 M13,1771291813.041759,0x18FF00F7,1,3 state
ERROR CODE  M13,1771291813.041759,0x18FF00F7,1,0 state
ACT_DCBUSVOLTAGE M13,1771291813.041759,0x18FF00F7,1,1.25 V
ACT_DCBUSPOWER M13,1771291813.041759,0x18FF00F7,1,0.00 kw
ACT_DEVICETEMPERATURE M13,1771291813.041759,0x18FF00F7,1,26.00 °C
ACT_INVERTERSTATUS A13,1771291813.046678,0x18FF01F7,1,0 state
ACT_INVERTERREADY A13,1771291813.046678,0x18FF01F7,1,0 state
ACT_ERRORSTATUS A13,1771291813.046678,0x18FF01F7,1,0 state
ACT_SPEED A13,1771291813.046678,0x18FF01F7,1,0.00 rpm
ACT_TORQUE A13,1771291813.046678,0x18FF01F7,1,0.00 Nm
ACT_POWER A13,1771291813.046678,0x18FF01F7,1,0.00 kw
ACT_MOTORTEMPERATURE A13,1771291813.046678,0x18FF01F7,1,27.00 °C
ACT_INVERTERSTATUS B13,1771291813.0516615,0x18FF02F7,1,0 state
ACT_INVERTERREADY B13,1771291813.0516615,0x18FF02F7,1,0 state
ACT_ERRORSTATUS B13,1771291813.0516615,0x18FF02F7,1,0 state
ACT_SPEED B13,1771291813.0516615,0x18FF02F7,1,0.00 rpm
ACT_TORQUE B13,1771291813.0516615,0x18FF02F7,1,0.00 Nm
ACT_POWER B13,1771291813.0516615,0x18FF02F7,1,0.00 kw
ACT_MOTORTEMPERATURE B13,1771291813.0516615,0x18FF02F7,1,28.00 °C
DEVICESTATE M13,1771291813.1417596,0x18FF00F7,1,0 state
ERRORLAMP M13,1771291813.1417596,0x18FF00F7,1,0 state
DEVICENUMBER M13,1771291813.1417596,0x18FF00F7,1,14 state
CLAMP15_STATUS M13,1771291813.1417596,0x18FF00F7,1,1 state
PRECHARGED M13,1771291813.1417596,0x18FF00F7,1,1 state
STATUS_ BIT_FLEX_IN_OUT_SIGNAL1 M13,1771291813.1417596,0x18FF00F7,1,3 state
STATUS_ BIT_FLEX_IN_OUT_SIGNAL2 M13,1771291813.1417596,0x18FF00F7,1,3 state
ERROR CODE  M13,1771291813.1417596,0x18FF00F7,1,0 state
ACT_DCBUSVOLTAGE M13,1771291813.1417596,0x18FF00F7,1,1.25 V
ACT_DCBUSPOWER M13,1771291813.1417596,0x18FF00F7,1,0.00 kw
ACT_DEVICETEMPERATURE M13,1771291813.1417596,0x18FF00F7,1,26.00 °C
ACT_INVERTERSTATUS A13,1771291813.146903,0x18FF01F7,1,0 state
ACT_INVERTERREADY A13,1771291813.146903,0x18FF01F7,1,0 state
ACT_ERRORSTATUS A13,1771291813.146903,0x18FF01F7,1,0 state
ACT_SPEED A13,1771291813.146903,0x18FF01F7,1,0.00 rpm
ACT_TORQUE A13,1771291813.146903,0x18FF01F7,1,0.00 Nm
ACT_POWER A13,1771291813.146903,0x18FF01F7,1,0.00 kw
ACT_MOTORTEMPERATURE A13,1771291813.146903,0x18FF01F7,1,27.00 °C
ACT_INVERTERSTATUS B13,1771291813.151621,0x18FF02F7,1,0 state
ACT_INVERTERREADY B13,1771291813.151621,0x18FF02F7,1,0 state
ACT_ERRORSTATUS B13,1771291813.151621,0x18FF02F7,1,0 state
ACT_SPEED B13,1771291813.151621,0x18FF02F7,1,0.00 rpm
ACT_TORQUE B13,1771291813.151621,0x18FF02F7,1,0.00 Nm
ACT_POWER B13,1771291813.151621,0x18FF02F7,1,0.00 kw
ACT_MOTORTEMPERATURE B13,1771291813.151621,0x18FF02F7,1,28.00 °C
DEVICESTATE M13,1771291813.241794,0x18FF00F7,1,0 state
ERRORLAMP M13,1771291813.241794,0x18FF00F7,1,0 state
DEVICENUMBER M13,1771291813.241794,0x18FF00F7,1,14 state
CLAMP15_STATUS M13,1771291813.241794,0x18FF00F7,1,1 state
PRECHARGED M13,1771291813.241794,0x18FF00F7,1,1 state
STATUS_ BIT_FLEX_IN_OUT_SIGNAL1 M13,1771291813.241794,0x18FF00F7,1,3 state
STATUS_ BIT_FLEX_IN_OUT_SIGNAL2 M13,1771291813.241794,0x18FF00F7,1,3 state
ERROR CODE  M13,1771291813.241794,0x18FF00F7,1,0 state
ACT_DCBUSVOLTAGE M13,1771291813.241794,0x18FF00F7,1,1.25 V
ACT_DCBUSPOWER M13,1771291813.241794,0x18FF00F7,1,0.00 kw
ACT_DEVICETEMPERATURE M13,1771291813.241794,0x18FF00F7,1,26.00 °C
ACT_INVERTERSTATUS A13,1771291813.2469141,0x18FF01F7,1,0 state
ACT_INVERTERREADY A13,1771291813.2469141,0x18FF01F7,1,0 state
ACT_ERRORSTATUS A13,1771291813.2469141,0x18FF01F7,1,0 state
ACT_SPEED A13,1771291813.2469141,0x18FF01F7,1,0.00 rpm
ACT_TORQUE A13,1771291813.2469141,0x18FF01F7,1,0.00 Nm
ACT_POWER A13,1771291813.2469141,0x18FF01F7,1,0.00 kw
ACT_MOTORTEMPERATURE A13,1771291813.2469141,0x18FF01F7,1,27.00 °C
ACT_INVERTERSTATUS B13,1771291813.251393,0x18FF02F7,1,0 state
ACT_INVERTERREADY B13,1771291813.251393,0x18FF02F7,1,0 state
ACT_ERRORSTATUS B13,1771291813.251393,0x18FF02F7,1,0 state
ACT_SPEED B13,1771291813.251393,0x18FF02F7,1,0.00 rpm
ACT_TORQUE B13,1771291813.251393,0x18FF02F7,1,0.00 Nm
ACT_POWER B13,1771291813.251393,0x18FF02F7,1,0.00 kw
ACT_MOTORTEMPERATURE B13,1771291813.251393,0x18FF02F7,1,28.00 °C
DEVICESTATE M13,1771291813.341793,0x18FF00F7,1,0 state
ERRORLAMP M13,1771291813.341793,0x18FF00F7,1,0 state
DEVICENUMBER M13,1771291813.341793,0x18FF00F7,1,14 state
CLAMP15_STATUS M13,1771291813.341793,0x18FF00F7,1,1 state
PRECHARGED M13,1771291813.341793,0x18FF00F7,1,1 state
STATUS_ BIT_FLEX_IN_OUT_SIGNAL1 M13,1771291813.341793,0x18FF00F7,1,3 state
STATUS_ BIT_FLEX_IN_OUT_SIGNAL2 M13,1771291813.341793,0x18FF00F7,1,3 state
ERROR CODE  M13,1771291813.341793,0x18FF00F7,1,0 state
ACT_DCBUSVOLTAGE M13,1771291813.341793,0x18FF00F7,1,1.25 V
ACT_DCBUSPOWER M13,1771291813.341793,0x18FF00F7,1,0.00 kw
ACT_DEVICETEMPERATURE M13,1771291813.341793,0x18FF00F7,1,26.00 °C
ACT_INVERTERSTATUS A13,1771291813.3469813,0x18FF01F7,1,0 state
ACT_INVERTERREADY A13,1771291813.3469813,0x18FF01F7,1,0 state
ACT_ERRORSTATUS A13,1771291813.3469813,0x18FF01F7,1,0 state
ACT_SPEED A13,1771291813.3469813,0x18FF01F7,1,0.00 rpm
ACT_TORQUE A13,1771291813.3469813,0x18FF01F7,1,0.00 Nm
ACT_POWER A13,1771291813.3469813,0x18FF01F7,1,0.00 kw
ACT_MOTORTEMPERATURE A13,1771291813.3469813,0x18FF01F7,1,27.00 °C
ACT_INVERTERSTATUS B13,1771291813.3517013,0x18FF02F7,1,0 state
ACT_INVERTERREADY B13,1771291813.3517013,0x18FF02F7,1,0 state
ACT_ERRORSTATUS B13,1771291813.3517013,0x18FF02F7,1,0 state
ACT_SPEED B13,1771291813.3517013,0x18FF02F7,1,0.00 rpm
ACT_TORQUE B13,1771291813.3517013,0x18FF02F7,1,0.00 Nm
ACT_POWER B13,1771291813.3517013,0x18FF02F7,1,0.00 kw
ACT_MOTORTEMPERATURE B13,1771291813.3517013,0x18FF02F7,1,28.00 °C
DEVICESTATE M13,1771291813.441777,0x18FF00F7,1,0 state
ERRORLAMP M13,1771291813.441777,0x18FF00F7,1,0 state
DEVICENUMBER M13,1771291813.441777,0x18FF00F7,1,14 state
CLAMP15_STATUS M13,1771291813.441777,0x18FF00F7,1,1 state
PRECHARGED M13,1771291813.441777,0x18FF00F7,1,1 state
STATUS_ BIT_FLEX_IN_OUT_SIGNAL1 M13,1771291813.441777,0x18FF00F7,1,3 state
STATUS_ BIT_FLEX_IN_OUT_SIGNAL2 M13,1771291813.441777,0x18FF00F7,1,3 state
ERROR CODE  M13,1771291813.441777,0x18FF00F7,1,0 state
ACT_DCBUSVOLTAGE M13,1771291813.441777,0x18FF00F7,1,1.25 V
ACT_DCBUSPOWER M13,1771291813.441777,0x18FF00F7,1,0.00 kw
ACT_DEVICETEMPERATURE M13,1771291813.441777,0x18FF00F7,1,26.00 °C
ACT_INVERTERSTATUS A13,1771291813.4469028,0x18FF01F7,1,0 state
ACT_INVERTERREADY A13,1771291813.4469028,0x18FF01F7,1,0 state
ACT_ERRORSTATUS A13,1771291813.4469028,0x18FF01F7,1,0 state
ACT_SPEED A13,1771291813.4469028,0x18FF01F7,1,0.00 rpm
ACT_TORQUE A13,1771291813.4469028,0x18FF01F7,1,0.00 Nm
ACT_POWER A13,1771291813.4469028,0x18FF01F7,1,0.00 kw
ACT_MOTORTEMPERATURE A13,1771291813.4469028,0x18FF01F7,1,27.00 °C
ACT_INVERTERSTATUS B13,1771291813.4516,0x18FF02F7,1,0 state
ACT_INVERTERREADY B13,1771291813.4516,0x18FF02F7,1,0 state
ACT_ERRORSTATUS B13,1771291813.4516,0x18FF02F7,1,0 state
ACT_SPEED B13,1771291813.4516,0x18FF02F7,1,0.00 rpm
ACT_TORQUE B13,1771291813.4516,0x18FF02F7,1,0.00 Nm
ACT_POWER B13,1771291813.4516,0x18FF02F7,1,0.00 kw
ACT_MOTORTEMPERATURE B13,1771291813.4516,0x18FF02F7,1,28.00 °C
DEVICESTATE M13,1771291813.5416644,0x18FF00F7,1,0 state
ERRORLAMP M13,1771291813.5416644,0x18FF00F7,1,0 state
DEVICENUMBER M13,1771291813.5416644,0x18FF00F7,1,14 state
CLAMP15_STATUS M13,1771291813.5416644,0x18FF00F7,1,1 state
PRECHARGED M13,1771291813.5416644,0x18FF00F7,1,1 state
STATUS_ BIT_FLEX_IN_OUT_SIGNAL1 M13,1771291813.5416644,0x18FF00F7,1,3 state
STATUS_ BIT_FLEX_IN_OUT_SIGNAL2 M13,1771291813.5416644,0x18FF00F7,1,3 state
ERROR CODE  M13,1771291813.5416644,0x18FF00F7,1,0 state
ACT_DCBUSVOLTAGE M13,1771291813.5416644,0x18FF00F7,1,1.25 V
ACT_DCBUSPOWER M13,1771291813.5416644,0x18FF00F7,1,0.00 kw
ACT_DEVICETEMPERATURE M13,1771291813.5416644,0x18FF00F7,1,26.00 °C
ACT_INVERTERSTATUS A13,1771291813.546909,0x18FF01F7,1,0 state
ACT_INVERTERREADY A13,1771291813.546909,0x18FF01F7,1,0 state
ACT_ERRORSTATUS A13,1771291813.546909,0x18FF01F7,1,0 state
ACT_SPEED A13,1771291813.546909,0x18FF01F7,1,0.00 rpm
ACT_TORQUE A13,1771291813.546909,0x18FF01F7,1,0.00 Nm
ACT_POWER A13,1771291813.546909,0x18FF01F7,1,0.00 kw
ACT_MOTORTEMPERATURE A13,1771291813.546909,0x18FF01F7,1,27.00 °C
ACT_INVERTERSTATUS B13,1771291813.5518038,0x18FF02F7,1,0 state
ACT_INVERTERREADY B13,1771291813.5518038,0x18FF02F7,1,0 state
ACT_ERRORSTATUS B13,1771291813.5518038,0x18FF02F7,1,0 state
ACT_SPEED B13,1771291813.5518038,0x18FF02F7,1,0.00 rpm
ACT_TORQUE B13,1771291813.5518038,0x18FF02F7,1,0.00 Nm
ACT_POWER B13,1771291813.5518038,0x18FF02F7,1,0.00 kw
ACT_MOTORTEMPERATURE B13,1771291813.5518038,0x18FF02F7,1,28.00 °C
DEVICESTATE M13,1771291813.6416903,0x18FF00F7,1,0 state
ERRORLAMP M13,1771291813.6416903,0x18FF00F7,1,0 state
DEVICENUMBER M13,1771291813.6416903,0x18FF00F7,1,14 state
CLAMP15_STATUS M13,1771291813.6416903,0x18FF00F7,1,1 state
PRECHARGED M13,1771291813.6416903,0x18FF00F7,1,1 state
STATUS_ BIT_FLEX_IN_OUT_SIGNAL1 M13,1771291813.6416903,0x18FF00F7,1,3 state
STATUS_ BIT_FLEX_IN_OUT_SIGNAL2 M13,1771291813.6416903,0x18FF00F7,1,3 state
ERROR CODE  M13,1771291813.6416903,0x18FF00F7,1,0 state
ACT_DCBUSVOLTAGE M13,1771291813.6416903,0x18FF00F7,1,1.25 V
ACT_DCBUSPOWER M13,1771291813.6416903,0x18FF00F7,1,0.00 kw
ACT_DEVICETEMPERATURE M13,1771291813.6416903,0x18FF00F7,1,26.00 °C
ACT_INVERTERSTATUS A13,1771291813.646911,0x18FF01F7,1,0 state
ACT_INVERTERREADY A13,1771291813.646911,0x18FF01F7,1,0 state
ACT_ERRORSTATUS A13,1771291813.646911,0x18FF01F7,1,0 state
ACT_SPEED A13,1771291813.646911,0x18FF01F7,1,0.00 rpm
ACT_TORQUE A13,1771291813.646911,0x18FF01F7,1,0.00 Nm
ACT_POWER A13,1771291813.646911,0x18FF01F7,1,0.00 kw
ACT_MOTORTEMPERATURE A13,1771291813.646911,0x18FF01F7,1,27.00 °C
ACT_INVERTERSTATUS B13,1771291813.6516783,0x18FF02F7,1,0 state
ACT_INVERTERREADY B13,1771291813.6516783,0x18FF02F7,1,0 state
ACT_ERRORSTATUS B13,1771291813.6516783,0x18FF02F7,1,0 state
ACT_SPEED B13,1771291813.6516783,0x18FF02F7,1,0.00 rpm
ACT_TORQUE B13,1771291813.6516783,0x18FF02F7,1,0.00 Nm
ACT_POWER B13,1771291813.6516783,0x18FF02F7,1,0.00 kw
ACT_MOTORTEMPERATURE B13,1771291813.6516783,0x18FF02F7,1,28.00 °C
DEVICESTATE M13,1771291813.7418823,0x18FF00F7,1,0 state
ERRORLAMP M13,1771291813.7418823,0x18FF00F7,1,0 state
DEVICENUMBER M13,1771291813.7418823,0x18FF00F7,1,14 state
CLAMP15_STATUS M13,1771291813.7418823,0x18FF00F7,1,1 state
PRECHARGED M13,1771291813.7418823,0x18FF00F7,1,1 state
STATUS_ BIT_FLEX_IN_OUT_SIGNAL1 M13,1771291813.7418823,0x18FF00F7,1,3 state
STATUS_ BIT_FLEX_IN_OUT_SIGNAL2 M13,1771291813.7418823,0x18FF00F7,1,3 state
ERROR CODE  M13,1771291813.7418823,0x18FF00F7,1,0 state
ACT_DCBUSVOLTAGE M13,1771291813.7418823,0x18FF00F7,1,1.25 V
ACT_DCBUSPOWER M13,1771291813.7418823,0x18FF00F7,1,0.00 kw
ACT_DEVICETEMPERATURE M13,1771291813.7418823,0x18FF00F7,1,26.00 °C
ACT_INVERTERSTATUS A13,1771291813.7467108,0x18FF01F7,1,0 state
ACT_INVERTERREADY A13,1771291813.7467108,0x18FF01F7,1,0 state
ACT_ERRORSTATUS A13,1771291813.7467108,0x18FF01F7,1,0 state
ACT_SPEED A13,1771291813.7467108,0x18FF01F7,1,0.00 rpm
ACT_TORQUE A13,1771291813.7467108,0x18FF01F7,1,0.00 Nm
ACT_POWER A13,1771291813.7467108,0x18FF01F7,1,0.00 kw
ACT_MOTORTEMPERATURE A13,1771291813.7467108,0x18FF01F7,1,27.00 °C
ACT_INVERTERSTATUS B13,1771291813.751556,0x18FF02F7,1,0 state
ACT_INVERTERREADY B13,1771291813.751556,0x18FF02F7,1,0 state
ACT_ERRORSTATUS B13,1771291813.751556,0x18FF02F7,1,0 state
ACT_SPEED B13,1771291813.751556,0x18FF02F7,1,0.00 rpm
ACT_TORQUE B13,1771291813.751556,0x18FF02F7,1,0.00 Nm
ACT_POWER B13,1771291813.751556,0x18FF02F7,1,0.00 kw
ACT_MOTORTEMPERATURE B13,1771291813.751556,0x18FF02F7,1,28.00 °C
DEVICESTATE M13,1771291813.8419514,0x18FF00F7,1,0 state
ERRORLAMP M13,1771291813.8419514,0x18FF00F7,1,0 state
DEVICENUMBER M13,1771291813.8419514,0x18FF00F7,1,14 state
CLAMP15_STATUS M13,1771291813.8419514,0x18FF00F7,1,1 state
PRECHARGED M13,1771291813.8419514,0x18FF00F7,1,1 state
STATUS_ BIT_FLEX_IN_OUT_SIGNAL1 M13,1771291813.8419514,0x18FF00F7,1,3 state
STATUS_ BIT_FLEX_IN_OUT_SIGNAL2 M13,1771291813.8419514,0x18FF00F7,1,3 state
ERROR CODE  M13,1771291813.8419514,0x18FF00F7,1,0 state
ACT_DCBUSVOLTAGE M13,1771291813.8419514,0x18FF00F7,1,1.25 V
ACT_DCBUSPOWER M13,1771291813.8419514,0x18FF00F7,1,0.00 kw
ACT_DEVICETEMPERATURE M13,1771291813.8419514,0x18FF00F7,1,26.00 °C
ACT_INVERTERSTATUS A13,1771291813.8465037,0x18FF01F7,1,0 state
ACT_INVERTERREADY A13,1771291813.8465037,0x18FF01F7,1,0 state
ACT_ERRORSTATUS A13,1771291813.8465037,0x18FF01F7,1,0 state
ACT_SPEED A13,1771291813.8465037,0x18FF01F7,1,0.00 rpm
ACT_TORQUE A13,1771291813.8465037,0x18FF01F7,1,0.00 Nm
ACT_POWER A13,1771291813.8465037,0x18FF01F7,1,0.00 kw
ACT_MOTORTEMPERATURE A13,1771291813.8465037,0x18FF01F7,1,27.00 °C
ACT_INVERTERSTATUS B13,1771291813.8514607,0x18FF02F7,1,0 state
ACT_INVERTERREADY B13,1771291813.8514607,0x18FF02F7,1,0 state
ACT_ERRORSTATUS B13,1771291813.8514607,0x18FF02F7,1,0 state
ACT_SPEED B13,1771291813.8514607,0x18FF02F7,1,0.00 rpm
ACT_TORQUE B13,1771291813.8514607,0x18FF02F7,1,0.00 Nm
ACT_POWER B13,1771291813.8514607,0x18FF02F7,1,0.00 kw
ACT_MOTORTEMPERATURE B13,1771291813.8514607,0x18FF02F7,1,28.00 °C
DEVICESTATE M13,1771291813.9418266,0x18FF00F7,1,0 state
ERRORLAMP M13,1771291813.9418266,0x18FF00F7,1,0 state
DEVICENUMBER M13,1771291813.9418266,0x18FF00F7,1,14 state
CLAMP15_STATUS M13,1771291813.9418266,0x18FF00F7,1,1 state
PRECHARGED M13,1771291813.9418266,0x18FF00F7,1,1 state
STATUS_ BIT_FLEX_IN_OUT_SIGNAL1 M13,1771291813.9418266,0x18FF00F7,1,3 state
STATUS_ BIT_FLEX_IN_OUT_SIGNAL2 M13,1771291813.9418266,0x18FF00F7,1,3 state
ERROR CODE  M13,1771291813.9418266,0x18FF00F7,1,0 state
ACT_DCBUSVOLTAGE M13,1771291813.9418266,0x18FF00F7,1,1.25 V
ACT_DCBUSPOWER M13,1771291813.9418266,0x18FF00F7,1,0.00 kw
ACT_DEVICETEMPERATURE M13,1771291813.9418266,0x18FF00F7,1,26.00 °C
ACT_INVERTERSTATUS A13,1771291813.9469442,0x18FF01F7,1,0 state
ACT_INVERTERREADY A13,1771291813.9469442,0x18FF01F7,1,0 state
ACT_ERRORSTATUS A13,1771291813.9469442,0x18FF01F7,1,0 state
ACT_SPEED A13,1771291813.9469442,0x18FF01F7,1,0.00 rpm
ACT_TORQUE A13,1771291813.9469442,0x18FF01F7,1,0.00 Nm
ACT_POWER A13,1771291813.9469442,0x18FF01F7,1,0.00 kw
ACT_MOTORTEMPERATURE A13,1771291813.9469442,0x18FF01F7,1,27.00 °C
ACT_INVERTERSTATUS B13,1771291813.9518075,0x18FF02F7,1,0 state
ACT_INVERTERREADY B13,1771291813.9518075,0x18FF02F7,1,0 state
ACT_ERRORSTATUS B13,1771291813.9518075,0x18FF02F7,1,0 state
ACT_SPEED B13,1771291813.9518075,0x18FF02F7,1,0.00 rpm
ACT_TORQUE B13,1771291813.9518075,0x18FF02F7,1,0.00 Nm
ACT_POWER B13,1771291813.9518075,0x18FF02F7,1,0.00 kw
ACT_MOTORTEMPERATURE B13,1771291813.9518075,0x18FF02F7,1,28.00 °C
DEVICESTATE M13,1771291814.0415993,0x18FF00F7,1,0 state
ERRORLAMP M13,1771291814.0415993,0x18FF00F7,1,0 state
DEVICENUMBER M13,1771291814.0415993,0x18FF00F7,1,14 state
CLAMP15_STATUS M13,1771291814.0415993,0x18FF00F7,1,1 state
PRECHARGED M13,1771291814.0415993,0x18FF00F7,1,1 state
STATUS_ BIT_FLEX_IN_OUT_SIGNAL1 M13,1771291814.0415993,0x18FF00F7,1,3 state
STATUS_ BIT_FLEX_IN_OUT_SIGNAL2 M13,1771291814.0415993,0x18FF00F7,1,3 state
ERROR CODE  M13,1771291814.0415993,0x18FF00F7,1,0 state
ACT_DCBUSVOLTAGE M13,1771291814.0415993,0x18FF00F7,1,1.25 V
ACT_DCBUSPOWER M13,1771291814.0415993,0x18FF00F7,1,0.00 kw
ACT_DEVICETEMPERATURE M13,1771291814.0415993,0x18FF00F7,1,26.00 °C
ACT_INVERTERSTATUS A13,1771291814.0465767,0x18FF01F7,1,0 state
ACT_INVERTERREADY A13,1771291814.0465767,0x18FF01F7,1,0 state
ACT_ERRORSTATUS A13,1771291814.0465767,0x18FF01F7,1,0 state
ACT_SPEED A13,1771291814.0465767,0x18FF01F7,1,0.00 rpm
ACT_TORQUE A13,1771291814.0465767,0x18FF01F7,1,0.00 Nm
ACT_POWER A13,1771291814.0465767,0x18FF01F7,1,0.00 kw
ACT_MOTORTEMPERATURE A13,1771291814.0465767,0x18FF01F7,1,27.00 °C
ACT_INVERTERSTATUS B13,1771291814.0515454,0x18FF02F7,1,0 state
ACT_INVERTERREADY B13,1771291814.0515454,0x18FF02F7,1,0 state
ACT_ERRORSTATUS B13,1771291814.0515454,0x18FF02F7,1,0 state
ACT_SPEED B13,1771291814.0515454,0x18FF02F7,1,0.00 rpm
ACT_TORQUE B13,1771291814.0515454,0x18FF02F7,1,0.00 Nm
ACT_POWER B13,1771291814.0515454,0x18FF02F7,1,0.00 kw
ACT_MOTORTEMPERATURE B13,1771291814.0515454,0x18FF02F7,1,28.00 °C
DEVICESTATE M13,1771291814.1419241,0x18FF00F7,1,0 state
ERRORLAMP M13,1771291814.1419241,0x18FF00F7,1,0 state
DEVICENUMBER M13,1771291814.1419241,0x18FF00F7,1,14 state
CLAMP15_STATUS M13,1771291814.1419241,0x18FF00F7,1,1 state
PRECHARGED M13,1771291814.1419241,0x18FF00F7,1,1 state
STATUS_ BIT_FLEX_IN_OUT_SIGNAL1 M13,1771291814.1419241,0x18FF00F7,1,3 state
STATUS_ BIT_FLEX_IN_OUT_SIGNAL2 M13,1771291814.1419241,0x18FF00F7,1,3 state
ERROR CODE  M13,1771291814.1419241,0x18FF00F7,1,0 state
ACT_DCBUSVOLTAGE M13,1771291814.1419241,0x18FF00F7,1,1.25 V
ACT_DCBUSPOWER M13,1771291814.1419241,0x18FF00F7,1,0.00 kw
ACT_DEVICETEMPERATURE M13,1771291814.1419241,0x18FF00F7,1,26.00 °C
ACT_INVERTERSTATUS A13,1771291814.1468973,0x18FF01F7,1,0 state
ACT_INVERTERREADY A13,1771291814.1468973,0x18FF01F7,1,0 state
ACT_ERRORSTATUS A13,1771291814.1468973,0x18FF01F7,1,0 state
ACT_SPEED A13,1771291814.1468973,0x18FF01F7,1,0.00 rpm
ACT_TORQUE A13,1771291814.1468973,0x18FF01F7,1,0.00 Nm
ACT_POWER A13,1771291814.1468973,0x18FF01F7,1,0.00 kw
ACT_MOTORTEMPERATURE A13,1771291814.1468973,0x18FF01F7,1,27.00 °C
ACT_INVERTERSTATUS B13,1771291814.1514347,0x18FF02F7,1,0 state
ACT_INVERTERREADY B13,1771291814.1514347,0x18FF02F7,1,0 state
ACT_ERRORSTATUS B13,1771291814.1514347,0x18FF02F7,1,0 state
ACT_SPEED B13,1771291814.1514347,0x18FF02F7,1,0.00 rpm
ACT_TORQUE B13,1771291814.1514347,0x18FF02F7,1,0.00 Nm
ACT_POWER B13,1771291814.1514347,0x18FF02F7,1,0.00 kw
ACT_MOTORTEMPERATURE B13,1771291814.1514347,0x18FF02F7,1,28.00 °C
DEVICESTATE M13,1771291814.241996,0x18FF00F7,1,0 state
ERRORLAMP M13,1771291814.241996,0x18FF00F7,1,0 state
DEVICENUMBER M13,1771291814.241996,0x18FF00F7,1,14 state
CLAMP15_STATUS M13,1771291814.241996,0x18FF00F7,1,1 state
PRECHARGED M13,1771291814.241996,0x18FF00F7,1,1 state
STATUS_ BIT_FLEX_IN_OUT_SIGNAL1 M13,1771291814.241996,0x18FF00F7,1,3 state
STATUS_ BIT_FLEX_IN_OUT_SIGNAL2 M13,1771291814.241996,0x18FF00F7,1,3 state
ERROR CODE  M13,1771291814.241996,0x18FF00F7,1,0 state
ACT_DCBUSVOLTAGE M13,1771291814.241996,0x18FF00F7,1,1.25 V
ACT_DCBUSPOWER M13,1771291814.241996,0x18FF00F7,1,0.00 kw
ACT_DEVICETEMPERATURE M13,1771291814.241996,0x18FF00F7,1,26.00 °C
ACT_INVERTERSTATUS A13,1771291814.2464633,0x18FF01F7,1,0 state
ACT_INVERTERREADY A13,1771291814.2464633,0x18FF01F7,1,0 state
ACT_ERRORSTATUS A13,1771291814.2464633,0x18FF01F7,1,0 state
ACT_SPEED A13,1771291814.2464633,0x18FF01F7,1,0.00 rpm
ACT_TORQUE A13,1771291814.2464633,0x18FF01F7,1,0.00 Nm
ACT_POWER A13,1771291814.2464633,0x18FF01F7,1,0.00 kw
ACT_MOTORTEMPERATURE A13,1771291814.2464633,0x18FF01F7,1,27.00 °C
ACT_INVERTERSTATUS B13,1771291814.2515984,0x18FF02F7,1,0 state
ACT_INVERTERREADY B13,1771291814.2515984,0x18FF02F7,1,0 state
ACT_ERRORSTATUS B13,1771291814.2515984,0x18FF02F7,1,0 state
ACT_SPEED B13,1771291814.2515984,0x18FF02F7,1,0.00 rpm
ACT_TORQUE B13,1771291814.2515984,0x18FF02F7,1,0.00 Nm
ACT_POWER B13,1771291814.2515984,0x18FF02F7,1,0.00 kw
ACT_MOTORTEMPERATURE B13,1771291814.2515984,0x18FF02F7,1,28.00 °C
DEVICESTATE M13,1771291814.3415792,0x18FF00F7,1,0 state
ERRORLAMP M13,1771291814.3415792,0x18FF00F7,1,0 state
DEVICENUMBER M13,1771291814.3415792,0x18FF00F7,1,14 state
CLAMP15_STATUS M13,1771291814.3415792,0x18FF00F7,1,1 state
PRECHARGED M13,1771291814.3415792,0x18FF00F7,1,1 state
STATUS_ BIT_FLEX_IN_OUT_SIGNAL1 M13,1771291814.3415792,0x18FF00F7,1,3 state
STATUS_ BIT_FLEX_IN_OUT_SIGNAL2 M13,1771291814.3415792,0x18FF00F7,1,3 state
ERROR CODE  M13,1771291814.3415792,0x18FF00F7,1,0 state
ACT_DCBUSVOLTAGE M13,1771291814.3415792,0x18FF00F7,1,1.25 V
ACT_DCBUSPOWER M13,1771291814.3415792,0x18FF00F7,1,0.00 kw
ACT_DEVICETEMPERATURE M13,1771291814.3415792,0x18FF00F7,1,26.00 °C
ACT_INVERTERSTATUS A13,1771291814.3466215,0x18FF01F7,1,0 state
ACT_INVERTERREADY A13,1771291814.3466215,0x18FF01F7,1,0 state
ACT_ERRORSTATUS A13,1771291814.3466215,0x18FF01F7,1,0 state
ACT_SPEED A13,1771291814.3466215,0x18FF01F7,1,0.00 rpm
ACT_TORQUE A13,1771291814.3466215,0x18FF01F7,1,0.00 Nm
ACT_POWER A13,1771291814.3466215,0x18FF01F7,1,0.00 kw
ACT_MOTORTEMPERATURE A13,1771291814.3466215,0x18FF01F7,1,27.00 °C
ACT_INVERTERSTATUS B13,1771291814.3515353,0x18FF02F7,1,0 state
ACT_INVERTERREADY B13,1771291814.3515353,0x18FF02F7,1,0 state
ACT_ERRORSTATUS B13,1771291814.3515353,0x18FF02F7,1,0 state
ACT_SPEED B13,1771291814.3515353,0x18FF02F7,1,0.00 rpm
ACT_TORQUE B13,1771291814.3515353,0x18FF02F7,1,0.00 Nm
ACT_POWER B13,1771291814.3515353,0x18FF02F7,1,0.00 kw
ACT_MOTORTEMPERATURE B13,1771291814.3515353,0x18FF02F7,1,28.00 °C
DEVICESTATE M13,1771291814.4421902,0x18FF00F7,1,0 state
ERRORLAMP M13,1771291814.4421902,0x18FF00F7,1,0 state
DEVICENUMBER M13,1771291814.4421902,0x18FF00F7,1,14 state
CLAMP15_STATUS M13,1771291814.4421902,0x18FF00F7,1,1 state
PRECHARGED M13,1771291814.4421902,0x18FF00F7,1,1 state
STATUS_ BIT_FLEX_IN_OUT_SIGNAL1 M13,1771291814.4421902,0x18FF00F7,1,3 state
STATUS_ BIT_FLEX_IN_OUT_SIGNAL2 M13,1771291814.4421902,0x18FF00F7,1,3 state
ERROR CODE  M13,1771291814.4421902,0x18FF00F7,1,0 state
ACT_DCBUSVOLTAGE M13,1771291814.4421902,0x18FF00F7,1,1.25 V
ACT_DCBUSPOWER M13,1771291814.4421902,0x18FF00F7,1,0.00 kw
ACT_DEVICETEMPERATURE M13,1771291814.4421902,0x18FF00F7,1,26.00 °C
ACT_INVERTERSTATUS A13,1771291814.446681,0x18FF01F7,1,0 state
ACT_INVERTERREADY A13,1771291814.446681,0x18FF01F7,1,0 state
ACT_ERRORSTATUS A13,1771291814.446681,0x18FF01F7,1,0 state
ACT_SPEED A13,1771291814.446681,0x18FF01F7,1,0.00 rpm
ACT_TORQUE A13,1771291814.446681,0x18FF01F7,1,0.00 Nm
ACT_POWER A13,1771291814.446681,0x18FF01F7,1,0.00 kw
ACT_MOTORTEMPERATURE A13,1771291814.446681,0x18FF01F7,1,27.00 °C
ACT_INVERTERSTATUS B13,1771291814.4516442,0x18FF02F7,1,0 state
ACT_INVERTERREADY B13,1771291814.4516442,0x18FF02F7,1,0 state
ACT_ERRORSTATUS B13,1771291814.4516442,0x18FF02F7,1,0 state
ACT_SPEED B13,1771291814.4516442,0x18FF02F7,1,0.00 rpm
ACT_TORQUE B13,1771291814.4516442,0x18FF02F7,1,0.00 Nm
ACT_POWER B13,1771291814.4516442,0x18FF02F7,1,0.00 kw
ACT_MOTORTEMPERATURE B13,1771291814.4516442,0x18FF02F7,1,28.00 °C
DEVICESTATE M13,1771291814.5418131,0x18FF00F7,1,0 state
ERRORLAMP M13,1771291814.5418131,0x18FF00F7,1,0 state
DEVICENUMBER M13,1771291814.5418131,0x18FF00F7,1,14 state
CLAMP15_STATUS M13,1771291814.5418131,0x18FF00F7,1,1 state
PRECHARGED M13,1771291814.5418131,0x18FF00F7,1,1 state
STATUS_ BIT_FLEX_IN_OUT_SIGNAL1 M13,1771291814.5418131,0x18FF00F7,1,3 state
STATUS_ BIT_FLEX_IN_OUT_SIGNAL2 M13,1771291814.5418131,0x18FF00F7,1,3 state
ERROR CODE  M13,1771291814.5418131,0x18FF00F7,1,0 state
ACT_DCBUSVOLTAGE M13,1771291814.5418131,0x18FF00F7,1,1.25 V
ACT_DCBUSPOWER M13,1771291814.5418131,0x18FF00F7,1,0.00 kw
ACT_DEVICETEMPERATURE M13,1771291814.5418131,0x18FF00F7,1,26.00 °C
ACT_INVERTERSTATUS A13,1771291814.5465043,0x18FF01F7,1,0 state
ACT_INVERTERREADY A13,1771291814.5465043,0x18FF01F7,1,0 state
ACT_ERRORSTATUS A13,1771291814.5465043,0x18FF01F7,1,0 state
ACT_SPEED A13,1771291814.5465043,0x18FF01F7,1,0.00 rpm
ACT_TORQUE A13,1771291814.5465043,0x18FF01F7,1,0.00 Nm
ACT_POWER A13,1771291814.5465043,0x18FF01F7,1,0.00 kw
ACT_MOTORTEMPERATURE A13,1771291814.5465043,0x18FF01F7,1,27.00 °C
ACT_INVERTERSTATUS B13,1771291814.5514839,0x18FF02F7,1,0 state
ACT_INVERTERREADY B13,1771291814.5514839,0x18FF02F7,1,0 state
ACT_ERRORSTATUS B13,1771291814.5514839,0x18FF02F7,1,0 state
ACT_SPEED B13,1771291814.5514839,0x18FF02F7,1,0.00 rpm
ACT_TORQUE B13,1771291814.5514839,0x18FF02F7,1,0.00 Nm
ACT_POWER B13,1771291814.5514839,0x18FF02F7,1,0.00 kw
ACT_MOTORTEMPERATURE B13,1771291814.5514839,0x18FF02F7,1,28.00 °C
DEVICESTATE M13,1771291814.641602,0x18FF00F7,1,0 state
ERRORLAMP M13,1771291814.641602,0x18FF00F7,1,0 state
DEVICENUMBER M13,1771291814.641602,0x18FF00F7,1,14 state
CLAMP15_STATUS M13,1771291814.641602,0x18FF00F7,1,1 state
PRECHARGED M13,1771291814.641602,0x18FF00F7,1,1 state
STATUS_ BIT_FLEX_IN_OUT_SIGNAL1 M13,1771291814.641602,0x18FF00F7,1,3 state
STATUS_ BIT_FLEX_IN_OUT_SIGNAL2 M13,1771291814.641602,0x18FF00F7,1,3 state
ERROR CODE  M13,1771291814.641602,0x18FF00F7,1,0 state
ACT_DCBUSVOLTAGE M13,1771291814.641602,0x18FF00F7,1,1.25 V
ACT_DCBUSPOWER M13,1771291814.641602,0x18FF00F7,1,0.00 kw
ACT_DEVICETEMPERATURE M13,1771291814.641602,0x18FF00F7,1,26.00 °C
ACT_INVERTERSTATUS A13,1771291814.6466706,0x18FF01F7,1,0 state
ACT_INVERTERREADY A13,1771291814.6466706,0x18FF01F7,1,0 state
ACT_ERRORSTATUS A13,1771291814.6466706,0x18FF01F7,1,0 state
ACT_SPEED A13,1771291814.6466706,0x18FF01F7,1,0.00 rpm
ACT_TORQUE A13,1771291814.6466706,0x18FF01F7,1,0.00 Nm
ACT_POWER A13,1771291814.6466706,0x18FF01F7,1,0.00 kw
ACT_MOTORTEMPERATURE A13,1771291814.6466706,0x18FF01F7,1,27.00 °C
ACT_INVERTERSTATUS B13,1771291814.6516347,0x18FF02F7,1,0 state
ACT_INVERTERREADY B13,1771291814.6516347,0x18FF02F7,1,0 state
ACT_ERRORSTATUS B13,1771291814.6516347,0x18FF02F7,1,0 state
ACT_SPEED B13,1771291814.6516347,0x18FF02F7,1,0.00 rpm
ACT_TORQUE B13,1771291814.6516347,0x18FF02F7,1,0.00 Nm
ACT_POWER B13,1771291814.6516347,0x18FF02F7,1,0.00 kw
ACT_MOTORTEMPERATURE B13,1771291814.6516347,0x18FF02F7,1,28.00 °C
DEVICESTATE M13,1771291814.741993,0x18FF00F7,1,0 state
ERRORLAMP M13,1771291814.741993,0x18FF00F7,1,0 state
DEVICENUMBER M13,1771291814.741993,0x18FF00F7,1,14 state
CLAMP15_STATUS M13,1771291814.741993,0x18FF00F7,1,1 state
PRECHARGED M13,1771291814.741993,0x18FF00F7,1,1 state
STATUS_ BIT_FLEX_IN_OUT_SIGNAL1 M13,1771291814.741993,0x18FF00F7,1,3 state
STATUS_ BIT_FLEX_IN_OUT_SIGNAL2 M13,1771291814.741993,0x18FF00F7,1,3 state
ERROR CODE  M13,1771291814.741993,0x18FF00F7,1,0 state
ACT_DCBUSVOLTAGE M13,1771291814.741993,0x18FF00F7,1,1.25 V
ACT_DCBUSPOWER M13,1771291814.741993,0x18FF00F7,1,0.00 kw
ACT_DEVICETEMPERATURE M13,1771291814.741993,0x18FF00F7,1,26.00 °C
ACT_INVERTERSTATUS A13,1771291814.746379,0x18FF01F7,1,0 state
ACT_INVERTERREADY A13,1771291814.746379,0x18FF01F7,1,0 state
ACT_ERRORSTATUS A13,1771291814.746379,0x18FF01F7,1,0 state
ACT_SPEED A13,1771291814.746379,0x18FF01F7,1,0.00 rpm
ACT_TORQUE A13,1771291814.746379,0x18FF01F7,1,0.00 Nm
ACT_POWER A13,1771291814.746379,0x18FF01F7,1,0.00 kw
ACT_MOTORTEMPERATURE A13,1771291814.746379,0x18FF01F7,1,26.00 °C
ACT_INVERTERSTATUS B13,1771291814.7514427,0x18FF02F7,1,0 state
ACT_INVERTERREADY B13,1771291814.7514427,0x18FF02F7,1,0 state
ACT_ERRORSTATUS B13,1771291814.7514427,0x18FF02F7,1,0 state
ACT_SPEED B13,1771291814.7514427,0x18FF02F7,1,0.00 rpm
ACT_TORQUE B13,1771291814.7514427,0x18FF02F7,1,0.00 Nm
ACT_POWER B13,1771291814.7514427,0x18FF02F7,1,0.00 kw
ACT_MOTORTEMPERATURE B13,1771291814.7514427,0x18FF02F7,1,28.00 °C
DEVICESTATE M13,1771291814.8414903,0x18FF00F7,1,0 state
ERRORLAMP M13,1771291814.8414903,0x18FF00F7,1,0 state
DEVICENUMBER M13,1771291814.8414903,0x18FF00F7,1,14 state
CLAMP15_STATUS M13,1771291814.8414903,0x18FF00F7,1,1 state
PRECHARGED M13,1771291814.8414903,0x18FF00F7,1,1 state
STATUS_ BIT_FLEX_IN_OUT_SIGNAL1 M13,1771291814.8414903,0x18FF00F7,1,3 state
STATUS_ BIT_FLEX_IN_OUT_SIGNAL2 M13,1771291814.8414903,0x18FF00F7,1,3 state
ERROR CODE  M13,1771291814.8414903,0x18FF00F7,1,0 state
ACT_DCBUSVOLTAGE M13,1771291814.8414903,0x18FF00F7,1,1.25 V
ACT_DCBUSPOWER M13,1771291814.8414903,0x18FF00F7,1,0.00 kw
ACT_DEVICETEMPERATURE M13,1771291814.8414903,0x18FF00F7,1,26.00 °C
ACT_INVERTERSTATUS A13,1771291814.846627,0x18FF01F7,1,0 state
ACT_INVERTERREADY A13,1771291814.846627,0x18FF01F7,1,0 state
ACT_ERRORSTATUS A13,1771291814.846627,0x18FF01F7,1,0 state
ACT_SPEED A13,1771291814.846627,0x18FF01F7,1,0.00 rpm
ACT_TORQUE A13,1771291814.846627,0x18FF01F7,1,0.00 Nm
ACT_POWER A13,1771291814.846627,0x18FF01F7,1,0.00 kw
ACT_MOTORTEMPERATURE A13,1771291814.846627,0x18FF01F7,1,27.00 °C
ACT_INVERTERSTATUS B13,1771291814.8516796,0x18FF02F7,1,0 state
ACT_INVERTERREADY B13,1771291814.8516796,0x18FF02F7,1,0 state
ACT_ERRORSTATUS B13,1771291814.8516796,0x18FF02F7,1,0 state
ACT_SPEED B13,1771291814.8516796,0x18FF02F7,1,0.00 rpm
ACT_TORQUE B13,1771291814.8516796,0x18FF02F7,1,0.00 Nm
ACT_POWER B13,1771291814.8516796,0x18FF02F7,1,0.00 kw
ACT_MOTORTEMPERATURE B13,1771291814.8516796,0x18FF02F7,1,28.00 °C
DEVICESTATE M13,1771291814.9416747,0x18FF00F7,1,0 state
ERRORLAMP M13,1771291814.9416747,0x18FF00F7,1,0 state
DEVICENUMBER M13,1771291814.9416747,0x18FF00F7,1,14 state
CLAMP15_STATUS M13,1771291814.9416747,0x18FF00F7,1,1 state
PRECHARGED M13,1771291814.9416747,0x18FF00F7,1,1 state
STATUS_ BIT_FLEX_IN_OUT_SIGNAL1 M13,1771291814.9416747,0x18FF00F7,1,3 state
STATUS_ BIT_FLEX_IN_OUT_SIGNAL2 M13,1771291814.9416747,0x18FF00F7,1,3 state
ERROR CODE  M13,1771291814.9416747,0x18FF00F7,1,0 state
ACT_DCBUSVOLTAGE M13,1771291814.9416747,0x18FF00F7,1,1.25 V
ACT_DCBUSPOWER M13,1771291814.9416747,0x18FF00F7,1,0.00 kw
ACT_DEVICETEMPERATURE M13,1771291814.9416747,0x18FF00F7,1,26.00 °C
ACT_INVERTERSTATUS A13,1771291814.9465604,0x18FF01F7,1,0 state
ACT_INVERTERREADY A13,1771291814.9465604,0x18FF01F7,1,0 state
ACT_ERRORSTATUS A13,1771291814.9465604,0x18FF01F7,1,0 state
ACT_SPEED A13,1771291814.9465604,0x18FF01F7,1,0.00 rpm
ACT_TORQUE A13,1771291814.9465604,0x18FF01F7,1,0.00 Nm
ACT_POWER A13,1771291814.9465604,0x18FF01F7,1,0.00 kw
ACT_MOTORTEMPERATURE A13,1771291814.9465604,0x18FF01F7,1,27.00 °C
ACT_INVERTERSTATUS B13,1771291814.9514613,0x18FF02F7,1,0 state
ACT_INVERTERREADY B13,1771291814.9514613,0x18FF02F7,1,0 state
ACT_ERRORSTATUS B13,1771291814.9514613,0x18FF02F7,1,0 state
ACT_SPEED B13,1771291814.9514613,0x18FF02F7,1,0.00 rpm
ACT_TORQUE B13,1771291814.9514613,0x18FF02F7,1,0.00 Nm
ACT_POWER B13,1771291814.9514613,0x18FF02F7,1,0.00 kw
ACT_MOTORTEMPERATURE B13,1771291814.9514613,0x18FF02F7,1,28.00 °C
DEVICESTATE M13,1771291815.041607,0x18FF00F7,1,0 state
ERRORLAMP M13,1771291815.041607,0x18FF00F7,1,0 state
DEVICENUMBER M13,1771291815.041607,0x18FF00F7,1,14 state
CLAMP15_STATUS M13,1771291815.041607,0x18FF00F7,1,1 state
PRECHARGED M13,1771291815.041607,0x18FF00F7,1,1 state
STATUS_ BIT_FLEX_IN_OUT_SIGNAL1 M13,1771291815.041607,0x18FF00F7,1,3 state
STATUS_ BIT_FLEX_IN_OUT_SIGNAL2 M13,1771291815.041607,0x18FF00F7,1,3 state
ERROR CODE  M13,1771291815.041607,0x18FF00F7,1,0 state
ACT_DCBUSVOLTAGE M13,1771291815.041607,0x18FF00F7,1,1.25 V
ACT_DCBUSPOWER M13,1771291815.041607,0x18FF00F7,1,0.00 kw
ACT_DEVICETEMPERATURE M13,1771291815.041607,0x18FF00F7,1,26.00 °C
ACT_INVERTERSTATUS A13,1771291815.0465827,0x18FF01F7,1,0 state
ACT_INVERTERREADY A13,1771291815.0465827,0x18FF01F7,1,0 state
ACT_ERRORSTATUS A13,1771291815.0465827,0x18FF01F7,1,0 state
ACT_SPEED A13,1771291815.0465827,0x18FF01F7,1,0.00 rpm
ACT_TORQUE A13,1771291815.0465827,0x18FF01F7,1,0.00 Nm
ACT_POWER A13,1771291815.0465827,0x18FF01F7,1,0.00 kw
ACT_MOTORTEMPERATURE A13,1771291815.0465827,0x18FF01F7,1,27.00 °C
ACT_INVERTERSTATUS B13,1771291815.0516384,0x18FF02F7,1,0 state
ACT_INVERTERREADY B13,1771291815.0516384,0x18FF02F7,1,0 state
ACT_ERRORSTATUS B13,1771291815.0516384,0x18FF02F7,1,0 state
ACT_SPEED B13,1771291815.0516384,0x18FF02F7,1,0.00 rpm
ACT_TORQUE B13,1771291815.0516384,0x18FF02F7,1,0.00 Nm
ACT_POWER B13,1771291815.0516384,0x18FF02F7,1,0.00 kw
ACT_MOTORTEMPERATURE B13,1771291815.0516384,0x18FF02F7,1,28.00 °C
DEVICESTATE M13,1771291815.1420324,0x18FF00F7,1,0 state
ERRORLAMP M13,1771291815.1420324,0x18FF00F7,1,0 state
DEVICENUMBER M13,1771291815.1420324,0x18FF00F7,1,14 state
CLAMP15_STATUS M13,1771291815.1420324,0x18FF00F7,1,1 state
PRECHARGED M13,1771291815.1420324,0x18FF00F7,1,1 state
STATUS_ BIT_FLEX_IN_OUT_SIGNAL1 M13,1771291815.1420324,0x18FF00F7,1,3 state
STATUS_ BIT_FLEX_IN_OUT_SIGNAL2 M13,1771291815.1420324,0x18FF00F7,1,3 state
ERROR CODE  M13,1771291815.1420324,0x18FF00F7,1,0 state
ACT_DCBUSVOLTAGE M13,1771291815.1420324,0x18FF00F7,1,1.25 V
ACT_DCBUSPOWER M13,1771291815.1420324,0x18FF00F7,1,0.00 kw
ACT_DEVICETEMPERATURE M13,1771291815.1420324,0x18FF00F7,1,26.00 °C
ACT_INVERTERSTATUS A13,1771291815.1465318,0x18FF01F7,1,0 state
ACT_INVERTERREADY A13,1771291815.1465318,0x18FF01F7,1,0 state
ACT_ERRORSTATUS A13,1771291815.1465318,0x18FF01F7,1,0 state
ACT_SPEED A13,1771291815.1465318,0x18FF01F7,1,0.00 rpm
ACT_TORQUE A13,1771291815.1465318,0x18FF01F7,1,0.00 Nm
ACT_POWER A13,1771291815.1465318,0x18FF01F7,1,0.00 kw
ACT_MOTORTEMPERATURE A13,1771291815.1465318,0x18FF01F7,1,27.00 °C
ACT_INVERTERSTATUS B13,1771291815.151557,0x18FF02F7,1,0 state
ACT_INVERTERREADY B13,1771291815.151557,0x18FF02F7,1,0 state
ACT_ERRORSTATUS B13,1771291815.151557,0x18FF02F7,1,0 state
ACT_SPEED B13,1771291815.151557,0x18FF02F7,1,0.00 rpm
ACT_TORQUE B13,1771291815.151557,0x18FF02F7,1,0.00 Nm
ACT_POWER B13,1771291815.151557,0x18FF02F7,1,0.00 kw
ACT_MOTORTEMPERATURE B13,1771291815.151557,0x18FF02F7,1,28.00 °C
DEVICESTATE M13,1771291815.24198,0x18FF00F7,1,0 state
ERRORLAMP M13,1771291815.24198,0x18FF00F7,1,0 state
DEVICENUMBER M13,1771291815.24198,0x18FF00F7,1,14 state
CLAMP15_STATUS M13,1771291815.24198,0x18FF00F7,1,1 state
PRECHARGED M13,1771291815.24198,0x18FF00F7,1,1 state
STATUS_ BIT_FLEX_IN_OUT_SIGNAL1 M13,1771291815.24198,0x18FF00F7,1,3 state
STATUS_ BIT_FLEX_IN_OUT_SIGNAL2 M13,1771291815.24198,0x18FF00F7,1,3 state
ERROR CODE  M13,1771291815.24198,0x18FF00F7,1,0 state
ACT_DCBUSVOLTAGE M13,1771291815.24198,0x18FF00F7,1,1.25 V
ACT_DCBUSPOWER M13,1771291815.24198,0x18FF00F7,1,0.00 kw
ACT_DEVICETEMPERATURE M13,1771291815.24198,0x18FF00F7,1,26.00 °C
ACT_INVERTERSTATUS A13,1771291815.2466357,0x18FF01F7,1,0 state
ACT_INVERTERREADY A13,1771291815.2466357,0x18FF01F7,1,0 state
ACT_ERRORSTATUS A13,1771291815.2466357,0x18FF01F7,1,0 state
ACT_SPEED A13,1771291815.2466357,0x18FF01F7,1,0.00 rpm
ACT_TORQUE A13,1771291815.2466357,0x18FF01F7,1,0.00 Nm
ACT_POWER A13,1771291815.2466357,0x18FF01F7,1,0.00 kw
ACT_MOTORTEMPERATURE A13,1771291815.2466357,0x18FF01F7,1,27.00 °C
ACT_INVERTERSTATUS B13,1771291815.2514186,0x18FF02F7,1,0 state
ACT_INVERTERREADY B13,1771291815.2514186,0x18FF02F7,1,0 state
ACT_ERRORSTATUS B13,1771291815.2514186,0x18FF02F7,1,0 state
ACT_SPEED B13,1771291815.2514186,0x18FF02F7,1,0.00 rpm
ACT_TORQUE B13,1771291815.2514186,0x18FF02F7,1,0.00 Nm
ACT_POWER B13,1771291815.2514186,0x18FF02F7,1,0.00 kw
ACT_MOTORTEMPERATURE B13,1771291815.2514186,0x18FF02F7,1,28.00 °C
DEVICESTATE M13,1771291815.3417945,0x18FF00F7,1,0 state
ERRORLAMP M13,1771291815.3417945,0x18FF00F7,1,0 state
DEVICENUMBER M13,1771291815.3417945,0x18FF00F7,1,14 state
CLAMP15_STATUS M13,1771291815.3417945,0x18FF00F7,1,1 state
PRECHARGED M13,1771291815.3417945,0x18FF00F7,1,1 state
STATUS_ BIT_FLEX_IN_OUT_SIGNAL1 M13,1771291815.3417945,0x18FF00F7,1,3 state
STATUS_ BIT_FLEX_IN_OUT_SIGNAL2 M13,1771291815.3417945,0x18FF00F7,1,3 state
ERROR CODE  M13,1771291815.3417945,0x18FF00F7,1,0 state
ACT_DCBUSVOLTAGE M13,1771291815.3417945,0x18FF00F7,1,1.25 V
ACT_DCBUSPOWER M13,1771291815.3417945,0x18FF00F7,1,0.00 kw
ACT_DEVICETEMPERATURE M13,1771291815.3417945,0x18FF00F7,1,26.00 °C
ACT_INVERTERSTATUS A13,1771291815.346737,0x18FF01F7,1,0 state
ACT_INVERTERREADY A13,1771291815.346737,0x18FF01F7,1,0 state
ACT_ERRORSTATUS A13,1771291815.346737,0x18FF01F7,1,0 state
ACT_SPEED A13,1771291815.346737,0x18FF01F7,1,0.00 rpm
ACT_TORQUE A13,1771291815.346737,0x18FF01F7,1,0.00 Nm
ACT_POWER A13,1771291815.346737,0x18FF01F7,1,0.00 kw
ACT_MOTORTEMPERATURE A13,1771291815.346737,0x18FF01F7,1,27.00 °C
ACT_INVERTERSTATUS B13,1771291815.3517287,0x18FF02F7,1,0 state
ACT_INVERTERREADY B13,1771291815.3517287,0x18FF02F7,1,0 state
ACT_ERRORSTATUS B13,1771291815.3517287,0x18FF02F7,1,0 state
ACT_SPEED B13,1771291815.3517287,0x18FF02F7,1,0.00 rpm
ACT_TORQUE B13,1771291815.3517287,0x18FF02F7,1,0.00 Nm
ACT_POWER B13,1771291815.3517287,0x18FF02F7,1,0.00 kw
ACT_MOTORTEMPERATURE B13,1771291815.3517287,0x18FF02F7,1,28.00 °C
DEVICESTATE M13,1771291815.4416046,0x18FF00F7,1,0 state
ERRORLAMP M13,1771291815.4416046,0x18FF00F7,1,0 state
DEVICENUMBER M13,1771291815.4416046,0x18FF00F7,1,14 state
CLAMP15_STATUS M13,1771291815.4416046,0x18FF00F7,1,1 state
PRECHARGED M13,1771291815.4416046,0x18FF00F7,1,1 state
STATUS_ BIT_FLEX_IN_OUT_SIGNAL1 M13,1771291815.4416046,0x18FF00F7,1,3 state
STATUS_ BIT_FLEX_IN_OUT_SIGNAL2 M13,1771291815.4416046,0x18FF00F7,1,3 state
ERROR CODE  M13,1771291815.4416046,0x18FF00F7,1,0 state
ACT_DCBUSVOLTAGE M13,1771291815.4416046,0x18FF00F7,1,1.25 V
ACT_DCBUSPOWER M13,1771291815.4416046,0x18FF00F7,1,0.00 kw
ACT_DEVICETEMPERATURE M13,1771291815.4416046,0x18FF00F7,1,26.00 °C
ACT_INVERTERSTATUS A13,1771291815.4466136,0x18FF01F7,1,0 state
ACT_INVERTERREADY A13,1771291815.4466136,0x18FF01F7,1,0 state
ACT_ERRORSTATUS A13,1771291815.4466136,0x18FF01F7,1,0 state
ACT_SPEED A13,1771291815.4466136,0x18FF01F7,1,0.00 rpm
ACT_TORQUE A13,1771291815.4466136,0x18FF01F7,1,0.00 Nm
ACT_POWER A13,1771291815.4466136,0x18FF01F7,1,0.00 kw
ACT_MOTORTEMPERATURE A13,1771291815.4466136,0x18FF01F7,1,27.00 °C
ACT_INVERTERSTATUS B13,1771291815.4519045,0x18FF02F7,1,0 state
ACT_INVERTERREADY B13,1771291815.4519045,0x18FF02F7,1,0 state
ACT_ERRORSTATUS B13,1771291815.4519045,0x18FF02F7,1,0 state
ACT_SPEED B13,1771291815.4519045,0x18FF02F7,1,0.00 rpm
ACT_TORQUE B13,1771291815.4519045,0x18FF02F7,1,0.00 Nm
ACT_POWER B13,1771291815.4519045,0x18FF02F7,1,0.00 kw
ACT_MOTORTEMPERATURE B13,1771291815.4519045,0x18FF02F7,1,28.00 °C
DEVICESTATE M13,1771291815.5414963,0x18FF00F7,1,0 state
ERRORLAMP M13,1771291815.5414963,0x18FF00F7,1,0 state
DEVICENUMBER M13,1771291815.5414963,0x18FF00F7,1,14 state
CLAMP15_STATUS M13,1771291815.5414963,0x18FF00F7,1,1 state
PRECHARGED M13,1771291815.5414963,0x18FF00F7,1,1 state
STATUS_ BIT_FLEX_IN_OUT_SIGNAL1 M13,1771291815.5414963,0x18FF00F7,1,3 state
STATUS_ BIT_FLEX_IN_OUT_SIGNAL2 M13,1771291815.5414963,0x18FF00F7,1,3 state
ERROR CODE  M13,1771291815.5414963,0x18FF00F7,1,0 state
ACT_DCBUSVOLTAGE M13,1771291815.5414963,0x18FF00F7,1,1.25 V
ACT_DCBUSPOWER M13,1771291815.5414963,0x18FF00F7,1,0.00 kw
ACT_DEVICETEMPERATURE M13,1771291815.5414963,0x18FF00F7,1,26.00 °C
ACT_INVERTERSTATUS A13,1771291815.5466661,0x18FF01F7,1,0 state
ACT_INVERTERREADY A13,1771291815.5466661,0x18FF01F7,1,0 state
ACT_ERRORSTATUS A13,1771291815.5466661,0x18FF01F7,1,0 state
ACT_SPEED A13,1771291815.5466661,0x18FF01F7,1,0.00 rpm
ACT_TORQUE A13,1771291815.5466661,0x18FF01F7,1,0.00 Nm
ACT_POWER A13,1771291815.5466661,0x18FF01F7,1,0.00 kw
ACT_MOTORTEMPERATURE A13,1771291815.5466661,0x18FF01F7,1,27.00 °C
ACT_INVERTERSTATUS B13,1771291815.551706,0x18FF02F7,1,0 state
ACT_INVERTERREADY B13,1771291815.551706,0x18FF02F7,1,0 state
ACT_ERRORSTATUS B13,1771291815.551706,0x18FF02F7,1,0 state
ACT_SPEED B13,1771291815.551706,0x18FF02F7,1,0.00 rpm
ACT_TORQUE B13,1771291815.551706,0x18FF02F7,1,0.00 Nm
ACT_POWER B13,1771291815.551706,0x18FF02F7,1,0.00 kw
ACT_MOTORTEMPERATURE B13,1771291815.551706,0x18FF02F7,1,28.00 °C
DEVICESTATE M13,1771291815.6418703,0x18FF00F7,1,0 state
ERRORLAMP M13,1771291815.6418703,0x18FF00F7,1,0 state
DEVICENUMBER M13,1771291815.6418703,0x18FF00F7,1,14 state
CLAMP15_STATUS M13,1771291815.6418703,0x18FF00F7,1,1 state
PRECHARGED M13,1771291815.6418703,0x18FF00F7,1,1 state
STATUS_ BIT_FLEX_IN_OUT_SIGNAL1 M13,1771291815.6418703,0x18FF00F7,1,3 state
STATUS_ BIT_FLEX_IN_OUT_SIGNAL2 M13,1771291815.6418703,0x18FF00F7,1,3 state
ERROR CODE  M13,1771291815.6418703,0x18FF00F7,1,0 state
ACT_DCBUSVOLTAGE M13,1771291815.6418703,0x18FF00F7,1,1.25 V
ACT_DCBUSPOWER M13,1771291815.6418703,0x18FF00F7,1,0.00 kw
ACT_DEVICETEMPERATURE M13,1771291815.6418703,0x18FF00F7,1,26.00 °C
ACT_INVERTERSTATUS A13,1771291815.6465466,0x18FF01F7,1,0 state
ACT_INVERTERREADY A13,1771291815.6465466,0x18FF01F7,1,0 state
ACT_ERRORSTATUS A13,1771291815.6465466,0x18FF01F7,1,0 state
ACT_SPEED A13,1771291815.6465466,0x18FF01F7,1,0.00 rpm
ACT_TORQUE A13,1771291815.6465466,0x18FF01F7,1,0.00 Nm
ACT_POWER A13,1771291815.6465466,0x18FF01F7,1,0.00 kw
ACT_MOTORTEMPERATURE A13,1771291815.6465466,0x18FF01F7,1,27.00 °C
ACT_INVERTERSTATUS B13,1771291815.6515534,0x18FF02F7,1,0 state
ACT_INVERTERREADY B13,1771291815.6515534,0x18FF02F7,1,0 state
ACT_ERRORSTATUS B13,1771291815.6515534,0x18FF02F7,1,0 state
ACT_SPEED B13,1771291815.6515534,0x18FF02F7,1,0.00 rpm
ACT_TORQUE B13,1771291815.6515534,0x18FF02F7,1,0.00 Nm
ACT_POWER B13,1771291815.6515534,0x18FF02F7,1,0.00 kw
ACT_MOTORTEMPERATURE B13,1771291815.6515534,0x18FF02F7,1,28.00 °C
DEVICESTATE M13,1771291815.74196,0x18FF00F7,1,0 state
ERRORLAMP M13,1771291815.74196,0x18FF00F7,1,0 state
DEVICENUMBER M13,1771291815.74196,0x18FF00F7,1,14 state
CLAMP15_STATUS M13,1771291815.74196,0x18FF00F7,1,1 state
PRECHARGED M13,1771291815.74196,0x18FF00F7,1,1 state
STATUS_ BIT_FLEX_IN_OUT_SIGNAL1 M13,1771291815.74196,0x18FF00F7,1,3 state
STATUS_ BIT_FLEX_IN_OUT_SIGNAL2 M13,1771291815.74196,0x18FF00F7,1,3 state
ERROR CODE  M13,1771291815.74196,0x18FF00F7,1,0 state
ACT_DCBUSVOLTAGE M13,1771291815.74196,0x18FF00F7,1,1.25 V
ACT_DCBUSPOWER M13,1771291815.74196,0x18FF00F7,1,0.00 kw
ACT_DEVICETEMPERATURE M13,1771291815.74196,0x18FF00F7,1,26.00 °C
ACT_INVERTERSTATUS A13,1771291815.746602,0x18FF01F7,1,0 state
ACT_INVERTERREADY A13,1771291815.746602,0x18FF01F7,1,0 state
ACT_ERRORSTATUS A13,1771291815.746602,0x18FF01F7,1,0 state
ACT_SPEED A13,1771291815.746602,0x18FF01F7,1,0.00 rpm
ACT_TORQUE A13,1771291815.746602,0x18FF01F7,1,0.00 Nm
ACT_POWER A13,1771291815.746602,0x18FF01F7,1,0.00 kw
ACT_MOTORTEMPERATURE A13,1771291815.746602,0x18FF01F7,1,27.00 °C
ACT_INVERTERSTATUS B13,1771291815.7514966,0x18FF02F7,1,0 state
ACT_INVERTERREADY B13,1771291815.7514966,0x18FF02F7,1,0 state
ACT_ERRORSTATUS B13,1771291815.7514966,0x18FF02F7,1,0 state
ACT_SPEED B13,1771291815.7514966,0x18FF02F7,1,0.00 rpm
ACT_TORQUE B13,1771291815.7514966,0x18FF02F7,1,0.00 Nm
ACT_POWER B13,1771291815.7514966,0x18FF02F7,1,0.00 kw
ACT_MOTORTEMPERATURE B13,1771291815.7514966,0x18FF02F7,1,28.00 °C
DEVICESTATE M13,1771291815.8418765,0x18FF00F7,1,0 state
ERRORLAMP M13,1771291815.8418765,0x18FF00F7,1,0 state
DEVICENUMBER M13,1771291815.8418765,0x18FF00F7,1,14 state
CLAMP15_STATUS M13,1771291815.8418765,0x18FF00F7,1,1 state
PRECHARGED M13,1771291815.8418765,0x18FF00F7,1,1 state
STATUS_ BIT_FLEX_IN_OUT_SIGNAL1 M13,1771291815.8418765,0x18FF00F7,1,3 state
STATUS_ BIT_FLEX_IN_OUT_SIGNAL2 M13,1771291815.8418765,0x18FF00F7,1,3 state
ERROR CODE  M13,1771291815.8418765,0x18FF00F7,1,0 state
ACT_DCBUSVOLTAGE M13,1771291815.8418765,0x18FF00F7,1,1.25 V
ACT_DCBUSPOWER M13,1771291815.8418765,0x18FF00F7,1,0.00 kw
ACT_DEVICETEMPERATURE M13,1771291815.8418765,0x18FF00F7,1,26.00 °C
ACT_INVERTERSTATUS A13,1771291815.8468766,0x18FF01F7,1,0 state
ACT_INVERTERREADY A13,1771291815.8468766,0x18FF01F7,1,0 state
ACT_ERRORSTATUS A13,1771291815.8468766,0x18FF01F7,1,0 state
ACT_SPEED A13,1771291815.8468766,0x18FF01F7,1,0.00 rpm
ACT_TORQUE A13,1771291815.8468766,0x18FF01F7,1,0.00 Nm
ACT_POWER A13,1771291815.8468766,0x18FF01F7,1,0.00 kw
ACT_MOTORTEMPERATURE A13,1771291815.8468766,0x18FF01F7,1,27.00 °C
ACT_INVERTERSTATUS B13,1771291815.8513637,0x18FF02F7,1,0 state
ACT_INVERTERREADY B13,1771291815.8513637,0x18FF02F7,1,0 state
ACT_ERRORSTATUS B13,1771291815.8513637,0x18FF02F7,1,0 state
ACT_SPEED B13,1771291815.8513637,0x18FF02F7,1,0.00 rpm
ACT_TORQUE B13,1771291815.8513637,0x18FF02F7,1,0.00 Nm
ACT_POWER B13,1771291815.8513637,0x18FF02F7,1,0.00 kw
ACT_MOTORTEMPERATURE B13,1771291815.8513637,0x18FF02F7,1,28.00 °C
DEVICESTATE M13,1771291815.9417474,0x18FF00F7,1,0 state
ERRORLAMP M13,1771291815.9417474,0x18FF00F7,1,0 state
DEVICENUMBER M13,1771291815.9417474,0x18FF00F7,1,14 state
CLAMP15_STATUS M13,1771291815.9417474,0x18FF00F7,1,1 state
PRECHARGED M13,1771291815.9417474,0x18FF00F7,1,1 state
STATUS_ BIT_FLEX_IN_OUT_SIGNAL1 M13,1771291815.9417474,0x18FF00F7,1,3 state
STATUS_ BIT_FLEX_IN_OUT_SIGNAL2 M13,1771291815.9417474,0x18FF00F7,1,3 state
ERROR CODE  M13,1771291815.9417474,0x18FF00F7,1,0 state
ACT_DCBUSVOLTAGE M13,1771291815.9417474,0x18FF00F7,1,1.25 V
ACT_DCBUSPOWER M13,1771291815.9417474,0x18FF00F7,1,0.00 kw
ACT_DEVICETEMPERATURE M13,1771291815.9417474,0x18FF00F7,1,26.00 °C
ACT_INVERTERSTATUS A13,1771291815.9466321,0x18FF01F7,1,0 state
ACT_INVERTERREADY A13,1771291815.9466321,0x18FF01F7,1,0 state
ACT_ERRORSTATUS A13,1771291815.9466321,0x18FF01F7,1,0 state
ACT_SPEED A13,1771291815.9466321,0x18FF01F7,1,0.00 rpm
ACT_TORQUE A13,1771291815.9466321,0x18FF01F7,1,0.00 Nm
ACT_POWER A13,1771291815.9466321,0x18FF01F7,1,0.00 kw
ACT_MOTORTEMPERATURE A13,1771291815.9466321,0x18FF01F7,1,27.00 °C
ACT_INVERTERSTATUS B13,1771291815.951657,0x18FF02F7,1,0 state
ACT_INVERTERREADY B13,1771291815.951657,0x18FF02F7,1,0 state
ACT_ERRORSTATUS B13,1771291815.951657,0x18FF02F7,1,0 state
ACT_SPEED B13,1771291815.951657,0x18FF02F7,1,0.00 rpm
ACT_TORQUE B13,1771291815.951657,0x18FF02F7,1,0.00 Nm
ACT_POWER B13,1771291815.951657,0x18FF02F7,1,0.00 kw
ACT_MOTORTEMPERATURE B13,1771291815.951657,0x18FF02F7,1,28.00 °C
DEVICESTATE M13,1771291816.041693,0x18FF00F7,1,0 state
ERRORLAMP M13,1771291816.041693,0x18FF00F7,1,0 state
DEVICENUMBER M13,1771291816.041693,0x18FF00F7,1,14 state
CLAMP15_STATUS M13,1771291816.041693,0x18FF00F7,1,1 state
PRECHARGED M13,1771291816.041693,0x18FF00F7,1,1 state
STATUS_ BIT_FLEX_IN_OUT_SIGNAL1 M13,1771291816.041693,0x18FF00F7,1,3 state
STATUS_ BIT_FLEX_IN_OUT_SIGNAL2 M13,1771291816.041693,0x18FF00F7,1,3 state
ERROR CODE  M13,1771291816.041693,0x18FF00F7,1,0 state
ACT_DCBUSVOLTAGE M13,1771291816.041693,0x18FF00F7,1,1.25 V
ACT_DCBUSPOWER M13,1771291816.041693,0x18FF00F7,1,0.00 kw
ACT_DEVICETEMPERATURE M13,1771291816.041693,0x18FF00F7,1,26.00 °C
ACT_INVERTERSTATUS A13,1771291816.0466492,0x18FF01F7,1,0 state
ACT_INVERTERREADY A13,1771291816.0466492,0x18FF01F7,1,0 state
ACT_ERRORSTATUS A13,1771291816.0466492,0x18FF01F7,1,0 state
ACT_SPEED A13,1771291816.0466492,0x18FF01F7,1,0.00 rpm
ACT_TORQUE A13,1771291816.0466492,0x18FF01F7,1,0.00 Nm
ACT_POWER A13,1771291816.0466492,0x18FF01F7,1,0.00 kw
ACT_MOTORTEMPERATURE A13,1771291816.0466492,0x18FF01F7,1,27.00 °C
ACT_INVERTERSTATUS B13,1771291816.0516016,0x18FF02F7,1,0 state
ACT_INVERTERREADY B13,1771291816.0516016,0x18FF02F7,1,0 state
ACT_ERRORSTATUS B13,1771291816.0516016,0x18FF02F7,1,0 state
ACT_SPEED B13,1771291816.0516016,0x18FF02F7,1,0.00 rpm
ACT_TORQUE B13,1771291816.0516016,0x18FF02F7,1,0.00 Nm
ACT_POWER B13,1771291816.0516016,0x18FF02F7,1,0.00 kw
ACT_MOTORTEMPERATURE B13,1771291816.0516016,0x18FF02F7,1,28.00 °C
DEVICESTATE M13,1771291816.1418688,0x18FF00F7,1,0 state
ERRORLAMP M13,1771291816.1418688,0x18FF00F7,1,0 state
DEVICENUMBER M13,1771291816.1418688,0x18FF00F7,1,14 state
CLAMP15_STATUS M13,1771291816.1418688,0x18FF00F7,1,1 state
PRECHARGED M13,1771291816.1418688,0x18FF00F7,1,1 state
STATUS_ BIT_FLEX_IN_OUT_SIGNAL1 M13,1771291816.1418688,0x18FF00F7,1,3 state
STATUS_ BIT_FLEX_IN_OUT_SIGNAL2 M13,1771291816.1418688,0x18FF00F7,1,3 state
ERROR CODE  M13,1771291816.1418688,0x18FF00F7,1,0 state
ACT_DCBUSVOLTAGE M13,1771291816.1418688,0x18FF00F7,1,1.25 V
ACT_DCBUSPOWER M13,1771291816.1418688,0x18FF00F7,1,0.00 kw
ACT_DEVICETEMPERATURE M13,1771291816.1418688,0x18FF00F7,1,26.00 °C
ACT_INVERTERSTATUS A13,1771291816.1465714,0x18FF01F7,1,0 state
ACT_INVERTERREADY A13,1771291816.1465714,0x18FF01F7,1,0 state
ACT_ERRORSTATUS A13,1771291816.1465714,0x18FF01F7,1,0 state
ACT_SPEED A13,1771291816.1465714,0x18FF01F7,1,0.00 rpm
ACT_TORQUE A13,1771291816.1465714,0x18FF01F7,1,0.00 Nm
ACT_POWER A13,1771291816.1465714,0x18FF01F7,1,0.00 kw
ACT_MOTORTEMPERATURE A13,1771291816.1465714,0x18FF01F7,1,27.00 °C
ACT_INVERTERSTATUS B13,1771291816.1517072,0x18FF02F7,1,0 state
ACT_INVERTERREADY B13,1771291816.1517072,0x18FF02F7,1,0 state
ACT_ERRORSTATUS B13,1771291816.1517072,0x18FF02F7,1,0 state
ACT_SPEED B13,1771291816.1517072,0x18FF02F7,1,0.00 rpm
ACT_TORQUE B13,1771291816.1517072,0x18FF02F7,1,0.00 Nm
ACT_POWER B13,1771291816.1517072,0x18FF02F7,1,0.00 kw
ACT_MOTORTEMPERATURE B13,1771291816.1517072,0x18FF02F7,1,28.00 °C
DEVICESTATE M13,1771291816.241491,0x18FF00F7,1,0 state
ERRORLAMP M13,1771291816.241491,0x18FF00F7,1,0 state
DEVICENUMBER M13,1771291816.241491,0x18FF00F7,1,14 state
CLAMP15_STATUS M13,1771291816.241491,0x18FF00F7,1,1 state
PRECHARGED M13,1771291816.241491,0x18FF00F7,1,1 state
STATUS_ BIT_FLEX_IN_OUT_SIGNAL1 M13,1771291816.241491,0x18FF00F7,1,3 state
STATUS_ BIT_FLEX_IN_OUT_SIGNAL2 M13,1771291816.241491,0x18FF00F7,1,3 state
ERROR CODE  M13,1771291816.241491,0x18FF00F7,1,0 state
ACT_DCBUSVOLTAGE M13,1771291816.241491,0x18FF00F7,1,1.25 V
ACT_DCBUSPOWER M13,1771291816.241491,0x18FF00F7,1,0.00 kw
ACT_DEVICETEMPERATURE M13,1771291816.241491,0x18FF00F7,1,26.00 °C
ACT_INVERTERSTATUS A13,1771291816.2465184,0x18FF01F7,1,0 state
ACT_INVERTERREADY A13,1771291816.2465184,0x18FF01F7,1,0 state
ACT_ERRORSTATUS A13,1771291816.2465184,0x18FF01F7,1,0 state
ACT_SPEED A13,1771291816.2465184,0x18FF01F7,1,0.00 rpm
ACT_TORQUE A13,1771291816.2465184,0x18FF01F7,1,0.00 Nm
ACT_POWER A13,1771291816.2465184,0x18FF01F7,1,0.00 kw
ACT_MOTORTEMPERATURE A13,1771291816.2465184,0x18FF01F7,1,27.00 °C
ACT_INVERTERSTATUS B13,1771291816.2516458,0x18FF02F7,1,0 state
ACT_INVERTERREADY B13,1771291816.2516458,0x18FF02F7,1,0 state
ACT_ERRORSTATUS B13,1771291816.2516458,0x18FF02F7,1,0 state
ACT_SPEED B13,1771291816.2516458,0x18FF02F7,1,0.00 rpm
ACT_TORQUE B13,1771291816.2516458,0x18FF02F7,1,0.00 Nm
ACT_POWER B13,1771291816.2516458,0x18FF02F7,1,0.00 kw
ACT_MOTORTEMPERATURE B13,1771291816.2516458,0x18FF02F7,1,28.00 °C
DEVICESTATE M13,1771291816.341862,0x18FF00F7,1,0 state
ERRORLAMP M13,1771291816.341862,0x18FF00F7,1,0 state
DEVICENUMBER M13,1771291816.341862,0x18FF00F7,1,14 state
CLAMP15_STATUS M13,1771291816.341862,0x18FF00F7,1,1 state
PRECHARGED M13,1771291816.341862,0x18FF00F7,1,1 state
STATUS_ BIT_FLEX_IN_OUT_SIGNAL1 M13,1771291816.341862,0x18FF00F7,1,3 state
STATUS_ BIT_FLEX_IN_OUT_SIGNAL2 M13,1771291816.341862,0x18FF00F7,1,3 state
ERROR CODE  M13,1771291816.341862,0x18FF00F7,1,0 state
ACT_DCBUSVOLTAGE M13,1771291816.341862,0x18FF00F7,1,1.25 V
ACT_DCBUSPOWER M13,1771291816.341862,0x18FF00F7,1,0.00 kw
ACT_DEVICETEMPERATURE M13,1771291816.341862,0x18FF00F7,1,26.00 °C
ACT_INVERTERSTATUS A13,1771291816.3463023,0x18FF01F7,1,0 state
ACT_INVERTERREADY A13,1771291816.3463023,0x18FF01F7,1,0 state
ACT_ERRORSTATUS A13,1771291816.3463023,0x18FF01F7,1,0 state
ACT_SPEED A13,1771291816.3463023,0x18FF01F7,1,0.00 rpm
ACT_TORQUE A13,1771291816.3463023,0x18FF01F7,1,0.00 Nm
ACT_POWER A13,1771291816.3463023,0x18FF01F7,1,0.00 kw
ACT_MOTORTEMPERATURE A13,1771291816.3463023,0x18FF01F7,1,27.00 °C
ACT_INVERTERSTATUS B13,1771291816.35151,0x18FF02F7,1,0 state
ACT_INVERTERREADY B13,1771291816.35151,0x18FF02F7,1,0 state
ACT_ERRORSTATUS B13,1771291816.35151,0x18FF02F7,1,0 state
ACT_SPEED B13,1771291816.35151,0x18FF02F7,1,0.00 rpm
ACT_TORQUE B13,1771291816.35151,0x18FF02F7,1,0.00 Nm
ACT_POWER B13,1771291816.35151,0x18FF02F7,1,0.00 kw
ACT_MOTORTEMPERATURE B13,1771291816.35151,0x18FF02F7,1,28.00 °C
DEVICESTATE M13,1771291816.4416544,0x18FF00F7,1,0 state
ERRORLAMP M13,1771291816.4416544,0x18FF00F7,1,0 state
DEVICENUMBER M13,1771291816.4416544,0x18FF00F7,1,14 state
CLAMP15_STATUS M13,1771291816.4416544,0x18FF00F7,1,1 state
PRECHARGED M13,1771291816.4416544,0x18FF00F7,1,1 state
STATUS_ BIT_FLEX_IN_OUT_SIGNAL1 M13,1771291816.4416544,0x18FF00F7,1,3 state
STATUS_ BIT_FLEX_IN_OUT_SIGNAL2 M13,1771291816.4416544,0x18FF00F7,1,3 state
ERROR CODE  M13,1771291816.4416544,0x18FF00F7,1,0 state
ACT_DCBUSVOLTAGE M13,1771291816.4416544,0x18FF00F7,1,1.25 V
ACT_DCBUSPOWER M13,1771291816.4416544,0x18FF00F7,1,0.00 kw
ACT_DEVICETEMPERATURE M13,1771291816.4416544,0x18FF00F7,1,26.00 °C
ACT_INVERTERSTATUS A13,1771291816.4469168,0x18FF01F7,1,0 state
ACT_INVERTERREADY A13,1771291816.4469168,0x18FF01F7,1,0 state
ACT_ERRORSTATUS A13,1771291816.4469168,0x18FF01F7,1,0 state
ACT_SPEED A13,1771291816.4469168,0x18FF01F7,1,0.00 rpm
ACT_TORQUE A13,1771291816.4469168,0x18FF01F7,1,0.00 Nm
ACT_POWER A13,1771291816.4469168,0x18FF01F7,1,0.00 kw
ACT_MOTORTEMPERATURE A13,1771291816.4469168,0x18FF01F7,1,27.00 °C
ACT_INVERTERSTATUS B13,1771291816.451556,0x18FF02F7,1,0 state
ACT_INVERTERREADY B13,1771291816.451556,0x18FF02F7,1,0 state
ACT_ERRORSTATUS B13,1771291816.451556,0x18FF02F7,1,0 state
ACT_SPEED B13,1771291816.451556,0x18FF02F7,1,0.00 rpm
ACT_TORQUE B13,1771291816.451556,0x18FF02F7,1,0.00 Nm
ACT_POWER B13,1771291816.451556,0x18FF02F7,1,0.00 kw
ACT_MOTORTEMPERATURE B13,1771291816.451556,0x18FF02F7,1,28.00 °C
DEVICESTATE M13,1771291816.5415258,0x18FF00F7,1,0 state
ERRORLAMP M13,1771291816.5415258,0x18FF00F7,1,0 state
DEVICENUMBER M13,1771291816.5415258,0x18FF00F7,1,14 state
CLAMP15_STATUS M13,1771291816.5415258,0x18FF00F7,1,1 state
PRECHARGED M13,1771291816.5415258,0x18FF00F7,1,1 state
STATUS_ BIT_FLEX_IN_OUT_SIGNAL1 M13,1771291816.5415258,0x18FF00F7,1,3 state
STATUS_ BIT_FLEX_IN_OUT_SIGNAL2 M13,1771291816.5415258,0x18FF00F7,1,3 state
ERROR CODE  M13,1771291816.5415258,0x18FF00F7,1,0 state
ACT_DCBUSVOLTAGE M13,1771291816.5415258,0x18FF00F7,1,1.25 V
ACT_DCBUSPOWER M13,1771291816.5415258,0x18FF00F7,1,0.00 kw
ACT_DEVICETEMPERATURE M13,1771291816.5415258,0x18FF00F7,1,26.00 °C
ACT_INVERTERSTATUS A13,1771291816.546493,0x18FF01F7,1,0 state
ACT_INVERTERREADY A13,1771291816.546493,0x18FF01F7,1,0 state
ACT_ERRORSTATUS A13,1771291816.546493,0x18FF01F7,1,0 state
ACT_SPEED A13,1771291816.546493,0x18FF01F7,1,0.00 rpm
ACT_TORQUE A13,1771291816.546493,0x18FF01F7,1,0.00 Nm
ACT_POWER A13,1771291816.546493,0x18FF01F7,1,0.00 kw
ACT_MOTORTEMPERATURE A13,1771291816.546493,0x18FF01F7,1,27.00 °C
ACT_INVERTERSTATUS B13,1771291816.5516226,0x18FF02F7,1,0 state
ACT_INVERTERREADY B13,1771291816.5516226,0x18FF02F7,1,0 state
ACT_ERRORSTATUS B13,1771291816.5516226,0x18FF02F7,1,0 state
ACT_SPEED B13,1771291816.5516226,0x18FF02F7,1,0.00 rpm
ACT_TORQUE B13,1771291816.5516226,0x18FF02F7,1,0.00 Nm
ACT_POWER B13,1771291816.5516226,0x18FF02F7,1,0.00 kw
ACT_MOTORTEMPERATURE B13,1771291816.5516226,0x18FF02F7,1,28.00 °C
DEVICESTATE M13,1771291816.6417398,0x18FF00F7,1,0 state
ERRORLAMP M13,1771291816.6417398,0x18FF00F7,1,0 state
DEVICENUMBER M13,1771291816.6417398,0x18FF00F7,1,14 state
CLAMP15_STATUS M13,1771291816.6417398,0x18FF00F7,1,1 state
PRECHARGED M13,1771291816.6417398,0x18FF00F7,1,1 state
STATUS_ BIT_FLEX_IN_OUT_SIGNAL1 M13,1771291816.6417398,0x18FF00F7,1,3 state
STATUS_ BIT_FLEX_IN_OUT_SIGNAL2 M13,1771291816.6417398,0x18FF00F7,1,3 state
ERROR CODE  M13,1771291816.6417398,0x18FF00F7,1,0 state
ACT_DCBUSVOLTAGE M13,1771291816.6417398,0x18FF00F7,1,1.25 V
ACT_DCBUSPOWER M13,1771291816.6417398,0x18FF00F7,1,0.00 kw
ACT_DEVICETEMPERATURE M13,1771291816.6417398,0x18FF00F7,1,26.00 °C
ACT_INVERTERSTATUS A13,1771291816.6468732,0x18FF01F7,1,0 state
ACT_INVERTERREADY A13,1771291816.6468732,0x18FF01F7,1,0 state
ACT_ERRORSTATUS A13,1771291816.6468732,0x18FF01F7,1,0 state
ACT_SPEED A13,1771291816.6468732,0x18FF01F7,1,0.00 rpm
ACT_TORQUE A13,1771291816.6468732,0x18FF01F7,1,0.00 Nm
ACT_POWER A13,1771291816.6468732,0x18FF01F7,1,0.00 kw
ACT_MOTORTEMPERATURE A13,1771291816.6468732,0x18FF01F7,1,27.00 °C
ACT_INVERTERSTATUS B13,1771291816.651738,0x18FF02F7,1,0 state
ACT_INVERTERREADY B13,1771291816.651738,0x18FF02F7,1,0 state
ACT_ERRORSTATUS B13,1771291816.651738,0x18FF02F7,1,0 state
ACT_SPEED B13,1771291816.651738,0x18FF02F7,1,0.00 rpm
ACT_TORQUE B13,1771291816.651738,0x18FF02F7,1,0.00 Nm
ACT_POWER B13,1771291816.651738,0x18FF02F7,1,0.00 kw
ACT_MOTORTEMPERATURE B13,1771291816.651738,0x18FF02F7,1,28.00 °C
DEVICESTATE M13,1771291816.7416587,0x18FF00F7,1,0 state
ERRORLAMP M13,1771291816.7416587,0x18FF00F7,1,0 state
DEVICENUMBER M13,1771291816.7416587,0x18FF00F7,1,14 state
CLAMP15_STATUS M13,1771291816.7416587,0x18FF00F7,1,1 state
PRECHARGED M13,1771291816.7416587,0x18FF00F7,1,1 state
STATUS_ BIT_FLEX_IN_OUT_SIGNAL1 M13,1771291816.7416587,0x18FF00F7,1,3 state
STATUS_ BIT_FLEX_IN_OUT_SIGNAL2 M13,1771291816.7416587,0x18FF00F7,1,3 state
ERROR CODE  M13,1771291816.7416587,0x18FF00F7,1,0 state
ACT_DCBUSVOLTAGE M13,1771291816.7416587,0x18FF00F7,1,1.25 V
ACT_DCBUSPOWER M13,1771291816.7416587,0x18FF00F7,1,0.00 kw
ACT_DEVICETEMPERATURE M13,1771291816.7416587,0x18FF00F7,1,26.00 °C
ACT_INVERTERSTATUS A13,1771291816.7464333,0x18FF01F7,1,0 state
ACT_INVERTERREADY A13,1771291816.7464333,0x18FF01F7,1,0 state
ACT_ERRORSTATUS A13,1771291816.7464333,0x18FF01F7,1,0 state
ACT_SPEED A13,1771291816.7464333,0x18FF01F7,1,0.00 rpm
ACT_TORQUE A13,1771291816.7464333,0x18FF01F7,1,0.00 Nm
ACT_POWER A13,1771291816.7464333,0x18FF01F7,1,0.00 kw
ACT_MOTORTEMPERATURE A13,1771291816.7464333,0x18FF01F7,1,27.00 °C
ACT_INVERTERSTATUS B13,1771291816.7514334,0x18FF02F7,1,0 state
ACT_INVERTERREADY B13,1771291816.7514334,0x18FF02F7,1,0 state
ACT_ERRORSTATUS B13,1771291816.7514334,0x18FF02F7,1,0 state
ACT_SPEED B13,1771291816.7514334,0x18FF02F7,1,0.00 rpm
ACT_TORQUE B13,1771291816.7514334,0x18FF02F7,1,0.00 Nm
ACT_POWER B13,1771291816.7514334,0x18FF02F7,1,0.00 kw
ACT_MOTORTEMPERATURE B13,1771291816.7514334,0x18FF02F7,1,28.00 °C
DEVICESTATE M13,1771291816.8414836,0x18FF00F7,1,0 state
ERRORLAMP M13,1771291816.8414836,0x18FF00F7,1,0 state
DEVICENUMBER M13,1771291816.8414836,0x18FF00F7,1,14 state
CLAMP15_STATUS M13,1771291816.8414836,0x18FF00F7,1,1 state
PRECHARGED M13,1771291816.8414836,0x18FF00F7,1,1 state
STATUS_ BIT_FLEX_IN_OUT_SIGNAL1 M13,1771291816.8414836,0x18FF00F7,1,3 state
STATUS_ BIT_FLEX_IN_OUT_SIGNAL2 M13,1771291816.8414836,0x18FF00F7,1,3 state
ERROR CODE  M13,1771291816.8414836,0x18FF00F7,1,0 state
ACT_DCBUSVOLTAGE M13,1771291816.8414836,0x18FF00F7,1,1.25 V
ACT_DCBUSPOWER M13,1771291816.8414836,0x18FF00F7,1,0.00 kw
ACT_DEVICETEMPERATURE M13,1771291816.8414836,0x18FF00F7,1,26.00 °C
ACT_INVERTERSTATUS A13,1771291816.846591,0x18FF01F7,1,0 state
ACT_INVERTERREADY A13,1771291816.846591,0x18FF01F7,1,0 state
ACT_ERRORSTATUS A13,1771291816.846591,0x18FF01F7,1,0 state
ACT_SPEED A13,1771291816.846591,0x18FF01F7,1,0.00 rpm
ACT_TORQUE A13,1771291816.846591,0x18FF01F7,1,0.00 Nm
ACT_POWER A13,1771291816.846591,0x18FF01F7,1,0.00 kw
ACT_MOTORTEMPERATURE A13,1771291816.846591,0x18FF01F7,1,27.00 °C
ACT_INVERTERSTATUS B13,1771291816.85159,0x18FF02F7,1,0 state
ACT_INVERTERREADY B13,1771291816.85159,0x18FF02F7,1,0 state
ACT_ERRORSTATUS B13,1771291816.85159,0x18FF02F7,1,0 state
ACT_SPEED B13,1771291816.85159,0x18FF02F7,1,0.00 rpm
ACT_TORQUE B13,1771291816.85159,0x18FF02F7,1,0.00 Nm
ACT_POWER B13,1771291816.85159,0x18FF02F7,1,0.00 kw
ACT_MOTORTEMPERATURE B13,1771291816.85159,0x18FF02F7,1,28.00 °C
DEVICESTATE M13,1771291816.9419036,0x18FF00F7,1,0 state
ERRORLAMP M13,1771291816.9419036,0x18FF00F7,1,0 state
DEVICENUMBER M13,1771291816.9419036,0x18FF00F7,1,14 state
CLAMP15_STATUS M13,1771291816.9419036,0x18FF00F7,1,1 state
PRECHARGED M13,1771291816.9419036,0x18FF00F7,1,1 state
STATUS_ BIT_FLEX_IN_OUT_SIGNAL1 M13,1771291816.9419036,0x18FF00F7,1,3 state
STATUS_ BIT_FLEX_IN_OUT_SIGNAL2 M13,1771291816.9419036,0x18FF00F7,1,3 state
ERROR CODE  M13,1771291816.9419036,0x18FF00F7,1,0 state
ACT_DCBUSVOLTAGE M13,1771291816.9419036,0x18FF00F7,1,1.25 V
ACT_DCBUSPOWER M13,1771291816.9419036,0x18FF00F7,1,0.00 kw
ACT_DEVICETEMPERATURE M13,1771291816.9419036,0x18FF00F7,1,26.00 °C
ACT_INVERTERSTATUS A13,1771291816.9466078,0x18FF01F7,1,0 state
ACT_INVERTERREADY A13,1771291816.9466078,0x18FF01F7,1,0 state
ACT_ERRORSTATUS A13,1771291816.9466078,0x18FF01F7,1,0 state
ACT_SPEED A13,1771291816.9466078,0x18FF01F7,1,0.00 rpm
ACT_TORQUE A13,1771291816.9466078,0x18FF01F7,1,0.00 Nm
ACT_POWER A13,1771291816.9466078,0x18FF01F7,1,0.00 kw
ACT_MOTORTEMPERATURE A13,1771291816.9466078,0x18FF01F7,1,27.00 °C
ACT_INVERTERSTATUS B13,1771291816.9515026,0x18FF02F7,1,0 state
ACT_INVERTERREADY B13,1771291816.9515026,0x18FF02F7,1,0 state
ACT_ERRORSTATUS B13,1771291816.9515026,0x18FF02F7,1,0 state
ACT_SPEED B13,1771291816.9515026,0x18FF02F7,1,0.00 rpm
ACT_TORQUE B13,1771291816.9515026,0x18FF02F7,1,0.00 Nm
ACT_POWER B13,1771291816.9515026,0x18FF02F7,1,0.00 kw
ACT_MOTORTEMPERATURE B13,1771291816.9515026,0x18FF02F7,1,28.00 °C
DEVICESTATE M13,1771291817.0414462,0x18FF00F7,1,0 state
ERRORLAMP M13,1771291817.0414462,0x18FF00F7,1,0 state
DEVICENUMBER M13,1771291817.0414462,0x18FF00F7,1,14 state
CLAMP15_STATUS M13,1771291817.0414462,0x18FF00F7,1,1 state
PRECHARGED M13,1771291817.0414462,0x18FF00F7,1,1 state
STATUS_ BIT_FLEX_IN_OUT_SIGNAL1 M13,1771291817.0414462,0x18FF00F7,1,3 state
STATUS_ BIT_FLEX_IN_OUT_SIGNAL2 M13,1771291817.0414462,0x18FF00F7,1,3 state
ERROR CODE  M13,1771291817.0414462,0x18FF00F7,1,0 state
ACT_DCBUSVOLTAGE M13,1771291817.0414462,0x18FF00F7,1,1.25 V
ACT_DCBUSPOWER M13,1771291817.0414462,0x18FF00F7,1,0.00 kw
ACT_DEVICETEMPERATURE M13,1771291817.0414462,0x18FF00F7,1,26.00 °C
ACT_INVERTERSTATUS A13,1771291817.0464988,0x18FF01F7,1,0 state
ACT_INVERTERREADY A13,1771291817.0464988,0x18FF01F7,1,0 state
ACT_ERRORSTATUS A13,1771291817.0464988,0x18FF01F7,1,0 state
ACT_SPEED A13,1771291817.0464988,0x18FF01F7,1,0.00 rpm
ACT_TORQUE A13,1771291817.0464988,0x18FF01F7,1,0.00 Nm
ACT_POWER A13,1771291817.0464988,0x18FF01F7,1,0.00 kw
ACT_MOTORTEMPERATURE A13,1771291817.0464988,0x18FF01F7,1,27.00 °C
ACT_INVERTERSTATUS B13,1771291817.0515363,0x18FF02F7,1,0 state
ACT_INVERTERREADY B13,1771291817.0515363,0x18FF02F7,1,0 state
ACT_ERRORSTATUS B13,1771291817.0515363,0x18FF02F7,1,0 state
ACT_SPEED B13,1771291817.0515363,0x18FF02F7,1,0.00 rpm
ACT_TORQUE B13,1771291817.0515363,0x18FF02F7,1,0.00 Nm
ACT_POWER B13,1771291817.0515363,0x18FF02F7,1,0.00 kw
ACT_MOTORTEMPERATURE B13,1771291817.0515363,0x18FF02F7,1,28.00 °C
DEVICESTATE M13,1771291817.1418204,0x18FF00F7,1,0 state
ERRORLAMP M13,1771291817.1418204,0x18FF00F7,1,0 state
DEVICENUMBER M13,1771291817.1418204,0x18FF00F7,1,14 state
CLAMP15_STATUS M13,1771291817.1418204,0x18FF00F7,1,1 state
PRECHARGED M13,1771291817.1418204,0x18FF00F7,1,1 state
STATUS_ BIT_FLEX_IN_OUT_SIGNAL1 M13,1771291817.1418204,0x18FF00F7,1,3 state
STATUS_ BIT_FLEX_IN_OUT_SIGNAL2 M13,1771291817.1418204,0x18FF00F7,1,3 state
ERROR CODE  M13,1771291817.1418204,0x18FF00F7,1,0 state
ACT_DCBUSVOLTAGE M13,1771291817.1418204,0x18FF00F7,1,1.25 V
ACT_DCBUSPOWER M13,1771291817.1418204,0x18FF00F7,1,0.00 kw
ACT_DEVICETEMPERATURE M13,1771291817.1418204,0x18FF00F7,1,26.00 °C
ACT_INVERTERSTATUS A13,1771291817.1467261,0x18FF01F7,1,0 state
ACT_INVERTERREADY A13,1771291817.1467261,0x18FF01F7,1,0 state
ACT_ERRORSTATUS A13,1771291817.1467261,0x18FF01F7,1,0 state
ACT_SPEED A13,1771291817.1467261,0x18FF01F7,1,0.00 rpm
ACT_TORQUE A13,1771291817.1467261,0x18FF01F7,1,0.00 Nm
ACT_POWER A13,1771291817.1467261,0x18FF01F7,1,0.00 kw
ACT_MOTORTEMPERATURE A13,1771291817.1467261,0x18FF01F7,1,27.00 °C
ACT_INVERTERSTATUS B13,1771291817.151347,0x18FF02F7,1,0 state
ACT_INVERTERREADY B13,1771291817.151347,0x18FF02F7,1,0 state
ACT_ERRORSTATUS B13,1771291817.151347,0x18FF02F7,1,0 state
ACT_SPEED B13,1771291817.151347,0x18FF02F7,1,0.00 rpm
ACT_TORQUE B13,1771291817.151347,0x18FF02F7,1,0.00 Nm
ACT_POWER B13,1771291817.151347,0x18FF02F7,1,0.00 kw
ACT_MOTORTEMPERATURE B13,1771291817.151347,0x18FF02F7,1,28.00 °C
DEVICESTATE M13,1771291817.24173,0x18FF00F7,1,0 state
ERRORLAMP M13,1771291817.24173,0x18FF00F7,1,0 state
DEVICENUMBER M13,1771291817.24173,0x18FF00F7,1,14 state
CLAMP15_STATUS M13,1771291817.24173,0x18FF00F7,1,1 state
PRECHARGED M13,1771291817.24173,0x18FF00F7,1,1 state
STATUS_ BIT_FLEX_IN_OUT_SIGNAL1 M13,1771291817.24173,0x18FF00F7,1,3 state
STATUS_ BIT_FLEX_IN_OUT_SIGNAL2 M13,1771291817.24173,0x18FF00F7,1,3 state
ERROR CODE  M13,1771291817.24173,0x18FF00F7,1,0 state
ACT_DCBUSVOLTAGE M13,1771291817.24173,0x18FF00F7,1,1.25 V
ACT_DCBUSPOWER M13,1771291817.24173,0x18FF00F7,1,0.00 kw
ACT_DEVICETEMPERATURE M13,1771291817.24173,0x18FF00F7,1,26.00 °C
ACT_INVERTERSTATUS A13,1771291817.246874,0x18FF01F7,1,0 state
ACT_INVERTERREADY A13,1771291817.246874,0x18FF01F7,1,0 state
ACT_ERRORSTATUS A13,1771291817.246874,0x18FF01F7,1,0 state
ACT_SPEED A13,1771291817.246874,0x18FF01F7,1,0.00 rpm
ACT_TORQUE A13,1771291817.246874,0x18FF01F7,1,0.00 Nm
ACT_POWER A13,1771291817.246874,0x18FF01F7,1,0.00 kw
ACT_MOTORTEMPERATURE A13,1771291817.246874,0x18FF01F7,1,27.00 °C
ACT_INVERTERSTATUS B13,1771291817.2517319,0x18FF02F7,1,0 state
ACT_INVERTERREADY B13,1771291817.2517319,0x18FF02F7,1,0 state
ACT_ERRORSTATUS B13,1771291817.2517319,0x18FF02F7,1,0 state
ACT_SPEED B13,1771291817.2517319,0x18FF02F7,1,0.00 rpm
ACT_TORQUE B13,1771291817.2517319,0x18FF02F7,1,0.00 Nm
ACT_POWER B13,1771291817.2517319,0x18FF02F7,1,0.00 kw
ACT_MOTORTEMPERATURE B13,1771291817.2517319,0x18FF02F7,1,28.00 °C
DEVICESTATE M13,1771291817.3414836,0x18FF00F7,1,0 state
ERRORLAMP M13,1771291817.3414836,0x18FF00F7,1,0 state
DEVICENUMBER M13,1771291817.3414836,0x18FF00F7,1,14 state
CLAMP15_STATUS M13,1771291817.3414836,0x18FF00F7,1,1 state
PRECHARGED M13,1771291817.3414836,0x18FF00F7,1,1 state
STATUS_ BIT_FLEX_IN_OUT_SIGNAL1 M13,1771291817.3414836,0x18FF00F7,1,3 state
STATUS_ BIT_FLEX_IN_OUT_SIGNAL2 M13,1771291817.3414836,0x18FF00F7,1,3 state
ERROR CODE  M13,1771291817.3414836,0x18FF00F7,1,0 state
ACT_DCBUSVOLTAGE M13,1771291817.3414836,0x18FF00F7,1,1.25 V
ACT_DCBUSPOWER M13,1771291817.3414836,0x18FF00F7,1,0.00 kw
ACT_DEVICETEMPERATURE M13,1771291817.3414836,0x18FF00F7,1,26.00 °C
ACT_INVERTERSTATUS A13,1771291817.3464391,0x18FF01F7,1,0 state
ACT_INVERTERREADY A13,1771291817.3464391,0x18FF01F7,1,0 state
ACT_ERRORSTATUS A13,1771291817.3464391,0x18FF01F7,1,0 state
ACT_SPEED A13,1771291817.3464391,0x18FF01F7,1,0.00 rpm
ACT_TORQUE A13,1771291817.3464391,0x18FF01F7,1,0.00 Nm
ACT_POWER A13,1771291817.3464391,0x18FF01F7,1,0.00 kw
ACT_MOTORTEMPERATURE A13,1771291817.3464391,0x18FF01F7,1,27.00 °C
ACT_INVERTERSTATUS B13,1771291817.3514576,0x18FF02F7,1,0 state
ACT_INVERTERREADY B13,1771291817.3514576,0x18FF02F7,1,0 state
ACT_ERRORSTATUS B13,1771291817.3514576,0x18FF02F7,1,0 state
ACT_SPEED B13,1771291817.3514576,0x18FF02F7,1,0.00 rpm
ACT_TORQUE B13,1771291817.3514576,0x18FF02F7,1,0.00 Nm
ACT_POWER B13,1771291817.3514576,0x18FF02F7,1,0.00 kw
ACT_MOTORTEMPERATURE B13,1771291817.3514576,0x18FF02F7,1,28.00 °C
DEVICESTATE M13,1771291817.4414735,0x18FF00F7,1,0 state
ERRORLAMP M13,1771291817.4414735,0x18FF00F7,1,0 state
DEVICENUMBER M13,1771291817.4414735,0x18FF00F7,1,14 state
CLAMP15_STATUS M13,1771291817.4414735,0x18FF00F7,1,1 state
PRECHARGED M13,1771291817.4414735,0x18FF00F7,1,1 state
STATUS_ BIT_FLEX_IN_OUT_SIGNAL1 M13,1771291817.4414735,0x18FF00F7,1,3 state
STATUS_ BIT_FLEX_IN_OUT_SIGNAL2 M13,1771291817.4414735,0x18FF00F7,1,3 state
ERROR CODE  M13,1771291817.4414735,0x18FF00F7,1,0 state
ACT_DCBUSVOLTAGE M13,1771291817.4414735,0x18FF00F7,1,1.25 V
ACT_DCBUSPOWER M13,1771291817.4414735,0x18FF00F7,1,0.00 kw
ACT_DEVICETEMPERATURE M13,1771291817.4414735,0x18FF00F7,1,26.00 °C
ACT_INVERTERSTATUS A13,1771291817.4464111,0x18FF01F7,1,0 state
ACT_INVERTERREADY A13,1771291817.4464111,0x18FF01F7,1,0 state
ACT_ERRORSTATUS A13,1771291817.4464111,0x18FF01F7,1,0 state
ACT_SPEED A13,1771291817.4464111,0x18FF01F7,1,0.00 rpm
ACT_TORQUE A13,1771291817.4464111,0x18FF01F7,1,0.00 Nm
ACT_POWER A13,1771291817.4464111,0x18FF01F7,1,0.00 kw
ACT_MOTORTEMPERATURE A13,1771291817.4464111,0x18FF01F7,1,27.00 °C
ACT_INVERTERSTATUS B13,1771291817.4513054,0x18FF02F7,1,0 state
ACT_INVERTERREADY B13,1771291817.4513054,0x18FF02F7,1,0 state
ACT_ERRORSTATUS B13,1771291817.4513054,0x18FF02F7,1,0 state
ACT_SPEED B13,1771291817.4513054,0x18FF02F7,1,0.00 rpm
ACT_TORQUE B13,1771291817.4513054,0x18FF02F7,1,0.00 Nm
ACT_POWER B13,1771291817.4513054,0x18FF02F7,1,0.00 kw
ACT_MOTORTEMPERATURE B13,1771291817.4513054,0x18FF02F7,1,28.00 °C
DEVICESTATE M13,1771291817.541823,0x18FF00F7,1,0 state
ERRORLAMP M13,1771291817.541823,0x18FF00F7,1,0 state
DEVICENUMBER M13,1771291817.541823,0x18FF00F7,1,14 state
CLAMP15_STATUS M13,1771291817.541823,0x18FF00F7,1,1 state
PRECHARGED M13,1771291817.541823,0x18FF00F7,1,1 state
STATUS_ BIT_FLEX_IN_OUT_SIGNAL1 M13,1771291817.541823,0x18FF00F7,1,3 state
STATUS_ BIT_FLEX_IN_OUT_SIGNAL2 M13,1771291817.541823,0x18FF00F7,1,3 state
ERROR CODE  M13,1771291817.541823,0x18FF00F7,1,0 state
ACT_DCBUSVOLTAGE M13,1771291817.541823,0x18FF00F7,1,1.25 V
ACT_DCBUSPOWER M13,1771291817.541823,0x18FF00F7,1,0.00 kw
ACT_DEVICETEMPERATURE M13,1771291817.541823,0x18FF00F7,1,26.00 °C
ACT_INVERTERSTATUS A13,1771291817.546402,0x18FF01F7,1,0 state
ACT_INVERTERREADY A13,1771291817.546402,0x18FF01F7,1,0 state
ACT_ERRORSTATUS A13,1771291817.546402,0x18FF01F7,1,0 state
ACT_SPEED A13,1771291817.546402,0x18FF01F7,1,0.00 rpm
ACT_TORQUE A13,1771291817.546402,0x18FF01F7,1,0.00 Nm
ACT_POWER A13,1771291817.546402,0x18FF01F7,1,0.00 kw
ACT_MOTORTEMPERATURE A13,1771291817.546402,0x18FF01F7,1,27.00 °C
ACT_INVERTERSTATUS B13,1771291817.5514696,0x18FF02F7,1,0 state
ACT_INVERTERREADY B13,1771291817.5514696,0x18FF02F7,1,0 state
ACT_ERRORSTATUS B13,1771291817.5514696,0x18FF02F7,1,0 state
ACT_SPEED B13,1771291817.5514696,0x18FF02F7,1,0.00 rpm
ACT_TORQUE B13,1771291817.5514696,0x18FF02F7,1,0.00 Nm
ACT_POWER B13,1771291817.5514696,0x18FF02F7,1,0.00 kw
ACT_MOTORTEMPERATURE B13,1771291817.5514696,0x18FF02F7,1,28.00 °C
DEVICESTATE M13,1771291817.641377,0x18FF00F7,1,0 state
ERRORLAMP M13,1771291817.641377,0x18FF00F7,1,0 state
DEVICENUMBER M13,1771291817.641377,0x18FF00F7,1,14 state
CLAMP15_STATUS M13,1771291817.641377,0x18FF00F7,1,1 state
PRECHARGED M13,1771291817.641377,0x18FF00F7,1,1 state
STATUS_ BIT_FLEX_IN_OUT_SIGNAL1 M13,1771291817.641377,0x18FF00F7,1,3 state
STATUS_ BIT_FLEX_IN_OUT_SIGNAL2 M13,1771291817.641377,0x18FF00F7,1,3 state
ERROR CODE  M13,1771291817.641377,0x18FF00F7,1,0 state
ACT_DCBUSVOLTAGE M13,1771291817.641377,0x18FF00F7,1,1.25 V
ACT_DCBUSPOWER M13,1771291817.641377,0x18FF00F7,1,0.00 kw
ACT_DEVICETEMPERATURE M13,1771291817.641377,0x18FF00F7,1,26.00 °C
ACT_INVERTERSTATUS A13,1771291817.6466284,0x18FF01F7,1,0 state
ACT_INVERTERREADY A13,1771291817.6466284,0x18FF01F7,1,0 state
ACT_ERRORSTATUS A13,1771291817.6466284,0x18FF01F7,1,0 state
ACT_SPEED A13,1771291817.6466284,0x18FF01F7,1,0.00 rpm
ACT_TORQUE A13,1771291817.6466284,0x18FF01F7,1,0.00 Nm
ACT_POWER A13,1771291817.6466284,0x18FF01F7,1,0.00 kw
ACT_MOTORTEMPERATURE A13,1771291817.6466284,0x18FF01F7,1,27.00 °C
ACT_INVERTERSTATUS B13,1771291817.6514645,0x18FF02F7,1,0 state
ACT_INVERTERREADY B13,1771291817.6514645,0x18FF02F7,1,0 state
ACT_ERRORSTATUS B13,1771291817.6514645,0x18FF02F7,1,0 state
ACT_SPEED B13,1771291817.6514645,0x18FF02F7,1,0.00 rpm
ACT_TORQUE B13,1771291817.6514645,0x18FF02F7,1,0.00 Nm
ACT_POWER B13,1771291817.6514645,0x18FF02F7,1,0.00 kw
ACT_MOTORTEMPERATURE B13,1771291817.6514645,0x18FF02F7,1,28.00 °C
DEVICESTATE M13,1771291817.7417839,0x18FF00F7,1,0 state
ERRORLAMP M13,1771291817.7417839,0x18FF00F7,1,0 state
DEVICENUMBER M13,1771291817.7417839,0x18FF00F7,1,14 state
CLAMP15_STATUS M13,1771291817.7417839,0x18FF00F7,1,1 state
PRECHARGED M13,1771291817.7417839,0x18FF00F7,1,1 state
STATUS_ BIT_FLEX_IN_OUT_SIGNAL1 M13,1771291817.7417839,0x18FF00F7,1,3 state
STATUS_ BIT_FLEX_IN_OUT_SIGNAL2 M13,1771291817.7417839,0x18FF00F7,1,3 state
ERROR CODE  M13,1771291817.7417839,0x18FF00F7,1,0 state
ACT_DCBUSVOLTAGE M13,1771291817.7417839,0x18FF00F7,1,1.25 V
ACT_DCBUSPOWER M13,1771291817.7417839,0x18FF00F7,1,0.00 kw
ACT_DEVICETEMPERATURE M13,1771291817.7417839,0x18FF00F7,1,26.00 °C
ACT_INVERTERSTATUS A13,1771291817.7469563,0x18FF01F7,1,0 state
ACT_INVERTERREADY A13,1771291817.7469563,0x18FF01F7,1,0 state
ACT_ERRORSTATUS A13,1771291817.7469563,0x18FF01F7,1,0 state
ACT_SPEED A13,1771291817.7469563,0x18FF01F7,1,0.00 rpm
ACT_TORQUE A13,1771291817.7469563,0x18FF01F7,1,0.00 Nm
ACT_POWER A13,1771291817.7469563,0x18FF01F7,1,0.00 kw
ACT_MOTORTEMPERATURE A13,1771291817.7469563,0x18FF01F7,1,27.00 °C
ACT_INVERTERSTATUS B13,1771291817.7513907,0x18FF02F7,1,0 state
ACT_INVERTERREADY B13,1771291817.7513907,0x18FF02F7,1,0 state
ACT_ERRORSTATUS B13,1771291817.7513907,0x18FF02F7,1,0 state
ACT_SPEED B13,1771291817.7513907,0x18FF02F7,1,0.00 rpm
ACT_TORQUE B13,1771291817.7513907,0x18FF02F7,1,0.00 Nm
ACT_POWER B13,1771291817.7513907,0x18FF02F7,1,0.00 kw
ACT_MOTORTEMPERATURE B13,1771291817.7513907,0x18FF02F7,1,28.00 °C
DEVICESTATE M13,1771291817.8414972,0x18FF00F7,1,0 state
ERRORLAMP M13,1771291817.8414972,0x18FF00F7,1,0 state
DEVICENUMBER M13,1771291817.8414972,0x18FF00F7,1,14 state
CLAMP15_STATUS M13,1771291817.8414972,0x18FF00F7,1,1 state
PRECHARGED M13,1771291817.8414972,0x18FF00F7,1,1 state
STATUS_ BIT_FLEX_IN_OUT_SIGNAL1 M13,1771291817.8414972,0x18FF00F7,1,3 state
STATUS_ BIT_FLEX_IN_OUT_SIGNAL2 M13,1771291817.8414972,0x18FF00F7,1,3 state
ERROR CODE  M13,1771291817.8414972,0x18FF00F7,1,0 state
ACT_DCBUSVOLTAGE M13,1771291817.8414972,0x18FF00F7,1,1.25 V
ACT_DCBUSPOWER M13,1771291817.8414972,0x18FF00F7,1,0.00 kw
ACT_DEVICETEMPERATURE M13,1771291817.8414972,0x18FF00F7,1,26.00 °C
ACT_INVERTERSTATUS A13,1771291817.8467405,0x18FF01F7,1,0 state
ACT_INVERTERREADY A13,1771291817.8467405,0x18FF01F7,1,0 state
ACT_ERRORSTATUS A13,1771291817.8467405,0x18FF01F7,1,0 state
ACT_SPEED A13,1771291817.8467405,0x18FF01F7,1,0.00 rpm
ACT_TORQUE A13,1771291817.8467405,0x18FF01F7,1,0.00 Nm
ACT_POWER A13,1771291817.8467405,0x18FF01F7,1,0.00 kw
ACT_MOTORTEMPERATURE A13,1771291817.8467405,0x18FF01F7,1,27.00 °C
ACT_INVERTERSTATUS B13,1771291817.8515823,0x18FF02F7,1,0 state
ACT_INVERTERREADY B13,1771291817.8515823,0x18FF02F7,1,0 state
ACT_ERRORSTATUS B13,1771291817.8515823,0x18FF02F7,1,0 state
ACT_SPEED B13,1771291817.8515823,0x18FF02F7,1,0.00 rpm
ACT_TORQUE B13,1771291817.8515823,0x18FF02F7,1,0.00 Nm
ACT_POWER B13,1771291817.8515823,0x18FF02F7,1,0.00 kw
ACT_MOTORTEMPERATURE B13,1771291817.8515823,0x18FF02F7,1,28.00 °C
DEVICESTATE M13,1771291817.9417212,0x18FF00F7,1,0 state
ERRORLAMP M13,1771291817.9417212,0x18FF00F7,1,0 state
DEVICENUMBER M13,1771291817.9417212,0x18FF00F7,1,14 state
CLAMP15_STATUS M13,1771291817.9417212,0x18FF00F7,1,1 state
PRECHARGED M13,1771291817.9417212,0x18FF00F7,1,1 state
STATUS_ BIT_FLEX_IN_OUT_SIGNAL1 M13,1771291817.9417212,0x18FF00F7,1,3 state
STATUS_ BIT_FLEX_IN_OUT_SIGNAL2 M13,1771291817.9417212,0x18FF00F7,1,3 state
ERROR CODE  M13,1771291817.9417212,0x18FF00F7,1,0 state
ACT_DCBUSVOLTAGE M13,1771291817.9417212,0x18FF00F7,1,1.25 V
ACT_DCBUSPOWER M13,1771291817.9417212,0x18FF00F7,1,0.00 kw
ACT_DEVICETEMPERATURE M13,1771291817.9417212,0x18FF00F7,1,26.00 °C
ACT_INVERTERSTATUS A13,1771291817.9468832,0x18FF01F7,1,0 state
ACT_INVERTERREADY A13,1771291817.9468832,0x18FF01F7,1,0 state
ACT_ERRORSTATUS A13,1771291817.9468832,0x18FF01F7,1,0 state
ACT_SPEED A13,1771291817.9468832,0x18FF01F7,1,0.00 rpm
ACT_TORQUE A13,1771291817.9468832,0x18FF01F7,1,0.00 Nm
ACT_POWER A13,1771291817.9468832,0x18FF01F7,1,0.00 kw
ACT_MOTORTEMPERATURE A13,1771291817.9468832,0x18FF01F7,1,27.00 °C
ACT_INVERTERSTATUS B13,1771291817.9514134,0x18FF02F7,1,0 state
ACT_INVERTERREADY B13,1771291817.9514134,0x18FF02F7,1,0 state
ACT_ERRORSTATUS B13,1771291817.9514134,0x18FF02F7,1,0 state
ACT_SPEED B13,1771291817.9514134,0x18FF02F7,1,0.00 rpm
ACT_TORQUE B13,1771291817.9514134,0x18FF02F7,1,0.00 Nm
ACT_POWER B13,1771291817.9514134,0x18FF02F7,1,0.00 kw
ACT_MOTORTEMPERATURE B13,1771291817.9514134,0x18FF02F7,1,28.00 °C
DEVICESTATE M13,1771291818.0417664,0x18FF00F7,1,0 state
ERRORLAMP M13,1771291818.0417664,0x18FF00F7,1,0 state
DEVICENUMBER M13,1771291818.0417664,0x18FF00F7,1,14 state
CLAMP15_STATUS M13,1771291818.0417664,0x18FF00F7,1,1 state
PRECHARGED M13,1771291818.0417664,0x18FF00F7,1,1 state
STATUS_ BIT_FLEX_IN_OUT_SIGNAL1 M13,1771291818.0417664,0x18FF00F7,1,3 state
STATUS_ BIT_FLEX_IN_OUT_SIGNAL2 M13,1771291818.0417664,0x18FF00F7,1,3 state
ERROR CODE  M13,1771291818.0417664,0x18FF00F7,1,0 state
ACT_DCBUSVOLTAGE M13,1771291818.0417664,0x18FF00F7,1,1.25 V
ACT_DCBUSPOWER M13,1771291818.0417664,0x18FF00F7,1,0.00 kw
ACT_DEVICETEMPERATURE M13,1771291818.0417664,0x18FF00F7,1,26.00 °C
ACT_INVERTERSTATUS A13,1771291818.046363,0x18FF01F7,1,0 state
ACT_INVERTERREADY A13,1771291818.046363,0x18FF01F7,1,0 state
ACT_ERRORSTATUS A13,1771291818.046363,0x18FF01F7,1,0 state
ACT_SPEED A13,1771291818.046363,0x18FF01F7,1,0.00 rpm
ACT_TORQUE A13,1771291818.046363,0x18FF01F7,1,0.00 Nm
ACT_POWER A13,1771291818.046363,0x18FF01F7,1,0.00 kw
ACT_MOTORTEMPERATURE A13,1771291818.046363,0x18FF01F7,1,27.00 °C
ACT_INVERTERSTATUS B13,1771291818.0513322,0x18FF02F7,1,0 state
ACT_INVERTERREADY B13,1771291818.0513322,0x18FF02F7,1,0 state
ACT_ERRORSTATUS B13,1771291818.0513322,0x18FF02F7,1,0 state
ACT_SPEED B13,1771291818.0513322,0x18FF02F7,1,0.00 rpm
ACT_TORQUE B13,1771291818.0513322,0x18FF02F7,1,0.00 Nm
ACT_POWER B13,1771291818.0513322,0x18FF02F7,1,0.00 kw
ACT_MOTORTEMPERATURE B13,1771291818.0513322,0x18FF02F7,1,28.00 °C
DEVICESTATE M13,1771291818.1418073,0x18FF00F7,1,0 state
ERRORLAMP M13,1771291818.1418073,0x18FF00F7,1,0 state
DEVICENUMBER M13,1771291818.1418073,0x18FF00F7,1,14 state
CLAMP15_STATUS M13,1771291818.1418073,0x18FF00F7,1,1 state
PRECHARGED M13,1771291818.1418073,0x18FF00F7,1,1 state
STATUS_ BIT_FLEX_IN_OUT_SIGNAL1 M13,1771291818.1418073,0x18FF00F7,1,3 state
STATUS_ BIT_FLEX_IN_OUT_SIGNAL2 M13,1771291818.1418073,0x18FF00F7,1,3 state
ERROR CODE  M13,1771291818.1418073,0x18FF00F7,1,0 state
ACT_DCBUSVOLTAGE M13,1771291818.1418073,0x18FF00F7,1,1.25 V
ACT_DCBUSPOWER M13,1771291818.1418073,0x18FF00F7,1,0.00 kw
ACT_DEVICETEMPERATURE M13,1771291818.1418073,0x18FF00F7,1,26.00 °C
ACT_INVERTERSTATUS A13,1771291818.146343,0x18FF01F7,1,0 state
ACT_INVERTERREADY A13,1771291818.146343,0x18FF01F7,1,0 state
ACT_ERRORSTATUS A13,1771291818.146343,0x18FF01F7,1,0 state
ACT_SPEED A13,1771291818.146343,0x18FF01F7,1,0.00 rpm
ACT_TORQUE A13,1771291818.146343,0x18FF01F7,1,0.00 Nm
ACT_POWER A13,1771291818.146343,0x18FF01F7,1,0.00 kw
ACT_MOTORTEMPERATURE A13,1771291818.146343,0x18FF01F7,1,27.00 °C
ACT_INVERTERSTATUS B13,1771291818.1513355,0x18FF02F7,1,0 state
ACT_INVERTERREADY B13,1771291818.1513355,0x18FF02F7,1,0 state
ACT_ERRORSTATUS B13,1771291818.1513355,0x18FF02F7,1,0 state
ACT_SPEED B13,1771291818.1513355,0x18FF02F7,1,0.00 rpm
ACT_TORQUE B13,1771291818.1513355,0x18FF02F7,1,0.00 Nm
ACT_POWER B13,1771291818.1513355,0x18FF02F7,1,0.00 kw
ACT_MOTORTEMPERATURE B13,1771291818.1513355,0x18FF02F7,1,28.00 °C
DEVICESTATE M13,1771291818.2414262,0x18FF00F7,1,0 state
ERRORLAMP M13,1771291818.2414262,0x18FF00F7,1,0 state
DEVICENUMBER M13,1771291818.2414262,0x18FF00F7,1,14 state
CLAMP15_STATUS M13,1771291818.2414262,0x18FF00F7,1,1 state
PRECHARGED M13,1771291818.2414262,0x18FF00F7,1,1 state
STATUS_ BIT_FLEX_IN_OUT_SIGNAL1 M13,1771291818.2414262,0x18FF00F7,1,3 state
STATUS_ BIT_FLEX_IN_OUT_SIGNAL2 M13,1771291818.2414262,0x18FF00F7,1,3 state
ERROR CODE  M13,1771291818.2414262,0x18FF00F7,1,0 state
ACT_DCBUSVOLTAGE M13,1771291818.2414262,0x18FF00F7,1,1.25 V
ACT_DCBUSPOWER M13,1771291818.2414262,0x18FF00F7,1,0.00 kw
ACT_DEVICETEMPERATURE M13,1771291818.2414262,0x18FF00F7,1,26.00 °C
ACT_INVERTERSTATUS A13,1771291818.2463708,0x18FF01F7,1,0 state
ACT_INVERTERREADY A13,1771291818.2463708,0x18FF01F7,1,0 state
ACT_ERRORSTATUS A13,1771291818.2463708,0x18FF01F7,1,0 state
ACT_SPEED A13,1771291818.2463708,0x18FF01F7,1,0.00 rpm
ACT_TORQUE A13,1771291818.2463708,0x18FF01F7,1,0.00 Nm
ACT_POWER A13,1771291818.2463708,0x18FF01F7,1,0.00 kw
ACT_MOTORTEMPERATURE A13,1771291818.2463708,0x18FF01F7,1,27.00 °C
ACT_INVERTERSTATUS B13,1771291818.2515626,0x18FF02F7,1,0 state
ACT_INVERTERREADY B13,1771291818.2515626,0x18FF02F7,1,0 state
ACT_ERRORSTATUS B13,1771291818.2515626,0x18FF02F7,1,0 state
ACT_SPEED B13,1771291818.2515626,0x18FF02F7,1,0.00 rpm
ACT_TORQUE B13,1771291818.2515626,0x18FF02F7,1,0.00 Nm
ACT_POWER B13,1771291818.2515626,0x18FF02F7,1,0.00 kw
ACT_MOTORTEMPERATURE B13,1771291818.2515626,0x18FF02F7,1,28.00 °C
DEVICESTATE M13,1771291818.341522,0x18FF00F7,1,0 state
ERRORLAMP M13,1771291818.341522,0x18FF00F7,1,0 state
DEVICENUMBER M13,1771291818.341522,0x18FF00F7,1,14 state
CLAMP15_STATUS M13,1771291818.341522,0x18FF00F7,1,1 state
PRECHARGED M13,1771291818.341522,0x18FF00F7,1,1 state
STATUS_ BIT_FLEX_IN_OUT_SIGNAL1 M13,1771291818.341522,0x18FF00F7,1,3 state
STATUS_ BIT_FLEX_IN_OUT_SIGNAL2 M13,1771291818.341522,0x18FF00F7,1,3 state
ERROR CODE  M13,1771291818.341522,0x18FF00F7,1,0 state
ACT_DCBUSVOLTAGE M13,1771291818.341522,0x18FF00F7,1,1.25 V
ACT_DCBUSPOWER M13,1771291818.341522,0x18FF00F7,1,0.00 kw
ACT_DEVICETEMPERATURE M13,1771291818.341522,0x18FF00F7,1,26.00 °C
ACT_INVERTERSTATUS A13,1771291818.346642,0x18FF01F7,1,0 state
ACT_INVERTERREADY A13,1771291818.346642,0x18FF01F7,1,0 state
ACT_ERRORSTATUS A13,1771291818.346642,0x18FF01F7,1,0 state
ACT_SPEED A13,1771291818.346642,0x18FF01F7,1,0.00 rpm
ACT_TORQUE A13,1771291818.346642,0x18FF01F7,1,0.00 Nm
ACT_POWER A13,1771291818.346642,0x18FF01F7,1,0.00 kw
ACT_MOTORTEMPERATURE A13,1771291818.346642,0x18FF01F7,1,27.00 °C
ACT_INVERTERSTATUS B13,1771291818.3514934,0x18FF02F7,1,0 state
ACT_INVERTERREADY B13,1771291818.3514934,0x18FF02F7,1,0 state
ACT_ERRORSTATUS B13,1771291818.3514934,0x18FF02F7,1,0 state
ACT_SPEED B13,1771291818.3514934,0x18FF02F7,1,0.00 rpm
ACT_TORQUE B13,1771291818.3514934,0x18FF02F7,1,0.00 Nm
ACT_POWER B13,1771291818.3514934,0x18FF02F7,1,0.00 kw
ACT_MOTORTEMPERATURE B13,1771291818.3514934,0x18FF02F7,1,28.00 °C
DEVICESTATE M13,1771291818.4418123,0x18FF00F7,1,0 state
ERRORLAMP M13,1771291818.4418123,0x18FF00F7,1,0 state
DEVICENUMBER M13,1771291818.4418123,0x18FF00F7,1,14 state
CLAMP15_STATUS M13,1771291818.4418123,0x18FF00F7,1,1 state
PRECHARGED M13,1771291818.4418123,0x18FF00F7,1,1 state
STATUS_ BIT_FLEX_IN_OUT_SIGNAL1 M13,1771291818.4418123,0x18FF00F7,1,3 state
STATUS_ BIT_FLEX_IN_OUT_SIGNAL2 M13,1771291818.4418123,0x18FF00F7,1,3 state
ERROR CODE  M13,1771291818.4418123,0x18FF00F7,1,0 state
ACT_DCBUSVOLTAGE M13,1771291818.4418123,0x18FF00F7,1,1.25 V
ACT_DCBUSPOWER M13,1771291818.4418123,0x18FF00F7,1,0.00 kw
ACT_DEVICETEMPERATURE M13,1771291818.4418123,0x18FF00F7,1,26.00 °C
ACT_INVERTERSTATUS A13,1771291818.4467547,0x18FF01F7,1,0 state
ACT_INVERTERREADY A13,1771291818.4467547,0x18FF01F7,1,0 state
ACT_ERRORSTATUS A13,1771291818.4467547,0x18FF01F7,1,0 state
ACT_SPEED A13,1771291818.4467547,0x18FF01F7,1,0.00 rpm
ACT_TORQUE A13,1771291818.4467547,0x18FF01F7,1,0.00 Nm
ACT_POWER A13,1771291818.4467547,0x18FF01F7,1,0.00 kw
ACT_MOTORTEMPERATURE A13,1771291818.4467547,0x18FF01F7,1,27.00 °C
ACT_INVERTERSTATUS B13,1771291818.451545,0x18FF02F7,1,0 state
ACT_INVERTERREADY B13,1771291818.451545,0x18FF02F7,1,0 state
ACT_ERRORSTATUS B13,1771291818.451545,0x18FF02F7,1,0 state
ACT_SPEED B13,1771291818.451545,0x18FF02F7,1,0.00 rpm
ACT_TORQUE B13,1771291818.451545,0x18FF02F7,1,0.00 Nm
ACT_POWER B13,1771291818.451545,0x18FF02F7,1,0.00 kw
ACT_MOTORTEMPERATURE B13,1771291818.451545,0x18FF02F7,1,28.00 °C
DEVICESTATE M13,1771291818.5416064,0x18FF00F7,1,0 state
ERRORLAMP M13,1771291818.5416064,0x18FF00F7,1,0 state
DEVICENUMBER M13,1771291818.5416064,0x18FF00F7,1,14 state
CLAMP15_STATUS M13,1771291818.5416064,0x18FF00F7,1,1 state
PRECHARGED M13,1771291818.5416064,0x18FF00F7,1,1 state
STATUS_ BIT_FLEX_IN_OUT_SIGNAL1 M13,1771291818.5416064,0x18FF00F7,1,3 state
STATUS_ BIT_FLEX_IN_OUT_SIGNAL2 M13,1771291818.5416064,0x18FF00F7,1,3 state
ERROR CODE  M13,1771291818.5416064,0x18FF00F7,1,0 state
ACT_DCBUSVOLTAGE M13,1771291818.5416064,0x18FF00F7,1,1.25 V
ACT_DCBUSPOWER M13,1771291818.5416064,0x18FF00F7,1,0.00 kw
ACT_DEVICETEMPERATURE M13,1771291818.5416064,0x18FF00F7,1,26.00 °C
ACT_INVERTERSTATUS A13,1771291818.5467634,0x18FF01F7,1,0 state
ACT_INVERTERREADY A13,1771291818.5467634,0x18FF01F7,1,0 state
ACT_ERRORSTATUS A13,1771291818.5467634,0x18FF01F7,1,0 state
ACT_SPEED A13,1771291818.5467634,0x18FF01F7,1,0.00 rpm
ACT_TORQUE A13,1771291818.5467634,0x18FF01F7,1,0.00 Nm
ACT_POWER A13,1771291818.5467634,0x18FF01F7,1,0.00 kw
ACT_MOTORTEMPERATURE A13,1771291818.5467634,0x18FF01F7,1,27.00 °C
ACT_INVERTERSTATUS B13,1771291818.5516374,0x18FF02F7,1,0 state
ACT_INVERTERREADY B13,1771291818.5516374,0x18FF02F7,1,0 state
ACT_ERRORSTATUS B13,1771291818.5516374,0x18FF02F7,1,0 state
ACT_SPEED B13,1771291818.5516374,0x18FF02F7,1,0.00 rpm
ACT_TORQUE B13,1771291818.5516374,0x18FF02F7,1,0.00 Nm
ACT_POWER B13,1771291818.5516374,0x18FF02F7,1,0.00 kw
ACT_MOTORTEMPERATURE B13,1771291818.5516374,0x18FF02F7,1,28.00 °C
DEVICESTATE M13,1771291818.6416297,0x18FF00F7,1,0 state
ERRORLAMP M13,1771291818.6416297,0x18FF00F7,1,0 state
DEVICENUMBER M13,1771291818.6416297,0x18FF00F7,1,14 state
CLAMP15_STATUS M13,1771291818.6416297,0x18FF00F7,1,1 state
PRECHARGED M13,1771291818.6416297,0x18FF00F7,1,1 state
STATUS_ BIT_FLEX_IN_OUT_SIGNAL1 M13,1771291818.6416297,0x18FF00F7,1,3 state
STATUS_ BIT_FLEX_IN_OUT_SIGNAL2 M13,1771291818.6416297,0x18FF00F7,1,3 state
ERROR CODE  M13,1771291818.6416297,0x18FF00F7,1,0 state
ACT_DCBUSVOLTAGE M13,1771291818.6416297,0x18FF00F7,1,1.25 V
ACT_DCBUSPOWER M13,1771291818.6416297,0x18FF00F7,1,0.00 kw
ACT_DEVICETEMPERATURE M13,1771291818.6416297,0x18FF00F7,1,26.00 °C
ACT_INVERTERSTATUS A13,1771291818.6467347,0x18FF01F7,1,0 state
ACT_INVERTERREADY A13,1771291818.6467347,0x18FF01F7,1,0 state
ACT_ERRORSTATUS A13,1771291818.6467347,0x18FF01F7,1,0 state
ACT_SPEED A13,1771291818.6467347,0x18FF01F7,1,0.00 rpm
ACT_TORQUE A13,1771291818.6467347,0x18FF01F7,1,0.00 Nm
ACT_POWER A13,1771291818.6467347,0x18FF01F7,1,0.00 kw
ACT_MOTORTEMPERATURE A13,1771291818.6467347,0x18FF01F7,1,27.00 °C
ACT_INVERTERSTATUS B13,1771291818.6515672,0x18FF02F7,1,0 state
ACT_INVERTERREADY B13,1771291818.6515672,0x18FF02F7,1,0 state
ACT_ERRORSTATUS B13,1771291818.6515672,0x18FF02F7,1,0 state
ACT_SPEED B13,1771291818.6515672,0x18FF02F7,1,0.00 rpm
ACT_TORQUE B13,1771291818.6515672,0x18FF02F7,1,0.00 Nm
ACT_POWER B13,1771291818.6515672,0x18FF02F7,1,0.00 kw
ACT_MOTORTEMPERATURE B13,1771291818.6515672,0x18FF02F7,1,28.00 °C
DEVICESTATE M13,1771291818.741825,0x18FF00F7,1,0 state
ERRORLAMP M13,1771291818.741825,0x18FF00F7,1,0 state
DEVICENUMBER M13,1771291818.741825,0x18FF00F7,1,14 state
CLAMP15_STATUS M13,1771291818.741825,0x18FF00F7,1,1 state
PRECHARGED M13,1771291818.741825,0x18FF00F7,1,1 state
STATUS_ BIT_FLEX_IN_OUT_SIGNAL1 M13,1771291818.741825,0x18FF00F7,1,3 state
STATUS_ BIT_FLEX_IN_OUT_SIGNAL2 M13,1771291818.741825,0x18FF00F7,1,3 state
ERROR CODE  M13,1771291818.741825,0x18FF00F7,1,0 state
ACT_DCBUSVOLTAGE M13,1771291818.741825,0x18FF00F7,1,1.25 V
ACT_DCBUSPOWER M13,1771291818.741825,0x18FF00F7,1,0.00 kw
ACT_DEVICETEMPERATURE M13,1771291818.741825,0x18FF00F7,1,26.00 °C
ACT_INVERTERSTATUS A13,1771291818.7462685,0x18FF01F7,1,0 state
ACT_INVERTERREADY A13,1771291818.7462685,0x18FF01F7,1,0 state
ACT_ERRORSTATUS A13,1771291818.7462685,0x18FF01F7,1,0 state
ACT_SPEED A13,1771291818.7462685,0x18FF01F7,1,0.00 rpm
ACT_TORQUE A13,1771291818.7462685,0x18FF01F7,1,0.00 Nm
ACT_POWER A13,1771291818.7462685,0x18FF01F7,1,0.00 kw
ACT_MOTORTEMPERATURE A13,1771291818.7462685,0x18FF01F7,1,27.00 °C
ACT_INVERTERSTATUS B13,1771291818.7513697,0x18FF02F7,1,0 state
ACT_INVERTERREADY B13,1771291818.7513697,0x18FF02F7,1,0 state
ACT_ERRORSTATUS B13,1771291818.7513697,0x18FF02F7,1,0 state
ACT_SPEED B13,1771291818.7513697,0x18FF02F7,1,0.00 rpm
ACT_TORQUE B13,1771291818.7513697,0x18FF02F7,1,0.00 Nm
ACT_POWER B13,1771291818.7513697,0x18FF02F7,1,0.00 kw
ACT_MOTORTEMPERATURE B13,1771291818.7513697,0x18FF02F7,1,28.00 °C
DEVICESTATE M13,1771291818.8413658,0x18FF00F7,1,0 state
ERRORLAMP M13,1771291818.8413658,0x18FF00F7,1,0 state
DEVICENUMBER M13,1771291818.8413658,0x18FF00F7,1,14 state
CLAMP15_STATUS M13,1771291818.8413658,0x18FF00F7,1,1 state
PRECHARGED M13,1771291818.8413658,0x18FF00F7,1,1 state
STATUS_ BIT_FLEX_IN_OUT_SIGNAL1 M13,1771291818.8413658,0x18FF00F7,1,3 state
STATUS_ BIT_FLEX_IN_OUT_SIGNAL2 M13,1771291818.8413658,0x18FF00F7,1,3 state
ERROR CODE  M13,1771291818.8413658,0x18FF00F7,1,0 state
ACT_DCBUSVOLTAGE M13,1771291818.8413658,0x18FF00F7,1,1.25 V
ACT_DCBUSPOWER M13,1771291818.8413658,0x18FF00F7,1,0.00 kw
ACT_DEVICETEMPERATURE M13,1771291818.8413658,0x18FF00F7,1,26.00 °C
ACT_INVERTERSTATUS A13,1771291818.8466368,0x18FF01F7,1,0 state
ACT_INVERTERREADY A13,1771291818.8466368,0x18FF01F7,1,0 state
ACT_ERRORSTATUS A13,1771291818.8466368,0x18FF01F7,1,0 state
ACT_SPEED A13,1771291818.8466368,0x18FF01F7,1,0.00 rpm
ACT_TORQUE A13,1771291818.8466368,0x18FF01F7,1,0.00 Nm
ACT_POWER A13,1771291818.8466368,0x18FF01F7,1,0.00 kw
ACT_MOTORTEMPERATURE A13,1771291818.8466368,0x18FF01F7,1,27.00 °C
ACT_INVERTERSTATUS B13,1771291818.8514705,0x18FF02F7,1,0 state
ACT_INVERTERREADY B13,1771291818.8514705,0x18FF02F7,1,0 state
ACT_ERRORSTATUS B13,1771291818.8514705,0x18FF02F7,1,0 state
ACT_SPEED B13,1771291818.8514705,0x18FF02F7,1,0.00 rpm
ACT_TORQUE B13,1771291818.8514705,0x18FF02F7,1,0.00 Nm
ACT_POWER B13,1771291818.8514705,0x18FF02F7,1,0.00 kw
ACT_MOTORTEMPERATURE B13,1771291818.8514705,0x18FF02F7,1,28.00 °C
DEVICESTATE M13,1771291818.941781,0x18FF00F7,1,0 state
ERRORLAMP M13,1771291818.941781,0x18FF00F7,1,0 state
DEVICENUMBER M13,1771291818.941781,0x18FF00F7,1,14 state
CLAMP15_STATUS M13,1771291818.941781,0x18FF00F7,1,1 state
PRECHARGED M13,1771291818.941781,0x18FF00F7,1,1 state
STATUS_ BIT_FLEX_IN_OUT_SIGNAL1 M13,1771291818.941781,0x18FF00F7,1,3 state
STATUS_ BIT_FLEX_IN_OUT_SIGNAL2 M13,1771291818.941781,0x18FF00F7,1,3 state
ERROR CODE  M13,1771291818.941781,0x18FF00F7,1,0 state
ACT_DCBUSVOLTAGE M13,1771291818.941781,0x18FF00F7,1,1.25 V
ACT_DCBUSPOWER M13,1771291818.941781,0x18FF00F7,1,0.00 kw
ACT_DEVICETEMPERATURE M13,1771291818.941781,0x18FF00F7,1,26.00 °C
ACT_INVERTERSTATUS A13,1771291818.9466832,0x18FF01F7,1,0 state
ACT_INVERTERREADY A13,1771291818.9466832,0x18FF01F7,1,0 state
ACT_ERRORSTATUS A13,1771291818.9466832,0x18FF01F7,1,0 state
ACT_SPEED A13,1771291818.9466832,0x18FF01F7,1,0.00 rpm
ACT_TORQUE A13,1771291818.9466832,0x18FF01F7,1,0.00 Nm
ACT_POWER A13,1771291818.9466832,0x18FF01F7,1,0.00 kw
ACT_MOTORTEMPERATURE A13,1771291818.9466832,0x18FF01F7,1,27.00 °C
ACT_INVERTERSTATUS B13,1771291818.951306,0x18FF02F7,1,0 state
ACT_INVERTERREADY B13,1771291818.951306,0x18FF02F7,1,0 state
ACT_ERRORSTATUS B13,1771291818.951306,0x18FF02F7,1,0 state
ACT_SPEED B13,1771291818.951306,0x18FF02F7,1,0.00 rpm
ACT_TORQUE B13,1771291818.951306,0x18FF02F7,1,0.00 Nm
ACT_POWER B13,1771291818.951306,0x18FF02F7,1,0.00 kw
ACT_MOTORTEMPERATURE B13,1771291818.951306,0x18FF02F7,1,28.00 °C
DEVICESTATE M13,1771291819.0417647,0x18FF00F7,1,0 state
ERRORLAMP M13,1771291819.0417647,0x18FF00F7,1,0 state
DEVICENUMBER M13,1771291819.0417647,0x18FF00F7,1,14 state
CLAMP15_STATUS M13,1771291819.0417647,0x18FF00F7,1,1 state
PRECHARGED M13,1771291819.0417647,0x18FF00F7,1,1 state
STATUS_ BIT_FLEX_IN_OUT_SIGNAL1 M13,1771291819.0417647,0x18FF00F7,1,3 state
STATUS_ BIT_FLEX_IN_OUT_SIGNAL2 M13,1771291819.0417647,0x18FF00F7,1,3 state
ERROR CODE  M13,1771291819.0417647,0x18FF00F7,1,0 state
ACT_DCBUSVOLTAGE M13,1771291819.0417647,0x18FF00F7,1,1.25 V
ACT_DCBUSPOWER M13,1771291819.0417647,0x18FF00F7,1,0.00 kw
ACT_DEVICETEMPERATURE M13,1771291819.0417647,0x18FF00F7,1,26.00 °C
ACT_INVERTERSTATUS A13,1771291819.0467463,0x18FF01F7,1,0 state
ACT_INVERTERREADY A13,1771291819.0467463,0x18FF01F7,1,0 state
ACT_ERRORSTATUS A13,1771291819.0467463,0x18FF01F7,1,0 state
ACT_SPEED A13,1771291819.0467463,0x18FF01F7,1,0.00 rpm
ACT_TORQUE A13,1771291819.0467463,0x18FF01F7,1,0.00 Nm
ACT_POWER A13,1771291819.0467463,0x18FF01F7,1,0.00 kw
ACT_MOTORTEMPERATURE A13,1771291819.0467463,0x18FF01F7,1,27.00 °C
ACT_INVERTERSTATUS B13,1771291819.0513022,0x18FF02F7,1,0 state
ACT_INVERTERREADY B13,1771291819.0513022,0x18FF02F7,1,0 state
ACT_ERRORSTATUS B13,1771291819.0513022,0x18FF02F7,1,0 state
ACT_SPEED B13,1771291819.0513022,0x18FF02F7,1,0.00 rpm
ACT_TORQUE B13,1771291819.0513022,0x18FF02F7,1,0.00 Nm
ACT_POWER B13,1771291819.0513022,0x18FF02F7,1,0.00 kw
ACT_MOTORTEMPERATURE B13,1771291819.0513022,0x18FF02F7,1,28.00 °C
DEVICESTATE M13,1771291819.1417286,0x18FF00F7,1,0 state
ERRORLAMP M13,1771291819.1417286,0x18FF00F7,1,0 state
DEVICENUMBER M13,1771291819.1417286,0x18FF00F7,1,14 state
CLAMP15_STATUS M13,1771291819.1417286,0x18FF00F7,1,1 state
PRECHARGED M13,1771291819.1417286,0x18FF00F7,1,1 state
STATUS_ BIT_FLEX_IN_OUT_SIGNAL1 M13,1771291819.1417286,0x18FF00F7,1,3 state
STATUS_ BIT_FLEX_IN_OUT_SIGNAL2 M13,1771291819.1417286,0x18FF00F7,1,3 state
ERROR CODE  M13,1771291819.1417286,0x18FF00F7,1,0 state
ACT_DCBUSVOLTAGE M13,1771291819.1417286,0x18FF00F7,1,1.25 V
ACT_DCBUSPOWER M13,1771291819.1417286,0x18FF00F7,1,0.00 kw
ACT_DEVICETEMPERATURE M13,1771291819.1417286,0x18FF00F7,1,26.00 °C
ACT_INVERTERSTATUS A13,1771291819.146854,0x18FF01F7,1,0 state
ACT_INVERTERREADY A13,1771291819.146854,0x18FF01F7,1,0 state
ACT_ERRORSTATUS A13,1771291819.146854,0x18FF01F7,1,0 state
ACT_SPEED A13,1771291819.146854,0x18FF01F7,1,0.00 rpm
ACT_TORQUE A13,1771291819.146854,0x18FF01F7,1,0.00 Nm
ACT_POWER A13,1771291819.146854,0x18FF01F7,1,0.00 kw
ACT_MOTORTEMPERATURE A13,1771291819.146854,0x18FF01F7,1,27.00 °C
ACT_INVERTERSTATUS B13,1771291819.151701,0x18FF02F7,1,0 state
ACT_INVERTERREADY B13,1771291819.151701,0x18FF02F7,1,0 state
ACT_ERRORSTATUS B13,1771291819.151701,0x18FF02F7,1,0 state
ACT_SPEED B13,1771291819.151701,0x18FF02F7,1,0.00 rpm
ACT_TORQUE B13,1771291819.151701,0x18FF02F7,1,0.00 Nm
ACT_POWER B13,1771291819.151701,0x18FF02F7,1,0.00 kw
ACT_MOTORTEMPERATURE B13,1771291819.151701,0x18FF02F7,1,28.00 °C
DEVICESTATE M13,1771291819.241475,0x18FF00F7,1,0 state
ERRORLAMP M13,1771291819.241475,0x18FF00F7,1,0 state
DEVICENUMBER M13,1771291819.241475,0x18FF00F7,1,14 state
CLAMP15_STATUS M13,1771291819.241475,0x18FF00F7,1,1 state
PRECHARGED M13,1771291819.241475,0x18FF00F7,1,1 state
STATUS_ BIT_FLEX_IN_OUT_SIGNAL1 M13,1771291819.241475,0x18FF00F7,1,3 state
STATUS_ BIT_FLEX_IN_OUT_SIGNAL2 M13,1771291819.241475,0x18FF00F7,1,3 state
ERROR CODE  M13,1771291819.241475,0x18FF00F7,1,0 state
ACT_DCBUSVOLTAGE M13,1771291819.241475,0x18FF00F7,1,1.25 V
ACT_DCBUSPOWER M13,1771291819.241475,0x18FF00F7,1,0.00 kw
ACT_DEVICETEMPERATURE M13,1771291819.241475,0x18FF00F7,1,26.00 °C
ACT_INVERTERSTATUS A13,1771291819.246545,0x18FF01F7,1,0 state
ACT_INVERTERREADY A13,1771291819.246545,0x18FF01F7,1,0 state
ACT_ERRORSTATUS A13,1771291819.246545,0x18FF01F7,1,0 state
ACT_SPEED A13,1771291819.246545,0x18FF01F7,1,0.00 rpm
ACT_TORQUE A13,1771291819.246545,0x18FF01F7,1,0.00 Nm
ACT_POWER A13,1771291819.246545,0x18FF01F7,1,0.00 kw
ACT_MOTORTEMPERATURE A13,1771291819.246545,0x18FF01F7,1,27.00 °C
ACT_INVERTERSTATUS B13,1771291819.2515273,0x18FF02F7,1,0 state
ACT_INVERTERREADY B13,1771291819.2515273,0x18FF02F7,1,0 state
ACT_ERRORSTATUS B13,1771291819.2515273,0x18FF02F7,1,0 state
ACT_SPEED B13,1771291819.2515273,0x18FF02F7,1,0.00 rpm
ACT_TORQUE B13,1771291819.2515273,0x18FF02F7,1,0.00 Nm
ACT_POWER B13,1771291819.2515273,0x18FF02F7,1,0.00 kw
ACT_MOTORTEMPERATURE B13,1771291819.2515273,0x18FF02F7,1,28.00 °C
DEVICESTATE M13,1771291819.3417456,0x18FF00F7,1,0 state
ERRORLAMP M13,1771291819.3417456,0x18FF00F7,1,0 state
DEVICENUMBER M13,1771291819.3417456,0x18FF00F7,1,14 state
CLAMP15_STATUS M13,1771291819.3417456,0x18FF00F7,1,1 state
PRECHARGED M13,1771291819.3417456,0x18FF00F7,1,1 state
STATUS_ BIT_FLEX_IN_OUT_SIGNAL1 M13,1771291819.3417456,0x18FF00F7,1,3 state
STATUS_ BIT_FLEX_IN_OUT_SIGNAL2 M13,1771291819.3417456,0x18FF00F7,1,3 state
ERROR CODE  M13,1771291819.3417456,0x18FF00F7,1,0 state
ACT_DCBUSVOLTAGE M13,1771291819.3417456,0x18FF00F7,1,1.25 V
ACT_DCBUSPOWER M13,1771291819.3417456,0x18FF00F7,1,0.00 kw
ACT_DEVICETEMPERATURE M13,1771291819.3417456,0x18FF00F7,1,26.00 °C
ACT_INVERTERSTATUS A13,1771291819.3467348,0x18FF01F7,1,0 state
ACT_INVERTERREADY A13,1771291819.3467348,0x18FF01F7,1,0 state
ACT_ERRORSTATUS A13,1771291819.3467348,0x18FF01F7,1,0 state
ACT_SPEED A13,1771291819.3467348,0x18FF01F7,1,0.00 rpm
ACT_TORQUE A13,1771291819.3467348,0x18FF01F7,1,0.00 Nm
ACT_POWER A13,1771291819.3467348,0x18FF01F7,1,0.00 kw
ACT_MOTORTEMPERATURE A13,1771291819.3467348,0x18FF01F7,1,27.00 °C
ACT_INVERTERSTATUS B13,1771291819.3513086,0x18FF02F7,1,0 state
ACT_INVERTERREADY B13,1771291819.3513086,0x18FF02F7,1,0 state
ACT_ERRORSTATUS B13,1771291819.3513086,0x18FF02F7,1,0 state
ACT_SPEED B13,1771291819.3513086,0x18FF02F7,1,0.00 rpm
ACT_TORQUE B13,1771291819.3513086,0x18FF02F7,1,0.00 Nm
ACT_POWER B13,1771291819.3513086,0x18FF02F7,1,0.00 kw
ACT_MOTORTEMPERATURE B13,1771291819.3513086,0x18FF02F7,1,28.00 °C
DEVICESTATE M13,1771291819.4414382,0x18FF00F7,1,0 state
ERRORLAMP M13,1771291819.4414382,0x18FF00F7,1,0 state
DEVICENUMBER M13,1771291819.4414382,0x18FF00F7,1,14 state
CLAMP15_STATUS M13,1771291819.4414382,0x18FF00F7,1,1 state
PRECHARGED M13,1771291819.4414382,0x18FF00F7,1,1 state
STATUS_ BIT_FLEX_IN_OUT_SIGNAL1 M13,1771291819.4414382,0x18FF00F7,1,3 state
STATUS_ BIT_FLEX_IN_OUT_SIGNAL2 M13,1771291819.4414382,0x18FF00F7,1,3 state
ERROR CODE  M13,1771291819.4414382,0x18FF00F7,1,0 state
ACT_DCBUSVOLTAGE M13,1771291819.4414382,0x18FF00F7,1,1.25 V
ACT_DCBUSPOWER M13,1771291819.4414382,0x18FF00F7,1,0.00 kw
ACT_DEVICETEMPERATURE M13,1771291819.4414382,0x18FF00F7,1,26.00 °C
ACT_INVERTERSTATUS A13,1771291819.4467268,0x18FF01F7,1,0 state
ACT_INVERTERREADY A13,1771291819.4467268,0x18FF01F7,1,0 state
ACT_ERRORSTATUS A13,1771291819.4467268,0x18FF01F7,1,0 state
ACT_SPEED A13,1771291819.4467268,0x18FF01F7,1,0.00 rpm
ACT_TORQUE A13,1771291819.4467268,0x18FF01F7,1,0.00 Nm
ACT_POWER A13,1771291819.4467268,0x18FF01F7,1,0.00 kw
ACT_MOTORTEMPERATURE A13,1771291819.4467268,0x18FF01F7,1,27.00 °C
ACT_INVERTERSTATUS B13,1771291819.4514954,0x18FF02F7,1,0 state
ACT_INVERTERREADY B13,1771291819.4514954,0x18FF02F7,1,0 state
ACT_ERRORSTATUS B13,1771291819.4514954,0x18FF02F7,1,0 state
ACT_SPEED B13,1771291819.4514954,0x18FF02F7,1,0.00 rpm
ACT_TORQUE B13,1771291819.4514954,0x18FF02F7,1,0.00 Nm
ACT_POWER B13,1771291819.4514954,0x18FF02F7,1,0.00 kw
ACT_MOTORTEMPERATURE B13,1771291819.4514954,0x18FF02F7,1,28.00 °C
DEVICESTATE M13,1771291819.54194,0x18FF00F7,1,0 state
ERRORLAMP M13,1771291819.54194,0x18FF00F7,1,0 state
DEVICENUMBER M13,1771291819.54194,0x18FF00F7,1,14 state
CLAMP15_STATUS M13,1771291819.54194,0x18FF00F7,1,1 state
PRECHARGED M13,1771291819.54194,0x18FF00F7,1,1 state
STATUS_ BIT_FLEX_IN_OUT_SIGNAL1 M13,1771291819.54194,0x18FF00F7,1,3 state
STATUS_ BIT_FLEX_IN_OUT_SIGNAL2 M13,1771291819.54194,0x18FF00F7,1,3 state
ERROR CODE  M13,1771291819.54194,0x18FF00F7,1,0 state
ACT_DCBUSVOLTAGE M13,1771291819.54194,0x18FF00F7,1,1.25 V
ACT_DCBUSPOWER M13,1771291819.54194,0x18FF00F7,1,0.00 kw
ACT_DEVICETEMPERATURE M13,1771291819.54194,0x18FF00F7,1,26.00 °C
ACT_INVERTERSTATUS A13,1771291819.5467792,0x18FF01F7,1,0 state
ACT_INVERTERREADY A13,1771291819.5467792,0x18FF01F7,1,0 state
ACT_ERRORSTATUS A13,1771291819.5467792,0x18FF01F7,1,0 state
ACT_SPEED A13,1771291819.5467792,0x18FF01F7,1,0.00 rpm
ACT_TORQUE A13,1771291819.5467792,0x18FF01F7,1,0.00 Nm
ACT_POWER A13,1771291819.5467792,0x18FF01F7,1,0.00 kw
ACT_MOTORTEMPERATURE A13,1771291819.5467792,0x18FF01F7,1,27.00 °C
ACT_INVERTERSTATUS B13,1771291819.5513988,0x18FF02F7,1,0 state
ACT_INVERTERREADY B13,1771291819.5513988,0x18FF02F7,1,0 state
ACT_ERRORSTATUS B13,1771291819.5513988,0x18FF02F7,1,0 state
ACT_SPEED B13,1771291819.5513988,0x18FF02F7,1,0.00 rpm
ACT_TORQUE B13,1771291819.5513988,0x18FF02F7,1,0.00 Nm
ACT_POWER B13,1771291819.5513988,0x18FF02F7,1,0.00 kw
ACT_MOTORTEMPERATURE B13,1771291819.5513988,0x18FF02F7,1,28.00 °C
DEVICESTATE M13,1771291819.64194,0x18FF00F7,1,0 state
ERRORLAMP M13,1771291819.64194,0x18FF00F7,1,0 state
DEVICENUMBER M13,1771291819.64194,0x18FF00F7,1,14 state
CLAMP15_STATUS M13,1771291819.64194,0x18FF00F7,1,1 state
PRECHARGED M13,1771291819.64194,0x18FF00F7,1,1 state
STATUS_ BIT_FLEX_IN_OUT_SIGNAL1 M13,1771291819.64194,0x18FF00F7,1,3 state
STATUS_ BIT_FLEX_IN_OUT_SIGNAL2 M13,1771291819.64194,0x18FF00F7,1,3 state
ERROR CODE  M13,1771291819.64194,0x18FF00F7,1,0 state
ACT_DCBUSVOLTAGE M13,1771291819.64194,0x18FF00F7,1,1.25 V
ACT_DCBUSPOWER M13,1771291819.64194,0x18FF00F7,1,0.00 kw
ACT_DEVICETEMPERATURE M13,1771291819.64194,0x18FF00F7,1,26.00 °C
ACT_INVERTERSTATUS A13,1771291819.6464376,0x18FF01F7,1,0 state
ACT_INVERTERREADY A13,1771291819.6464376,0x18FF01F7,1,0 state
ACT_ERRORSTATUS A13,1771291819.6464376,0x18FF01F7,1,0 state
ACT_SPEED A13,1771291819.6464376,0x18FF01F7,1,0.00 rpm
ACT_TORQUE A13,1771291819.6464376,0x18FF01F7,1,0.00 Nm
ACT_POWER A13,1771291819.6464376,0x18FF01F7,1,0.00 kw
ACT_MOTORTEMPERATURE A13,1771291819.6464376,0x18FF01F7,1,27.00 °C
ACT_INVERTERSTATUS B13,1771291819.6515386,0x18FF02F7,1,0 state
ACT_INVERTERREADY B13,1771291819.6515386,0x18FF02F7,1,0 state
ACT_ERRORSTATUS B13,1771291819.6515386,0x18FF02F7,1,0 state
ACT_SPEED B13,1771291819.6515386,0x18FF02F7,1,0.00 rpm
ACT_TORQUE B13,1771291819.6515386,0x18FF02F7,1,0.00 Nm
ACT_POWER B13,1771291819.6515386,0x18FF02F7,1,0.00 kw
ACT_MOTORTEMPERATURE B13,1771291819.6515386,0x18FF02F7,1,28.00 °C
DEVICESTATE M13,1771291819.7417545,0x18FF00F7,1,0 state
ERRORLAMP M13,1771291819.7417545,0x18FF00F7,1,0 state
DEVICENUMBER M13,1771291819.7417545,0x18FF00F7,1,14 state
CLAMP15_STATUS M13,1771291819.7417545,0x18FF00F7,1,1 state
PRECHARGED M13,1771291819.7417545,0x18FF00F7,1,1 state
STATUS_ BIT_FLEX_IN_OUT_SIGNAL1 M13,1771291819.7417545,0x18FF00F7,1,3 state
STATUS_ BIT_FLEX_IN_OUT_SIGNAL2 M13,1771291819.7417545,0x18FF00F7,1,3 state
ERROR CODE  M13,1771291819.7417545,0x18FF00F7,1,0 state
ACT_DCBUSVOLTAGE M13,1771291819.7417545,0x18FF00F7,1,1.25 V
ACT_DCBUSPOWER M13,1771291819.7417545,0x18FF00F7,1,0.00 kw
ACT_DEVICETEMPERATURE M13,1771291819.7417545,0x18FF00F7,1,26.00 °C
ACT_INVERTERSTATUS A13,1771291819.7466946,0x18FF01F7,1,0 state
ACT_INVERTERREADY A13,1771291819.7466946,0x18FF01F7,1,0 state
ACT_ERRORSTATUS A13,1771291819.7466946,0x18FF01F7,1,0 state
ACT_SPEED A13,1771291819.7466946,0x18FF01F7,1,0.00 rpm
ACT_TORQUE A13,1771291819.7466946,0x18FF01F7,1,0.00 Nm
ACT_POWER A13,1771291819.7466946,0x18FF01F7,1,0.00 kw
ACT_MOTORTEMPERATURE A13,1771291819.7466946,0x18FF01F7,1,27.00 °C
ACT_INVERTERSTATUS B13,1771291819.7511907,0x18FF02F7,1,0 state
ACT_INVERTERREADY B13,1771291819.7511907,0x18FF02F7,1,0 state
ACT_ERRORSTATUS B13,1771291819.7511907,0x18FF02F7,1,0 state
ACT_SPEED B13,1771291819.7511907,0x18FF02F7,1,0.00 rpm
ACT_TORQUE B13,1771291819.7511907,0x18FF02F7,1,0.00 Nm
ACT_POWER B13,1771291819.7511907,0x18FF02F7,1,0.00 kw
ACT_MOTORTEMPERATURE B13,1771291819.7511907,0x18FF02F7,1,28.00 °C
DEVICESTATE M13,1771291819.8414147,0x18FF00F7,1,0 state
ERRORLAMP M13,1771291819.8414147,0x18FF00F7,1,0 state
DEVICENUMBER M13,1771291819.8414147,0x18FF00F7,1,14 state
CLAMP15_STATUS M13,1771291819.8414147,0x18FF00F7,1,1 state
PRECHARGED M13,1771291819.8414147,0x18FF00F7,1,1 state
STATUS_ BIT_FLEX_IN_OUT_SIGNAL1 M13,1771291819.8414147,0x18FF00F7,1,3 state
STATUS_ BIT_FLEX_IN_OUT_SIGNAL2 M13,1771291819.8414147,0x18FF00F7,1,3 state
ERROR CODE  M13,1771291819.8414147,0x18FF00F7,1,0 state
ACT_DCBUSVOLTAGE M13,1771291819.8414147,0x18FF00F7,1,1.25 V
ACT_DCBUSPOWER M13,1771291819.8414147,0x18FF00F7,1,0.00 kw
ACT_DEVICETEMPERATURE M13,1771291819.8414147,0x18FF00F7,1,26.00 °C
ACT_INVERTERSTATUS A13,1771291819.8466566,0x18FF01F7,1,0 state
ACT_INVERTERREADY A13,1771291819.8466566,0x18FF01F7,1,0 state
ACT_ERRORSTATUS A13,1771291819.8466566,0x18FF01F7,1,0 state
ACT_SPEED A13,1771291819.8466566,0x18FF01F7,1,0.00 rpm
ACT_TORQUE A13,1771291819.8466566,0x18FF01F7,1,0.00 Nm
ACT_POWER A13,1771291819.8466566,0x18FF01F7,1,0.00 kw
ACT_MOTORTEMPERATURE A13,1771291819.8466566,0x18FF01F7,1,27.00 °C
ACT_INVERTERSTATUS B13,1771291819.851483,0x18FF02F7,1,0 state
ACT_INVERTERREADY B13,1771291819.851483,0x18FF02F7,1,0 state
ACT_ERRORSTATUS B13,1771291819.851483,0x18FF02F7,1,0 state
ACT_SPEED B13,1771291819.851483,0x18FF02F7,1,0.00 rpm
ACT_TORQUE B13,1771291819.851483,0x18FF02F7,1,0.00 Nm
ACT_POWER B13,1771291819.851483,0x18FF02F7,1,0.00 kw
ACT_MOTORTEMPERATURE B13,1771291819.851483,0x18FF02F7,1,28.00 °C
DEVICESTATE M13,1771291819.9417815,0x18FF00F7,1,0 state
ERRORLAMP M13,1771291819.9417815,0x18FF00F7,1,0 state
DEVICENUMBER M13,1771291819.9417815,0x18FF00F7,1,14 state
CLAMP15_STATUS M13,1771291819.9417815,0x18FF00F7,1,1 state
PRECHARGED M13,1771291819.9417815,0x18FF00F7,1,1 state
STATUS_ BIT_FLEX_IN_OUT_SIGNAL1 M13,1771291819.9417815,0x18FF00F7,1,3 state
STATUS_ BIT_FLEX_IN_OUT_SIGNAL2 M13,1771291819.9417815,0x18FF00F7,1,3 state
ERROR CODE  M13,1771291819.9417815,0x18FF00F7,1,0 state
ACT_DCBUSVOLTAGE M13,1771291819.9417815,0x18FF00F7,1,1.25 V
ACT_DCBUSPOWER M13,1771291819.9417815,0x18FF00F7,1,0.00 kw
ACT_DEVICETEMPERATURE M13,1771291819.9417815,0x18FF00F7,1,26.00 °C
ACT_INVERTERSTATUS A13,1771291819.94627,0x18FF01F7,1,0 state
ACT_INVERTERREADY A13,1771291819.94627,0x18FF01F7,1,0 state
ACT_ERRORSTATUS A13,1771291819.94627,0x18FF01F7,1,0 state
ACT_SPEED A13,1771291819.94627,0x18FF01F7,1,0.00 rpm
ACT_TORQUE A13,1771291819.94627,0x18FF01F7,1,0.00 Nm
ACT_POWER A13,1771291819.94627,0x18FF01F7,1,0.00 kw
ACT_MOTORTEMPERATURE A13,1771291819.94627,0x18FF01F7,1,27.00 °C
ACT_INVERTERSTATUS B13,1771291819.9513323,0x18FF02F7,1,0 state
ACT_INVERTERREADY B13,1771291819.9513323,0x18FF02F7,1,0 state
ACT_ERRORSTATUS B13,1771291819.9513323,0x18FF02F7,1,0 state
ACT_SPEED B13,1771291819.9513323,0x18FF02F7,1,0.00 rpm
ACT_TORQUE B13,1771291819.9513323,0x18FF02F7,1,0.00 Nm
ACT_POWER B13,1771291819.9513323,0x18FF02F7,1,0.00 kw
ACT_MOTORTEMPERATURE B13,1771291819.9513323,0x18FF02F7,1,28.00 °C
DEVICESTATE M13,1771291820.0417333,0x18FF00F7,1,0 state
ERRORLAMP M13,1771291820.0417333,0x18FF00F7,1,0 state
DEVICENUMBER M13,1771291820.0417333,0x18FF00F7,1,14 state
CLAMP15_STATUS M13,1771291820.0417333,0x18FF00F7,1,1 state
PRECHARGED M13,1771291820.0417333,0x18FF00F7,1,1 state
STATUS_ BIT_FLEX_IN_OUT_SIGNAL1 M13,1771291820.0417333,0x18FF00F7,1,3 state
STATUS_ BIT_FLEX_IN_OUT_SIGNAL2 M13,1771291820.0417333,0x18FF00F7,1,3 state
ERROR CODE  M13,1771291820.0417333,0x18FF00F7,1,0 state
ACT_DCBUSVOLTAGE M13,1771291820.0417333,0x18FF00F7,1,1.25 V
ACT_DCBUSPOWER M13,1771291820.0417333,0x18FF00F7,1,0.00 kw
ACT_DEVICETEMPERATURE M13,1771291820.0417333,0x18FF00F7,1,26.00 °C
ACT_INVERTERSTATUS A13,1771291820.0465755,0x18FF01F7,1,0 state
ACT_INVERTERREADY A13,1771291820.0465755,0x18FF01F7,1,0 state
ACT_ERRORSTATUS A13,1771291820.0465755,0x18FF01F7,1,0 state
ACT_SPEED A13,1771291820.0465755,0x18FF01F7,1,0.00 rpm
ACT_TORQUE A13,1771291820.0465755,0x18FF01F7,1,0.00 Nm
ACT_POWER A13,1771291820.0465755,0x18FF01F7,1,0.00 kw
ACT_MOTORTEMPERATURE A13,1771291820.0465755,0x18FF01F7,1,27.00 °C
ACT_INVERTERSTATUS B13,1771291820.0512419,0x18FF02F7,1,0 state
ACT_INVERTERREADY B13,1771291820.0512419,0x18FF02F7,1,0 state
ACT_ERRORSTATUS B13,1771291820.0512419,0x18FF02F7,1,0 state
ACT_SPEED B13,1771291820.0512419,0x18FF02F7,1,0.00 rpm
ACT_TORQUE B13,1771291820.0512419,0x18FF02F7,1,0.00 Nm
ACT_POWER B13,1771291820.0512419,0x18FF02F7,1,0.00 kw
ACT_MOTORTEMPERATURE B13,1771291820.0512419,0x18FF02F7,1,28.00 °C
DEVICESTATE M13,1771291820.1418202,0x18FF00F7,1,0 state
ERRORLAMP M13,1771291820.1418202,0x18FF00F7,1,0 state
DEVICENUMBER M13,1771291820.1418202,0x18FF00F7,1,14 state
CLAMP15_STATUS M13,1771291820.1418202,0x18FF00F7,1,1 state
PRECHARGED M13,1771291820.1418202,0x18FF00F7,1,1 state
STATUS_ BIT_FLEX_IN_OUT_SIGNAL1 M13,1771291820.1418202,0x18FF00F7,1,3 state
STATUS_ BIT_FLEX_IN_OUT_SIGNAL2 M13,1771291820.1418202,0x18FF00F7,1,3 state
ERROR CODE  M13,1771291820.1418202,0x18FF00F7,1,0 state
ACT_DCBUSVOLTAGE M13,1771291820.1418202,0x18FF00F7,1,1.25 V
ACT_DCBUSPOWER M13,1771291820.1418202,0x18FF00F7,1,0.00 kw
ACT_DEVICETEMPERATURE M13,1771291820.1418202,0x18FF00F7,1,26.00 °C
ACT_INVERTERSTATUS A13,1771291820.1462293,0x18FF01F7,1,0 state
ACT_INVERTERREADY A13,1771291820.1462293,0x18FF01F7,1,0 state
ACT_ERRORSTATUS A13,1771291820.1462293,0x18FF01F7,1,0 state
ACT_SPEED A13,1771291820.1462293,0x18FF01F7,1,0.00 rpm
ACT_TORQUE A13,1771291820.1462293,0x18FF01F7,1,0.00 Nm
ACT_POWER A13,1771291820.1462293,0x18FF01F7,1,0.00 kw
ACT_MOTORTEMPERATURE A13,1771291820.1462293,0x18FF01F7,1,27.00 °C
ACT_INVERTERSTATUS B13,1771291820.1513104,0x18FF02F7,1,0 state
ACT_INVERTERREADY B13,1771291820.1513104,0x18FF02F7,1,0 state
ACT_ERRORSTATUS B13,1771291820.1513104,0x18FF02F7,1,0 state
ACT_SPEED B13,1771291820.1513104,0x18FF02F7,1,0.00 rpm
ACT_TORQUE B13,1771291820.1513104,0x18FF02F7,1,0.00 Nm
ACT_POWER B13,1771291820.1513104,0x18FF02F7,1,0.00 kw
ACT_MOTORTEMPERATURE B13,1771291820.1513104,0x18FF02F7,1,28.00 °C
DEVICESTATE M13,1771291820.241709,0x18FF00F7,1,0 state
ERRORLAMP M13,1771291820.241709,0x18FF00F7,1,0 state
DEVICENUMBER M13,1771291820.241709,0x18FF00F7,1,14 state
CLAMP15_STATUS M13,1771291820.241709,0x18FF00F7,1,1 state
PRECHARGED M13,1771291820.241709,0x18FF00F7,1,1 state
STATUS_ BIT_FLEX_IN_OUT_SIGNAL1 M13,1771291820.241709,0x18FF00F7,1,3 state
STATUS_ BIT_FLEX_IN_OUT_SIGNAL2 M13,1771291820.241709,0x18FF00F7,1,3 state
ERROR CODE  M13,1771291820.241709,0x18FF00F7,1,0 state
ACT_DCBUSVOLTAGE M13,1771291820.241709,0x18FF00F7,1,1.25 V
ACT_DCBUSPOWER M13,1771291820.241709,0x18FF00F7,1,0.00 kw
ACT_DEVICETEMPERATURE M13,1771291820.241709,0x18FF00F7,1,26.00 °C
ACT_INVERTERSTATUS A13,1771291820.2466862,0x18FF01F7,1,0 state
ACT_INVERTERREADY A13,1771291820.2466862,0x18FF01F7,1,0 state
ACT_ERRORSTATUS A13,1771291820.2466862,0x18FF01F7,1,0 state
ACT_SPEED A13,1771291820.2466862,0x18FF01F7,1,0.00 rpm
ACT_TORQUE A13,1771291820.2466862,0x18FF01F7,1,0.00 Nm
ACT_POWER A13,1771291820.2466862,0x18FF01F7,1,0.00 kw
ACT_MOTORTEMPERATURE A13,1771291820.2466862,0x18FF01F7,1,27.00 °C
ACT_INVERTERSTATUS B13,1771291820.251333,0x18FF02F7,1,0 state
ACT_INVERTERREADY B13,1771291820.251333,0x18FF02F7,1,0 state
ACT_ERRORSTATUS B13,1771291820.251333,0x18FF02F7,1,0 state
ACT_SPEED B13,1771291820.251333,0x18FF02F7,1,0.00 rpm
ACT_TORQUE B13,1771291820.251333,0x18FF02F7,1,0.00 Nm
ACT_POWER B13,1771291820.251333,0x18FF02F7,1,0.00 kw
ACT_MOTORTEMPERATURE B13,1771291820.251333,0x18FF02F7,1,28.00 °C
DEVICESTATE M13,1771291820.3417392,0x18FF00F7,1,0 state
ERRORLAMP M13,1771291820.3417392,0x18FF00F7,1,0 state
DEVICENUMBER M13,1771291820.3417392,0x18FF00F7,1,14 state
CLAMP15_STATUS M13,1771291820.3417392,0x18FF00F7,1,1 state
PRECHARGED M13,1771291820.3417392,0x18FF00F7,1,1 state
STATUS_ BIT_FLEX_IN_OUT_SIGNAL1 M13,1771291820.3417392,0x18FF00F7,1,3 state
STATUS_ BIT_FLEX_IN_OUT_SIGNAL2 M13,1771291820.3417392,0x18FF00F7,1,3 state
ERROR CODE  M13,1771291820.3417392,0x18FF00F7,1,0 state
ACT_DCBUSVOLTAGE M13,1771291820.3417392,0x18FF00F7,1,1.25 V
ACT_DCBUSPOWER M13,1771291820.3417392,0x18FF00F7,1,0.00 kw
ACT_DEVICETEMPERATURE M13,1771291820.3417392,0x18FF00F7,1,26.00 °C
ACT_INVERTERSTATUS A13,1771291820.3462527,0x18FF01F7,1,0 state
ACT_INVERTERREADY A13,1771291820.3462527,0x18FF01F7,1,0 state
ACT_ERRORSTATUS A13,1771291820.3462527,0x18FF01F7,1,0 state
ACT_SPEED A13,1771291820.3462527,0x18FF01F7,1,0.00 rpm
ACT_TORQUE A13,1771291820.3462527,0x18FF01F7,1,0.00 Nm
ACT_POWER A13,1771291820.3462527,0x18FF01F7,1,0.00 kw
ACT_MOTORTEMPERATURE A13,1771291820.3462527,0x18FF01F7,1,27.00 °C
ACT_INVERTERSTATUS B13,1771291820.3513327,0x18FF02F7,1,0 state
ACT_INVERTERREADY B13,1771291820.3513327,0x18FF02F7,1,0 state
ACT_ERRORSTATUS B13,1771291820.3513327,0x18FF02F7,1,0 state
ACT_SPEED B13,1771291820.3513327,0x18FF02F7,1,0.00 rpm
ACT_TORQUE B13,1771291820.3513327,0x18FF02F7,1,0.00 Nm
ACT_POWER B13,1771291820.3513327,0x18FF02F7,1,0.00 kw
ACT_MOTORTEMPERATURE B13,1771291820.3513327,0x18FF02F7,1,28.00 °C
DEVICESTATE M13,1771291820.4418154,0x18FF00F7,1,0 state
ERRORLAMP M13,1771291820.4418154,0x18FF00F7,1,0 state
DEVICENUMBER M13,1771291820.4418154,0x18FF00F7,1,14 state
CLAMP15_STATUS M13,1771291820.4418154,0x18FF00F7,1,1 state
PRECHARGED M13,1771291820.4418154,0x18FF00F7,1,1 state
STATUS_ BIT_FLEX_IN_OUT_SIGNAL1 M13,1771291820.4418154,0x18FF00F7,1,3 state
STATUS_ BIT_FLEX_IN_OUT_SIGNAL2 M13,1771291820.4418154,0x18FF00F7,1,3 state
ERROR CODE  M13,1771291820.4418154,0x18FF00F7,1,0 state
ACT_DCBUSVOLTAGE M13,1771291820.4418154,0x18FF00F7,1,1.25 V
ACT_DCBUSPOWER M13,1771291820.4418154,0x18FF00F7,1,0.00 kw
ACT_DEVICETEMPERATURE M13,1771291820.4418154,0x18FF00F7,1,26.00 °C
ACT_INVERTERSTATUS A13,1771291820.446229,0x18FF01F7,1,0 state
ACT_INVERTERREADY A13,1771291820.446229,0x18FF01F7,1,0 state
ACT_ERRORSTATUS A13,1771291820.446229,0x18FF01F7,1,0 state
ACT_SPEED A13,1771291820.446229,0x18FF01F7,1,0.00 rpm
ACT_TORQUE A13,1771291820.446229,0x18FF01F7,1,0.00 Nm
ACT_POWER A13,1771291820.446229,0x18FF01F7,1,0.00 kw
ACT_MOTORTEMPERATURE A13,1771291820.446229,0x18FF01F7,1,27.00 °C
ACT_INVERTERSTATUS B13,1771291820.4513242,0x18FF02F7,1,0 state
ACT_INVERTERREADY B13,1771291820.4513242,0x18FF02F7,1,0 state
ACT_ERRORSTATUS B13,1771291820.4513242,0x18FF02F7,1,0 state
ACT_SPEED B13,1771291820.4513242,0x18FF02F7,1,0.00 rpm
ACT_TORQUE B13,1771291820.4513242,0x18FF02F7,1,0.00 Nm
ACT_POWER B13,1771291820.4513242,0x18FF02F7,1,0.00 kw
ACT_MOTORTEMPERATURE B13,1771291820.4513242,0x18FF02F7,1,28.00 °C
DEVICESTATE M13,1771291820.5416799,0x18FF00F7,1,0 state
ERRORLAMP M13,1771291820.5416799,0x18FF00F7,1,0 state
DEVICENUMBER M13,1771291820.5416799,0x18FF00F7,1,14 state
CLAMP15_STATUS M13,1771291820.5416799,0x18FF00F7,1,1 state
PRECHARGED M13,1771291820.5416799,0x18FF00F7,1,1 state
STATUS_ BIT_FLEX_IN_OUT_SIGNAL1 M13,1771291820.5416799,0x18FF00F7,1,3 state
STATUS_ BIT_FLEX_IN_OUT_SIGNAL2 M13,1771291820.5416799,0x18FF00F7,1,3 state
ERROR CODE  M13,1771291820.5416799,0x18FF00F7,1,0 state
ACT_DCBUSVOLTAGE M13,1771291820.5416799,0x18FF00F7,1,1.25 V
ACT_DCBUSPOWER M13,1771291820.5416799,0x18FF00F7,1,0.00 kw
ACT_DEVICETEMPERATURE M13,1771291820.5416799,0x18FF00F7,1,26.00 °C
ACT_INVERTERSTATUS A13,1771291820.5466626,0x18FF01F7,1,0 state
ACT_INVERTERREADY A13,1771291820.5466626,0x18FF01F7,1,0 state
ACT_ERRORSTATUS A13,1771291820.5466626,0x18FF01F7,1,0 state
ACT_SPEED A13,1771291820.5466626,0x18FF01F7,1,0.00 rpm
ACT_TORQUE A13,1771291820.5466626,0x18FF01F7,1,0.00 Nm
ACT_POWER A13,1771291820.5466626,0x18FF01F7,1,0.00 kw
ACT_MOTORTEMPERATURE A13,1771291820.5466626,0x18FF01F7,1,27.00 °C
ACT_INVERTERSTATUS B13,1771291820.5514574,0x18FF02F7,1,0 state
ACT_INVERTERREADY B13,1771291820.5514574,0x18FF02F7,1,0 state
ACT_ERRORSTATUS B13,1771291820.5514574,0x18FF02F7,1,0 state
ACT_SPEED B13,1771291820.5514574,0x18FF02F7,1,0.00 rpm
ACT_TORQUE B13,1771291820.5514574,0x18FF02F7,1,0.00 Nm
ACT_POWER B13,1771291820.5514574,0x18FF02F7,1,0.00 kw
ACT_MOTORTEMPERATURE B13,1771291820.5514574,0x18FF02F7,1,28.00 °C
DEVICESTATE M13,1771291820.641509,0x18FF00F7,1,0 state
ERRORLAMP M13,1771291820.641509,0x18FF00F7,1,0 state
DEVICENUMBER M13,1771291820.641509,0x18FF00F7,1,14 state
CLAMP15_STATUS M13,1771291820.641509,0x18FF00F7,1,1 state
PRECHARGED M13,1771291820.641509,0x18FF00F7,1,1 state
STATUS_ BIT_FLEX_IN_OUT_SIGNAL1 M13,1771291820.641509,0x18FF00F7,1,3 state
STATUS_ BIT_FLEX_IN_OUT_SIGNAL2 M13,1771291820.641509,0x18FF00F7,1,3 state
ERROR CODE  M13,1771291820.641509,0x18FF00F7,1,0 state
ACT_DCBUSVOLTAGE M13,1771291820.641509,0x18FF00F7,1,1.25 V
ACT_DCBUSPOWER M13,1771291820.641509,0x18FF00F7,1,0.00 kw
ACT_DEVICETEMPERATURE M13,1771291820.641509,0x18FF00F7,1,26.00 °C
ACT_INVERTERSTATUS A13,1771291820.6468725,0x18FF01F7,1,0 state
ACT_INVERTERREADY A13,1771291820.6468725,0x18FF01F7,1,0 state
ACT_ERRORSTATUS A13,1771291820.6468725,0x18FF01F7,1,0 state
ACT_SPEED A13,1771291820.6468725,0x18FF01F7,1,0.00 rpm
ACT_TORQUE A13,1771291820.6468725,0x18FF01F7,1,0.00 Nm
ACT_POWER A13,1771291820.6468725,0x18FF01F7,1,0.00 kw
ACT_MOTORTEMPERATURE A13,1771291820.6468725,0x18FF01F7,1,27.00 °C
ACT_INVERTERSTATUS B13,1771291820.6515098,0x18FF02F7,1,0 state
ACT_INVERTERREADY B13,1771291820.6515098,0x18FF02F7,1,0 state
ACT_ERRORSTATUS B13,1771291820.6515098,0x18FF02F7,1,0 state
ACT_SPEED B13,1771291820.6515098,0x18FF02F7,1,0.00 rpm
ACT_TORQUE B13,1771291820.6515098,0x18FF02F7,1,0.00 Nm
ACT_POWER B13,1771291820.6515098,0x18FF02F7,1,0.00 kw
ACT_MOTORTEMPERATURE B13,1771291820.6515098,0x18FF02F7,1,28.00 °C
DEVICESTATE M13,1771291820.7413938,0x18FF00F7,1,0 state
ERRORLAMP M13,1771291820.7413938,0x18FF00F7,1,0 state
DEVICENUMBER M13,1771291820.7413938,0x18FF00F7,1,14 state
CLAMP15_STATUS M13,1771291820.7413938,0x18FF00F7,1,1 state
PRECHARGED M13,1771291820.7413938,0x18FF00F7,1,1 state
STATUS_ BIT_FLEX_IN_OUT_SIGNAL1 M13,1771291820.7413938,0x18FF00F7,1,3 state
STATUS_ BIT_FLEX_IN_OUT_SIGNAL2 M13,1771291820.7413938,0x18FF00F7,1,3 state
ERROR CODE  M13,1771291820.7413938,0x18FF00F7,1,0 state
ACT_DCBUSVOLTAGE M13,1771291820.7413938,0x18FF00F7,1,1.25 V
ACT_DCBUSPOWER M13,1771291820.7413938,0x18FF00F7,1,0.00 kw
ACT_DEVICETEMPERATURE M13,1771291820.7413938,0x18FF00F7,1,26.00 °C
ACT_INVERTERSTATUS A13,1771291820.7465851,0x18FF01F7,1,0 state
ACT_INVERTERREADY A13,1771291820.7465851,0x18FF01F7,1,0 state
ACT_ERRORSTATUS A13,1771291820.7465851,0x18FF01F7,1,0 state
ACT_SPEED A13,1771291820.7465851,0x18FF01F7,1,0.00 rpm
ACT_TORQUE A13,1771291820.7465851,0x18FF01F7,1,0.00 Nm
ACT_POWER A13,1771291820.7465851,0x18FF01F7,1,0.00 kw
ACT_MOTORTEMPERATURE A13,1771291820.7465851,0x18FF01F7,1,27.00 °C
ACT_INVERTERSTATUS B13,1771291820.7515562,0x18FF02F7,1,0 state
ACT_INVERTERREADY B13,1771291820.7515562,0x18FF02F7,1,0 state
ACT_ERRORSTATUS B13,1771291820.7515562,0x18FF02F7,1,0 state
ACT_SPEED B13,1771291820.7515562,0x18FF02F7,1,0.00 rpm
ACT_TORQUE B13,1771291820.7515562,0x18FF02F7,1,0.00 Nm
ACT_POWER B13,1771291820.7515562,0x18FF02F7,1,0.00 kw
ACT_MOTORTEMPERATURE B13,1771291820.7515562,0x18FF02F7,1,28.00 °C
DEVICESTATE M13,1771291820.841766,0x18FF00F7,1,0 state
ERRORLAMP M13,1771291820.841766,0x18FF00F7,1,0 state
DEVICENUMBER M13,1771291820.841766,0x18FF00F7,1,14 state
CLAMP15_STATUS M13,1771291820.841766,0x18FF00F7,1,1 state
PRECHARGED M13,1771291820.841766,0x18FF00F7,1,1 state
STATUS_ BIT_FLEX_IN_OUT_SIGNAL1 M13,1771291820.841766,0x18FF00F7,1,3 state
STATUS_ BIT_FLEX_IN_OUT_SIGNAL2 M13,1771291820.841766,0x18FF00F7,1,3 state
ERROR CODE  M13,1771291820.841766,0x18FF00F7,1,0 state
ACT_DCBUSVOLTAGE M13,1771291820.841766,0x18FF00F7,1,1.25 V
ACT_DCBUSPOWER M13,1771291820.841766,0x18FF00F7,1,0.00 kw
ACT_DEVICETEMPERATURE M13,1771291820.841766,0x18FF00F7,1,26.00 °C
ACT_INVERTERSTATUS A13,1771291820.846235,0x18FF01F7,1,0 state
ACT_INVERTERREADY A13,1771291820.846235,0x18FF01F7,1,0 state
ACT_ERRORSTATUS A13,1771291820.846235,0x18FF01F7,1,0 state
ACT_SPEED A13,1771291820.846235,0x18FF01F7,1,0.00 rpm
ACT_TORQUE A13,1771291820.846235,0x18FF01F7,1,0.00 Nm
ACT_POWER A13,1771291820.846235,0x18FF01F7,1,0.00 kw
ACT_MOTORTEMPERATURE A13,1771291820.846235,0x18FF01F7,1,27.00 °C
ACT_INVERTERSTATUS B13,1771291820.8512666,0x18FF02F7,1,0 state
ACT_INVERTERREADY B13,1771291820.8512666,0x18FF02F7,1,0 state
ACT_ERRORSTATUS B13,1771291820.8512666,0x18FF02F7,1,0 state
ACT_SPEED B13,1771291820.8512666,0x18FF02F7,1,0.00 rpm
ACT_TORQUE B13,1771291820.8512666,0x18FF02F7,1,0.00 Nm
ACT_POWER B13,1771291820.8512666,0x18FF02F7,1,0.00 kw
ACT_MOTORTEMPERATURE B13,1771291820.8512666,0x18FF02F7,1,28.00 °C
DEVICESTATE M13,1771291820.9413822,0x18FF00F7,1,0 state
ERRORLAMP M13,1771291820.9413822,0x18FF00F7,1,0 state
DEVICENUMBER M13,1771291820.9413822,0x18FF00F7,1,14 state
CLAMP15_STATUS M13,1771291820.9413822,0x18FF00F7,1,1 state
PRECHARGED M13,1771291820.9413822,0x18FF00F7,1,1 state
STATUS_ BIT_FLEX_IN_OUT_SIGNAL1 M13,1771291820.9413822,0x18FF00F7,1,3 state
STATUS_ BIT_FLEX_IN_OUT_SIGNAL2 M13,1771291820.9413822,0x18FF00F7,1,3 state
ERROR CODE  M13,1771291820.9413822,0x18FF00F7,1,0 state
ACT_DCBUSVOLTAGE M13,1771291820.9413822,0x18FF00F7,1,1.25 V
ACT_DCBUSPOWER M13,1771291820.9413822,0x18FF00F7,1,0.00 kw
ACT_DEVICETEMPERATURE M13,1771291820.9413822,0x18FF00F7,1,26.00 °C
ACT_INVERTERSTATUS A13,1771291820.9464438,0x18FF01F7,1,0 state
ACT_INVERTERREADY A13,1771291820.9464438,0x18FF01F7,1,0 state
ACT_ERRORSTATUS A13,1771291820.9464438,0x18FF01F7,1,0 state
ACT_SPEED A13,1771291820.9464438,0x18FF01F7,1,0.00 rpm
ACT_TORQUE A13,1771291820.9464438,0x18FF01F7,1,0.00 Nm
ACT_POWER A13,1771291820.9464438,0x18FF01F7,1,0.00 kw
ACT_MOTORTEMPERATURE A13,1771291820.9464438,0x18FF01F7,1,27.00 °C
ACT_INVERTERSTATUS B13,1771291820.9515026,0x18FF02F7,1,0 state
ACT_INVERTERREADY B13,1771291820.9515026,0x18FF02F7,1,0 state
ACT_ERRORSTATUS B13,1771291820.9515026,0x18FF02F7,1,0 state
ACT_SPEED B13,1771291820.9515026,0x18FF02F7,1,0.00 rpm
ACT_TORQUE B13,1771291820.9515026,0x18FF02F7,1,0.00 Nm
ACT_POWER B13,1771291820.9515026,0x18FF02F7,1,0.00 kw
ACT_MOTORTEMPERATURE B13,1771291820.9515026,0x18FF02F7,1,28.00 °C
DEVICESTATE M13,1771291821.041627,0x18FF00F7,1,0 state
ERRORLAMP M13,1771291821.041627,0x18FF00F7,1,0 state
DEVICENUMBER M13,1771291821.041627,0x18FF00F7,1,14 state
CLAMP15_STATUS M13,1771291821.041627,0x18FF00F7,1,1 state
PRECHARGED M13,1771291821.041627,0x18FF00F7,1,1 state
STATUS_ BIT_FLEX_IN_OUT_SIGNAL1 M13,1771291821.041627,0x18FF00F7,1,3 state
STATUS_ BIT_FLEX_IN_OUT_SIGNAL2 M13,1771291821.041627,0x18FF00F7,1,3 state
ERROR CODE  M13,1771291821.041627,0x18FF00F7,1,0 state
ACT_DCBUSVOLTAGE M13,1771291821.041627,0x18FF00F7,1,1.25 V
ACT_DCBUSPOWER M13,1771291821.041627,0x18FF00F7,1,0.00 kw
ACT_DEVICETEMPERATURE M13,1771291821.041627,0x18FF00F7,1,26.00 °C
ACT_INVERTERSTATUS A13,1771291821.0466154,0x18FF01F7,1,0 state
ACT_INVERTERREADY A13,1771291821.0466154,0x18FF01F7,1,0 state
ACT_ERRORSTATUS A13,1771291821.0466154,0x18FF01F7,1,0 state
ACT_SPEED A13,1771291821.0466154,0x18FF01F7,1,0.00 rpm
ACT_TORQUE A13,1771291821.0466154,0x18FF01F7,1,0.00 Nm
ACT_POWER A13,1771291821.0466154,0x18FF01F7,1,0.00 kw
ACT_MOTORTEMPERATURE A13,1771291821.0466154,0x18FF01F7,1,27.00 °C
ACT_INVERTERSTATUS B13,1771291821.0513957,0x18FF02F7,1,0 state
ACT_INVERTERREADY B13,1771291821.0513957,0x18FF02F7,1,0 state
ACT_ERRORSTATUS B13,1771291821.0513957,0x18FF02F7,1,0 state
ACT_SPEED B13,1771291821.0513957,0x18FF02F7,1,0.00 rpm
ACT_TORQUE B13,1771291821.0513957,0x18FF02F7,1,0.00 Nm
ACT_POWER B13,1771291821.0513957,0x18FF02F7,1,0.00 kw
ACT_MOTORTEMPERATURE B13,1771291821.0513957,0x18FF02F7,1,28.00 °C
DEVICESTATE M13,1771291821.1415315,0x18FF00F7,1,0 state
ERRORLAMP M13,1771291821.1415315,0x18FF00F7,1,0 state
DEVICENUMBER M13,1771291821.1415315,0x18FF00F7,1,14 state
CLAMP15_STATUS M13,1771291821.1415315,0x18FF00F7,1,1 state
PRECHARGED M13,1771291821.1415315,0x18FF00F7,1,1 state
STATUS_ BIT_FLEX_IN_OUT_SIGNAL1 M13,1771291821.1415315,0x18FF00F7,1,3 state
STATUS_ BIT_FLEX_IN_OUT_SIGNAL2 M13,1771291821.1415315,0x18FF00F7,1,3 state
ERROR CODE  M13,1771291821.1415315,0x18FF00F7,1,0 state
ACT_DCBUSVOLTAGE M13,1771291821.1415315,0x18FF00F7,1,1.25 V
ACT_DCBUSPOWER M13,1771291821.1415315,0x18FF00F7,1,0.00 kw
ACT_DEVICETEMPERATURE M13,1771291821.1415315,0x18FF00F7,1,26.00 °C
ACT_INVERTERSTATUS A13,1771291821.1463792,0x18FF01F7,1,0 state
ACT_INVERTERREADY A13,1771291821.1463792,0x18FF01F7,1,0 state
ACT_ERRORSTATUS A13,1771291821.1463792,0x18FF01F7,1,0 state
ACT_SPEED A13,1771291821.1463792,0x18FF01F7,1,0.00 rpm
ACT_TORQUE A13,1771291821.1463792,0x18FF01F7,1,0.00 Nm
ACT_POWER A13,1771291821.1463792,0x18FF01F7,1,0.00 kw
ACT_MOTORTEMPERATURE A13,1771291821.1463792,0x18FF01F7,1,27.00 °C
ACT_INVERTERSTATUS B13,1771291821.1513517,0x18FF02F7,1,0 state
ACT_INVERTERREADY B13,1771291821.1513517,0x18FF02F7,1,0 state
ACT_ERRORSTATUS B13,1771291821.1513517,0x18FF02F7,1,0 state
ACT_SPEED B13,1771291821.1513517,0x18FF02F7,1,0.00 rpm
ACT_TORQUE B13,1771291821.1513517,0x18FF02F7,1,0.00 Nm
ACT_POWER B13,1771291821.1513517,0x18FF02F7,1,0.00 kw
ACT_MOTORTEMPERATURE B13,1771291821.1513517,0x18FF02F7,1,28.00 °C
DEVICESTATE M13,1771291821.2416475,0x18FF00F7,1,0 state
ERRORLAMP M13,1771291821.2416475,0x18FF00F7,1,0 state
DEVICENUMBER M13,1771291821.2416475,0x18FF00F7,1,14 state
CLAMP15_STATUS M13,1771291821.2416475,0x18FF00F7,1,1 state
PRECHARGED M13,1771291821.2416475,0x18FF00F7,1,1 state
STATUS_ BIT_FLEX_IN_OUT_SIGNAL1 M13,1771291821.2416475,0x18FF00F7,1,3 state
STATUS_ BIT_FLEX_IN_OUT_SIGNAL2 M13,1771291821.2416475,0x18FF00F7,1,3 state
ERROR CODE  M13,1771291821.2416475,0x18FF00F7,1,0 state
ACT_DCBUSVOLTAGE M13,1771291821.2416475,0x18FF00F7,1,1.25 V
ACT_DCBUSPOWER M13,1771291821.2416475,0x18FF00F7,1,0.00 kw
ACT_DEVICETEMPERATURE M13,1771291821.2416475,0x18FF00F7,1,26.00 °C
ACT_INVERTERSTATUS A13,1771291821.2466633,0x18FF01F7,1,0 state
ACT_INVERTERREADY A13,1771291821.2466633,0x18FF01F7,1,0 state
ACT_ERRORSTATUS A13,1771291821.2466633,0x18FF01F7,1,0 state
ACT_SPEED A13,1771291821.2466633,0x18FF01F7,1,0.00 rpm
ACT_TORQUE A13,1771291821.2466633,0x18FF01F7,1,0.00 Nm
ACT_POWER A13,1771291821.2466633,0x18FF01F7,1,0.00 kw
ACT_MOTORTEMPERATURE A13,1771291821.2466633,0x18FF01F7,1,27.00 °C
ACT_INVERTERSTATUS B13,1771291821.251276,0x18FF02F7,1,0 state
ACT_INVERTERREADY B13,1771291821.251276,0x18FF02F7,1,0 state
ACT_ERRORSTATUS B13,1771291821.251276,0x18FF02F7,1,0 state
ACT_SPEED B13,1771291821.251276,0x18FF02F7,1,0.00 rpm
ACT_TORQUE B13,1771291821.251276,0x18FF02F7,1,0.00 Nm
ACT_POWER B13,1771291821.251276,0x18FF02F7,1,0.00 kw
ACT_MOTORTEMPERATURE B13,1771291821.251276,0x18FF02F7,1,28.00 °C
DEVICESTATE M13,1771291821.3413265,0x18FF00F7,1,0 state
ERRORLAMP M13,1771291821.3413265,0x18FF00F7,1,0 state
DEVICENUMBER M13,1771291821.3413265,0x18FF00F7,1,14 state
CLAMP15_STATUS M13,1771291821.3413265,0x18FF00F7,1,1 state
PRECHARGED M13,1771291821.3413265,0x18FF00F7,1,1 state
STATUS_ BIT_FLEX_IN_OUT_SIGNAL1 M13,1771291821.3413265,0x18FF00F7,1,3 state
STATUS_ BIT_FLEX_IN_OUT_SIGNAL2 M13,1771291821.3413265,0x18FF00F7,1,3 state
ERROR CODE  M13,1771291821.3413265,0x18FF00F7,1,0 state
ACT_DCBUSVOLTAGE M13,1771291821.3413265,0x18FF00F7,1,1.25 V
ACT_DCBUSPOWER M13,1771291821.3413265,0x18FF00F7,1,0.00 kw
ACT_DEVICETEMPERATURE M13,1771291821.3413265,0x18FF00F7,1,26.00 °C
ACT_INVERTERSTATUS A13,1771291821.3462114,0x18FF01F7,1,0 state
ACT_INVERTERREADY A13,1771291821.3462114,0x18FF01F7,1,0 state
ACT_ERRORSTATUS A13,1771291821.3462114,0x18FF01F7,1,0 state
ACT_SPEED A13,1771291821.3462114,0x18FF01F7,1,0.00 rpm
ACT_TORQUE A13,1771291821.3462114,0x18FF01F7,1,0.00 Nm
ACT_POWER A13,1771291821.3462114,0x18FF01F7,1,0.00 kw
ACT_MOTORTEMPERATURE A13,1771291821.3462114,0x18FF01F7,1,27.00 °C
ACT_INVERTERSTATUS B13,1771291821.3512638,0x18FF02F7,1,0 state
ACT_INVERTERREADY B13,1771291821.3512638,0x18FF02F7,1,0 state
ACT_ERRORSTATUS B13,1771291821.3512638,0x18FF02F7,1,0 state
ACT_SPEED B13,1771291821.3512638,0x18FF02F7,1,0.00 rpm
ACT_TORQUE B13,1771291821.3512638,0x18FF02F7,1,0.00 Nm
ACT_POWER B13,1771291821.3512638,0x18FF02F7,1,0.00 kw
ACT_MOTORTEMPERATURE B13,1771291821.3512638,0x18FF02F7,1,28.00 °C
DEVICESTATE M13,1771291821.4416072,0x18FF00F7,1,0 state
ERRORLAMP M13,1771291821.4416072,0x18FF00F7,1,0 state
DEVICENUMBER M13,1771291821.4416072,0x18FF00F7,1,14 state
CLAMP15_STATUS M13,1771291821.4416072,0x18FF00F7,1,1 state
PRECHARGED M13,1771291821.4416072,0x18FF00F7,1,1 state
STATUS_ BIT_FLEX_IN_OUT_SIGNAL1 M13,1771291821.4416072,0x18FF00F7,1,3 state
STATUS_ BIT_FLEX_IN_OUT_SIGNAL2 M13,1771291821.4416072,0x18FF00F7,1,3 state
ERROR CODE  M13,1771291821.4416072,0x18FF00F7,1,0 state
ACT_DCBUSVOLTAGE M13,1771291821.4416072,0x18FF00F7,1,1.25 V
ACT_DCBUSPOWER M13,1771291821.4416072,0x18FF00F7,1,0.00 kw
ACT_DEVICETEMPERATURE M13,1771291821.4416072,0x18FF00F7,1,26.00 °C
ACT_INVERTERSTATUS A13,1771291821.4465954,0x18FF01F7,1,0 state
ACT_INVERTERREADY A13,1771291821.4465954,0x18FF01F7,1,0 state
ACT_ERRORSTATUS A13,1771291821.4465954,0x18FF01F7,1,0 state
ACT_SPEED A13,1771291821.4465954,0x18FF01F7,1,0.00 rpm
ACT_TORQUE A13,1771291821.4465954,0x18FF01F7,1,0.00 Nm
ACT_POWER A13,1771291821.4465954,0x18FF01F7,1,0.00 kw
ACT_MOTORTEMPERATURE A13,1771291821.4465954,0x18FF01F7,1,27.00 °C
ACT_INVERTERSTATUS B13,1771291821.4515896,0x18FF02F7,1,0 state
ACT_INVERTERREADY B13,1771291821.4515896,0x18FF02F7,1,0 state
ACT_ERRORSTATUS B13,1771291821.4515896,0x18FF02F7,1,0 state
ACT_SPEED B13,1771291821.4515896,0x18FF02F7,1,0.00 rpm
ACT_TORQUE B13,1771291821.4515896,0x18FF02F7,1,0.00 Nm
ACT_POWER B13,1771291821.4515896,0x18FF02F7,1,0.00 kw
ACT_MOTORTEMPERATURE B13,1771291821.4515896,0x18FF02F7,1,28.00 °C
DEVICESTATE M13,1771291821.5415213,0x18FF00F7,1,0 state
ERRORLAMP M13,1771291821.5415213,0x18FF00F7,1,0 state
DEVICENUMBER M13,1771291821.5415213,0x18FF00F7,1,14 state
CLAMP15_STATUS M13,1771291821.5415213,0x18FF00F7,1,1 state
PRECHARGED M13,1771291821.5415213,0x18FF00F7,1,1 state
STATUS_ BIT_FLEX_IN_OUT_SIGNAL1 M13,1771291821.5415213,0x18FF00F7,1,3 state
STATUS_ BIT_FLEX_IN_OUT_SIGNAL2 M13,1771291821.5415213,0x18FF00F7,1,3 state
ERROR CODE  M13,1771291821.5415213,0x18FF00F7,1,0 state
ACT_DCBUSVOLTAGE M13,1771291821.5415213,0x18FF00F7,1,1.25 V
ACT_DCBUSPOWER M13,1771291821.5415213,0x18FF00F7,1,0.00 kw
ACT_DEVICETEMPERATURE M13,1771291821.5415213,0x18FF00F7,1,26.00 °C
ACT_INVERTERSTATUS A13,1771291821.5465815,0x18FF01F7,1,0 state
ACT_INVERTERREADY A13,1771291821.5465815,0x18FF01F7,1,0 state
ACT_ERRORSTATUS A13,1771291821.5465815,0x18FF01F7,1,0 state
ACT_SPEED A13,1771291821.5465815,0x18FF01F7,1,0.00 rpm
ACT_TORQUE A13,1771291821.5465815,0x18FF01F7,1,0.00 Nm
ACT_POWER A13,1771291821.5465815,0x18FF01F7,1,0.00 kw
ACT_MOTORTEMPERATURE A13,1771291821.5465815,0x18FF01F7,1,27.00 °C
ACT_INVERTERSTATUS B13,1771291821.5514803,0x18FF02F7,1,0 state
ACT_INVERTERREADY B13,1771291821.5514803,0x18FF02F7,1,0 state
ACT_ERRORSTATUS B13,1771291821.5514803,0x18FF02F7,1,0 state
ACT_SPEED B13,1771291821.5514803,0x18FF02F7,1,0.00 rpm
ACT_TORQUE B13,1771291821.5514803,0x18FF02F7,1,0.00 Nm
ACT_POWER B13,1771291821.5514803,0x18FF02F7,1,0.00 kw
ACT_MOTORTEMPERATURE B13,1771291821.5514803,0x18FF02F7,1,28.00 °C
DEVICESTATE M13,1771291821.6413517,0x18FF00F7,1,0 state
ERRORLAMP M13,1771291821.6413517,0x18FF00F7,1,0 state
DEVICENUMBER M13,1771291821.6413517,0x18FF00F7,1,14 state
CLAMP15_STATUS M13,1771291821.6413517,0x18FF00F7,1,1 state
PRECHARGED M13,1771291821.6413517,0x18FF00F7,1,1 state
STATUS_ BIT_FLEX_IN_OUT_SIGNAL1 M13,1771291821.6413517,0x18FF00F7,1,3 state
STATUS_ BIT_FLEX_IN_OUT_SIGNAL2 M13,1771291821.6413517,0x18FF00F7,1,3 state
ERROR CODE  M13,1771291821.6413517,0x18FF00F7,1,0 state
ACT_DCBUSVOLTAGE M13,1771291821.6413517,0x18FF00F7,1,1.25 V
ACT_DCBUSPOWER M13,1771291821.6413517,0x18FF00F7,1,0.00 kw
ACT_DEVICETEMPERATURE M13,1771291821.6413517,0x18FF00F7,1,26.00 °C
ACT_INVERTERSTATUS A13,1771291821.6464314,0x18FF01F7,1,0 state
ACT_INVERTERREADY A13,1771291821.6464314,0x18FF01F7,1,0 state
ACT_ERRORSTATUS A13,1771291821.6464314,0x18FF01F7,1,0 state
ACT_SPEED A13,1771291821.6464314,0x18FF01F7,1,0.00 rpm
ACT_TORQUE A13,1771291821.6464314,0x18FF01F7,1,0.00 Nm
ACT_POWER A13,1771291821.6464314,0x18FF01F7,1,0.00 kw
ACT_MOTORTEMPERATURE A13,1771291821.6464314,0x18FF01F7,1,27.00 °C
ACT_INVERTERSTATUS B13,1771291821.6513298,0x18FF02F7,1,0 state
ACT_INVERTERREADY B13,1771291821.6513298,0x18FF02F7,1,0 state
ACT_ERRORSTATUS B13,1771291821.6513298,0x18FF02F7,1,0 state
ACT_SPEED B13,1771291821.6513298,0x18FF02F7,1,0.00 rpm
ACT_TORQUE B13,1771291821.6513298,0x18FF02F7,1,0.00 Nm
ACT_POWER B13,1771291821.6513298,0x18FF02F7,1,0.00 kw
ACT_MOTORTEMPERATURE B13,1771291821.6513298,0x18FF02F7,1,28.00 °C
DEVICESTATE M13,1771291821.7412522,0x18FF00F7,1,0 state
ERRORLAMP M13,1771291821.7412522,0x18FF00F7,1,0 state
DEVICENUMBER M13,1771291821.7412522,0x18FF00F7,1,14 state
CLAMP15_STATUS M13,1771291821.7412522,0x18FF00F7,1,1 state
PRECHARGED M13,1771291821.7412522,0x18FF00F7,1,1 state
STATUS_ BIT_FLEX_IN_OUT_SIGNAL1 M13,1771291821.7412522,0x18FF00F7,1,3 state
STATUS_ BIT_FLEX_IN_OUT_SIGNAL2 M13,1771291821.7412522,0x18FF00F7,1,3 state
ERROR CODE  M13,1771291821.7412522,0x18FF00F7,1,0 state
ACT_DCBUSVOLTAGE M13,1771291821.7412522,0x18FF00F7,1,1.25 V
ACT_DCBUSPOWER M13,1771291821.7412522,0x18FF00F7,1,0.00 kw
ACT_DEVICETEMPERATURE M13,1771291821.7412522,0x18FF00F7,1,26.00 °C
ACT_INVERTERSTATUS A13,1771291821.7462826,0x18FF01F7,1,0 state
ACT_INVERTERREADY A13,1771291821.7462826,0x18FF01F7,1,0 state
ACT_ERRORSTATUS A13,1771291821.7462826,0x18FF01F7,1,0 state
ACT_SPEED A13,1771291821.7462826,0x18FF01F7,1,0.00 rpm
ACT_TORQUE A13,1771291821.7462826,0x18FF01F7,1,0.00 Nm
ACT_POWER A13,1771291821.7462826,0x18FF01F7,1,0.00 kw
ACT_MOTORTEMPERATURE A13,1771291821.7462826,0x18FF01F7,1,27.00 °C
ACT_INVERTERSTATUS B13,1771291821.7514865,0x18FF02F7,1,0 state
ACT_INVERTERREADY B13,1771291821.7514865,0x18FF02F7,1,0 state
ACT_ERRORSTATUS B13,1771291821.7514865,0x18FF02F7,1,0 state
ACT_SPEED B13,1771291821.7514865,0x18FF02F7,1,0.00 rpm
ACT_TORQUE B13,1771291821.7514865,0x18FF02F7,1,0.00 Nm
ACT_POWER B13,1771291821.7514865,0x18FF02F7,1,0.00 kw
ACT_MOTORTEMPERATURE B13,1771291821.7514865,0x18FF02F7,1,28.00 °C
DEVICESTATE M13,1771291821.8416927,0x18FF00F7,1,0 state
ERRORLAMP M13,1771291821.8416927,0x18FF00F7,1,0 state
DEVICENUMBER M13,1771291821.8416927,0x18FF00F7,1,14 state
CLAMP15_STATUS M13,1771291821.8416927,0x18FF00F7,1,1 state
PRECHARGED M13,1771291821.8416927,0x18FF00F7,1,1 state
STATUS_ BIT_FLEX_IN_OUT_SIGNAL1 M13,1771291821.8416927,0x18FF00F7,1,3 state
STATUS_ BIT_FLEX_IN_OUT_SIGNAL2 M13,1771291821.8416927,0x18FF00F7,1,3 state
ERROR CODE  M13,1771291821.8416927,0x18FF00F7,1,0 state
ACT_DCBUSVOLTAGE M13,1771291821.8416927,0x18FF00F7,1,1.25 V
ACT_DCBUSPOWER M13,1771291821.8416927,0x18FF00F7,1,0.00 kw
ACT_DEVICETEMPERATURE M13,1771291821.8416927,0x18FF00F7,1,26.00 °C
ACT_INVERTERSTATUS A13,1771291821.8461502,0x18FF01F7,1,0 state
ACT_INVERTERREADY A13,1771291821.8461502,0x18FF01F7,1,0 state
ACT_ERRORSTATUS A13,1771291821.8461502,0x18FF01F7,1,0 state
ACT_SPEED A13,1771291821.8461502,0x18FF01F7,1,0.00 rpm
ACT_TORQUE A13,1771291821.8461502,0x18FF01F7,1,0.00 Nm
ACT_POWER A13,1771291821.8461502,0x18FF01F7,1,0.00 kw
ACT_MOTORTEMPERATURE A13,1771291821.8461502,0x18FF01F7,1,27.00 °C
ACT_INVERTERSTATUS B13,1771291821.8512123,0x18FF02F7,1,0 state
ACT_INVERTERREADY B13,1771291821.8512123,0x18FF02F7,1,0 state
ACT_ERRORSTATUS B13,1771291821.8512123,0x18FF02F7,1,0 state
ACT_SPEED B13,1771291821.8512123,0x18FF02F7,1,0.00 rpm
ACT_TORQUE B13,1771291821.8512123,0x18FF02F7,1,0.00 Nm
ACT_POWER B13,1771291821.8512123,0x18FF02F7,1,0.00 kw
ACT_MOTORTEMPERATURE B13,1771291821.8512123,0x18FF02F7,1,28.00 °C
DEVICESTATE M13,1771291821.9416664,0x18FF00F7,1,0 state
ERRORLAMP M13,1771291821.9416664,0x18FF00F7,1,0 state
DEVICENUMBER M13,1771291821.9416664,0x18FF00F7,1,14 state
CLAMP15_STATUS M13,1771291821.9416664,0x18FF00F7,1,1 state
PRECHARGED M13,1771291821.9416664,0x18FF00F7,1,1 state
STATUS_ BIT_FLEX_IN_OUT_SIGNAL1 M13,1771291821.9416664,0x18FF00F7,1,3 state
STATUS_ BIT_FLEX_IN_OUT_SIGNAL2 M13,1771291821.9416664,0x18FF00F7,1,3 state
ERROR CODE  M13,1771291821.9416664,0x18FF00F7,1,0 state
ACT_DCBUSVOLTAGE M13,1771291821.9416664,0x18FF00F7,1,1.25 V
ACT_DCBUSPOWER M13,1771291821.9416664,0x18FF00F7,1,0.00 kw
ACT_DEVICETEMPERATURE M13,1771291821.9416664,0x18FF00F7,1,26.00 °C
ACT_INVERTERSTATUS A13,1771291821.9462752,0x18FF01F7,1,0 state
ACT_INVERTERREADY A13,1771291821.9462752,0x18FF01F7,1,0 state
ACT_ERRORSTATUS A13,1771291821.9462752,0x18FF01F7,1,0 state
ACT_SPEED A13,1771291821.9462752,0x18FF01F7,1,0.00 rpm
ACT_TORQUE A13,1771291821.9462752,0x18FF01F7,1,0.00 Nm
ACT_POWER A13,1771291821.9462752,0x18FF01F7,1,0.00 kw
ACT_MOTORTEMPERATURE A13,1771291821.9462752,0x18FF01F7,1,27.00 °C
ACT_INVERTERSTATUS B13,1771291821.951253,0x18FF02F7,1,0 state
ACT_INVERTERREADY B13,1771291821.951253,0x18FF02F7,1,0 state
ACT_ERRORSTATUS B13,1771291821.951253,0x18FF02F7,1,0 state
ACT_SPEED B13,1771291821.951253,0x18FF02F7,1,0.00 rpm
ACT_TORQUE B13,1771291821.951253,0x18FF02F7,1,0.00 Nm
ACT_POWER B13,1771291821.951253,0x18FF02F7,1,0.00 kw
ACT_MOTORTEMPERATURE B13,1771291821.951253,0x18FF02F7,1,28.00 °C
DEVICESTATE M13,1771291822.041226,0x18FF00F7,1,0 state
ERRORLAMP M13,1771291822.041226,0x18FF00F7,1,0 state
DEVICENUMBER M13,1771291822.041226,0x18FF00F7,1,14 state
CLAMP15_STATUS M13,1771291822.041226,0x18FF00F7,1,1 state
PRECHARGED M13,1771291822.041226,0x18FF00F7,1,1 state
STATUS_ BIT_FLEX_IN_OUT_SIGNAL1 M13,1771291822.041226,0x18FF00F7,1,3 state
STATUS_ BIT_FLEX_IN_OUT_SIGNAL2 M13,1771291822.041226,0x18FF00F7,1,3 state
ERROR CODE  M13,1771291822.041226,0x18FF00F7,1,0 state
ACT_DCBUSVOLTAGE M13,1771291822.041226,0x18FF00F7,1,1.25 V
ACT_DCBUSPOWER M13,1771291822.041226,0x18FF00F7,1,0.00 kw
ACT_DEVICETEMPERATURE M13,1771291822.041226,0x18FF00F7,1,26.00 °C
ACT_INVERTERSTATUS A13,1771291822.0461643,0x18FF01F7,1,0 state
ACT_INVERTERREADY A13,1771291822.0461643,0x18FF01F7,1,0 state
ACT_ERRORSTATUS A13,1771291822.0461643,0x18FF01F7,1,0 state
ACT_SPEED A13,1771291822.0461643,0x18FF01F7,1,0.00 rpm
ACT_TORQUE A13,1771291822.0461643,0x18FF01F7,1,0.00 Nm
ACT_POWER A13,1771291822.0461643,0x18FF01F7,1,0.00 kw
ACT_MOTORTEMPERATURE A13,1771291822.0461643,0x18FF01F7,1,27.00 °C
ACT_INVERTERSTATUS B13,1771291822.051163,0x18FF02F7,1,0 state
ACT_INVERTERREADY B13,1771291822.051163,0x18FF02F7,1,0 state
ACT_ERRORSTATUS B13,1771291822.051163,0x18FF02F7,1,0 state
ACT_SPEED B13,1771291822.051163,0x18FF02F7,1,0.00 rpm
ACT_TORQUE B13,1771291822.051163,0x18FF02F7,1,0.00 Nm
ACT_POWER B13,1771291822.051163,0x18FF02F7,1,0.00 kw
ACT_MOTORTEMPERATURE B13,1771291822.051163,0x18FF02F7,1,28.00 °C
DEVICESTATE M13,1771291822.1416807,0x18FF00F7,1,0 state
ERRORLAMP M13,1771291822.1416807,0x18FF00F7,1,0 state
DEVICENUMBER M13,1771291822.1416807,0x18FF00F7,1,14 state
CLAMP15_STATUS M13,1771291822.1416807,0x18FF00F7,1,1 state
PRECHARGED M13,1771291822.1416807,0x18FF00F7,1,1 state
STATUS_ BIT_FLEX_IN_OUT_SIGNAL1 M13,1771291822.1416807,0x18FF00F7,1,3 state
STATUS_ BIT_FLEX_IN_OUT_SIGNAL2 M13,1771291822.1416807,0x18FF00F7,1,3 state
ERROR CODE  M13,1771291822.1416807,0x18FF00F7,1,0 state
ACT_DCBUSVOLTAGE M13,1771291822.1416807,0x18FF00F7,1,1.25 V
ACT_DCBUSPOWER M13,1771291822.1416807,0x18FF00F7,1,0.00 kw
ACT_DEVICETEMPERATURE M13,1771291822.1416807,0x18FF00F7,1,26.00 °C
ACT_INVERTERSTATUS A13,1771291822.1463003,0x18FF01F7,1,0 state
ACT_INVERTERREADY A13,1771291822.1463003,0x18FF01F7,1,0 state
ACT_ERRORSTATUS A13,1771291822.1463003,0x18FF01F7,1,0 state
ACT_SPEED A13,1771291822.1463003,0x18FF01F7,1,0.00 rpm
ACT_TORQUE A13,1771291822.1463003,0x18FF01F7,1,0.00 Nm
ACT_POWER A13,1771291822.1463003,0x18FF01F7,1,0.00 kw
ACT_MOTORTEMPERATURE A13,1771291822.1463003,0x18FF01F7,1,27.00 °C
ACT_INVERTERSTATUS B13,1771291822.1513422,0x18FF02F7,1,0 state
ACT_INVERTERREADY B13,1771291822.1513422,0x18FF02F7,1,0 state
ACT_ERRORSTATUS B13,1771291822.1513422,0x18FF02F7,1,0 state
ACT_SPEED B13,1771291822.1513422,0x18FF02F7,1,0.00 rpm
ACT_TORQUE B13,1771291822.1513422,0x18FF02F7,1,0.00 Nm
ACT_POWER B13,1771291822.1513422,0x18FF02F7,1,0.00 kw
ACT_MOTORTEMPERATURE B13,1771291822.1513422,0x18FF02F7,1,28.00 °C
DEVICESTATE M13,1771291822.2417169,0x18FF00F7,1,0 state
ERRORLAMP M13,1771291822.2417169,0x18FF00F7,1,0 state
DEVICENUMBER M13,1771291822.2417169,0x18FF00F7,1,14 state
CLAMP15_STATUS M13,1771291822.2417169,0x18FF00F7,1,1 state
PRECHARGED M13,1771291822.2417169,0x18FF00F7,1,1 state
STATUS_ BIT_FLEX_IN_OUT_SIGNAL1 M13,1771291822.2417169,0x18FF00F7,1,3 state
STATUS_ BIT_FLEX_IN_OUT_SIGNAL2 M13,1771291822.2417169,0x18FF00F7,1,3 state
ERROR CODE  M13,1771291822.2417169,0x18FF00F7,1,0 state
ACT_DCBUSVOLTAGE M13,1771291822.2417169,0x18FF00F7,1,1.25 V
ACT_DCBUSPOWER M13,1771291822.2417169,0x18FF00F7,1,0.00 kw
ACT_DEVICETEMPERATURE M13,1771291822.2417169,0x18FF00F7,1,26.00 °C
ACT_INVERTERSTATUS A13,1771291822.246425,0x18FF01F7,1,0 state
ACT_INVERTERREADY A13,1771291822.246425,0x18FF01F7,1,0 state
ACT_ERRORSTATUS A13,1771291822.246425,0x18FF01F7,1,0 state
ACT_SPEED A13,1771291822.246425,0x18FF01F7,1,0.00 rpm
ACT_TORQUE A13,1771291822.246425,0x18FF01F7,1,0.00 Nm
ACT_POWER A13,1771291822.246425,0x18FF01F7,1,0.00 kw
ACT_MOTORTEMPERATURE A13,1771291822.246425,0x18FF01F7,1,27.00 °C
ACT_INVERTERSTATUS B13,1771291822.2514606,0x18FF02F7,1,0 state
ACT_INVERTERREADY B13,1771291822.2514606,0x18FF02F7,1,0 state
ACT_ERRORSTATUS B13,1771291822.2514606,0x18FF02F7,1,0 state
ACT_SPEED B13,1771291822.2514606,0x18FF02F7,1,0.00 rpm
ACT_TORQUE B13,1771291822.2514606,0x18FF02F7,1,0.00 Nm
ACT_POWER B13,1771291822.2514606,0x18FF02F7,1,0.00 kw
ACT_MOTORTEMPERATURE B13,1771291822.2514606,0x18FF02F7,1,28.00 °C
DEVICESTATE M13,1771291822.341783,0x18FF00F7,1,0 state
ERRORLAMP M13,1771291822.341783,0x18FF00F7,1,0 state
DEVICENUMBER M13,1771291822.341783,0x18FF00F7,1,14 state
CLAMP15_STATUS M13,1771291822.341783,0x18FF00F7,1,1 state
PRECHARGED M13,1771291822.341783,0x18FF00F7,1,1 state
STATUS_ BIT_FLEX_IN_OUT_SIGNAL1 M13,1771291822.341783,0x18FF00F7,1,3 state
STATUS_ BIT_FLEX_IN_OUT_SIGNAL2 M13,1771291822.341783,0x18FF00F7,1,3 state
ERROR CODE  M13,1771291822.341783,0x18FF00F7,1,0 state
ACT_DCBUSVOLTAGE M13,1771291822.341783,0x18FF00F7,1,1.25 V
ACT_DCBUSPOWER M13,1771291822.341783,0x18FF00F7,1,0.00 kw
ACT_DEVICETEMPERATURE M13,1771291822.341783,0x18FF00F7,1,26.00 °C
ACT_INVERTERSTATUS A13,1771291822.3463376,0x18FF01F7,1,0 state
ACT_INVERTERREADY A13,1771291822.3463376,0x18FF01F7,1,0 state
ACT_ERRORSTATUS A13,1771291822.3463376,0x18FF01F7,1,0 state
ACT_SPEED A13,1771291822.3463376,0x18FF01F7,1,0.00 rpm
ACT_TORQUE A13,1771291822.3463376,0x18FF01F7,1,0.00 Nm
ACT_POWER A13,1771291822.3463376,0x18FF01F7,1,0.00 kw
ACT_MOTORTEMPERATURE A13,1771291822.3463376,0x18FF01F7,1,27.00 °C
ACT_INVERTERSTATUS B13,1771291822.3514152,0x18FF02F7,1,0 state
ACT_INVERTERREADY B13,1771291822.3514152,0x18FF02F7,1,0 state
ACT_ERRORSTATUS B13,1771291822.3514152,0x18FF02F7,1,0 state
ACT_SPEED B13,1771291822.3514152,0x18FF02F7,1,0.00 rpm
ACT_TORQUE B13,1771291822.3514152,0x18FF02F7,1,0.00 Nm
ACT_POWER B13,1771291822.3514152,0x18FF02F7,1,0.00 kw
ACT_MOTORTEMPERATURE B13,1771291822.3514152,0x18FF02F7,1,28.00 °C
DEVICESTATE M13,1771291822.441506,0x18FF00F7,1,0 state
ERRORLAMP M13,1771291822.441506,0x18FF00F7,1,0 state
DEVICENUMBER M13,1771291822.441506,0x18FF00F7,1,14 state
CLAMP15_STATUS M13,1771291822.441506,0x18FF00F7,1,1 state
PRECHARGED M13,1771291822.441506,0x18FF00F7,1,1 state
STATUS_ BIT_FLEX_IN_OUT_SIGNAL1 M13,1771291822.441506,0x18FF00F7,1,3 state
STATUS_ BIT_FLEX_IN_OUT_SIGNAL2 M13,1771291822.441506,0x18FF00F7,1,3 state
ERROR CODE  M13,1771291822.441506,0x18FF00F7,1,0 state
ACT_DCBUSVOLTAGE M13,1771291822.441506,0x18FF00F7,1,1.25 V
ACT_DCBUSPOWER M13,1771291822.441506,0x18FF00F7,1,0.00 kw
ACT_DEVICETEMPERATURE M13,1771291822.441506,0x18FF00F7,1,26.00 °C
ACT_INVERTERSTATUS A13,1771291822.4461315,0x18FF01F7,1,0 state
ACT_INVERTERREADY A13,1771291822.4461315,0x18FF01F7,1,0 state
ACT_ERRORSTATUS A13,1771291822.4461315,0x18FF01F7,1,0 state
ACT_SPEED A13,1771291822.4461315,0x18FF01F7,1,0.00 rpm
ACT_TORQUE A13,1771291822.4461315,0x18FF01F7,1,0.00 Nm
ACT_POWER A13,1771291822.4461315,0x18FF01F7,1,0.00 kw
ACT_MOTORTEMPERATURE A13,1771291822.4461315,0x18FF01F7,1,27.00 °C
ACT_INVERTERSTATUS B13,1771291822.4512897,0x18FF02F7,1,0 state
ACT_INVERTERREADY B13,1771291822.4512897,0x18FF02F7,1,0 state
ACT_ERRORSTATUS B13,1771291822.4512897,0x18FF02F7,1,0 state
ACT_SPEED B13,1771291822.4512897,0x18FF02F7,1,0.00 rpm
ACT_TORQUE B13,1771291822.4512897,0x18FF02F7,1,0.00 Nm
ACT_POWER B13,1771291822.4512897,0x18FF02F7,1,0.00 kw
ACT_MOTORTEMPERATURE B13,1771291822.4512897,0x18FF02F7,1,28.00 °C
DEVICESTATE M13,1771291822.5416083,0x18FF00F7,1,0 state
ERRORLAMP M13,1771291822.5416083,0x18FF00F7,1,0 state
DEVICENUMBER M13,1771291822.5416083,0x18FF00F7,1,14 state
CLAMP15_STATUS M13,1771291822.5416083,0x18FF00F7,1,1 state
PRECHARGED M13,1771291822.5416083,0x18FF00F7,1,1 state
STATUS_ BIT_FLEX_IN_OUT_SIGNAL1 M13,1771291822.5416083,0x18FF00F7,1,3 state
STATUS_ BIT_FLEX_IN_OUT_SIGNAL2 M13,1771291822.5416083,0x18FF00F7,1,3 state
ERROR CODE  M13,1771291822.5416083,0x18FF00F7,1,0 state
ACT_DCBUSVOLTAGE M13,1771291822.5416083,0x18FF00F7,1,1.25 V
ACT_DCBUSPOWER M13,1771291822.5416083,0x18FF00F7,1,0.00 kw
ACT_DEVICETEMPERATURE M13,1771291822.5416083,0x18FF00F7,1,26.00 °C
ACT_INVERTERSTATUS A13,1771291822.546626,0x18FF01F7,1,0 state
ACT_INVERTERREADY A13,1771291822.546626,0x18FF01F7,1,0 state
ACT_ERRORSTATUS A13,1771291822.546626,0x18FF01F7,1,0 state
ACT_SPEED A13,1771291822.546626,0x18FF01F7,1,0.00 rpm
ACT_TORQUE A13,1771291822.546626,0x18FF01F7,1,0.00 Nm
ACT_POWER A13,1771291822.546626,0x18FF01F7,1,0.00 kw
ACT_MOTORTEMPERATURE A13,1771291822.546626,0x18FF01F7,1,27.00 °C
ACT_INVERTERSTATUS B13,1771291822.5511699,0x18FF02F7,1,0 state
ACT_INVERTERREADY B13,1771291822.5511699,0x18FF02F7,1,0 state
ACT_ERRORSTATUS B13,1771291822.5511699,0x18FF02F7,1,0 state
ACT_SPEED B13,1771291822.5511699,0x18FF02F7,1,0.00 rpm
ACT_TORQUE B13,1771291822.5511699,0x18FF02F7,1,0.00 Nm
ACT_POWER B13,1771291822.5511699,0x18FF02F7,1,0.00 kw
ACT_MOTORTEMPERATURE B13,1771291822.5511699,0x18FF02F7,1,28.00 °C
DEVICESTATE M13,1771291822.6414819,0x18FF00F7,1,0 state
ERRORLAMP M13,1771291822.6414819,0x18FF00F7,1,0 state
DEVICENUMBER M13,1771291822.6414819,0x18FF00F7,1,14 state
CLAMP15_STATUS M13,1771291822.6414819,0x18FF00F7,1,1 state
PRECHARGED M13,1771291822.6414819,0x18FF00F7,1,1 state
STATUS_ BIT_FLEX_IN_OUT_SIGNAL1 M13,1771291822.6414819,0x18FF00F7,1,3 state
STATUS_ BIT_FLEX_IN_OUT_SIGNAL2 M13,1771291822.6414819,0x18FF00F7,1,3 state
ERROR CODE  M13,1771291822.6414819,0x18FF00F7,1,0 state
ACT_DCBUSVOLTAGE M13,1771291822.6414819,0x18FF00F7,1,1.25 V
ACT_DCBUSPOWER M13,1771291822.6414819,0x18FF00F7,1,0.00 kw
ACT_DEVICETEMPERATURE M13,1771291822.6414819,0x18FF00F7,1,26.00 °C
ACT_INVERTERSTATUS A13,1771291822.646689,0x18FF01F7,1,0 state
ACT_INVERTERREADY A13,1771291822.646689,0x18FF01F7,1,0 state
ACT_ERRORSTATUS A13,1771291822.646689,0x18FF01F7,1,0 state
ACT_SPEED A13,1771291822.646689,0x18FF01F7,1,0.00 rpm
ACT_TORQUE A13,1771291822.646689,0x18FF01F7,1,0.00 Nm
ACT_POWER A13,1771291822.646689,0x18FF01F7,1,0.00 kw
ACT_MOTORTEMPERATURE A13,1771291822.646689,0x18FF01F7,1,27.00 °C
ACT_INVERTERSTATUS B13,1771291822.6512017,0x18FF02F7,1,0 state
ACT_INVERTERREADY B13,1771291822.6512017,0x18FF02F7,1,0 state
ACT_ERRORSTATUS B13,1771291822.6512017,0x18FF02F7,1,0 state
ACT_SPEED B13,1771291822.6512017,0x18FF02F7,1,0.00 rpm
ACT_TORQUE B13,1771291822.6512017,0x18FF02F7,1,0.00 Nm
ACT_POWER B13,1771291822.6512017,0x18FF02F7,1,0.00 kw
ACT_MOTORTEMPERATURE B13,1771291822.6512017,0x18FF02F7,1,28.00 °C
DEVICESTATE M13,1771291822.74127,0x18FF00F7,1,0 state
ERRORLAMP M13,1771291822.74127,0x18FF00F7,1,0 state
DEVICENUMBER M13,1771291822.74127,0x18FF00F7,1,14 state
CLAMP15_STATUS M13,1771291822.74127,0x18FF00F7,1,1 state
PRECHARGED M13,1771291822.74127,0x18FF00F7,1,1 state
STATUS_ BIT_FLEX_IN_OUT_SIGNAL1 M13,1771291822.74127,0x18FF00F7,1,3 state
STATUS_ BIT_FLEX_IN_OUT_SIGNAL2 M13,1771291822.74127,0x18FF00F7,1,3 state
ERROR CODE  M13,1771291822.74127,0x18FF00F7,1,0 state
ACT_DCBUSVOLTAGE M13,1771291822.74127,0x18FF00F7,1,1.25 V
ACT_DCBUSPOWER M13,1771291822.74127,0x18FF00F7,1,0.00 kw
ACT_DEVICETEMPERATURE M13,1771291822.74127,0x18FF00F7,1,26.00 °C
ACT_INVERTERSTATUS A13,1771291822.7464402,0x18FF01F7,1,0 state
ACT_INVERTERREADY A13,1771291822.7464402,0x18FF01F7,1,0 state
ACT_ERRORSTATUS A13,1771291822.7464402,0x18FF01F7,1,0 state
ACT_SPEED A13,1771291822.7464402,0x18FF01F7,1,0.00 rpm
ACT_TORQUE A13,1771291822.7464402,0x18FF01F7,1,0.00 Nm
ACT_POWER A13,1771291822.7464402,0x18FF01F7,1,0.00 kw
ACT_MOTORTEMPERATURE A13,1771291822.7464402,0x18FF01F7,1,27.00 °C
ACT_INVERTERSTATUS B13,1771291822.7514498,0x18FF02F7,1,0 state
ACT_INVERTERREADY B13,1771291822.7514498,0x18FF02F7,1,0 state
ACT_ERRORSTATUS B13,1771291822.7514498,0x18FF02F7,1,0 state
ACT_SPEED B13,1771291822.7514498,0x18FF02F7,1,0.00 rpm
ACT_TORQUE B13,1771291822.7514498,0x18FF02F7,1,0.00 Nm
ACT_POWER B13,1771291822.7514498,0x18FF02F7,1,0.00 kw
ACT_MOTORTEMPERATURE B13,1771291822.7514498,0x18FF02F7,1,28.00 °C
DEVICESTATE M13,1771291822.8414655,0x18FF00F7,1,0 state
ERRORLAMP M13,1771291822.8414655,0x18FF00F7,1,0 state
DEVICENUMBER M13,1771291822.8414655,0x18FF00F7,1,14 state
CLAMP15_STATUS M13,1771291822.8414655,0x18FF00F7,1,1 state
PRECHARGED M13,1771291822.8414655,0x18FF00F7,1,1 state
STATUS_ BIT_FLEX_IN_OUT_SIGNAL1 M13,1771291822.8414655,0x18FF00F7,1,3 state
STATUS_ BIT_FLEX_IN_OUT_SIGNAL2 M13,1771291822.8414655,0x18FF00F7,1,3 state
ERROR CODE  M13,1771291822.8414655,0x18FF00F7,1,0 state
ACT_DCBUSVOLTAGE M13,1771291822.8414655,0x18FF00F7,1,1.25 V
ACT_DCBUSPOWER M13,1771291822.8414655,0x18FF00F7,1,0.00 kw
ACT_DEVICETEMPERATURE M13,1771291822.8414655,0x18FF00F7,1,26.00 °C
ACT_INVERTERSTATUS A13,1771291822.8465865,0x18FF01F7,1,0 state
ACT_INVERTERREADY A13,1771291822.8465865,0x18FF01F7,1,0 state
ACT_ERRORSTATUS A13,1771291822.8465865,0x18FF01F7,1,0 state
ACT_SPEED A13,1771291822.8465865,0x18FF01F7,1,0.00 rpm
ACT_TORQUE A13,1771291822.8465865,0x18FF01F7,1,0.00 Nm
ACT_POWER A13,1771291822.8465865,0x18FF01F7,1,0.00 kw
ACT_MOTORTEMPERATURE A13,1771291822.8465865,0x18FF01F7,1,27.00 °C
ACT_INVERTERSTATUS B13,1771291822.8511674,0x18FF02F7,1,0 state
ACT_INVERTERREADY B13,1771291822.8511674,0x18FF02F7,1,0 state
ACT_ERRORSTATUS B13,1771291822.8511674,0x18FF02F7,1,0 state
ACT_SPEED B13,1771291822.8511674,0x18FF02F7,1,0.00 rpm
ACT_TORQUE B13,1771291822.8511674,0x18FF02F7,1,0.00 Nm
ACT_POWER B13,1771291822.8511674,0x18FF02F7,1,0.00 kw
ACT_MOTORTEMPERATURE B13,1771291822.8511674,0x18FF02F7,1,28.00 °C
DEVICESTATE M13,1771291822.941406,0x18FF00F7,1,0 state
ERRORLAMP M13,1771291822.941406,0x18FF00F7,1,0 state
DEVICENUMBER M13,1771291822.941406,0x18FF00F7,1,14 state
CLAMP15_STATUS M13,1771291822.941406,0x18FF00F7,1,1 state
PRECHARGED M13,1771291822.941406,0x18FF00F7,1,1 state
STATUS_ BIT_FLEX_IN_OUT_SIGNAL1 M13,1771291822.941406,0x18FF00F7,1,3 state
STATUS_ BIT_FLEX_IN_OUT_SIGNAL2 M13,1771291822.941406,0x18FF00F7,1,3 state
ERROR CODE  M13,1771291822.941406,0x18FF00F7,1,0 state
ACT_DCBUSVOLTAGE M13,1771291822.941406,0x18FF00F7,1,1.25 V
ACT_DCBUSPOWER M13,1771291822.941406,0x18FF00F7,1,0.00 kw
ACT_DEVICETEMPERATURE M13,1771291822.941406,0x18FF00F7,1,26.00 °C
ACT_INVERTERSTATUS A13,1771291822.9466102,0x18FF01F7,1,0 state
ACT_INVERTERREADY A13,1771291822.9466102,0x18FF01F7,1,0 state
ACT_ERRORSTATUS A13,1771291822.9466102,0x18FF01F7,1,0 state
ACT_SPEED A13,1771291822.9466102,0x18FF01F7,1,0.00 rpm
ACT_TORQUE A13,1771291822.9466102,0x18FF01F7,1,0.00 Nm
ACT_POWER A13,1771291822.9466102,0x18FF01F7,1,0.00 kw
ACT_MOTORTEMPERATURE A13,1771291822.9466102,0x18FF01F7,1,27.00 °C
ACT_INVERTERSTATUS B13,1771291822.9515145,0x18FF02F7,1,0 state
ACT_INVERTERREADY B13,1771291822.9515145,0x18FF02F7,1,0 state
ACT_ERRORSTATUS B13,1771291822.9515145,0x18FF02F7,1,0 state
ACT_SPEED B13,1771291822.9515145,0x18FF02F7,1,0.00 rpm
ACT_TORQUE B13,1771291822.9515145,0x18FF02F7,1,0.00 Nm
ACT_POWER B13,1771291822.9515145,0x18FF02F7,1,0.00 kw
ACT_MOTORTEMPERATURE B13,1771291822.9515145,0x18FF02F7,1,28.00 °C
DEVICESTATE M13,1771291823.0413914,0x18FF00F7,1,0 state
ERRORLAMP M13,1771291823.0413914,0x18FF00F7,1,0 state
DEVICENUMBER M13,1771291823.0413914,0x18FF00F7,1,14 state
CLAMP15_STATUS M13,1771291823.0413914,0x18FF00F7,1,1 state
PRECHARGED M13,1771291823.0413914,0x18FF00F7,1,1 state
STATUS_ BIT_FLEX_IN_OUT_SIGNAL1 M13,1771291823.0413914,0x18FF00F7,1,3 state
STATUS_ BIT_FLEX_IN_OUT_SIGNAL2 M13,1771291823.0413914,0x18FF00F7,1,3 state
ERROR CODE  M13,1771291823.0413914,0x18FF00F7,1,0 state
ACT_DCBUSVOLTAGE M13,1771291823.0413914,0x18FF00F7,1,1.25 V
ACT_DCBUSPOWER M13,1771291823.0413914,0x18FF00F7,1,0.00 kw
ACT_DEVICETEMPERATURE M13,1771291823.0413914,0x18FF00F7,1,26.00 °C
ACT_INVERTERSTATUS A13,1771291823.046688,0x18FF01F7,1,0 state
ACT_INVERTERREADY A13,1771291823.046688,0x18FF01F7,1,0 state
ACT_ERRORSTATUS A13,1771291823.046688,0x18FF01F7,1,0 state
ACT_SPEED A13,1771291823.046688,0x18FF01F7,1,0.00 rpm
ACT_TORQUE A13,1771291823.046688,0x18FF01F7,1,0.00 Nm
ACT_POWER A13,1771291823.046688,0x18FF01F7,1,0.00 kw
ACT_MOTORTEMPERATURE A13,1771291823.046688,0x18FF01F7,1,27.00 °C
ACT_INVERTERSTATUS B13,1771291823.0511565,0x18FF02F7,1,0 state
ACT_INVERTERREADY B13,1771291823.0511565,0x18FF02F7,1,0 state
ACT_ERRORSTATUS B13,1771291823.0511565,0x18FF02F7,1,0 state
ACT_SPEED B13,1771291823.0511565,0x18FF02F7,1,0.00 rpm
ACT_TORQUE B13,1771291823.0511565,0x18FF02F7,1,0.00 Nm
ACT_POWER B13,1771291823.0511565,0x18FF02F7,1,0.00 kw
ACT_MOTORTEMPERATURE B13,1771291823.0511565,0x18FF02F7,1,28.00 °C
DEVICESTATE M13,1771291823.1416461,0x18FF00F7,1,0 state
ERRORLAMP M13,1771291823.1416461,0x18FF00F7,1,0 state
DEVICENUMBER M13,1771291823.1416461,0x18FF00F7,1,14 state
CLAMP15_STATUS M13,1771291823.1416461,0x18FF00F7,1,1 state
PRECHARGED M13,1771291823.1416461,0x18FF00F7,1,1 state
STATUS_ BIT_FLEX_IN_OUT_SIGNAL1 M13,1771291823.1416461,0x18FF00F7,1,3 state
STATUS_ BIT_FLEX_IN_OUT_SIGNAL2 M13,1771291823.1416461,0x18FF00F7,1,3 state
ERROR CODE  M13,1771291823.1416461,0x18FF00F7,1,0 state
ACT_DCBUSVOLTAGE M13,1771291823.1416461,0x18FF00F7,1,1.25 V
ACT_DCBUSPOWER M13,1771291823.1416461,0x18FF00F7,1,0.00 kw
ACT_DEVICETEMPERATURE M13,1771291823.1416461,0x18FF00F7,1,26.00 °C
ACT_INVERTERSTATUS A13,1771291823.1466305,0x18FF01F7,1,0 state
ACT_INVERTERREADY A13,1771291823.1466305,0x18FF01F7,1,0 state
ACT_ERRORSTATUS A13,1771291823.1466305,0x18FF01F7,1,0 state
ACT_SPEED A13,1771291823.1466305,0x18FF01F7,1,0.00 rpm
ACT_TORQUE A13,1771291823.1466305,0x18FF01F7,1,0.00 Nm
ACT_POWER A13,1771291823.1466305,0x18FF01F7,1,0.00 kw
ACT_MOTORTEMPERATURE A13,1771291823.1466305,0x18FF01F7,1,27.00 °C
ACT_INVERTERSTATUS B13,1771291823.1515903,0x18FF02F7,1,0 state
ACT_INVERTERREADY B13,1771291823.1515903,0x18FF02F7,1,0 state
ACT_ERRORSTATUS B13,1771291823.1515903,0x18FF02F7,1,0 state
ACT_SPEED B13,1771291823.1515903,0x18FF02F7,1,0.00 rpm
ACT_TORQUE B13,1771291823.1515903,0x18FF02F7,1,0.00 Nm
ACT_POWER B13,1771291823.1515903,0x18FF02F7,1,0.00 kw
ACT_MOTORTEMPERATURE B13,1771291823.1515903,0x18FF02F7,1,28.00 °C
DEVICESTATE M13,1771291823.2415805,0x18FF00F7,1,0 state
ERRORLAMP M13,1771291823.2415805,0x18FF00F7,1,0 state
DEVICENUMBER M13,1771291823.2415805,0x18FF00F7,1,14 state
CLAMP15_STATUS M13,1771291823.2415805,0x18FF00F7,1,1 state
PRECHARGED M13,1771291823.2415805,0x18FF00F7,1,1 state
STATUS_ BIT_FLEX_IN_OUT_SIGNAL1 M13,1771291823.2415805,0x18FF00F7,1,3 state
STATUS_ BIT_FLEX_IN_OUT_SIGNAL2 M13,1771291823.2415805,0x18FF00F7,1,3 state
ERROR CODE  M13,1771291823.2415805,0x18FF00F7,1,0 state
ACT_DCBUSVOLTAGE M13,1771291823.2415805,0x18FF00F7,1,1.25 V
ACT_DCBUSPOWER M13,1771291823.2415805,0x18FF00F7,1,0.00 kw
ACT_DEVICETEMPERATURE M13,1771291823.2415805,0x18FF00F7,1,26.00 °C
ACT_INVERTERSTATUS A13,1771291823.2469223,0x18FF01F7,1,0 state
ACT_INVERTERREADY A13,1771291823.2469223,0x18FF01F7,1,0 state
ACT_ERRORSTATUS A13,1771291823.2469223,0x18FF01F7,1,0 state
ACT_SPEED A13,1771291823.2469223,0x18FF01F7,1,0.00 rpm
ACT_TORQUE A13,1771291823.2469223,0x18FF01F7,1,0.00 Nm
ACT_POWER A13,1771291823.2469223,0x18FF01F7,1,0.00 kw
ACT_MOTORTEMPERATURE A13,1771291823.2469223,0x18FF01F7,1,27.00 °C
ACT_INVERTERSTATUS B13,1771291823.2511868,0x18FF02F7,1,0 state
ACT_INVERTERREADY B13,1771291823.2511868,0x18FF02F7,1,0 state
ACT_ERRORSTATUS B13,1771291823.2511868,0x18FF02F7,1,0 state
ACT_SPEED B13,1771291823.2511868,0x18FF02F7,1,0.00 rpm
ACT_TORQUE B13,1771291823.2511868,0x18FF02F7,1,0.00 Nm
ACT_POWER B13,1771291823.2511868,0x18FF02F7,1,0.00 kw
ACT_MOTORTEMPERATURE B13,1771291823.2511868,0x18FF02F7,1,28.00 °C
DEVICESTATE M13,1771291823.3413527,0x18FF00F7,1,0 state
ERRORLAMP M13,1771291823.3413527,0x18FF00F7,1,0 state
DEVICENUMBER M13,1771291823.3413527,0x18FF00F7,1,14 state
CLAMP15_STATUS M13,1771291823.3413527,0x18FF00F7,1,1 state
PRECHARGED M13,1771291823.3413527,0x18FF00F7,1,1 state
STATUS_ BIT_FLEX_IN_OUT_SIGNAL1 M13,1771291823.3413527,0x18FF00F7,1,3 state
STATUS_ BIT_FLEX_IN_OUT_SIGNAL2 M13,1771291823.3413527,0x18FF00F7,1,3 state
ERROR CODE  M13,1771291823.3413527,0x18FF00F7,1,0 state
ACT_DCBUSVOLTAGE M13,1771291823.3413527,0x18FF00F7,1,1.25 V
ACT_DCBUSPOWER M13,1771291823.3413527,0x18FF00F7,1,0.00 kw
ACT_DEVICETEMPERATURE M13,1771291823.3413527,0x18FF00F7,1,26.00 °C
ACT_INVERTERSTATUS A13,1771291823.3465903,0x18FF01F7,1,0 state
ACT_INVERTERREADY A13,1771291823.3465903,0x18FF01F7,1,0 state
ACT_ERRORSTATUS A13,1771291823.3465903,0x18FF01F7,1,0 state
ACT_SPEED A13,1771291823.3465903,0x18FF01F7,1,0.00 rpm
ACT_TORQUE A13,1771291823.3465903,0x18FF01F7,1,0.00 Nm
ACT_POWER A13,1771291823.3465903,0x18FF01F7,1,0.00 kw
ACT_MOTORTEMPERATURE A13,1771291823.3465903,0x18FF01F7,1,27.00 °C
ACT_INVERTERSTATUS B13,1771291823.3514564,0x18FF02F7,1,0 state
ACT_INVERTERREADY B13,1771291823.3514564,0x18FF02F7,1,0 state
ACT_ERRORSTATUS B13,1771291823.3514564,0x18FF02F7,1,0 state
ACT_SPEED B13,1771291823.3514564,0x18FF02F7,1,0.00 rpm
ACT_TORQUE B13,1771291823.3514564,0x18FF02F7,1,0.00 Nm
ACT_POWER B13,1771291823.3514564,0x18FF02F7,1,0.00 kw
ACT_MOTORTEMPERATURE B13,1771291823.3514564,0x18FF02F7,1,28.00 °C
DEVICESTATE M13,1771291823.4416661,0x18FF00F7,1,0 state
ERRORLAMP M13,1771291823.4416661,0x18FF00F7,1,0 state
DEVICENUMBER M13,1771291823.4416661,0x18FF00F7,1,14 state
CLAMP15_STATUS M13,1771291823.4416661,0x18FF00F7,1,1 state
PRECHARGED M13,1771291823.4416661,0x18FF00F7,1,1 state
STATUS_ BIT_FLEX_IN_OUT_SIGNAL1 M13,1771291823.4416661,0x18FF00F7,1,3 state
STATUS_ BIT_FLEX_IN_OUT_SIGNAL2 M13,1771291823.4416661,0x18FF00F7,1,3 state
ERROR CODE  M13,1771291823.4416661,0x18FF00F7,1,0 state
ACT_DCBUSVOLTAGE M13,1771291823.4416661,0x18FF00F7,1,1.25 V
ACT_DCBUSPOWER M13,1771291823.4416661,0x18FF00F7,1,0.00 kw
ACT_DEVICETEMPERATURE M13,1771291823.4416661,0x18FF00F7,1,26.00 °C
ACT_INVERTERSTATUS A13,1771291823.4464748,0x18FF01F7,1,0 state
ACT_INVERTERREADY A13,1771291823.4464748,0x18FF01F7,1,0 state
ACT_ERRORSTATUS A13,1771291823.4464748,0x18FF01F7,1,0 state
ACT_SPEED A13,1771291823.4464748,0x18FF01F7,1,0.00 rpm
ACT_TORQUE A13,1771291823.4464748,0x18FF01F7,1,0.00 Nm
ACT_POWER A13,1771291823.4464748,0x18FF01F7,1,0.00 kw
ACT_MOTORTEMPERATURE A13,1771291823.4464748,0x18FF01F7,1,27.00 °C
ACT_INVERTERSTATUS B13,1771291823.4512994,0x18FF02F7,1,0 state
ACT_INVERTERREADY B13,1771291823.4512994,0x18FF02F7,1,0 state
ACT_ERRORSTATUS B13,1771291823.4512994,0x18FF02F7,1,0 state
ACT_SPEED B13,1771291823.4512994,0x18FF02F7,1,0.00 rpm
ACT_TORQUE B13,1771291823.4512994,0x18FF02F7,1,0.00 Nm
ACT_POWER B13,1771291823.4512994,0x18FF02F7,1,0.00 kw
ACT_MOTORTEMPERATURE B13,1771291823.4512994,0x18FF02F7,1,28.00 °C
DEVICESTATE M13,1771291823.5413587,0x18FF00F7,1,0 state
ERRORLAMP M13,1771291823.5413587,0x18FF00F7,1,0 state
DEVICENUMBER M13,1771291823.5413587,0x18FF00F7,1,14 state
CLAMP15_STATUS M13,1771291823.5413587,0x18FF00F7,1,1 state
PRECHARGED M13,1771291823.5413587,0x18FF00F7,1,1 state
STATUS_ BIT_FLEX_IN_OUT_SIGNAL1 M13,1771291823.5413587,0x18FF00F7,1,3 state
STATUS_ BIT_FLEX_IN_OUT_SIGNAL2 M13,1771291823.5413587,0x18FF00F7,1,3 state
ERROR CODE  M13,1771291823.5413587,0x18FF00F7,1,0 state
ACT_DCBUSVOLTAGE M13,1771291823.5413587,0x18FF00F7,1,1.25 V
ACT_DCBUSPOWER M13,1771291823.5413587,0x18FF00F7,1,0.00 kw
ACT_DEVICETEMPERATURE M13,1771291823.5413587,0x18FF00F7,1,26.00 °C
ACT_INVERTERSTATUS A13,1771291823.546379,0x18FF01F7,1,0 state
ACT_INVERTERREADY A13,1771291823.546379,0x18FF01F7,1,0 state
ACT_ERRORSTATUS A13,1771291823.546379,0x18FF01F7,1,0 state
ACT_SPEED A13,1771291823.546379,0x18FF01F7,1,0.00 rpm
ACT_TORQUE A13,1771291823.546379,0x18FF01F7,1,0.00 Nm
ACT_POWER A13,1771291823.546379,0x18FF01F7,1,0.00 kw
ACT_MOTORTEMPERATURE A13,1771291823.546379,0x18FF01F7,1,27.00 °C
ACT_INVERTERSTATUS B13,1771291823.5514245,0x18FF02F7,1,0 state
ACT_INVERTERREADY B13,1771291823.5514245,0x18FF02F7,1,0 state
ACT_ERRORSTATUS B13,1771291823.5514245,0x18FF02F7,1,0 state
ACT_SPEED B13,1771291823.5514245,0x18FF02F7,1,0.00 rpm
ACT_TORQUE B13,1771291823.5514245,0x18FF02F7,1,0.00 Nm
ACT_POWER B13,1771291823.5514245,0x18FF02F7,1,0.00 kw
ACT_MOTORTEMPERATURE B13,1771291823.5514245,0x18FF02F7,1,28.00 °C
DEVICESTATE M13,1771291823.6415582,0x18FF00F7,1,0 state
ERRORLAMP M13,1771291823.6415582,0x18FF00F7,1,0 state
DEVICENUMBER M13,1771291823.6415582,0x18FF00F7,1,14 state
CLAMP15_STATUS M13,1771291823.6415582,0x18FF00F7,1,1 state
PRECHARGED M13,1771291823.6415582,0x18FF00F7,1,1 state
STATUS_ BIT_FLEX_IN_OUT_SIGNAL1 M13,1771291823.6415582,0x18FF00F7,1,3 state
STATUS_ BIT_FLEX_IN_OUT_SIGNAL2 M13,1771291823.6415582,0x18FF00F7,1,3 state
ERROR CODE  M13,1771291823.6415582,0x18FF00F7,1,0 state
ACT_DCBUSVOLTAGE M13,1771291823.6415582,0x18FF00F7,1,1.25 V
ACT_DCBUSPOWER M13,1771291823.6415582,0x18FF00F7,1,0.00 kw
ACT_DEVICETEMPERATURE M13,1771291823.6415582,0x18FF00F7,1,26.00 °C
ACT_INVERTERSTATUS A13,1771291823.646798,0x18FF01F7,1,0 state
ACT_INVERTERREADY A13,1771291823.646798,0x18FF01F7,1,0 state
ACT_ERRORSTATUS A13,1771291823.646798,0x18FF01F7,1,0 state
ACT_SPEED A13,1771291823.646798,0x18FF01F7,1,0.00 rpm
ACT_TORQUE A13,1771291823.646798,0x18FF01F7,1,0.00 Nm
ACT_POWER A13,1771291823.646798,0x18FF01F7,1,0.00 kw
ACT_MOTORTEMPERATURE A13,1771291823.646798,0x18FF01F7,1,27.00 °C
ACT_INVERTERSTATUS B13,1771291823.6516185,0x18FF02F7,1,0 state
ACT_INVERTERREADY B13,1771291823.6516185,0x18FF02F7,1,0 state
ACT_ERRORSTATUS B13,1771291823.6516185,0x18FF02F7,1,0 state
ACT_SPEED B13,1771291823.6516185,0x18FF02F7,1,0.00 rpm
ACT_TORQUE B13,1771291823.6516185,0x18FF02F7,1,0.00 Nm
ACT_POWER B13,1771291823.6516185,0x18FF02F7,1,0.00 kw
ACT_MOTORTEMPERATURE B13,1771291823.6516185,0x18FF02F7,1,28.00 °C
DEVICESTATE M13,1771291823.7416234,0x18FF00F7,1,0 state
ERRORLAMP M13,1771291823.7416234,0x18FF00F7,1,0 state
DEVICENUMBER M13,1771291823.7416234,0x18FF00F7,1,14 state
CLAMP15_STATUS M13,1771291823.7416234,0x18FF00F7,1,1 state
PRECHARGED M13,1771291823.7416234,0x18FF00F7,1,1 state
STATUS_ BIT_FLEX_IN_OUT_SIGNAL1 M13,1771291823.7416234,0x18FF00F7,1,3 state
STATUS_ BIT_FLEX_IN_OUT_SIGNAL2 M13,1771291823.7416234,0x18FF00F7,1,3 state
ERROR CODE  M13,1771291823.7416234,0x18FF00F7,1,0 state
ACT_DCBUSVOLTAGE M13,1771291823.7416234,0x18FF00F7,1,1.25 V
ACT_DCBUSPOWER M13,1771291823.7416234,0x18FF00F7,1,0.00 kw
ACT_DEVICETEMPERATURE M13,1771291823.7416234,0x18FF00F7,1,26.00 °C
ACT_INVERTERSTATUS A13,1771291823.746415,0x18FF01F7,1,0 state
ACT_INVERTERREADY A13,1771291823.746415,0x18FF01F7,1,0 state
ACT_ERRORSTATUS A13,1771291823.746415,0x18FF01F7,1,0 state
ACT_SPEED A13,1771291823.746415,0x18FF01F7,1,0.00 rpm
ACT_TORQUE A13,1771291823.746415,0x18FF01F7,1,0.00 Nm
ACT_POWER A13,1771291823.746415,0x18FF01F7,1,0.00 kw
ACT_MOTORTEMPERATURE A13,1771291823.746415,0x18FF01F7,1,27.00 °C
ACT_INVERTERSTATUS B13,1771291823.7513375,0x18FF02F7,1,0 state
ACT_INVERTERREADY B13,1771291823.7513375,0x18FF02F7,1,0 state
ACT_ERRORSTATUS B13,1771291823.7513375,0x18FF02F7,1,0 state
ACT_SPEED B13,1771291823.7513375,0x18FF02F7,1,0.00 rpm
ACT_TORQUE B13,1771291823.7513375,0x18FF02F7,1,0.00 Nm
ACT_POWER B13,1771291823.7513375,0x18FF02F7,1,0.00 kw
ACT_MOTORTEMPERATURE B13,1771291823.7513375,0x18FF02F7,1,28.00 °C
DEVICESTATE M13,1771291823.841494,0x18FF00F7,1,0 state
ERRORLAMP M13,1771291823.841494,0x18FF00F7,1,0 state
DEVICENUMBER M13,1771291823.841494,0x18FF00F7,1,14 state
CLAMP15_STATUS M13,1771291823.841494,0x18FF00F7,1,1 state
PRECHARGED M13,1771291823.841494,0x18FF00F7,1,1 state
STATUS_ BIT_FLEX_IN_OUT_SIGNAL1 M13,1771291823.841494,0x18FF00F7,1,3 state
STATUS_ BIT_FLEX_IN_OUT_SIGNAL2 M13,1771291823.841494,0x18FF00F7,1,3 state
ERROR CODE  M13,1771291823.841494,0x18FF00F7,1,0 state
ACT_DCBUSVOLTAGE M13,1771291823.841494,0x18FF00F7,1,1.25 V
ACT_DCBUSPOWER M13,1771291823.841494,0x18FF00F7,1,0.00 kw
ACT_DEVICETEMPERATURE M13,1771291823.841494,0x18FF00F7,1,26.00 °C
ACT_INVERTERSTATUS A13,1771291823.846805,0x18FF01F7,1,0 state
ACT_INVERTERREADY A13,1771291823.846805,0x18FF01F7,1,0 state
ACT_ERRORSTATUS A13,1771291823.846805,0x18FF01F7,1,0 state
ACT_SPEED A13,1771291823.846805,0x18FF01F7,1,0.00 rpm
ACT_TORQUE A13,1771291823.846805,0x18FF01F7,1,0.00 Nm
ACT_POWER A13,1771291823.846805,0x18FF01F7,1,0.00 kw
ACT_MOTORTEMPERATURE A13,1771291823.846805,0x18FF01F7,1,27.00 °C
ACT_INVERTERSTATUS B13,1771291823.851161,0x18FF02F7,1,0 state
ACT_INVERTERREADY B13,1771291823.851161,0x18FF02F7,1,0 state
ACT_ERRORSTATUS B13,1771291823.851161,0x18FF02F7,1,0 state
ACT_SPEED B13,1771291823.851161,0x18FF02F7,1,0.00 rpm
ACT_TORQUE B13,1771291823.851161,0x18FF02F7,1,0.00 Nm
ACT_POWER B13,1771291823.851161,0x18FF02F7,1,0.00 kw
ACT_MOTORTEMPERATURE B13,1771291823.851161,0x18FF02F7,1,28.00 °C
DEVICESTATE M13,1771291823.9412808,0x18FF00F7,1,0 state
ERRORLAMP M13,1771291823.9412808,0x18FF00F7,1,0 state
DEVICENUMBER M13,1771291823.9412808,0x18FF00F7,1,14 state
CLAMP15_STATUS M13,1771291823.9412808,0x18FF00F7,1,1 state
PRECHARGED M13,1771291823.9412808,0x18FF00F7,1,1 state
STATUS_ BIT_FLEX_IN_OUT_SIGNAL1 M13,1771291823.9412808,0x18FF00F7,1,3 state
STATUS_ BIT_FLEX_IN_OUT_SIGNAL2 M13,1771291823.9412808,0x18FF00F7,1,3 state
ERROR CODE  M13,1771291823.9412808,0x18FF00F7,1,0 state
ACT_DCBUSVOLTAGE M13,1771291823.9412808,0x18FF00F7,1,1.25 V
ACT_DCBUSPOWER M13,1771291823.9412808,0x18FF00F7,1,0.00 kw
ACT_DEVICETEMPERATURE M13,1771291823.9412808,0x18FF00F7,1,26.00 °C
ACT_INVERTERSTATUS A13,1771291823.94657,0x18FF01F7,1,0 state
ACT_INVERTERREADY A13,1771291823.94657,0x18FF01F7,1,0 state
ACT_ERRORSTATUS A13,1771291823.94657,0x18FF01F7,1,0 state
ACT_SPEED A13,1771291823.94657,0x18FF01F7,1,0.00 rpm
ACT_TORQUE A13,1771291823.94657,0x18FF01F7,1,0.00 Nm
ACT_POWER A13,1771291823.94657,0x18FF01F7,1,0.00 kw
ACT_MOTORTEMPERATURE A13,1771291823.94657,0x18FF01F7,1,27.00 °C
ACT_INVERTERSTATUS B13,1771291823.9513793,0x18FF02F7,1,0 state
ACT_INVERTERREADY B13,1771291823.9513793,0x18FF02F7,1,0 state
ACT_ERRORSTATUS B13,1771291823.9513793,0x18FF02F7,1,0 state
ACT_SPEED B13,1771291823.9513793,0x18FF02F7,1,0.00 rpm
ACT_TORQUE B13,1771291823.9513793,0x18FF02F7,1,0.00 Nm
ACT_POWER B13,1771291823.9513793,0x18FF02F7,1,0.00 kw
ACT_MOTORTEMPERATURE B13,1771291823.9513793,0x18FF02F7,1,28.00 °C
DEVICESTATE M13,1771291824.0415888,0x18FF00F7,1,0 state
ERRORLAMP M13,1771291824.0415888,0x18FF00F7,1,0 state
DEVICENUMBER M13,1771291824.0415888,0x18FF00F7,1,14 state
CLAMP15_STATUS M13,1771291824.0415888,0x18FF00F7,1,1 state
PRECHARGED M13,1771291824.0415888,0x18FF00F7,1,1 state
STATUS_ BIT_FLEX_IN_OUT_SIGNAL1 M13,1771291824.0415888,0x18FF00F7,1,3 state
STATUS_ BIT_FLEX_IN_OUT_SIGNAL2 M13,1771291824.0415888,0x18FF00F7,1,3 state
ERROR CODE  M13,1771291824.0415888,0x18FF00F7,1,0 state
ACT_DCBUSVOLTAGE M13,1771291824.0415888,0x18FF00F7,1,1.25 V
ACT_DCBUSPOWER M13,1771291824.0415888,0x18FF00F7,1,0.00 kw
ACT_DEVICETEMPERATURE M13,1771291824.0415888,0x18FF00F7,1,26.00 °C
ACT_INVERTERSTATUS A13,1771291824.0464087,0x18FF01F7,1,0 state
ACT_INVERTERREADY A13,1771291824.0464087,0x18FF01F7,1,0 state
ACT_ERRORSTATUS A13,1771291824.0464087,0x18FF01F7,1,0 state
ACT_SPEED A13,1771291824.0464087,0x18FF01F7,1,0.00 rpm
ACT_TORQUE A13,1771291824.0464087,0x18FF01F7,1,0.00 Nm
ACT_POWER A13,1771291824.0464087,0x18FF01F7,1,0.00 kw
ACT_MOTORTEMPERATURE A13,1771291824.0464087,0x18FF01F7,1,27.00 °C
ACT_INVERTERSTATUS B13,1771291824.0511923,0x18FF02F7,1,0 state
ACT_INVERTERREADY B13,1771291824.0511923,0x18FF02F7,1,0 state
ACT_ERRORSTATUS B13,1771291824.0511923,0x18FF02F7,1,0 state
ACT_SPEED B13,1771291824.0511923,0x18FF02F7,1,0.00 rpm
ACT_TORQUE B13,1771291824.0511923,0x18FF02F7,1,0.00 Nm
ACT_POWER B13,1771291824.0511923,0x18FF02F7,1,0.00 kw
ACT_MOTORTEMPERATURE B13,1771291824.0511923,0x18FF02F7,1,28.00 °C
DEVICESTATE M13,1771291824.141585,0x18FF00F7,1,0 state
ERRORLAMP M13,1771291824.141585,0x18FF00F7,1,0 state
DEVICENUMBER M13,1771291824.141585,0x18FF00F7,1,14 state
CLAMP15_STATUS M13,1771291824.141585,0x18FF00F7,1,1 state
PRECHARGED M13,1771291824.141585,0x18FF00F7,1,1 state
STATUS_ BIT_FLEX_IN_OUT_SIGNAL1 M13,1771291824.141585,0x18FF00F7,1,3 state
STATUS_ BIT_FLEX_IN_OUT_SIGNAL2 M13,1771291824.141585,0x18FF00F7,1,3 state
ERROR CODE  M13,1771291824.141585,0x18FF00F7,1,0 state
ACT_DCBUSVOLTAGE M13,1771291824.141585,0x18FF00F7,1,1.25 V
ACT_DCBUSPOWER M13,1771291824.141585,0x18FF00F7,1,0.00 kw
ACT_DEVICETEMPERATURE M13,1771291824.141585,0x18FF00F7,1,26.00 °C
ACT_INVERTERSTATUS A13,1771291824.1461086,0x18FF01F7,1,0 state
ACT_INVERTERREADY A13,1771291824.1461086,0x18FF01F7,1,0 state
ACT_ERRORSTATUS A13,1771291824.1461086,0x18FF01F7,1,0 state
ACT_SPEED A13,1771291824.1461086,0x18FF01F7,1,0.00 rpm
ACT_TORQUE A13,1771291824.1461086,0x18FF01F7,1,0.00 Nm
ACT_POWER A13,1771291824.1461086,0x18FF01F7,1,0.00 kw
ACT_MOTORTEMPERATURE A13,1771291824.1461086,0x18FF01F7,1,27.00 °C
ACT_INVERTERSTATUS B13,1771291824.1511915,0x18FF02F7,1,0 state
ACT_INVERTERREADY B13,1771291824.1511915,0x18FF02F7,1,0 state
ACT_ERRORSTATUS B13,1771291824.1511915,0x18FF02F7,1,0 state
ACT_SPEED B13,1771291824.1511915,0x18FF02F7,1,0.00 rpm
ACT_TORQUE B13,1771291824.1511915,0x18FF02F7,1,0.00 Nm
ACT_POWER B13,1771291824.1511915,0x18FF02F7,1,0.00 kw
ACT_MOTORTEMPERATURE B13,1771291824.1511915,0x18FF02F7,1,28.00 °C
DEVICESTATE M13,1771291824.2413538,0x18FF00F7,1,0 state
ERRORLAMP M13,1771291824.2413538,0x18FF00F7,1,0 state
DEVICENUMBER M13,1771291824.2413538,0x18FF00F7,1,14 state
CLAMP15_STATUS M13,1771291824.2413538,0x18FF00F7,1,1 state
PRECHARGED M13,1771291824.2413538,0x18FF00F7,1,1 state
STATUS_ BIT_FLEX_IN_OUT_SIGNAL1 M13,1771291824.2413538,0x18FF00F7,1,3 state
STATUS_ BIT_FLEX_IN_OUT_SIGNAL2 M13,1771291824.2413538,0x18FF00F7,1,3 state
ERROR CODE  M13,1771291824.2413538,0x18FF00F7,1,0 state
ACT_DCBUSVOLTAGE M13,1771291824.2413538,0x18FF00F7,1,1.25 V
ACT_DCBUSPOWER M13,1771291824.2413538,0x18FF00F7,1,0.00 kw
ACT_DEVICETEMPERATURE M13,1771291824.2413538,0x18FF00F7,1,26.00 °C
ACT_INVERTERSTATUS A13,1771291824.2466314,0x18FF01F7,1,0 state
ACT_INVERTERREADY A13,1771291824.2466314,0x18FF01F7,1,0 state
ACT_ERRORSTATUS A13,1771291824.2466314,0x18FF01F7,1,0 state
ACT_SPEED A13,1771291824.2466314,0x18FF01F7,1,0.00 rpm
ACT_TORQUE A13,1771291824.2466314,0x18FF01F7,1,0.00 Nm
ACT_POWER A13,1771291824.2466314,0x18FF01F7,1,0.00 kw
ACT_MOTORTEMPERATURE A13,1771291824.2466314,0x18FF01F7,1,27.00 °C
ACT_INVERTERSTATUS B13,1771291824.2514641,0x18FF02F7,1,0 state
ACT_INVERTERREADY B13,1771291824.2514641,0x18FF02F7,1,0 state
ACT_ERRORSTATUS B13,1771291824.2514641,0x18FF02F7,1,0 state
ACT_SPEED B13,1771291824.2514641,0x18FF02F7,1,0.00 rpm
ACT_TORQUE B13,1771291824.2514641,0x18FF02F7,1,0.00 Nm
ACT_POWER B13,1771291824.2514641,0x18FF02F7,1,0.00 kw
ACT_MOTORTEMPERATURE B13,1771291824.2514641,0x18FF02F7,1,28.00 °C
DEVICESTATE M13,1771291824.3416045,0x18FF00F7,1,0 state
ERRORLAMP M13,1771291824.3416045,0x18FF00F7,1,0 state
DEVICENUMBER M13,1771291824.3416045,0x18FF00F7,1,14 state
CLAMP15_STATUS M13,1771291824.3416045,0x18FF00F7,1,1 state
PRECHARGED M13,1771291824.3416045,0x18FF00F7,1,1 state
STATUS_ BIT_FLEX_IN_OUT_SIGNAL1 M13,1771291824.3416045,0x18FF00F7,1,3 state
STATUS_ BIT_FLEX_IN_OUT_SIGNAL2 M13,1771291824.3416045,0x18FF00F7,1,3 state
ERROR CODE  M13,1771291824.3416045,0x18FF00F7,1,0 state
ACT_DCBUSVOLTAGE M13,1771291824.3416045,0x18FF00F7,1,1.25 V
ACT_DCBUSPOWER M13,1771291824.3416045,0x18FF00F7,1,0.00 kw
ACT_DEVICETEMPERATURE M13,1771291824.3416045,0x18FF00F7,1,26.00 °C
ACT_INVERTERSTATUS A13,1771291824.34612,0x18FF01F7,1,0 state
ACT_INVERTERREADY A13,1771291824.34612,0x18FF01F7,1,0 state
ACT_ERRORSTATUS A13,1771291824.34612,0x18FF01F7,1,0 state
ACT_SPEED A13,1771291824.34612,0x18FF01F7,1,0.00 rpm
ACT_TORQUE A13,1771291824.34612,0x18FF01F7,1,0.00 Nm
ACT_POWER A13,1771291824.34612,0x18FF01F7,1,0.00 kw
ACT_MOTORTEMPERATURE A13,1771291824.34612,0x18FF01F7,1,27.00 °C
ACT_INVERTERSTATUS B13,1771291824.35137,0x18FF02F7,1,0 state
ACT_INVERTERREADY B13,1771291824.35137,0x18FF02F7,1,0 state
ACT_ERRORSTATUS B13,1771291824.35137,0x18FF02F7,1,0 state
ACT_SPEED B13,1771291824.35137,0x18FF02F7,1,0.00 rpm
ACT_TORQUE B13,1771291824.35137,0x18FF02F7,1,0.00 Nm
ACT_POWER B13,1771291824.35137,0x18FF02F7,1,0.00 kw
ACT_MOTORTEMPERATURE B13,1771291824.35137,0x18FF02F7,1,28.00 °C
DEVICESTATE M13,1771291824.4413455,0x18FF00F7,1,0 state
ERRORLAMP M13,1771291824.4413455,0x18FF00F7,1,0 state
DEVICENUMBER M13,1771291824.4413455,0x18FF00F7,1,14 state
CLAMP15_STATUS M13,1771291824.4413455,0x18FF00F7,1,1 state
PRECHARGED M13,1771291824.4413455,0x18FF00F7,1,1 state
STATUS_ BIT_FLEX_IN_OUT_SIGNAL1 M13,1771291824.4413455,0x18FF00F7,1,3 state
STATUS_ BIT_FLEX_IN_OUT_SIGNAL2 M13,1771291824.4413455,0x18FF00F7,1,3 state
ERROR CODE  M13,1771291824.4413455,0x18FF00F7,1,0 state
ACT_DCBUSVOLTAGE M13,1771291824.4413455,0x18FF00F7,1,1.25 V
ACT_DCBUSPOWER M13,1771291824.4413455,0x18FF00F7,1,0.00 kw
ACT_DEVICETEMPERATURE M13,1771291824.4413455,0x18FF00F7,1,26.00 °C
ACT_INVERTERSTATUS A13,1771291824.4463606,0x18FF01F7,1,0 state
ACT_INVERTERREADY A13,1771291824.4463606,0x18FF01F7,1,0 state
ACT_ERRORSTATUS A13,1771291824.4463606,0x18FF01F7,1,0 state
ACT_SPEED A13,1771291824.4463606,0x18FF01F7,1,0.00 rpm
ACT_TORQUE A13,1771291824.4463606,0x18FF01F7,1,0.00 Nm
ACT_POWER A13,1771291824.4463606,0x18FF01F7,1,0.00 kw
ACT_MOTORTEMPERATURE A13,1771291824.4463606,0x18FF01F7,1,27.00 °C
ACT_INVERTERSTATUS B13,1771291824.451509,0x18FF02F7,1,0 state
ACT_INVERTERREADY B13,1771291824.451509,0x18FF02F7,1,0 state
ACT_ERRORSTATUS B13,1771291824.451509,0x18FF02F7,1,0 state
ACT_SPEED B13,1771291824.451509,0x18FF02F7,1,0.00 rpm
ACT_TORQUE B13,1771291824.451509,0x18FF02F7,1,0.00 Nm
ACT_POWER B13,1771291824.451509,0x18FF02F7,1,0.00 kw
ACT_MOTORTEMPERATURE B13,1771291824.451509,0x18FF02F7,1,28.00 °C
DEVICESTATE M13,1771291824.5416238,0x18FF00F7,1,0 state
ERRORLAMP M13,1771291824.5416238,0x18FF00F7,1,0 state
DEVICENUMBER M13,1771291824.5416238,0x18FF00F7,1,14 state
CLAMP15_STATUS M13,1771291824.5416238,0x18FF00F7,1,1 state
PRECHARGED M13,1771291824.5416238,0x18FF00F7,1,1 state
STATUS_ BIT_FLEX_IN_OUT_SIGNAL1 M13,1771291824.5416238,0x18FF00F7,1,3 state
STATUS_ BIT_FLEX_IN_OUT_SIGNAL2 M13,1771291824.5416238,0x18FF00F7,1,3 state
ERROR CODE  M13,1771291824.5416238,0x18FF00F7,1,0 state
ACT_DCBUSVOLTAGE M13,1771291824.5416238,0x18FF00F7,1,1.25 V
ACT_DCBUSPOWER M13,1771291824.5416238,0x18FF00F7,1,0.00 kw
ACT_DEVICETEMPERATURE M13,1771291824.5416238,0x18FF00F7,1,26.00 °C
ACT_INVERTERSTATUS A13,1771291824.5463462,0x18FF01F7,1,0 state
ACT_INVERTERREADY A13,1771291824.5463462,0x18FF01F7,1,0 state
ACT_ERRORSTATUS A13,1771291824.5463462,0x18FF01F7,1,0 state
ACT_SPEED A13,1771291824.5463462,0x18FF01F7,1,0.00 rpm
ACT_TORQUE A13,1771291824.5463462,0x18FF01F7,1,0.00 Nm
ACT_POWER A13,1771291824.5463462,0x18FF01F7,1,0.00 kw
ACT_MOTORTEMPERATURE A13,1771291824.5463462,0x18FF01F7,1,27.00 °C
ACT_INVERTERSTATUS B13,1771291824.551161,0x18FF02F7,1,0 state
ACT_INVERTERREADY B13,1771291824.551161,0x18FF02F7,1,0 state
ACT_ERRORSTATUS B13,1771291824.551161,0x18FF02F7,1,0 state
ACT_SPEED B13,1771291824.551161,0x18FF02F7,1,0.00 rpm
ACT_TORQUE B13,1771291824.551161,0x18FF02F7,1,0.00 Nm
ACT_POWER B13,1771291824.551161,0x18FF02F7,1,0.00 kw
ACT_MOTORTEMPERATURE B13,1771291824.551161,0x18FF02F7,1,28.00 °C
DEVICESTATE M13,1771291824.6414008,0x18FF00F7,1,0 state
ERRORLAMP M13,1771291824.6414008,0x18FF00F7,1,0 state
DEVICENUMBER M13,1771291824.6414008,0x18FF00F7,1,14 state
CLAMP15_STATUS M13,1771291824.6414008,0x18FF00F7,1,1 state
PRECHARGED M13,1771291824.6414008,0x18FF00F7,1,1 state
STATUS_ BIT_FLEX_IN_OUT_SIGNAL1 M13,1771291824.6414008,0x18FF00F7,1,3 state
STATUS_ BIT_FLEX_IN_OUT_SIGNAL2 M13,1771291824.6414008,0x18FF00F7,1,3 state
ERROR CODE  M13,1771291824.6414008,0x18FF00F7,1,0 state
ACT_DCBUSVOLTAGE M13,1771291824.6414008,0x18FF00F7,1,1.25 V
ACT_DCBUSPOWER M13,1771291824.6414008,0x18FF00F7,1,0.00 kw
ACT_DEVICETEMPERATURE M13,1771291824.6414008,0x18FF00F7,1,26.00 °C
ACT_INVERTERSTATUS A13,1771291824.646463,0x18FF01F7,1,0 state
ACT_INVERTERREADY A13,1771291824.646463,0x18FF01F7,1,0 state
ACT_ERRORSTATUS A13,1771291824.646463,0x18FF01F7,1,0 state
ACT_SPEED A13,1771291824.646463,0x18FF01F7,1,0.00 rpm
ACT_TORQUE A13,1771291824.646463,0x18FF01F7,1,0.00 Nm
ACT_POWER A13,1771291824.646463,0x18FF01F7,1,0.00 kw
ACT_MOTORTEMPERATURE A13,1771291824.646463,0x18FF01F7,1,27.00 °C
ACT_INVERTERSTATUS B13,1771291824.6513047,0x18FF02F7,1,0 state
ACT_INVERTERREADY B13,1771291824.6513047,0x18FF02F7,1,0 state
ACT_ERRORSTATUS B13,1771291824.6513047,0x18FF02F7,1,0 state
ACT_SPEED B13,1771291824.6513047,0x18FF02F7,1,0.00 rpm
ACT_TORQUE B13,1771291824.6513047,0x18FF02F7,1,0.00 Nm
ACT_POWER B13,1771291824.6513047,0x18FF02F7,1,0.00 kw
ACT_MOTORTEMPERATURE B13,1771291824.6513047,0x18FF02F7,1,28.00 °C
DEVICESTATE M13,1771291824.7415113,0x18FF00F7,1,0 state
ERRORLAMP M13,1771291824.7415113,0x18FF00F7,1,0 state
DEVICENUMBER M13,1771291824.7415113,0x18FF00F7,1,14 state
CLAMP15_STATUS M13,1771291824.7415113,0x18FF00F7,1,1 state
PRECHARGED M13,1771291824.7415113,0x18FF00F7,1,1 state
STATUS_ BIT_FLEX_IN_OUT_SIGNAL1 M13,1771291824.7415113,0x18FF00F7,1,3 state
STATUS_ BIT_FLEX_IN_OUT_SIGNAL2 M13,1771291824.7415113,0x18FF00F7,1,3 state
ERROR CODE  M13,1771291824.7415113,0x18FF00F7,1,0 state
ACT_DCBUSVOLTAGE M13,1771291824.7415113,0x18FF00F7,1,1.25 V
ACT_DCBUSPOWER M13,1771291824.7415113,0x18FF00F7,1,0.00 kw
ACT_DEVICETEMPERATURE M13,1771291824.7415113,0x18FF00F7,1,26.00 °C
ACT_INVERTERSTATUS A13,1771291824.7464852,0x18FF01F7,1,0 state
ACT_INVERTERREADY A13,1771291824.7464852,0x18FF01F7,1,0 state
ACT_ERRORSTATUS A13,1771291824.7464852,0x18FF01F7,1,0 state
ACT_SPEED A13,1771291824.7464852,0x18FF01F7,1,0.00 rpm
ACT_TORQUE A13,1771291824.7464852,0x18FF01F7,1,0.00 Nm
ACT_POWER A13,1771291824.7464852,0x18FF01F7,1,0.00 kw
ACT_MOTORTEMPERATURE A13,1771291824.7464852,0x18FF01F7,1,27.00 °C
ACT_INVERTERSTATUS B13,1771291824.7510028,0x18FF02F7,1,0 state
ACT_INVERTERREADY B13,1771291824.7510028,0x18FF02F7,1,0 state
ACT_ERRORSTATUS B13,1771291824.7510028,0x18FF02F7,1,0 state
ACT_SPEED B13,1771291824.7510028,0x18FF02F7,1,0.00 rpm
ACT_TORQUE B13,1771291824.7510028,0x18FF02F7,1,0.00 Nm
ACT_POWER B13,1771291824.7510028,0x18FF02F7,1,0.00 kw
ACT_MOTORTEMPERATURE B13,1771291824.7510028,0x18FF02F7,1,28.00 °C
DEVICESTATE M13,1771291824.8412445,0x18FF00F7,1,0 state
ERRORLAMP M13,1771291824.8412445,0x18FF00F7,1,0 state
DEVICENUMBER M13,1771291824.8412445,0x18FF00F7,1,14 state
CLAMP15_STATUS M13,1771291824.8412445,0x18FF00F7,1,1 state
PRECHARGED M13,1771291824.8412445,0x18FF00F7,1,1 state
STATUS_ BIT_FLEX_IN_OUT_SIGNAL1 M13,1771291824.8412445,0x18FF00F7,1,3 state
STATUS_ BIT_FLEX_IN_OUT_SIGNAL2 M13,1771291824.8412445,0x18FF00F7,1,3 state
ERROR CODE  M13,1771291824.8412445,0x18FF00F7,1,0 state
ACT_DCBUSVOLTAGE M13,1771291824.8412445,0x18FF00F7,1,1.25 V
ACT_DCBUSPOWER M13,1771291824.8412445,0x18FF00F7,1,0.00 kw
ACT_DEVICETEMPERATURE M13,1771291824.8412445,0x18FF00F7,1,26.00 °C
ACT_INVERTERSTATUS A13,1771291824.8462174,0x18FF01F7,1,0 state
ACT_INVERTERREADY A13,1771291824.8462174,0x18FF01F7,1,0 state
ACT_ERRORSTATUS A13,1771291824.8462174,0x18FF01F7,1,0 state
ACT_SPEED A13,1771291824.8462174,0x18FF01F7,1,0.00 rpm
ACT_TORQUE A13,1771291824.8462174,0x18FF01F7,1,0.00 Nm
ACT_POWER A13,1771291824.8462174,0x18FF01F7,1,0.00 kw
ACT_MOTORTEMPERATURE A13,1771291824.8462174,0x18FF01F7,1,27.00 °C
ACT_INVERTERSTATUS B13,1771291824.8511908,0x18FF02F7,1,0 state
ACT_INVERTERREADY B13,1771291824.8511908,0x18FF02F7,1,0 state
ACT_ERRORSTATUS B13,1771291824.8511908,0x18FF02F7,1,0 state
ACT_SPEED B13,1771291824.8511908,0x18FF02F7,1,0.00 rpm
ACT_TORQUE B13,1771291824.8511908,0x18FF02F7,1,0.00 Nm
ACT_POWER B13,1771291824.8511908,0x18FF02F7,1,0.00 kw
ACT_MOTORTEMPERATURE B13,1771291824.8511908,0x18FF02F7,1,28.00 °C
DEVICESTATE M13,1771291824.9413273,0x18FF00F7,1,0 state
ERRORLAMP M13,1771291824.9413273,0x18FF00F7,1,0 state
DEVICENUMBER M13,1771291824.9413273,0x18FF00F7,1,14 state
CLAMP15_STATUS M13,1771291824.9413273,0x18FF00F7,1,1 state
PRECHARGED M13,1771291824.9413273,0x18FF00F7,1,1 state
STATUS_ BIT_FLEX_IN_OUT_SIGNAL1 M13,1771291824.9413273,0x18FF00F7,1,3 state
STATUS_ BIT_FLEX_IN_OUT_SIGNAL2 M13,1771291824.9413273,0x18FF00F7,1,3 state
ERROR CODE  M13,1771291824.9413273,0x18FF00F7,1,0 state
ACT_DCBUSVOLTAGE M13,1771291824.9413273,0x18FF00F7,1,1.25 V
ACT_DCBUSPOWER M13,1771291824.9413273,0x18FF00F7,1,0.00 kw
ACT_DEVICETEMPERATURE M13,1771291824.9413273,0x18FF00F7,1,26.00 °C
ACT_INVERTERSTATUS A13,1771291824.946604,0x18FF01F7,1,0 state
ACT_INVERTERREADY A13,1771291824.946604,0x18FF01F7,1,0 state
ACT_ERRORSTATUS A13,1771291824.946604,0x18FF01F7,1,0 state
ACT_SPEED A13,1771291824.946604,0x18FF01F7,1,0.00 rpm
ACT_TORQUE A13,1771291824.946604,0x18FF01F7,1,0.00 Nm
ACT_POWER A13,1771291824.946604,0x18FF01F7,1,0.00 kw
ACT_MOTORTEMPERATURE A13,1771291824.946604,0x18FF01F7,1,27.00 °C
ACT_INVERTERSTATUS B13,1771291824.9513052,0x18FF02F7,1,0 state
ACT_INVERTERREADY B13,1771291824.9513052,0x18FF02F7,1,0 state
ACT_ERRORSTATUS B13,1771291824.9513052,0x18FF02F7,1,0 state
ACT_SPEED B13,1771291824.9513052,0x18FF02F7,1,0.00 rpm
ACT_TORQUE B13,1771291824.9513052,0x18FF02F7,1,0.00 Nm
ACT_POWER B13,1771291824.9513052,0x18FF02F7,1,0.00 kw
ACT_MOTORTEMPERATURE B13,1771291824.9513052,0x18FF02F7,1,28.00 °C
DEVICESTATE M13,1771291825.0413315,0x18FF00F7,1,0 state
ERRORLAMP M13,1771291825.0413315,0x18FF00F7,1,0 state
DEVICENUMBER M13,1771291825.0413315,0x18FF00F7,1,14 state
CLAMP15_STATUS M13,1771291825.0413315,0x18FF00F7,1,1 state
PRECHARGED M13,1771291825.0413315,0x18FF00F7,1,1 state
STATUS_ BIT_FLEX_IN_OUT_SIGNAL1 M13,1771291825.0413315,0x18FF00F7,1,3 state
STATUS_ BIT_FLEX_IN_OUT_SIGNAL2 M13,1771291825.0413315,0x18FF00F7,1,3 state
ERROR CODE  M13,1771291825.0413315,0x18FF00F7,1,0 state
ACT_DCBUSVOLTAGE M13,1771291825.0413315,0x18FF00F7,1,1.25 V
ACT_DCBUSPOWER M13,1771291825.0413315,0x18FF00F7,1,0.00 kw
ACT_DEVICETEMPERATURE M13,1771291825.0413315,0x18FF00F7,1,26.00 °C
ACT_INVERTERSTATUS A13,1771291825.046581,0x18FF01F7,1,0 state
ACT_INVERTERREADY A13,1771291825.046581,0x18FF01F7,1,0 state
ACT_ERRORSTATUS A13,1771291825.046581,0x18FF01F7,1,0 state
ACT_SPEED A13,1771291825.046581,0x18FF01F7,1,0.00 rpm
ACT_TORQUE A13,1771291825.046581,0x18FF01F7,1,0.00 Nm
ACT_POWER A13,1771291825.046581,0x18FF01F7,1,0.00 kw
ACT_MOTORTEMPERATURE A13,1771291825.046581,0x18FF01F7,1,27.00 °C
ACT_INVERTERSTATUS B13,1771291825.0514054,0x18FF02F7,1,0 state
ACT_INVERTERREADY B13,1771291825.0514054,0x18FF02F7,1,0 state
ACT_ERRORSTATUS B13,1771291825.0514054,0x18FF02F7,1,0 state
ACT_SPEED B13,1771291825.0514054,0x18FF02F7,1,0.00 rpm
ACT_TORQUE B13,1771291825.0514054,0x18FF02F7,1,0.00 Nm
ACT_POWER B13,1771291825.0514054,0x18FF02F7,1,0.00 kw
ACT_MOTORTEMPERATURE B13,1771291825.0514054,0x18FF02F7,1,28.00 °C
DEVICESTATE M13,1771291825.1414347,0x18FF00F7,1,0 state
ERRORLAMP M13,1771291825.1414347,0x18FF00F7,1,0 state
DEVICENUMBER M13,1771291825.1414347,0x18FF00F7,1,14 state
CLAMP15_STATUS M13,1771291825.1414347,0x18FF00F7,1,1 state
PRECHARGED M13,1771291825.1414347,0x18FF00F7,1,1 state
STATUS_ BIT_FLEX_IN_OUT_SIGNAL1 M13,1771291825.1414347,0x18FF00F7,1,3 state
STATUS_ BIT_FLEX_IN_OUT_SIGNAL2 M13,1771291825.1414347,0x18FF00F7,1,3 state
ERROR CODE  M13,1771291825.1414347,0x18FF00F7,1,0 state
ACT_DCBUSVOLTAGE M13,1771291825.1414347,0x18FF00F7,1,1.25 V
ACT_DCBUSPOWER M13,1771291825.1414347,0x18FF00F7,1,0.00 kw
ACT_DEVICETEMPERATURE M13,1771291825.1414347,0x18FF00F7,1,26.00 °C
ACT_INVERTERSTATUS A13,1771291825.1465492,0x18FF01F7,1,0 state
ACT_INVERTERREADY A13,1771291825.1465492,0x18FF01F7,1,0 state
ACT_ERRORSTATUS A13,1771291825.1465492,0x18FF01F7,1,0 state
ACT_SPEED A13,1771291825.1465492,0x18FF01F7,1,0.00 rpm
ACT_TORQUE A13,1771291825.1465492,0x18FF01F7,1,0.00 Nm
ACT_POWER A13,1771291825.1465492,0x18FF01F7,1,0.00 kw
ACT_MOTORTEMPERATURE A13,1771291825.1465492,0x18FF01F7,1,27.00 °C
ACT_INVERTERSTATUS B13,1771291825.1511743,0x18FF02F7,1,0 state
ACT_INVERTERREADY B13,1771291825.1511743,0x18FF02F7,1,0 state
ACT_ERRORSTATUS B13,1771291825.1511743,0x18FF02F7,1,0 state
ACT_SPEED B13,1771291825.1511743,0x18FF02F7,1,0.00 rpm
ACT_TORQUE B13,1771291825.1511743,0x18FF02F7,1,0.00 Nm
ACT_POWER B13,1771291825.1511743,0x18FF02F7,1,0.00 kw
ACT_MOTORTEMPERATURE B13,1771291825.1511743,0x18FF02F7,1,28.00 °C
DEVICESTATE M13,1771291825.2415512,0x18FF00F7,1,0 state
ERRORLAMP M13,1771291825.2415512,0x18FF00F7,1,0 state
DEVICENUMBER M13,1771291825.2415512,0x18FF00F7,1,14 state
CLAMP15_STATUS M13,1771291825.2415512,0x18FF00F7,1,1 state
PRECHARGED M13,1771291825.2415512,0x18FF00F7,1,1 state
STATUS_ BIT_FLEX_IN_OUT_SIGNAL1 M13,1771291825.2415512,0x18FF00F7,1,3 state
STATUS_ BIT_FLEX_IN_OUT_SIGNAL2 M13,1771291825.2415512,0x18FF00F7,1,3 state
ERROR CODE  M13,1771291825.2415512,0x18FF00F7,1,0 state
ACT_DCBUSVOLTAGE M13,1771291825.2415512,0x18FF00F7,1,1.25 V
ACT_DCBUSPOWER M13,1771291825.2415512,0x18FF00F7,1,0.00 kw
ACT_DEVICETEMPERATURE M13,1771291825.2415512,0x18FF00F7,1,26.00 °C
ACT_INVERTERSTATUS A13,1771291825.2461455,0x18FF01F7,1,0 state
ACT_INVERTERREADY A13,1771291825.2461455,0x18FF01F7,1,0 state
ACT_ERRORSTATUS A13,1771291825.2461455,0x18FF01F7,1,0 state
ACT_SPEED A13,1771291825.2461455,0x18FF01F7,1,0.00 rpm
ACT_TORQUE A13,1771291825.2461455,0x18FF01F7,1,0.00 Nm
ACT_POWER A13,1771291825.2461455,0x18FF01F7,1,0.00 kw
ACT_MOTORTEMPERATURE A13,1771291825.2461455,0x18FF01F7,1,27.00 °C
ACT_INVERTERSTATUS B13,1771291825.251136,0x18FF02F7,1,0 state
ACT_INVERTERREADY B13,1771291825.251136,0x18FF02F7,1,0 state
ACT_ERRORSTATUS B13,1771291825.251136,0x18FF02F7,1,0 state
ACT_SPEED B13,1771291825.251136,0x18FF02F7,1,0.00 rpm
ACT_TORQUE B13,1771291825.251136,0x18FF02F7,1,0.00 Nm
ACT_POWER B13,1771291825.251136,0x18FF02F7,1,0.00 kw
ACT_MOTORTEMPERATURE B13,1771291825.251136,0x18FF02F7,1,28.00 °C
DEVICESTATE M13,1771291825.341456,0x18FF00F7,1,0 state
ERRORLAMP M13,1771291825.341456,0x18FF00F7,1,0 state
DEVICENUMBER M13,1771291825.341456,0x18FF00F7,1,14 state
CLAMP15_STATUS M13,1771291825.341456,0x18FF00F7,1,1 state
PRECHARGED M13,1771291825.341456,0x18FF00F7,1,1 state
STATUS_ BIT_FLEX_IN_OUT_SIGNAL1 M13,1771291825.341456,0x18FF00F7,1,3 state
STATUS_ BIT_FLEX_IN_OUT_SIGNAL2 M13,1771291825.341456,0x18FF00F7,1,3 state
ERROR CODE  M13,1771291825.341456,0x18FF00F7,1,0 state
ACT_DCBUSVOLTAGE M13,1771291825.341456,0x18FF00F7,1,1.25 V
ACT_DCBUSPOWER M13,1771291825.341456,0x18FF00F7,1,0.00 kw
ACT_DEVICETEMPERATURE M13,1771291825.341456,0x18FF00F7,1,26.00 °C
ACT_INVERTERSTATUS A13,1771291825.346548,0x18FF01F7,1,0 state
ACT_INVERTERREADY A13,1771291825.346548,0x18FF01F7,1,0 state
ACT_ERRORSTATUS A13,1771291825.346548,0x18FF01F7,1,0 state
ACT_SPEED A13,1771291825.346548,0x18FF01F7,1,0.00 rpm
ACT_TORQUE A13,1771291825.346548,0x18FF01F7,1,0.00 Nm
ACT_POWER A13,1771291825.346548,0x18FF01F7,1,0.00 kw
ACT_MOTORTEMPERATURE A13,1771291825.346548,0x18FF01F7,1,26.00 °C
ACT_INVERTERSTATUS B13,1771291825.3514419,0x18FF02F7,1,0 state
ACT_INVERTERREADY B13,1771291825.3514419,0x18FF02F7,1,0 state
ACT_ERRORSTATUS B13,1771291825.3514419,0x18FF02F7,1,0 state
ACT_SPEED B13,1771291825.3514419,0x18FF02F7,1,0.00 rpm
ACT_TORQUE B13,1771291825.3514419,0x18FF02F7,1,0.00 Nm
ACT_POWER B13,1771291825.3514419,0x18FF02F7,1,0.00 kw
ACT_MOTORTEMPERATURE B13,1771291825.3514419,0x18FF02F7,1,28.00 °C
DEVICESTATE M13,1771291825.4415438,0x18FF00F7,1,0 state
ERRORLAMP M13,1771291825.4415438,0x18FF00F7,1,0 state
DEVICENUMBER M13,1771291825.4415438,0x18FF00F7,1,14 state
CLAMP15_STATUS M13,1771291825.4415438,0x18FF00F7,1,1 state
PRECHARGED M13,1771291825.4415438,0x18FF00F7,1,1 state
STATUS_ BIT_FLEX_IN_OUT_SIGNAL1 M13,1771291825.4415438,0x18FF00F7,1,3 state
STATUS_ BIT_FLEX_IN_OUT_SIGNAL2 M13,1771291825.4415438,0x18FF00F7,1,3 state
ERROR CODE  M13,1771291825.4415438,0x18FF00F7,1,0 state
ACT_DCBUSVOLTAGE M13,1771291825.4415438,0x18FF00F7,1,1.25 V
ACT_DCBUSPOWER M13,1771291825.4415438,0x18FF00F7,1,0.00 kw
ACT_DEVICETEMPERATURE M13,1771291825.4415438,0x18FF00F7,1,26.00 °C
ACT_INVERTERSTATUS A13,1771291825.446527,0x18FF01F7,1,0 state
ACT_INVERTERREADY A13,1771291825.446527,0x18FF01F7,1,0 state
ACT_ERRORSTATUS A13,1771291825.446527,0x18FF01F7,1,0 state
ACT_SPEED A13,1771291825.446527,0x18FF01F7,1,0.00 rpm
ACT_TORQUE A13,1771291825.446527,0x18FF01F7,1,0.00 Nm
ACT_POWER A13,1771291825.446527,0x18FF01F7,1,0.00 kw
ACT_MOTORTEMPERATURE A13,1771291825.446527,0x18FF01F7,1,27.00 °C
ACT_INVERTERSTATUS B13,1771291825.4511964,0x18FF02F7,1,0 state
ACT_INVERTERREADY B13,1771291825.4511964,0x18FF02F7,1,0 state
ACT_ERRORSTATUS B13,1771291825.4511964,0x18FF02F7,1,0 state
ACT_SPEED B13,1771291825.4511964,0x18FF02F7,1,0.00 rpm
ACT_TORQUE B13,1771291825.4511964,0x18FF02F7,1,0.00 Nm
ACT_POWER B13,1771291825.4511964,0x18FF02F7,1,0.00 kw
ACT_MOTORTEMPERATURE B13,1771291825.4511964,0x18FF02F7,1,28.00 °C
DEVICESTATE M13,1771291825.54135,0x18FF00F7,1,0 state
ERRORLAMP M13,1771291825.54135,0x18FF00F7,1,0 state
DEVICENUMBER M13,1771291825.54135,0x18FF00F7,1,14 state
CLAMP15_STATUS M13,1771291825.54135,0x18FF00F7,1,1 state
PRECHARGED M13,1771291825.54135,0x18FF00F7,1,1 state
STATUS_ BIT_FLEX_IN_OUT_SIGNAL1 M13,1771291825.54135,0x18FF00F7,1,3 state
STATUS_ BIT_FLEX_IN_OUT_SIGNAL2 M13,1771291825.54135,0x18FF00F7,1,3 state
ERROR CODE  M13,1771291825.54135,0x18FF00F7,1,0 state
ACT_DCBUSVOLTAGE M13,1771291825.54135,0x18FF00F7,1,1.25 V
ACT_DCBUSPOWER M13,1771291825.54135,0x18FF00F7,1,0.00 kw
ACT_DEVICETEMPERATURE M13,1771291825.54135,0x18FF00F7,1,26.00 °C
ACT_INVERTERSTATUS A13,1771291825.5464683,0x18FF01F7,1,0 state
ACT_INVERTERREADY A13,1771291825.5464683,0x18FF01F7,1,0 state
ACT_ERRORSTATUS A13,1771291825.5464683,0x18FF01F7,1,0 state
ACT_SPEED A13,1771291825.5464683,0x18FF01F7,1,0.00 rpm
ACT_TORQUE A13,1771291825.5464683,0x18FF01F7,1,0.00 Nm
ACT_POWER A13,1771291825.5464683,0x18FF01F7,1,0.00 kw
ACT_MOTORTEMPERATURE A13,1771291825.5464683,0x18FF01F7,1,27.00 °C
ACT_INVERTERSTATUS B13,1771291825.5512502,0x18FF02F7,1,0 state
ACT_INVERTERREADY B13,1771291825.5512502,0x18FF02F7,1,0 state
ACT_ERRORSTATUS B13,1771291825.5512502,0x18FF02F7,1,0 state
ACT_SPEED B13,1771291825.5512502,0x18FF02F7,1,0.00 rpm
ACT_TORQUE B13,1771291825.5512502,0x18FF02F7,1,0.00 Nm
ACT_POWER B13,1771291825.5512502,0x18FF02F7,1,0.00 kw
ACT_MOTORTEMPERATURE B13,1771291825.5512502,0x18FF02F7,1,28.00 °C
DEVICESTATE M13,1771291825.6416829,0x18FF00F7,1,0 state
ERRORLAMP M13,1771291825.6416829,0x18FF00F7,1,0 state
DEVICENUMBER M13,1771291825.6416829,0x18FF00F7,1,14 state
CLAMP15_STATUS M13,1771291825.6416829,0x18FF00F7,1,1 state
PRECHARGED M13,1771291825.6416829,0x18FF00F7,1,1 state
STATUS_ BIT_FLEX_IN_OUT_SIGNAL1 M13,1771291825.6416829,0x18FF00F7,1,3 state
STATUS_ BIT_FLEX_IN_OUT_SIGNAL2 M13,1771291825.6416829,0x18FF00F7,1,3 state
ERROR CODE  M13,1771291825.6416829,0x18FF00F7,1,0 state
ACT_DCBUSVOLTAGE M13,1771291825.6416829,0x18FF00F7,1,1.25 V
ACT_DCBUSPOWER M13,1771291825.6416829,0x18FF00F7,1,0.00 kw
ACT_DEVICETEMPERATURE M13,1771291825.6416829,0x18FF00F7,1,26.00 °C
ACT_INVERTERSTATUS A13,1771291825.646102,0x18FF01F7,1,0 state
ACT_INVERTERREADY A13,1771291825.646102,0x18FF01F7,1,0 state
ACT_ERRORSTATUS A13,1771291825.646102,0x18FF01F7,1,0 state
ACT_SPEED A13,1771291825.646102,0x18FF01F7,1,0.00 rpm
ACT_TORQUE A13,1771291825.646102,0x18FF01F7,1,0.00 Nm
ACT_POWER A13,1771291825.646102,0x18FF01F7,1,0.00 kw
ACT_MOTORTEMPERATURE A13,1771291825.646102,0x18FF01F7,1,27.00 °C
ACT_INVERTERSTATUS B13,1771291825.6511786,0x18FF02F7,1,0 state
ACT_INVERTERREADY B13,1771291825.6511786,0x18FF02F7,1,0 state
ACT_ERRORSTATUS B13,1771291825.6511786,0x18FF02F7,1,0 state
ACT_SPEED B13,1771291825.6511786,0x18FF02F7,1,0.00 rpm
ACT_TORQUE B13,1771291825.6511786,0x18FF02F7,1,0.00 Nm
ACT_POWER B13,1771291825.6511786,0x18FF02F7,1,0.00 kw
ACT_MOTORTEMPERATURE B13,1771291825.6511786,0x18FF02F7,1,28.00 °C
DEVICESTATE M13,1771291825.741225,0x18FF00F7,1,0 state
ERRORLAMP M13,1771291825.741225,0x18FF00F7,1,0 state
DEVICENUMBER M13,1771291825.741225,0x18FF00F7,1,14 state
CLAMP15_STATUS M13,1771291825.741225,0x18FF00F7,1,1 state
PRECHARGED M13,1771291825.741225,0x18FF00F7,1,1 state
STATUS_ BIT_FLEX_IN_OUT_SIGNAL1 M13,1771291825.741225,0x18FF00F7,1,3 state
STATUS_ BIT_FLEX_IN_OUT_SIGNAL2 M13,1771291825.741225,0x18FF00F7,1,3 state
ERROR CODE  M13,1771291825.741225,0x18FF00F7,1,0 state
ACT_DCBUSVOLTAGE M13,1771291825.741225,0x18FF00F7,1,1.25 V
ACT_DCBUSPOWER M13,1771291825.741225,0x18FF00F7,1,0.00 kw
ACT_DEVICETEMPERATURE M13,1771291825.741225,0x18FF00F7,1,27.00 °C
ACT_INVERTERSTATUS A13,1771291825.7462964,0x18FF01F7,1,0 state
ACT_INVERTERREADY A13,1771291825.7462964,0x18FF01F7,1,0 state
ACT_ERRORSTATUS A13,1771291825.7462964,0x18FF01F7,1,0 state
ACT_SPEED A13,1771291825.7462964,0x18FF01F7,1,0.00 rpm
ACT_TORQUE A13,1771291825.7462964,0x18FF01F7,1,0.00 Nm
ACT_POWER A13,1771291825.7462964,0x18FF01F7,1,0.00 kw
ACT_MOTORTEMPERATURE A13,1771291825.7462964,0x18FF01F7,1,27.00 °C
ACT_INVERTERSTATUS B13,1771291825.7513487,0x18FF02F7,1,0 state
ACT_INVERTERREADY B13,1771291825.7513487,0x18FF02F7,1,0 state
ACT_ERRORSTATUS B13,1771291825.7513487,0x18FF02F7,1,0 state
ACT_SPEED B13,1771291825.7513487,0x18FF02F7,1,0.00 rpm
ACT_TORQUE B13,1771291825.7513487,0x18FF02F7,1,0.00 Nm
ACT_POWER B13,1771291825.7513487,0x18FF02F7,1,0.00 kw
ACT_MOTORTEMPERATURE B13,1771291825.7513487,0x18FF02F7,1,28.00 °C
DEVICESTATE M13,1771291825.8415306,0x18FF00F7,1,0 state
ERRORLAMP M13,1771291825.8415306,0x18FF00F7,1,0 state
DEVICENUMBER M13,1771291825.8415306,0x18FF00F7,1,14 state
CLAMP15_STATUS M13,1771291825.8415306,0x18FF00F7,1,1 state
PRECHARGED M13,1771291825.8415306,0x18FF00F7,1,1 state
STATUS_ BIT_FLEX_IN_OUT_SIGNAL1 M13,1771291825.8415306,0x18FF00F7,1,3 state
STATUS_ BIT_FLEX_IN_OUT_SIGNAL2 M13,1771291825.8415306,0x18FF00F7,1,3 state
ERROR CODE  M13,1771291825.8415306,0x18FF00F7,1,0 state
ACT_DCBUSVOLTAGE M13,1771291825.8415306,0x18FF00F7,1,1.25 V
ACT_DCBUSPOWER M13,1771291825.8415306,0x18FF00F7,1,0.00 kw
ACT_DEVICETEMPERATURE M13,1771291825.8415306,0x18FF00F7,1,27.00 °C
ACT_INVERTERSTATUS A13,1771291825.8460727,0x18FF01F7,1,0 state
ACT_INVERTERREADY A13,1771291825.8460727,0x18FF01F7,1,0 state
ACT_ERRORSTATUS A13,1771291825.8460727,0x18FF01F7,1,0 state
ACT_SPEED A13,1771291825.8460727,0x18FF01F7,1,0.00 rpm
ACT_TORQUE A13,1771291825.8460727,0x18FF01F7,1,0.00 Nm
ACT_POWER A13,1771291825.8460727,0x18FF01F7,1,0.00 kw
ACT_MOTORTEMPERATURE A13,1771291825.8460727,0x18FF01F7,1,27.00 °C
ACT_INVERTERSTATUS B13,1771291825.8511472,0x18FF02F7,1,0 state
ACT_INVERTERREADY B13,1771291825.8511472,0x18FF02F7,1,0 state
ACT_ERRORSTATUS B13,1771291825.8511472,0x18FF02F7,1,0 state
ACT_SPEED B13,1771291825.8511472,0x18FF02F7,1,0.00 rpm
ACT_TORQUE B13,1771291825.8511472,0x18FF02F7,1,0.00 Nm
ACT_POWER B13,1771291825.8511472,0x18FF02F7,1,0.00 kw
ACT_MOTORTEMPERATURE B13,1771291825.8511472,0x18FF02F7,1,28.00 °C
DEVICESTATE M13,1771291825.9415193,0x18FF00F7,1,0 state
ERRORLAMP M13,1771291825.9415193,0x18FF00F7,1,0 state
DEVICENUMBER M13,1771291825.9415193,0x18FF00F7,1,14 state
CLAMP15_STATUS M13,1771291825.9415193,0x18FF00F7,1,1 state
PRECHARGED M13,1771291825.9415193,0x18FF00F7,1,1 state
STATUS_ BIT_FLEX_IN_OUT_SIGNAL1 M13,1771291825.9415193,0x18FF00F7,1,3 state
STATUS_ BIT_FLEX_IN_OUT_SIGNAL2 M13,1771291825.9415193,0x18FF00F7,1,3 state
ERROR CODE  M13,1771291825.9415193,0x18FF00F7,1,0 state
ACT_DCBUSVOLTAGE M13,1771291825.9415193,0x18FF00F7,1,1.25 V
ACT_DCBUSPOWER M13,1771291825.9415193,0x18FF00F7,1,0.00 kw
ACT_DEVICETEMPERATURE M13,1771291825.9415193,0x18FF00F7,1,27.00 °C
ACT_INVERTERSTATUS A13,1771291825.9461036,0x18FF01F7,1,0 state
ACT_INVERTERREADY A13,1771291825.9461036,0x18FF01F7,1,0 state
ACT_ERRORSTATUS A13,1771291825.9461036,0x18FF01F7,1,0 state
ACT_SPEED A13,1771291825.9461036,0x18FF01F7,1,0.00 rpm
ACT_TORQUE A13,1771291825.9461036,0x18FF01F7,1,0.00 Nm
ACT_POWER A13,1771291825.9461036,0x18FF01F7,1,0.00 kw
ACT_MOTORTEMPERATURE A13,1771291825.9461036,0x18FF01F7,1,27.00 °C
ACT_INVERTERSTATUS B13,1771291825.9510312,0x18FF02F7,1,0 state
ACT_INVERTERREADY B13,1771291825.9510312,0x18FF02F7,1,0 state
ACT_ERRORSTATUS B13,1771291825.9510312,0x18FF02F7,1,0 state
ACT_SPEED B13,1771291825.9510312,0x18FF02F7,1,0.00 rpm
ACT_TORQUE B13,1771291825.9510312,0x18FF02F7,1,0.00 Nm
ACT_POWER B13,1771291825.9510312,0x18FF02F7,1,0.00 kw
ACT_MOTORTEMPERATURE B13,1771291825.9510312,0x18FF02F7,1,28.00 °C
DEVICESTATE M13,1771291826.0412488,0x18FF00F7,1,0 state
ERRORLAMP M13,1771291826.0412488,0x18FF00F7,1,0 state
DEVICENUMBER M13,1771291826.0412488,0x18FF00F7,1,14 state
CLAMP15_STATUS M13,1771291826.0412488,0x18FF00F7,1,1 state
PRECHARGED M13,1771291826.0412488,0x18FF00F7,1,1 state
STATUS_ BIT_FLEX_IN_OUT_SIGNAL1 M13,1771291826.0412488,0x18FF00F7,1,3 state
STATUS_ BIT_FLEX_IN_OUT_SIGNAL2 M13,1771291826.0412488,0x18FF00F7,1,3 state
ERROR CODE  M13,1771291826.0412488,0x18FF00F7,1,0 state
ACT_DCBUSVOLTAGE M13,1771291826.0412488,0x18FF00F7,1,1.25 V
ACT_DCBUSPOWER M13,1771291826.0412488,0x18FF00F7,1,0.00 kw
ACT_DEVICETEMPERATURE M13,1771291826.0412488,0x18FF00F7,1,27.00 °C
ACT_INVERTERSTATUS A13,1771291826.0465248,0x18FF01F7,1,0 state
ACT_INVERTERREADY A13,1771291826.0465248,0x18FF01F7,1,0 state
ACT_ERRORSTATUS A13,1771291826.0465248,0x18FF01F7,1,0 state
ACT_SPEED A13,1771291826.0465248,0x18FF01F7,1,0.00 rpm
ACT_TORQUE A13,1771291826.0465248,0x18FF01F7,1,0.00 Nm
ACT_POWER A13,1771291826.0465248,0x18FF01F7,1,0.00 kw
ACT_MOTORTEMPERATURE A13,1771291826.0465248,0x18FF01F7,1,27.00 °C
ACT_INVERTERSTATUS B13,1771291826.0512257,0x18FF02F7,1,0 state
ACT_INVERTERREADY B13,1771291826.0512257,0x18FF02F7,1,0 state
ACT_ERRORSTATUS B13,1771291826.0512257,0x18FF02F7,1,0 state
ACT_SPEED B13,1771291826.0512257,0x18FF02F7,1,0.00 rpm
ACT_TORQUE B13,1771291826.0512257,0x18FF02F7,1,0.00 Nm
ACT_POWER B13,1771291826.0512257,0x18FF02F7,1,0.00 kw
ACT_MOTORTEMPERATURE B13,1771291826.0512257,0x18FF02F7,1,28.00 °C
DEVICESTATE M13,1771291826.1411302,0x18FF00F7,1,0 state
ERRORLAMP M13,1771291826.1411302,0x18FF00F7,1,0 state
DEVICENUMBER M13,1771291826.1411302,0x18FF00F7,1,14 state
CLAMP15_STATUS M13,1771291826.1411302,0x18FF00F7,1,1 state
PRECHARGED M13,1771291826.1411302,0x18FF00F7,1,1 state
STATUS_ BIT_FLEX_IN_OUT_SIGNAL1 M13,1771291826.1411302,0x18FF00F7,1,3 state
STATUS_ BIT_FLEX_IN_OUT_SIGNAL2 M13,1771291826.1411302,0x18FF00F7,1,3 state
ERROR CODE  M13,1771291826.1411302,0x18FF00F7,1,0 state
ACT_DCBUSVOLTAGE M13,1771291826.1411302,0x18FF00F7,1,1.25 V
ACT_DCBUSPOWER M13,1771291826.1411302,0x18FF00F7,1,0.00 kw
ACT_DEVICETEMPERATURE M13,1771291826.1411302,0x18FF00F7,1,27.00 °C
ACT_INVERTERSTATUS A13,1771291826.146263,0x18FF01F7,1,0 state
ACT_INVERTERREADY A13,1771291826.146263,0x18FF01F7,1,0 state
ACT_ERRORSTATUS A13,1771291826.146263,0x18FF01F7,1,0 state
ACT_SPEED A13,1771291826.146263,0x18FF01F7,1,0.00 rpm
ACT_TORQUE A13,1771291826.146263,0x18FF01F7,1,0.00 Nm
ACT_POWER A13,1771291826.146263,0x18FF01F7,1,0.00 kw
ACT_MOTORTEMPERATURE A13,1771291826.146263,0x18FF01F7,1,27.00 °C
ACT_INVERTERSTATUS B13,1771291826.1513696,0x18FF02F7,1,0 state
ACT_INVERTERREADY B13,1771291826.1513696,0x18FF02F7,1,0 state
ACT_ERRORSTATUS B13,1771291826.1513696,0x18FF02F7,1,0 state
ACT_SPEED B13,1771291826.1513696,0x18FF02F7,1,0.00 rpm
ACT_TORQUE B13,1771291826.1513696,0x18FF02F7,1,0.00 Nm
ACT_POWER B13,1771291826.1513696,0x18FF02F7,1,0.00 kw
ACT_MOTORTEMPERATURE B13,1771291826.1513696,0x18FF02F7,1,28.00 °C
DEVICESTATE M13,1771291826.241277,0x18FF00F7,1,0 state
ERRORLAMP M13,1771291826.241277,0x18FF00F7,1,0 state
DEVICENUMBER M13,1771291826.241277,0x18FF00F7,1,14 state
CLAMP15_STATUS M13,1771291826.241277,0x18FF00F7,1,1 state
PRECHARGED M13,1771291826.241277,0x18FF00F7,1,1 state
STATUS_ BIT_FLEX_IN_OUT_SIGNAL1 M13,1771291826.241277,0x18FF00F7,1,3 state
STATUS_ BIT_FLEX_IN_OUT_SIGNAL2 M13,1771291826.241277,0x18FF00F7,1,3 state
ERROR CODE  M13,1771291826.241277,0x18FF00F7,1,0 state
ACT_DCBUSVOLTAGE M13,1771291826.241277,0x18FF00F7,1,1.25 V
ACT_DCBUSPOWER M13,1771291826.241277,0x18FF00F7,1,0.00 kw
ACT_DEVICETEMPERATURE M13,1771291826.241277,0x18FF00F7,1,27.00 °C
ACT_INVERTERSTATUS A13,1771291826.246315,0x18FF01F7,1,0 state
ACT_INVERTERREADY A13,1771291826.246315,0x18FF01F7,1,0 state
ACT_ERRORSTATUS A13,1771291826.246315,0x18FF01F7,1,0 state
ACT_SPEED A13,1771291826.246315,0x18FF01F7,1,0.00 rpm
ACT_TORQUE A13,1771291826.246315,0x18FF01F7,1,0.00 Nm
ACT_POWER A13,1771291826.246315,0x18FF01F7,1,0.00 kw
ACT_MOTORTEMPERATURE A13,1771291826.246315,0x18FF01F7,1,27.00 °C
ACT_INVERTERSTATUS B13,1771291826.2511797,0x18FF02F7,1,0 state
ACT_INVERTERREADY B13,1771291826.2511797,0x18FF02F7,1,0 state
ACT_ERRORSTATUS B13,1771291826.2511797,0x18FF02F7,1,0 state
ACT_SPEED B13,1771291826.2511797,0x18FF02F7,1,0.00 rpm
ACT_TORQUE B13,1771291826.2511797,0x18FF02F7,1,0.00 Nm
ACT_POWER B13,1771291826.2511797,0x18FF02F7,1,0.00 kw
ACT_MOTORTEMPERATURE B13,1771291826.2511797,0x18FF02F7,1,28.00 °C
DEVICESTATE M13,1771291826.3414834,0x18FF00F7,1,0 state
ERRORLAMP M13,1771291826.3414834,0x18FF00F7,1,0 state
DEVICENUMBER M13,1771291826.3414834,0x18FF00F7,1,14 state
CLAMP15_STATUS M13,1771291826.3414834,0x18FF00F7,1,1 state
PRECHARGED M13,1771291826.3414834,0x18FF00F7,1,1 state
STATUS_ BIT_FLEX_IN_OUT_SIGNAL1 M13,1771291826.3414834,0x18FF00F7,1,3 state
STATUS_ BIT_FLEX_IN_OUT_SIGNAL2 M13,1771291826.3414834,0x18FF00F7,1,3 state
ERROR CODE  M13,1771291826.3414834,0x18FF00F7,1,0 state
ACT_DCBUSVOLTAGE M13,1771291826.3414834,0x18FF00F7,1,1.25 V
ACT_DCBUSPOWER M13,1771291826.3414834,0x18FF00F7,1,0.00 kw
ACT_DEVICETEMPERATURE M13,1771291826.3414834,0x18FF00F7,1,27.00 °C
ACT_INVERTERSTATUS A13,1771291826.3465276,0x18FF01F7,1,0 state
ACT_INVERTERREADY A13,1771291826.3465276,0x18FF01F7,1,0 state
ACT_ERRORSTATUS A13,1771291826.3465276,0x18FF01F7,1,0 state
ACT_SPEED A13,1771291826.3465276,0x18FF01F7,1,0.00 rpm
ACT_TORQUE A13,1771291826.3465276,0x18FF01F7,1,0.00 Nm
ACT_POWER A13,1771291826.3465276,0x18FF01F7,1,0.00 kw
ACT_MOTORTEMPERATURE A13,1771291826.3465276,0x18FF01F7,1,27.00 °C
ACT_INVERTERSTATUS B13,1771291826.3514476,0x18FF02F7,1,0 state
ACT_INVERTERREADY B13,1771291826.3514476,0x18FF02F7,1,0 state
ACT_ERRORSTATUS B13,1771291826.3514476,0x18FF02F7,1,0 state
ACT_SPEED B13,1771291826.3514476,0x18FF02F7,1,0.00 rpm
ACT_TORQUE B13,1771291826.3514476,0x18FF02F7,1,0.00 Nm
ACT_POWER B13,1771291826.3514476,0x18FF02F7,1,0.00 kw
ACT_MOTORTEMPERATURE B13,1771291826.3514476,0x18FF02F7,1,28.00 °C
DEVICESTATE M13,1771291826.44143,0x18FF00F7,1,0 state
ERRORLAMP M13,1771291826.44143,0x18FF00F7,1,0 state
DEVICENUMBER M13,1771291826.44143,0x18FF00F7,1,14 state
CLAMP15_STATUS M13,1771291826.44143,0x18FF00F7,1,1 state
PRECHARGED M13,1771291826.44143,0x18FF00F7,1,1 state
STATUS_ BIT_FLEX_IN_OUT_SIGNAL1 M13,1771291826.44143,0x18FF00F7,1,3 state
STATUS_ BIT_FLEX_IN_OUT_SIGNAL2 M13,1771291826.44143,0x18FF00F7,1,3 state
ERROR CODE  M13,1771291826.44143,0x18FF00F7,1,0 state
ACT_DCBUSVOLTAGE M13,1771291826.44143,0x18FF00F7,1,1.25 V
ACT_DCBUSPOWER M13,1771291826.44143,0x18FF00F7,1,0.00 kw
ACT_DEVICETEMPERATURE M13,1771291826.44143,0x18FF00F7,1,27.00 °C
ACT_INVERTERSTATUS A13,1771291826.4462612,0x18FF01F7,1,0 state
ACT_INVERTERREADY A13,1771291826.4462612,0x18FF01F7,1,0 state
ACT_ERRORSTATUS A13,1771291826.4462612,0x18FF01F7,1,0 state
ACT_SPEED A13,1771291826.4462612,0x18FF01F7,1,0.00 rpm
ACT_TORQUE A13,1771291826.4462612,0x18FF01F7,1,0.00 Nm
ACT_POWER A13,1771291826.4462612,0x18FF01F7,1,0.00 kw
ACT_MOTORTEMPERATURE A13,1771291826.4462612,0x18FF01F7,1,27.00 °C
ACT_INVERTERSTATUS B13,1771291826.4514003,0x18FF02F7,1,0 state
ACT_INVERTERREADY B13,1771291826.4514003,0x18FF02F7,1,0 state
ACT_ERRORSTATUS B13,1771291826.4514003,0x18FF02F7,1,0 state
ACT_SPEED B13,1771291826.4514003,0x18FF02F7,1,0.00 rpm
ACT_TORQUE B13,1771291826.4514003,0x18FF02F7,1,0.00 Nm
ACT_POWER B13,1771291826.4514003,0x18FF02F7,1,0.00 kw
ACT_MOTORTEMPERATURE B13,1771291826.4514003,0x18FF02F7,1,28.00 °C
DEVICESTATE M13,1771291826.5415084,0x18FF00F7,1,0 state
ERRORLAMP M13,1771291826.5415084,0x18FF00F7,1,0 state
DEVICENUMBER M13,1771291826.5415084,0x18FF00F7,1,14 state
CLAMP15_STATUS M13,1771291826.5415084,0x18FF00F7,1,1 state
PRECHARGED M13,1771291826.5415084,0x18FF00F7,1,1 state
STATUS_ BIT_FLEX_IN_OUT_SIGNAL1 M13,1771291826.5415084,0x18FF00F7,1,3 state
STATUS_ BIT_FLEX_IN_OUT_SIGNAL2 M13,1771291826.5415084,0x18FF00F7,1,3 state
ERROR CODE  M13,1771291826.5415084,0x18FF00F7,1,0 state
ACT_DCBUSVOLTAGE M13,1771291826.5415084,0x18FF00F7,1,1.25 V
ACT_DCBUSPOWER M13,1771291826.5415084,0x18FF00F7,1,0.00 kw
ACT_DEVICETEMPERATURE M13,1771291826.5415084,0x18FF00F7,1,27.00 °C
ACT_INVERTERSTATUS A13,1771291826.5464983,0x18FF01F7,1,0 state
ACT_INVERTERREADY A13,1771291826.5464983,0x18FF01F7,1,0 state
ACT_ERRORSTATUS A13,1771291826.5464983,0x18FF01F7,1,0 state
ACT_SPEED A13,1771291826.5464983,0x18FF01F7,1,0.00 rpm
ACT_TORQUE A13,1771291826.5464983,0x18FF01F7,1,0.00 Nm
ACT_POWER A13,1771291826.5464983,0x18FF01F7,1,0.00 kw
ACT_MOTORTEMPERATURE A13,1771291826.5464983,0x18FF01F7,1,27.00 °C
ACT_INVERTERSTATUS B13,1771291826.5511365,0x18FF02F7,1,0 state
ACT_INVERTERREADY B13,1771291826.5511365,0x18FF02F7,1,0 state
ACT_ERRORSTATUS B13,1771291826.5511365,0x18FF02F7,1,0 state
ACT_SPEED B13,1771291826.5511365,0x18FF02F7,1,0.00 rpm
ACT_TORQUE B13,1771291826.5511365,0x18FF02F7,1,0.00 Nm
ACT_POWER B13,1771291826.5511365,0x18FF02F7,1,0.00 kw
ACT_MOTORTEMPERATURE B13,1771291826.5511365,0x18FF02F7,1,28.00 °C
DEVICESTATE M13,1771291826.641684,0x18FF00F7,1,0 state
ERRORLAMP M13,1771291826.641684,0x18FF00F7,1,0 state
DEVICENUMBER M13,1771291826.641684,0x18FF00F7,1,14 state
CLAMP15_STATUS M13,1771291826.641684,0x18FF00F7,1,1 state
PRECHARGED M13,1771291826.641684,0x18FF00F7,1,1 state
STATUS_ BIT_FLEX_IN_OUT_SIGNAL1 M13,1771291826.641684,0x18FF00F7,1,3 state
STATUS_ BIT_FLEX_IN_OUT_SIGNAL2 M13,1771291826.641684,0x18FF00F7,1,3 state
ERROR CODE  M13,1771291826.641684,0x18FF00F7,1,0 state
ACT_DCBUSVOLTAGE M13,1771291826.641684,0x18FF00F7,1,1.25 V
ACT_DCBUSPOWER M13,1771291826.641684,0x18FF00F7,1,0.00 kw
ACT_DEVICETEMPERATURE M13,1771291826.641684,0x18FF00F7,1,27.00 °C
ACT_INVERTERSTATUS A13,1771291826.6462076,0x18FF01F7,1,0 state
ACT_INVERTERREADY A13,1771291826.6462076,0x18FF01F7,1,0 state
ACT_ERRORSTATUS A13,1771291826.6462076,0x18FF01F7,1,0 state
ACT_SPEED A13,1771291826.6462076,0x18FF01F7,1,0.00 rpm
ACT_TORQUE A13,1771291826.6462076,0x18FF01F7,1,0.00 Nm
ACT_POWER A13,1771291826.6462076,0x18FF01F7,1,0.00 kw
ACT_MOTORTEMPERATURE A13,1771291826.6462076,0x18FF01F7,1,27.00 °C
ACT_INVERTERSTATUS B13,1771291826.6512246,0x18FF02F7,1,0 state
ACT_INVERTERREADY B13,1771291826.6512246,0x18FF02F7,1,0 state
ACT_ERRORSTATUS B13,1771291826.6512246,0x18FF02F7,1,0 state
ACT_SPEED B13,1771291826.6512246,0x18FF02F7,1,0.00 rpm
ACT_TORQUE B13,1771291826.6512246,0x18FF02F7,1,0.00 Nm
ACT_POWER B13,1771291826.6512246,0x18FF02F7,1,0.00 kw
ACT_MOTORTEMPERATURE B13,1771291826.6512246,0x18FF02F7,1,28.00 °C
DEVICESTATE M13,1771291826.7413208,0x18FF00F7,1,0 state
ERRORLAMP M13,1771291826.7413208,0x18FF00F7,1,0 state
DEVICENUMBER M13,1771291826.7413208,0x18FF00F7,1,14 state
CLAMP15_STATUS M13,1771291826.7413208,0x18FF00F7,1,1 state
PRECHARGED M13,1771291826.7413208,0x18FF00F7,1,1 state
STATUS_ BIT_FLEX_IN_OUT_SIGNAL1 M13,1771291826.7413208,0x18FF00F7,1,3 state
STATUS_ BIT_FLEX_IN_OUT_SIGNAL2 M13,1771291826.7413208,0x18FF00F7,1,3 state
ERROR CODE  M13,1771291826.7413208,0x18FF00F7,1,0 state
ACT_DCBUSVOLTAGE M13,1771291826.7413208,0x18FF00F7,1,1.25 V
ACT_DCBUSPOWER M13,1771291826.7413208,0x18FF00F7,1,0.00 kw
ACT_DEVICETEMPERATURE M13,1771291826.7413208,0x18FF00F7,1,27.00 °C
ACT_INVERTERSTATUS A13,1771291826.7463694,0x18FF01F7,1,0 state
ACT_INVERTERREADY A13,1771291826.7463694,0x18FF01F7,1,0 state
ACT_ERRORSTATUS A13,1771291826.7463694,0x18FF01F7,1,0 state
ACT_SPEED A13,1771291826.7463694,0x18FF01F7,1,0.00 rpm
ACT_TORQUE A13,1771291826.7463694,0x18FF01F7,1,0.00 Nm
ACT_POWER A13,1771291826.7463694,0x18FF01F7,1,0.00 kw
ACT_MOTORTEMPERATURE A13,1771291826.7463694,0x18FF01F7,1,27.00 °C
ACT_INVERTERSTATUS B13,1771291826.751264,0x18FF02F7,1,0 state
ACT_INVERTERREADY B13,1771291826.751264,0x18FF02F7,1,0 state
ACT_ERRORSTATUS B13,1771291826.751264,0x18FF02F7,1,0 state
ACT_SPEED B13,1771291826.751264,0x18FF02F7,1,0.00 rpm
ACT_TORQUE B13,1771291826.751264,0x18FF02F7,1,0.00 Nm
ACT_POWER B13,1771291826.751264,0x18FF02F7,1,0.00 kw
ACT_MOTORTEMPERATURE B13,1771291826.751264,0x18FF02F7,1,28.00 °C
DEVICESTATE M13,1771291826.8415082,0x18FF00F7,1,0 state
ERRORLAMP M13,1771291826.8415082,0x18FF00F7,1,0 state
DEVICENUMBER M13,1771291826.8415082,0x18FF00F7,1,14 state
CLAMP15_STATUS M13,1771291826.8415082,0x18FF00F7,1,1 state
PRECHARGED M13,1771291826.8415082,0x18FF00F7,1,1 state
STATUS_ BIT_FLEX_IN_OUT_SIGNAL1 M13,1771291826.8415082,0x18FF00F7,1,3 state
STATUS_ BIT_FLEX_IN_OUT_SIGNAL2 M13,1771291826.8415082,0x18FF00F7,1,3 state
ERROR CODE  M13,1771291826.8415082,0x18FF00F7,1,0 state
ACT_DCBUSVOLTAGE M13,1771291826.8415082,0x18FF00F7,1,1.25 V
ACT_DCBUSPOWER M13,1771291826.8415082,0x18FF00F7,1,0.00 kw
ACT_DEVICETEMPERATURE M13,1771291826.8415082,0x18FF00F7,1,27.00 °C
ACT_INVERTERSTATUS A13,1771291826.8465059,0x18FF01F7,1,0 state
ACT_INVERTERREADY A13,1771291826.8465059,0x18FF01F7,1,0 state
ACT_ERRORSTATUS A13,1771291826.8465059,0x18FF01F7,1,0 state
ACT_SPEED A13,1771291826.8465059,0x18FF01F7,1,0.00 rpm
ACT_TORQUE A13,1771291826.8465059,0x18FF01F7,1,0.00 Nm
ACT_POWER A13,1771291826.8465059,0x18FF01F7,1,0.00 kw
ACT_MOTORTEMPERATURE A13,1771291826.8465059,0x18FF01F7,1,27.00 °C
ACT_INVERTERSTATUS B13,1771291826.8513548,0x18FF02F7,1,0 state
ACT_INVERTERREADY B13,1771291826.8513548,0x18FF02F7,1,0 state
ACT_ERRORSTATUS B13,1771291826.8513548,0x18FF02F7,1,0 state
ACT_SPEED B13,1771291826.8513548,0x18FF02F7,1,0.00 rpm
ACT_TORQUE B13,1771291826.8513548,0x18FF02F7,1,0.00 Nm
ACT_POWER B13,1771291826.8513548,0x18FF02F7,1,0.00 kw
ACT_MOTORTEMPERATURE B13,1771291826.8513548,0x18FF02F7,1,28.00 °C
DEVICESTATE M13,1771291826.9412625,0x18FF00F7,1,0 state
ERRORLAMP M13,1771291826.9412625,0x18FF00F7,1,0 state
DEVICENUMBER M13,1771291826.9412625,0x18FF00F7,1,14 state
CLAMP15_STATUS M13,1771291826.9412625,0x18FF00F7,1,1 state
PRECHARGED M13,1771291826.9412625,0x18FF00F7,1,1 state
STATUS_ BIT_FLEX_IN_OUT_SIGNAL1 M13,1771291826.9412625,0x18FF00F7,1,3 state
STATUS_ BIT_FLEX_IN_OUT_SIGNAL2 M13,1771291826.9412625,0x18FF00F7,1,3 state
ERROR CODE  M13,1771291826.9412625,0x18FF00F7,1,0 state
ACT_DCBUSVOLTAGE M13,1771291826.9412625,0x18FF00F7,1,1.25 V
ACT_DCBUSPOWER M13,1771291826.9412625,0x18FF00F7,1,0.00 kw
ACT_DEVICETEMPERATURE M13,1771291826.9412625,0x18FF00F7,1,27.00 °C
ACT_INVERTERSTATUS A13,1771291826.9464378,0x18FF01F7,1,0 state
ACT_INVERTERREADY A13,1771291826.9464378,0x18FF01F7,1,0 state
ACT_ERRORSTATUS A13,1771291826.9464378,0x18FF01F7,1,0 state
ACT_SPEED A13,1771291826.9464378,0x18FF01F7,1,0.00 rpm
ACT_TORQUE A13,1771291826.9464378,0x18FF01F7,1,0.00 Nm
ACT_POWER A13,1771291826.9464378,0x18FF01F7,1,0.00 kw
ACT_MOTORTEMPERATURE A13,1771291826.9464378,0x18FF01F7,1,27.00 °C
ACT_INVERTERSTATUS B13,1771291826.9513283,0x18FF02F7,1,0 state
ACT_INVERTERREADY B13,1771291826.9513283,0x18FF02F7,1,0 state
ACT_ERRORSTATUS B13,1771291826.9513283,0x18FF02F7,1,0 state
ACT_SPEED B13,1771291826.9513283,0x18FF02F7,1,0.00 rpm
ACT_TORQUE B13,1771291826.9513283,0x18FF02F7,1,0.00 Nm
ACT_POWER B13,1771291826.9513283,0x18FF02F7,1,0.00 kw
ACT_MOTORTEMPERATURE B13,1771291826.9513283,0x18FF02F7,1,28.00 °C
DEVICESTATE M13,1771291827.0413704,0x18FF00F7,1,0 state
ERRORLAMP M13,1771291827.0413704,0x18FF00F7,1,0 state
DEVICENUMBER M13,1771291827.0413704,0x18FF00F7,1,14 state
CLAMP15_STATUS M13,1771291827.0413704,0x18FF00F7,1,1 state
PRECHARGED M13,1771291827.0413704,0x18FF00F7,1,1 state
STATUS_ BIT_FLEX_IN_OUT_SIGNAL1 M13,1771291827.0413704,0x18FF00F7,1,3 state
STATUS_ BIT_FLEX_IN_OUT_SIGNAL2 M13,1771291827.0413704,0x18FF00F7,1,3 state
ERROR CODE  M13,1771291827.0413704,0x18FF00F7,1,0 state
ACT_DCBUSVOLTAGE M13,1771291827.0413704,0x18FF00F7,1,1.25 V
ACT_DCBUSPOWER M13,1771291827.0413704,0x18FF00F7,1,0.00 kw
ACT_DEVICETEMPERATURE M13,1771291827.0413704,0x18FF00F7,1,27.00 °C
ACT_INVERTERSTATUS A13,1771291827.0462391,0x18FF01F7,1,0 state
ACT_INVERTERREADY A13,1771291827.0462391,0x18FF01F7,1,0 state
ACT_ERRORSTATUS A13,1771291827.0462391,0x18FF01F7,1,0 state
ACT_SPEED A13,1771291827.0462391,0x18FF01F7,1,0.00 rpm
ACT_TORQUE A13,1771291827.0462391,0x18FF01F7,1,0.00 Nm
ACT_POWER A13,1771291827.0462391,0x18FF01F7,1,0.00 kw
ACT_MOTORTEMPERATURE A13,1771291827.0462391,0x18FF01F7,1,27.00 °C
ACT_INVERTERSTATUS B13,1771291827.0512958,0x18FF02F7,1,0 state
ACT_INVERTERREADY B13,1771291827.0512958,0x18FF02F7,1,0 state
ACT_ERRORSTATUS B13,1771291827.0512958,0x18FF02F7,1,0 state
ACT_SPEED B13,1771291827.0512958,0x18FF02F7,1,0.00 rpm
ACT_TORQUE B13,1771291827.0512958,0x18FF02F7,1,0.00 Nm
ACT_POWER B13,1771291827.0512958,0x18FF02F7,1,0.00 kw
ACT_MOTORTEMPERATURE B13,1771291827.0512958,0x18FF02F7,1,28.00 °C
DEVICESTATE M13,1771291827.1413755,0x18FF00F7,1,0 state
ERRORLAMP M13,1771291827.1413755,0x18FF00F7,1,0 state
DEVICENUMBER M13,1771291827.1413755,0x18FF00F7,1,14 state
CLAMP15_STATUS M13,1771291827.1413755,0x18FF00F7,1,1 state
PRECHARGED M13,1771291827.1413755,0x18FF00F7,1,1 state
STATUS_ BIT_FLEX_IN_OUT_SIGNAL1 M13,1771291827.1413755,0x18FF00F7,1,3 state
STATUS_ BIT_FLEX_IN_OUT_SIGNAL2 M13,1771291827.1413755,0x18FF00F7,1,3 state
ERROR CODE  M13,1771291827.1413755,0x18FF00F7,1,0 state
ACT_DCBUSVOLTAGE M13,1771291827.1413755,0x18FF00F7,1,1.25 V
ACT_DCBUSPOWER M13,1771291827.1413755,0x18FF00F7,1,0.00 kw
ACT_DEVICETEMPERATURE M13,1771291827.1413755,0x18FF00F7,1,27.00 °C
ACT_INVERTERSTATUS A13,1771291827.1467032,0x18FF01F7,1,0 state
ACT_INVERTERREADY A13,1771291827.1467032,0x18FF01F7,1,0 state
ACT_ERRORSTATUS A13,1771291827.1467032,0x18FF01F7,1,0 state
ACT_SPEED A13,1771291827.1467032,0x18FF01F7,1,0.00 rpm
ACT_TORQUE A13,1771291827.1467032,0x18FF01F7,1,0.00 Nm
ACT_POWER A13,1771291827.1467032,0x18FF01F7,1,0.00 kw
ACT_MOTORTEMPERATURE A13,1771291827.1467032,0x18FF01F7,1,27.00 °C
ACT_INVERTERSTATUS B13,1771291827.1513436,0x18FF02F7,1,0 state
ACT_INVERTERREADY B13,1771291827.1513436,0x18FF02F7,1,0 state
ACT_ERRORSTATUS B13,1771291827.1513436,0x18FF02F7,1,0 state
ACT_SPEED B13,1771291827.1513436,0x18FF02F7,1,0.00 rpm
ACT_TORQUE B13,1771291827.1513436,0x18FF02F7,1,0.00 Nm
ACT_POWER B13,1771291827.1513436,0x18FF02F7,1,0.00 kw
ACT_MOTORTEMPERATURE B13,1771291827.1513436,0x18FF02F7,1,28.00 °C
DEVICESTATE M13,1771291827.2415633,0x18FF00F7,1,0 state
ERRORLAMP M13,1771291827.2415633,0x18FF00F7,1,0 state
DEVICENUMBER M13,1771291827.2415633,0x18FF00F7,1,14 state
CLAMP15_STATUS M13,1771291827.2415633,0x18FF00F7,1,1 state
PRECHARGED M13,1771291827.2415633,0x18FF00F7,1,1 state
STATUS_ BIT_FLEX_IN_OUT_SIGNAL1 M13,1771291827.2415633,0x18FF00F7,1,3 state
STATUS_ BIT_FLEX_IN_OUT_SIGNAL2 M13,1771291827.2415633,0x18FF00F7,1,3 state
ERROR CODE  M13,1771291827.2415633,0x18FF00F7,1,0 state
ACT_DCBUSVOLTAGE M13,1771291827.2415633,0x18FF00F7,1,1.25 V
ACT_DCBUSPOWER M13,1771291827.2415633,0x18FF00F7,1,0.00 kw
ACT_DEVICETEMPERATURE M13,1771291827.2415633,0x18FF00F7,1,27.00 °C
ACT_INVERTERSTATUS A13,1771291827.2463686,0x18FF01F7,1,0 state
ACT_INVERTERREADY A13,1771291827.2463686,0x18FF01F7,1,0 state
ACT_ERRORSTATUS A13,1771291827.2463686,0x18FF01F7,1,0 state
ACT_SPEED A13,1771291827.2463686,0x18FF01F7,1,0.00 rpm
ACT_TORQUE A13,1771291827.2463686,0x18FF01F7,1,0.00 Nm
ACT_POWER A13,1771291827.2463686,0x18FF01F7,1,0.00 kw
ACT_MOTORTEMPERATURE A13,1771291827.2463686,0x18FF01F7,1,27.00 °C
ACT_INVERTERSTATUS B13,1771291827.2510304,0x18FF02F7,1,0 state
ACT_INVERTERREADY B13,1771291827.2510304,0x18FF02F7,1,0 state
ACT_ERRORSTATUS B13,1771291827.2510304,0x18FF02F7,1,0 state
ACT_SPEED B13,1771291827.2510304,0x18FF02F7,1,0.00 rpm
ACT_TORQUE B13,1771291827.2510304,0x18FF02F7,1,0.00 Nm
ACT_POWER B13,1771291827.2510304,0x18FF02F7,1,0.00 kw
ACT_MOTORTEMPERATURE B13,1771291827.2510304,0x18FF02F7,1,28.00 °C
DEVICESTATE M13,1771291827.3413506,0x18FF00F7,1,0 state
ERRORLAMP M13,1771291827.3413506,0x18FF00F7,1,0 state
DEVICENUMBER M13,1771291827.3413506,0x18FF00F7,1,14 state
CLAMP15_STATUS M13,1771291827.3413506,0x18FF00F7,1,1 state
PRECHARGED M13,1771291827.3413506,0x18FF00F7,1,1 state
STATUS_ BIT_FLEX_IN_OUT_SIGNAL1 M13,1771291827.3413506,0x18FF00F7,1,3 state
STATUS_ BIT_FLEX_IN_OUT_SIGNAL2 M13,1771291827.3413506,0x18FF00F7,1,3 state
ERROR CODE  M13,1771291827.3413506,0x18FF00F7,1,0 state
ACT_DCBUSVOLTAGE M13,1771291827.3413506,0x18FF00F7,1,1.25 V
ACT_DCBUSPOWER M13,1771291827.3413506,0x18FF00F7,1,0.00 kw
ACT_DEVICETEMPERATURE M13,1771291827.3413506,0x18FF00F7,1,27.00 °C
ACT_INVERTERSTATUS A13,1771291827.346523,0x18FF01F7,1,0 state
ACT_INVERTERREADY A13,1771291827.346523,0x18FF01F7,1,0 state
ACT_ERRORSTATUS A13,1771291827.346523,0x18FF01F7,1,0 state
ACT_SPEED A13,1771291827.346523,0x18FF01F7,1,0.00 rpm
ACT_TORQUE A13,1771291827.346523,0x18FF01F7,1,0.00 Nm
ACT_POWER A13,1771291827.346523,0x18FF01F7,1,0.00 kw
ACT_MOTORTEMPERATURE A13,1771291827.346523,0x18FF01F7,1,27.00 °C
ACT_INVERTERSTATUS B13,1771291827.351249,0x18FF02F7,1,0 state
ACT_INVERTERREADY B13,1771291827.351249,0x18FF02F7,1,0 state
ACT_ERRORSTATUS B13,1771291827.351249,0x18FF02F7,1,0 state
ACT_SPEED B13,1771291827.351249,0x18FF02F7,1,0.00 rpm
ACT_TORQUE B13,1771291827.351249,0x18FF02F7,1,0.00 Nm
ACT_POWER B13,1771291827.351249,0x18FF02F7,1,0.00 kw
ACT_MOTORTEMPERATURE B13,1771291827.351249,0x18FF02F7,1,28.00 °C
DEVICESTATE M13,1771291827.4416506,0x18FF00F7,1,0 state
ERRORLAMP M13,1771291827.4416506,0x18FF00F7,1,0 state
DEVICENUMBER M13,1771291827.4416506,0x18FF00F7,1,14 state
CLAMP15_STATUS M13,1771291827.4416506,0x18FF00F7,1,1 state
PRECHARGED M13,1771291827.4416506,0x18FF00F7,1,1 state
STATUS_ BIT_FLEX_IN_OUT_SIGNAL1 M13,1771291827.4416506,0x18FF00F7,1,3 state
STATUS_ BIT_FLEX_IN_OUT_SIGNAL2 M13,1771291827.4416506,0x18FF00F7,1,3 state
ERROR CODE  M13,1771291827.4416506,0x18FF00F7,1,0 state
ACT_DCBUSVOLTAGE M13,1771291827.4416506,0x18FF00F7,1,1.25 V
ACT_DCBUSPOWER M13,1771291827.4416506,0x18FF00F7,1,0.00 kw
ACT_DEVICETEMPERATURE M13,1771291827.4416506,0x18FF00F7,1,27.00 °C
ACT_INVERTERSTATUS A13,1771291827.4463496,0x18FF01F7,1,0 state
ACT_INVERTERREADY A13,1771291827.4463496,0x18FF01F7,1,0 state
ACT_ERRORSTATUS A13,1771291827.4463496,0x18FF01F7,1,0 state
ACT_SPEED A13,1771291827.4463496,0x18FF01F7,1,0.00 rpm
ACT_TORQUE A13,1771291827.4463496,0x18FF01F7,1,0.00 Nm
ACT_POWER A13,1771291827.4463496,0x18FF01F7,1,0.00 kw
ACT_MOTORTEMPERATURE A13,1771291827.4463496,0x18FF01F7,1,27.00 °C
ACT_INVERTERSTATUS B13,1771291827.4510126,0x18FF02F7,1,0 state
ACT_INVERTERREADY B13,1771291827.4510126,0x18FF02F7,1,0 state
ACT_ERRORSTATUS B13,1771291827.4510126,0x18FF02F7,1,0 state
ACT_SPEED B13,1771291827.4510126,0x18FF02F7,1,0.00 rpm
ACT_TORQUE B13,1771291827.4510126,0x18FF02F7,1,0.00 Nm
ACT_POWER B13,1771291827.4510126,0x18FF02F7,1,0.00 kw
ACT_MOTORTEMPERATURE B13,1771291827.4510126,0x18FF02F7,1,28.00 °C
DEVICESTATE M13,1771291827.5411327,0x18FF00F7,1,0 state
ERRORLAMP M13,1771291827.5411327,0x18FF00F7,1,0 state
DEVICENUMBER M13,1771291827.5411327,0x18FF00F7,1,14 state
CLAMP15_STATUS M13,1771291827.5411327,0x18FF00F7,1,1 state
PRECHARGED M13,1771291827.5411327,0x18FF00F7,1,1 state
STATUS_ BIT_FLEX_IN_OUT_SIGNAL1 M13,1771291827.5411327,0x18FF00F7,1,3 state
STATUS_ BIT_FLEX_IN_OUT_SIGNAL2 M13,1771291827.5411327,0x18FF00F7,1,3 state
ERROR CODE  M13,1771291827.5411327,0x18FF00F7,1,0 state
ACT_DCBUSVOLTAGE M13,1771291827.5411327,0x18FF00F7,1,1.25 V
ACT_DCBUSPOWER M13,1771291827.5411327,0x18FF00F7,1,0.00 kw
ACT_DEVICETEMPERATURE M13,1771291827.5411327,0x18FF00F7,1,27.00 °C
ACT_INVERTERSTATUS A13,1771291827.5462363,0x18FF01F7,1,0 state
ACT_INVERTERREADY A13,1771291827.5462363,0x18FF01F7,1,0 state
ACT_ERRORSTATUS A13,1771291827.5462363,0x18FF01F7,1,0 state
ACT_SPEED A13,1771291827.5462363,0x18FF01F7,1,0.00 rpm
ACT_TORQUE A13,1771291827.5462363,0x18FF01F7,1,0.00 Nm
ACT_POWER A13,1771291827.5462363,0x18FF01F7,1,0.00 kw
ACT_MOTORTEMPERATURE A13,1771291827.5462363,0x18FF01F7,1,27.00 °C
ACT_INVERTERSTATUS B13,1771291827.5511606,0x18FF02F7,1,0 state
ACT_INVERTERREADY B13,1771291827.5511606,0x18FF02F7,1,0 state
ACT_ERRORSTATUS B13,1771291827.5511606,0x18FF02F7,1,0 state
ACT_SPEED B13,1771291827.5511606,0x18FF02F7,1,0.00 rpm
ACT_TORQUE B13,1771291827.5511606,0x18FF02F7,1,0.00 Nm
ACT_POWER B13,1771291827.5511606,0x18FF02F7,1,0.00 kw
ACT_MOTORTEMPERATURE B13,1771291827.5511606,0x18FF02F7,1,28.00 °C
DEVICESTATE M13,1771291827.6416957,0x18FF00F7,1,0 state
ERRORLAMP M13,1771291827.6416957,0x18FF00F7,1,0 state
DEVICENUMBER M13,1771291827.6416957,0x18FF00F7,1,14 state
CLAMP15_STATUS M13,1771291827.6416957,0x18FF00F7,1,1 state
PRECHARGED M13,1771291827.6416957,0x18FF00F7,1,1 state
STATUS_ BIT_FLEX_IN_OUT_SIGNAL1 M13,1771291827.6416957,0x18FF00F7,1,3 state
STATUS_ BIT_FLEX_IN_OUT_SIGNAL2 M13,1771291827.6416957,0x18FF00F7,1,3 state
ERROR CODE  M13,1771291827.6416957,0x18FF00F7,1,0 state
ACT_DCBUSVOLTAGE M13,1771291827.6416957,0x18FF00F7,1,1.25 V
ACT_DCBUSPOWER M13,1771291827.6416957,0x18FF00F7,1,0.00 kw
ACT_DEVICETEMPERATURE M13,1771291827.6416957,0x18FF00F7,1,27.00 °C
ACT_INVERTERSTATUS A13,1771291827.646216,0x18FF01F7,1,0 state
ACT_INVERTERREADY A13,1771291827.646216,0x18FF01F7,1,0 state
ACT_ERRORSTATUS A13,1771291827.646216,0x18FF01F7,1,0 state
ACT_SPEED A13,1771291827.646216,0x18FF01F7,1,0.00 rpm
ACT_TORQUE A13,1771291827.646216,0x18FF01F7,1,0.00 Nm
ACT_POWER A13,1771291827.646216,0x18FF01F7,1,0.00 kw
ACT_MOTORTEMPERATURE A13,1771291827.646216,0x18FF01F7,1,27.00 °C
ACT_INVERTERSTATUS B13,1771291827.651239,0x18FF02F7,1,0 state
ACT_INVERTERREADY B13,1771291827.651239,0x18FF02F7,1,0 state
ACT_ERRORSTATUS B13,1771291827.651239,0x18FF02F7,1,0 state
ACT_SPEED B13,1771291827.651239,0x18FF02F7,1,0.00 rpm
ACT_TORQUE B13,1771291827.651239,0x18FF02F7,1,0.00 Nm
ACT_POWER B13,1771291827.651239,0x18FF02F7,1,0.00 kw
ACT_MOTORTEMPERATURE B13,1771291827.651239,0x18FF02F7,1,28.00 °C
DEVICESTATE M13,1771291827.7414603,0x18FF00F7,1,0 state
ERRORLAMP M13,1771291827.7414603,0x18FF00F7,1,0 state
DEVICENUMBER M13,1771291827.7414603,0x18FF00F7,1,14 state
CLAMP15_STATUS M13,1771291827.7414603,0x18FF00F7,1,1 state
PRECHARGED M13,1771291827.7414603,0x18FF00F7,1,1 state
STATUS_ BIT_FLEX_IN_OUT_SIGNAL1 M13,1771291827.7414603,0x18FF00F7,1,3 state
STATUS_ BIT_FLEX_IN_OUT_SIGNAL2 M13,1771291827.7414603,0x18FF00F7,1,3 state
ERROR CODE  M13,1771291827.7414603,0x18FF00F7,1,0 state
ACT_DCBUSVOLTAGE M13,1771291827.7414603,0x18FF00F7,1,1.25 V
ACT_DCBUSPOWER M13,1771291827.7414603,0x18FF00F7,1,0.00 kw
ACT_DEVICETEMPERATURE M13,1771291827.7414603,0x18FF00F7,1,27.00 °C
ACT_INVERTERSTATUS A13,1771291827.746493,0x18FF01F7,1,0 state
ACT_INVERTERREADY A13,1771291827.746493,0x18FF01F7,1,0 state
ACT_ERRORSTATUS A13,1771291827.746493,0x18FF01F7,1,0 state
ACT_SPEED A13,1771291827.746493,0x18FF01F7,1,0.00 rpm
ACT_TORQUE A13,1771291827.746493,0x18FF01F7,1,0.00 Nm
ACT_POWER A13,1771291827.746493,0x18FF01F7,1,0.00 kw
ACT_MOTORTEMPERATURE A13,1771291827.746493,0x18FF01F7,1,27.00 °C
ACT_INVERTERSTATUS B13,1771291827.7513723,0x18FF02F7,1,0 state
ACT_INVERTERREADY B13,1771291827.7513723,0x18FF02F7,1,0 state
ACT_ERRORSTATUS B13,1771291827.7513723,0x18FF02F7,1,0 state
ACT_SPEED B13,1771291827.7513723,0x18FF02F7,1,0.00 rpm
ACT_TORQUE B13,1771291827.7513723,0x18FF02F7,1,0.00 Nm
ACT_POWER B13,1771291827.7513723,0x18FF02F7,1,0.00 kw
ACT_MOTORTEMPERATURE B13,1771291827.7513723,0x18FF02F7,1,28.00 °C
DEVICESTATE M13,1771291827.8415375,0x18FF00F7,1,0 state
ERRORLAMP M13,1771291827.8415375,0x18FF00F7,1,0 state
DEVICENUMBER M13,1771291827.8415375,0x18FF00F7,1,14 state
CLAMP15_STATUS M13,1771291827.8415375,0x18FF00F7,1,1 state
PRECHARGED M13,1771291827.8415375,0x18FF00F7,1,1 state
STATUS_ BIT_FLEX_IN_OUT_SIGNAL1 M13,1771291827.8415375,0x18FF00F7,1,3 state
STATUS_ BIT_FLEX_IN_OUT_SIGNAL2 M13,1771291827.8415375,0x18FF00F7,1,3 state
ERROR CODE  M13,1771291827.8415375,0x18FF00F7,1,0 state
ACT_DCBUSVOLTAGE M13,1771291827.8415375,0x18FF00F7,1,1.25 V
ACT_DCBUSPOWER M13,1771291827.8415375,0x18FF00F7,1,0.00 kw
ACT_DEVICETEMPERATURE M13,1771291827.8415375,0x18FF00F7,1,27.00 °C
ACT_INVERTERSTATUS A13,1771291827.8460586,0x18FF01F7,1,0 state
ACT_INVERTERREADY A13,1771291827.8460586,0x18FF01F7,1,0 state
ACT_ERRORSTATUS A13,1771291827.8460586,0x18FF01F7,1,0 state
ACT_SPEED A13,1771291827.8460586,0x18FF01F7,1,0.00 rpm
ACT_TORQUE A13,1771291827.8460586,0x18FF01F7,1,0.00 Nm
ACT_POWER A13,1771291827.8460586,0x18FF01F7,1,0.00 kw
ACT_MOTORTEMPERATURE A13,1771291827.8460586,0x18FF01F7,1,27.00 °C
ACT_INVERTERSTATUS B13,1771291827.851216,0x18FF02F7,1,0 state
ACT_INVERTERREADY B13,1771291827.851216,0x18FF02F7,1,0 state
ACT_ERRORSTATUS B13,1771291827.851216,0x18FF02F7,1,0 state
ACT_SPEED B13,1771291827.851216,0x18FF02F7,1,0.00 rpm
ACT_TORQUE B13,1771291827.851216,0x18FF02F7,1,0.00 Nm
ACT_POWER B13,1771291827.851216,0x18FF02F7,1,0.00 kw
ACT_MOTORTEMPERATURE B13,1771291827.851216,0x18FF02F7,1,28.00 °C
DEVICESTATE M13,1771291827.94127,0x18FF00F7,1,0 state
ERRORLAMP M13,1771291827.94127,0x18FF00F7,1,0 state
DEVICENUMBER M13,1771291827.94127,0x18FF00F7,1,14 state
CLAMP15_STATUS M13,1771291827.94127,0x18FF00F7,1,1 state
PRECHARGED M13,1771291827.94127,0x18FF00F7,1,1 state
STATUS_ BIT_FLEX_IN_OUT_SIGNAL1 M13,1771291827.94127,0x18FF00F7,1,3 state
STATUS_ BIT_FLEX_IN_OUT_SIGNAL2 M13,1771291827.94127,0x18FF00F7,1,3 state
ERROR CODE  M13,1771291827.94127,0x18FF00F7,1,0 state
ACT_DCBUSVOLTAGE M13,1771291827.94127,0x18FF00F7,1,1.25 V
ACT_DCBUSPOWER M13,1771291827.94127,0x18FF00F7,1,0.00 kw
ACT_DEVICETEMPERATURE M13,1771291827.94127,0x18FF00F7,1,27.00 °C
ACT_INVERTERSTATUS A13,1771291827.946215,0x18FF01F7,1,0 state
ACT_INVERTERREADY A13,1771291827.946215,0x18FF01F7,1,0 state
ACT_ERRORSTATUS A13,1771291827.946215,0x18FF01F7,1,0 state
ACT_SPEED A13,1771291827.946215,0x18FF01F7,1,0.00 rpm
ACT_TORQUE A13,1771291827.946215,0x18FF01F7,1,0.00 Nm
ACT_POWER A13,1771291827.946215,0x18FF01F7,1,0.00 kw
ACT_MOTORTEMPERATURE A13,1771291827.946215,0x18FF01F7,1,27.00 °C
ACT_INVERTERSTATUS B13,1771291827.9510126,0x18FF02F7,1,0 state
ACT_INVERTERREADY B13,1771291827.9510126,0x18FF02F7,1,0 state
ACT_ERRORSTATUS B13,1771291827.9510126,0x18FF02F7,1,0 state
ACT_SPEED B13,1771291827.9510126,0x18FF02F7,1,0.00 rpm
ACT_TORQUE B13,1771291827.9510126,0x18FF02F7,1,0.00 Nm
ACT_POWER B13,1771291827.9510126,0x18FF02F7,1,0.00 kw
ACT_MOTORTEMPERATURE B13,1771291827.9510126,0x18FF02F7,1,28.00 °C
DEVICESTATE M13,1771291828.041072,0x18FF00F7,1,0 state
ERRORLAMP M13,1771291828.041072,0x18FF00F7,1,0 state
DEVICENUMBER M13,1771291828.041072,0x18FF00F7,1,14 state
CLAMP15_STATUS M13,1771291828.041072,0x18FF00F7,1,1 state
PRECHARGED M13,1771291828.041072,0x18FF00F7,1,1 state
STATUS_ BIT_FLEX_IN_OUT_SIGNAL1 M13,1771291828.041072,0x18FF00F7,1,3 state
STATUS_ BIT_FLEX_IN_OUT_SIGNAL2 M13,1771291828.041072,0x18FF00F7,1,3 state
ERROR CODE  M13,1771291828.041072,0x18FF00F7,1,0 state
ACT_DCBUSVOLTAGE M13,1771291828.041072,0x18FF00F7,1,1.25 V
ACT_DCBUSPOWER M13,1771291828.041072,0x18FF00F7,1,0.00 kw
ACT_DEVICETEMPERATURE M13,1771291828.041072,0x18FF00F7,1,27.00 °C
ACT_INVERTERSTATUS A13,1771291828.0461786,0x18FF01F7,1,0 state
ACT_INVERTERREADY A13,1771291828.0461786,0x18FF01F7,1,0 state
ACT_ERRORSTATUS A13,1771291828.0461786,0x18FF01F7,1,0 state
ACT_SPEED A13,1771291828.0461786,0x18FF01F7,1,0.00 rpm
ACT_TORQUE A13,1771291828.0461786,0x18FF01F7,1,0.00 Nm
ACT_POWER A13,1771291828.0461786,0x18FF01F7,1,0.00 kw
ACT_MOTORTEMPERATURE A13,1771291828.0461786,0x18FF01F7,1,27.00 °C
ACT_INVERTERSTATUS B13,1771291828.0512617,0x18FF02F7,1,0 state
ACT_INVERTERREADY B13,1771291828.0512617,0x18FF02F7,1,0 state
ACT_ERRORSTATUS B13,1771291828.0512617,0x18FF02F7,1,0 state
ACT_SPEED B13,1771291828.0512617,0x18FF02F7,1,0.00 rpm
ACT_TORQUE B13,1771291828.0512617,0x18FF02F7,1,0.00 Nm
ACT_POWER B13,1771291828.0512617,0x18FF02F7,1,0.00 kw
ACT_MOTORTEMPERATURE B13,1771291828.0512617,0x18FF02F7,1,28.00 °C
DEVICESTATE M13,1771291828.1412985,0x18FF00F7,1,0 state
ERRORLAMP M13,1771291828.1412985,0x18FF00F7,1,0 state
DEVICENUMBER M13,1771291828.1412985,0x18FF00F7,1,14 state
CLAMP15_STATUS M13,1771291828.1412985,0x18FF00F7,1,1 state
PRECHARGED M13,1771291828.1412985,0x18FF00F7,1,1 state
STATUS_ BIT_FLEX_IN_OUT_SIGNAL1 M13,1771291828.1412985,0x18FF00F7,1,3 state
STATUS_ BIT_FLEX_IN_OUT_SIGNAL2 M13,1771291828.1412985,0x18FF00F7,1,3 state
ERROR CODE  M13,1771291828.1412985,0x18FF00F7,1,0 state
ACT_DCBUSVOLTAGE M13,1771291828.1412985,0x18FF00F7,1,1.25 V
ACT_DCBUSPOWER M13,1771291828.1412985,0x18FF00F7,1,0.00 kw
ACT_DEVICETEMPERATURE M13,1771291828.1412985,0x18FF00F7,1,27.00 °C
ACT_INVERTERSTATUS A13,1771291828.146216,0x18FF01F7,1,0 state
ACT_INVERTERREADY A13,1771291828.146216,0x18FF01F7,1,0 state
ACT_ERRORSTATUS A13,1771291828.146216,0x18FF01F7,1,0 state
ACT_SPEED A13,1771291828.146216,0x18FF01F7,1,0.00 rpm
ACT_TORQUE A13,1771291828.146216,0x18FF01F7,1,0.00 Nm
ACT_POWER A13,1771291828.146216,0x18FF01F7,1,0.00 kw
ACT_MOTORTEMPERATURE A13,1771291828.146216,0x18FF01F7,1,27.00 °C
ACT_INVERTERSTATUS B13,1771291828.1512055,0x18FF02F7,1,0 state
ACT_INVERTERREADY B13,1771291828.1512055,0x18FF02F7,1,0 state
ACT_ERRORSTATUS B13,1771291828.1512055,0x18FF02F7,1,0 state
ACT_SPEED B13,1771291828.1512055,0x18FF02F7,1,0.00 rpm
ACT_TORQUE B13,1771291828.1512055,0x18FF02F7,1,0.00 Nm
ACT_POWER B13,1771291828.1512055,0x18FF02F7,1,0.00 kw
ACT_MOTORTEMPERATURE B13,1771291828.1512055,0x18FF02F7,1,28.00 °C
DEVICESTATE M13,1771291828.2413383,0x18FF00F7,1,0 state
ERRORLAMP M13,1771291828.2413383,0x18FF00F7,1,0 state
DEVICENUMBER M13,1771291828.2413383,0x18FF00F7,1,14 state
CLAMP15_STATUS M13,1771291828.2413383,0x18FF00F7,1,1 state
PRECHARGED M13,1771291828.2413383,0x18FF00F7,1,1 state
STATUS_ BIT_FLEX_IN_OUT_SIGNAL1 M13,1771291828.2413383,0x18FF00F7,1,3 state
STATUS_ BIT_FLEX_IN_OUT_SIGNAL2 M13,1771291828.2413383,0x18FF00F7,1,3 state
ERROR CODE  M13,1771291828.2413383,0x18FF00F7,1,0 state
ACT_DCBUSVOLTAGE M13,1771291828.2413383,0x18FF00F7,1,1.25 V
ACT_DCBUSPOWER M13,1771291828.2413383,0x18FF00F7,1,0.00 kw
ACT_DEVICETEMPERATURE M13,1771291828.2413383,0x18FF00F7,1,27.00 °C
ACT_INVERTERSTATUS A13,1771291828.2464137,0x18FF01F7,1,0 state
ACT_INVERTERREADY A13,1771291828.2464137,0x18FF01F7,1,0 state
ACT_ERRORSTATUS A13,1771291828.2464137,0x18FF01F7,1,0 state
ACT_SPEED A13,1771291828.2464137,0x18FF01F7,1,0.00 rpm
ACT_TORQUE A13,1771291828.2464137,0x18FF01F7,1,0.00 Nm
ACT_POWER A13,1771291828.2464137,0x18FF01F7,1,0.00 kw
ACT_MOTORTEMPERATURE A13,1771291828.2464137,0x18FF01F7,1,27.00 °C
ACT_INVERTERSTATUS B13,1771291828.2510202,0x18FF02F7,1,0 state
ACT_INVERTERREADY B13,1771291828.2510202,0x18FF02F7,1,0 state
ACT_ERRORSTATUS B13,1771291828.2510202,0x18FF02F7,1,0 state
ACT_SPEED B13,1771291828.2510202,0x18FF02F7,1,0.00 rpm
ACT_TORQUE B13,1771291828.2510202,0x18FF02F7,1,0.00 Nm
ACT_POWER B13,1771291828.2510202,0x18FF02F7,1,0.00 kw
ACT_MOTORTEMPERATURE B13,1771291828.2510202,0x18FF02F7,1,28.00 °C
DEVICESTATE M13,1771291828.3412576,0x18FF00F7,1,0 state
ERRORLAMP M13,1771291828.3412576,0x18FF00F7,1,0 state
DEVICENUMBER M13,1771291828.3412576,0x18FF00F7,1,14 state
CLAMP15_STATUS M13,1771291828.3412576,0x18FF00F7,1,1 state
PRECHARGED M13,1771291828.3412576,0x18FF00F7,1,1 state
STATUS_ BIT_FLEX_IN_OUT_SIGNAL1 M13,1771291828.3412576,0x18FF00F7,1,3 state
STATUS_ BIT_FLEX_IN_OUT_SIGNAL2 M13,1771291828.3412576,0x18FF00F7,1,3 state
ERROR CODE  M13,1771291828.3412576,0x18FF00F7,1,0 state
ACT_DCBUSVOLTAGE M13,1771291828.3412576,0x18FF00F7,1,1.25 V
ACT_DCBUSPOWER M13,1771291828.3412576,0x18FF00F7,1,0.00 kw
ACT_DEVICETEMPERATURE M13,1771291828.3412576,0x18FF00F7,1,27.00 °C
ACT_INVERTERSTATUS A13,1771291828.3462164,0x18FF01F7,1,0 state
ACT_INVERTERREADY A13,1771291828.3462164,0x18FF01F7,1,0 state
ACT_ERRORSTATUS A13,1771291828.3462164,0x18FF01F7,1,0 state
ACT_SPEED A13,1771291828.3462164,0x18FF01F7,1,0.00 rpm
ACT_TORQUE A13,1771291828.3462164,0x18FF01F7,1,0.00 Nm
ACT_POWER A13,1771291828.3462164,0x18FF01F7,1,0.00 kw
ACT_MOTORTEMPERATURE A13,1771291828.3462164,0x18FF01F7,1,27.00 °C
ACT_INVERTERSTATUS B13,1771291828.351314,0x18FF02F7,1,0 state
ACT_INVERTERREADY B13,1771291828.351314,0x18FF02F7,1,0 state
ACT_ERRORSTATUS B13,1771291828.351314,0x18FF02F7,1,0 state
ACT_SPEED B13,1771291828.351314,0x18FF02F7,1,0.00 rpm
ACT_TORQUE B13,1771291828.351314,0x18FF02F7,1,0.00 Nm
ACT_POWER B13,1771291828.351314,0x18FF02F7,1,0.00 kw
ACT_MOTORTEMPERATURE B13,1771291828.351314,0x18FF02F7,1,28.00 °C
DEVICESTATE M13,1771291828.4414425,0x18FF00F7,1,0 state
ERRORLAMP M13,1771291828.4414425,0x18FF00F7,1,0 state
DEVICENUMBER M13,1771291828.4414425,0x18FF00F7,1,14 state
CLAMP15_STATUS M13,1771291828.4414425,0x18FF00F7,1,1 state
PRECHARGED M13,1771291828.4414425,0x18FF00F7,1,1 state
STATUS_ BIT_FLEX_IN_OUT_SIGNAL1 M13,1771291828.4414425,0x18FF00F7,1,3 state
STATUS_ BIT_FLEX_IN_OUT_SIGNAL2 M13,1771291828.4414425,0x18FF00F7,1,3 state
ERROR CODE  M13,1771291828.4414425,0x18FF00F7,1,0 state
ACT_DCBUSVOLTAGE M13,1771291828.4414425,0x18FF00F7,1,1.25 V
ACT_DCBUSPOWER M13,1771291828.4414425,0x18FF00F7,1,0.00 kw
ACT_DEVICETEMPERATURE M13,1771291828.4414425,0x18FF00F7,1,27.00 °C
ACT_INVERTERSTATUS A13,1771291828.4464717,0x18FF01F7,1,0 state
ACT_INVERTERREADY A13,1771291828.4464717,0x18FF01F7,1,0 state
ACT_ERRORSTATUS A13,1771291828.4464717,0x18FF01F7,1,0 state
ACT_SPEED A13,1771291828.4464717,0x18FF01F7,1,0.00 rpm
ACT_TORQUE A13,1771291828.4464717,0x18FF01F7,1,0.00 Nm
ACT_POWER A13,1771291828.4464717,0x18FF01F7,1,0.00 kw
ACT_MOTORTEMPERATURE A13,1771291828.4464717,0x18FF01F7,1,27.00 °C
ACT_INVERTERSTATUS B13,1771291828.4510717,0x18FF02F7,1,0 state
ACT_INVERTERREADY B13,1771291828.4510717,0x18FF02F7,1,0 state
ACT_ERRORSTATUS B13,1771291828.4510717,0x18FF02F7,1,0 state
ACT_SPEED B13,1771291828.4510717,0x18FF02F7,1,0.00 rpm
ACT_TORQUE B13,1771291828.4510717,0x18FF02F7,1,0.00 Nm
ACT_POWER B13,1771291828.4510717,0x18FF02F7,1,0.00 kw
ACT_MOTORTEMPERATURE B13,1771291828.4510717,0x18FF02F7,1,28.00 °C
DEVICESTATE M13,1771291828.5412767,0x18FF00F7,1,0 state
ERRORLAMP M13,1771291828.5412767,0x18FF00F7,1,0 state
DEVICENUMBER M13,1771291828.5412767,0x18FF00F7,1,14 state
CLAMP15_STATUS M13,1771291828.5412767,0x18FF00F7,1,1 state
PRECHARGED M13,1771291828.5412767,0x18FF00F7,1,1 state
STATUS_ BIT_FLEX_IN_OUT_SIGNAL1 M13,1771291828.5412767,0x18FF00F7,1,3 state
STATUS_ BIT_FLEX_IN_OUT_SIGNAL2 M13,1771291828.5412767,0x18FF00F7,1,3 state
ERROR CODE  M13,1771291828.5412767,0x18FF00F7,1,0 state
ACT_DCBUSVOLTAGE M13,1771291828.5412767,0x18FF00F7,1,1.25 V
ACT_DCBUSPOWER M13,1771291828.5412767,0x18FF00F7,1,0.00 kw
ACT_DEVICETEMPERATURE M13,1771291828.5412767,0x18FF00F7,1,27.00 °C
ACT_INVERTERSTATUS A13,1771291828.5462542,0x18FF01F7,1,0 state
ACT_INVERTERREADY A13,1771291828.5462542,0x18FF01F7,1,0 state
ACT_ERRORSTATUS A13,1771291828.5462542,0x18FF01F7,1,0 state
ACT_SPEED A13,1771291828.5462542,0x18FF01F7,1,0.00 rpm
ACT_TORQUE A13,1771291828.5462542,0x18FF01F7,1,0.00 Nm
ACT_POWER A13,1771291828.5462542,0x18FF01F7,1,0.00 kw
ACT_MOTORTEMPERATURE A13,1771291828.5462542,0x18FF01F7,1,27.00 °C
ACT_INVERTERSTATUS B13,1771291828.5511963,0x18FF02F7,1,0 state
ACT_INVERTERREADY B13,1771291828.5511963,0x18FF02F7,1,0 state
ACT_ERRORSTATUS B13,1771291828.5511963,0x18FF02F7,1,0 state
ACT_SPEED B13,1771291828.5511963,0x18FF02F7,1,0.00 rpm
ACT_TORQUE B13,1771291828.5511963,0x18FF02F7,1,0.00 Nm
ACT_POWER B13,1771291828.5511963,0x18FF02F7,1,0.00 kw
ACT_MOTORTEMPERATURE B13,1771291828.5511963,0x18FF02F7,1,28.00 °C
DEVICESTATE M13,1771291828.6415966,0x18FF00F7,1,0 state
ERRORLAMP M13,1771291828.6415966,0x18FF00F7,1,0 state
DEVICENUMBER M13,1771291828.6415966,0x18FF00F7,1,14 state
CLAMP15_STATUS M13,1771291828.6415966,0x18FF00F7,1,1 state
PRECHARGED M13,1771291828.6415966,0x18FF00F7,1,1 state
STATUS_ BIT_FLEX_IN_OUT_SIGNAL1 M13,1771291828.6415966,0x18FF00F7,1,3 state
STATUS_ BIT_FLEX_IN_OUT_SIGNAL2 M13,1771291828.6415966,0x18FF00F7,1,3 state
ERROR CODE  M13,1771291828.6415966,0x18FF00F7,1,0 state
ACT_DCBUSVOLTAGE M13,1771291828.6415966,0x18FF00F7,1,1.25 V
ACT_DCBUSPOWER M13,1771291828.6415966,0x18FF00F7,1,0.00 kw
ACT_DEVICETEMPERATURE M13,1771291828.6415966,0x18FF00F7,1,27.00 °C
ACT_INVERTERSTATUS A13,1771291828.6460078,0x18FF01F7,1,0 state
ACT_INVERTERREADY A13,1771291828.6460078,0x18FF01F7,1,0 state
ACT_ERRORSTATUS A13,1771291828.6460078,0x18FF01F7,1,0 state
ACT_SPEED A13,1771291828.6460078,0x18FF01F7,1,0.00 rpm
ACT_TORQUE A13,1771291828.6460078,0x18FF01F7,1,0.00 Nm
ACT_POWER A13,1771291828.6460078,0x18FF01F7,1,0.00 kw
ACT_MOTORTEMPERATURE A13,1771291828.6460078,0x18FF01F7,1,27.00 °C
ACT_INVERTERSTATUS B13,1771291828.6512399,0x18FF02F7,1,0 state
ACT_INVERTERREADY B13,1771291828.6512399,0x18FF02F7,1,0 state
ACT_ERRORSTATUS B13,1771291828.6512399,0x18FF02F7,1,0 state
ACT_SPEED B13,1771291828.6512399,0x18FF02F7,1,0.00 rpm
ACT_TORQUE B13,1771291828.6512399,0x18FF02F7,1,0.00 Nm
ACT_POWER B13,1771291828.6512399,0x18FF02F7,1,0.00 kw
ACT_MOTORTEMPERATURE B13,1771291828.6512399,0x18FF02F7,1,28.00 °C
DEVICESTATE M13,1771291828.7414489,0x18FF00F7,1,0 state
ERRORLAMP M13,1771291828.7414489,0x18FF00F7,1,0 state
DEVICENUMBER M13,1771291828.7414489,0x18FF00F7,1,14 state
CLAMP15_STATUS M13,1771291828.7414489,0x18FF00F7,1,1 state
PRECHARGED M13,1771291828.7414489,0x18FF00F7,1,1 state
STATUS_ BIT_FLEX_IN_OUT_SIGNAL1 M13,1771291828.7414489,0x18FF00F7,1,3 state
STATUS_ BIT_FLEX_IN_OUT_SIGNAL2 M13,1771291828.7414489,0x18FF00F7,1,3 state
ERROR CODE  M13,1771291828.7414489,0x18FF00F7,1,0 state
ACT_DCBUSVOLTAGE M13,1771291828.7414489,0x18FF00F7,1,1.25 V
ACT_DCBUSPOWER M13,1771291828.7414489,0x18FF00F7,1,0.00 kw
ACT_DEVICETEMPERATURE M13,1771291828.7414489,0x18FF00F7,1,27.00 °C
ACT_INVERTERSTATUS A13,1771291828.7461743,0x18FF01F7,1,0 state
ACT_INVERTERREADY A13,1771291828.7461743,0x18FF01F7,1,0 state
ACT_ERRORSTATUS A13,1771291828.7461743,0x18FF01F7,1,0 state
ACT_SPEED A13,1771291828.7461743,0x18FF01F7,1,0.00 rpm
ACT_TORQUE A13,1771291828.7461743,0x18FF01F7,1,0.00 Nm
ACT_POWER A13,1771291828.7461743,0x18FF01F7,1,0.00 kw
ACT_MOTORTEMPERATURE A13,1771291828.7461743,0x18FF01F7,1,27.00 °C
ACT_INVERTERSTATUS B13,1771291828.7512035,0x18FF02F7,1,0 state
ACT_INVERTERREADY B13,1771291828.7512035,0x18FF02F7,1,0 state
ACT_ERRORSTATUS B13,1771291828.7512035,0x18FF02F7,1,0 state
ACT_SPEED B13,1771291828.7512035,0x18FF02F7,1,0.00 rpm
ACT_TORQUE B13,1771291828.7512035,0x18FF02F7,1,0.00 Nm
ACT_POWER B13,1771291828.7512035,0x18FF02F7,1,0.00 kw
ACT_MOTORTEMPERATURE B13,1771291828.7512035,0x18FF02F7,1,28.00 °C
DEVICESTATE M13,1771291828.8413785,0x18FF00F7,1,0 state
ERRORLAMP M13,1771291828.8413785,0x18FF00F7,1,0 state
DEVICENUMBER M13,1771291828.8413785,0x18FF00F7,1,14 state
CLAMP15_STATUS M13,1771291828.8413785,0x18FF00F7,1,1 state
PRECHARGED M13,1771291828.8413785,0x18FF00F7,1,1 state
STATUS_ BIT_FLEX_IN_OUT_SIGNAL1 M13,1771291828.8413785,0x18FF00F7,1,3 state
STATUS_ BIT_FLEX_IN_OUT_SIGNAL2 M13,1771291828.8413785,0x18FF00F7,1,3 state
ERROR CODE  M13,1771291828.8413785,0x18FF00F7,1,0 state
ACT_DCBUSVOLTAGE M13,1771291828.8413785,0x18FF00F7,1,1.25 V
ACT_DCBUSPOWER M13,1771291828.8413785,0x18FF00F7,1,0.00 kw
ACT_DEVICETEMPERATURE M13,1771291828.8413785,0x18FF00F7,1,27.00 °C
ACT_INVERTERSTATUS A13,1771291828.8465106,0x18FF01F7,1,0 state
ACT_INVERTERREADY A13,1771291828.8465106,0x18FF01F7,1,0 state
ACT_ERRORSTATUS A13,1771291828.8465106,0x18FF01F7,1,0 state
ACT_SPEED A13,1771291828.8465106,0x18FF01F7,1,0.00 rpm
ACT_TORQUE A13,1771291828.8465106,0x18FF01F7,1,0.00 Nm
ACT_POWER A13,1771291828.8465106,0x18FF01F7,1,0.00 kw
ACT_MOTORTEMPERATURE A13,1771291828.8465106,0x18FF01F7,1,27.00 °C
ACT_INVERTERSTATUS B13,1771291828.8511748,0x18FF02F7,1,0 state
ACT_INVERTERREADY B13,1771291828.8511748,0x18FF02F7,1,0 state
ACT_ERRORSTATUS B13,1771291828.8511748,0x18FF02F7,1,0 state
ACT_SPEED B13,1771291828.8511748,0x18FF02F7,1,0.00 rpm
ACT_TORQUE B13,1771291828.8511748,0x18FF02F7,1,0.00 Nm
ACT_POWER B13,1771291828.8511748,0x18FF02F7,1,0.00 kw
ACT_MOTORTEMPERATURE B13,1771291828.8511748,0x18FF02F7,1,28.00 °C
DEVICESTATE M13,1771291828.9413004,0x18FF00F7,1,0 state
ERRORLAMP M13,1771291828.9413004,0x18FF00F7,1,0 state
DEVICENUMBER M13,1771291828.9413004,0x18FF00F7,1,14 state
CLAMP15_STATUS M13,1771291828.9413004,0x18FF00F7,1,1 state
PRECHARGED M13,1771291828.9413004,0x18FF00F7,1,1 state
STATUS_ BIT_FLEX_IN_OUT_SIGNAL1 M13,1771291828.9413004,0x18FF00F7,1,3 state
STATUS_ BIT_FLEX_IN_OUT_SIGNAL2 M13,1771291828.9413004,0x18FF00F7,1,3 state
ERROR CODE  M13,1771291828.9413004,0x18FF00F7,1,0 state
ACT_DCBUSVOLTAGE M13,1771291828.9413004,0x18FF00F7,1,1.25 V
ACT_DCBUSPOWER M13,1771291828.9413004,0x18FF00F7,1,0.00 kw
ACT_DEVICETEMPERATURE M13,1771291828.9413004,0x18FF00F7,1,27.00 °C
ACT_INVERTERSTATUS A13,1771291828.9463835,0x18FF01F7,1,0 state
ACT_INVERTERREADY A13,1771291828.9463835,0x18FF01F7,1,0 state
ACT_ERRORSTATUS A13,1771291828.9463835,0x18FF01F7,1,0 state
ACT_SPEED A13,1771291828.9463835,0x18FF01F7,1,0.00 rpm
ACT_TORQUE A13,1771291828.9463835,0x18FF01F7,1,0.00 Nm
ACT_POWER A13,1771291828.9463835,0x18FF01F7,1,0.00 kw
ACT_MOTORTEMPERATURE A13,1771291828.9463835,0x18FF01F7,1,27.00 °C
ACT_INVERTERSTATUS B13,1771291828.9511917,0x18FF02F7,1,0 state
ACT_INVERTERREADY B13,1771291828.9511917,0x18FF02F7,1,0 state
ACT_ERRORSTATUS B13,1771291828.9511917,0x18FF02F7,1,0 state
ACT_SPEED B13,1771291828.9511917,0x18FF02F7,1,0.00 rpm
ACT_TORQUE B13,1771291828.9511917,0x18FF02F7,1,0.00 Nm
ACT_POWER B13,1771291828.9511917,0x18FF02F7,1,0.00 kw
ACT_MOTORTEMPERATURE B13,1771291828.9511917,0x18FF02F7,1,28.00 °C
DEVICESTATE M13,1771291829.0413516,0x18FF00F7,1,0 state
ERRORLAMP M13,1771291829.0413516,0x18FF00F7,1,0 state
DEVICENUMBER M13,1771291829.0413516,0x18FF00F7,1,14 state
CLAMP15_STATUS M13,1771291829.0413516,0x18FF00F7,1,1 state
PRECHARGED M13,1771291829.0413516,0x18FF00F7,1,1 state
STATUS_ BIT_FLEX_IN_OUT_SIGNAL1 M13,1771291829.0413516,0x18FF00F7,1,3 state
STATUS_ BIT_FLEX_IN_OUT_SIGNAL2 M13,1771291829.0413516,0x18FF00F7,1,3 state
ERROR CODE  M13,1771291829.0413516,0x18FF00F7,1,0 state
ACT_DCBUSVOLTAGE M13,1771291829.0413516,0x18FF00F7,1,1.25 V
ACT_DCBUSPOWER M13,1771291829.0413516,0x18FF00F7,1,0.00 kw
ACT_DEVICETEMPERATURE M13,1771291829.0413516,0x18FF00F7,1,27.00 °C
ACT_INVERTERSTATUS A13,1771291829.0465498,0x18FF01F7,1,0 state
ACT_INVERTERREADY A13,1771291829.0465498,0x18FF01F7,1,0 state
ACT_ERRORSTATUS A13,1771291829.0465498,0x18FF01F7,1,0 state
ACT_SPEED A13,1771291829.0465498,0x18FF01F7,1,0.00 rpm
ACT_TORQUE A13,1771291829.0465498,0x18FF01F7,1,0.00 Nm
ACT_POWER A13,1771291829.0465498,0x18FF01F7,1,0.00 kw
ACT_MOTORTEMPERATURE A13,1771291829.0465498,0x18FF01F7,1,27.00 °C
ACT_INVERTERSTATUS B13,1771291829.0511665,0x18FF02F7,1,0 state
ACT_INVERTERREADY B13,1771291829.0511665,0x18FF02F7,1,0 state
ACT_ERRORSTATUS B13,1771291829.0511665,0x18FF02F7,1,0 state
ACT_SPEED B13,1771291829.0511665,0x18FF02F7,1,0.00 rpm
ACT_TORQUE B13,1771291829.0511665,0x18FF02F7,1,0.00 Nm
ACT_POWER B13,1771291829.0511665,0x18FF02F7,1,0.00 kw
ACT_MOTORTEMPERATURE B13,1771291829.0511665,0x18FF02F7,1,28.00 °C
DEVICESTATE M13,1771291829.1415384,0x18FF00F7,1,0 state
ERRORLAMP M13,1771291829.1415384,0x18FF00F7,1,0 state
DEVICENUMBER M13,1771291829.1415384,0x18FF00F7,1,14 state
CLAMP15_STATUS M13,1771291829.1415384,0x18FF00F7,1,1 state
PRECHARGED M13,1771291829.1415384,0x18FF00F7,1,1 state
STATUS_ BIT_FLEX_IN_OUT_SIGNAL1 M13,1771291829.1415384,0x18FF00F7,1,3 state
STATUS_ BIT_FLEX_IN_OUT_SIGNAL2 M13,1771291829.1415384,0x18FF00F7,1,3 state
ERROR CODE  M13,1771291829.1415384,0x18FF00F7,1,0 state
ACT_DCBUSVOLTAGE M13,1771291829.1415384,0x18FF00F7,1,1.25 V
ACT_DCBUSPOWER M13,1771291829.1415384,0x18FF00F7,1,0.00 kw
ACT_DEVICETEMPERATURE M13,1771291829.1415384,0x18FF00F7,1,27.00 °C
ACT_INVERTERSTATUS A13,1771291829.1464694,0x18FF01F7,1,0 state
ACT_INVERTERREADY A13,1771291829.1464694,0x18FF01F7,1,0 state
ACT_ERRORSTATUS A13,1771291829.1464694,0x18FF01F7,1,0 state
ACT_SPEED A13,1771291829.1464694,0x18FF01F7,1,0.00 rpm
ACT_TORQUE A13,1771291829.1464694,0x18FF01F7,1,0.00 Nm
ACT_POWER A13,1771291829.1464694,0x18FF01F7,1,0.00 kw
ACT_MOTORTEMPERATURE A13,1771291829.1464694,0x18FF01F7,1,27.00 °C
ACT_INVERTERSTATUS B13,1771291829.151263,0x18FF02F7,1,0 state
ACT_INVERTERREADY B13,1771291829.151263,0x18FF02F7,1,0 state
ACT_ERRORSTATUS B13,1771291829.151263,0x18FF02F7,1,0 state
ACT_SPEED B13,1771291829.151263,0x18FF02F7,1,0.00 rpm
ACT_TORQUE B13,1771291829.151263,0x18FF02F7,1,0.00 Nm
ACT_POWER B13,1771291829.151263,0x18FF02F7,1,0.00 kw
ACT_MOTORTEMPERATURE B13,1771291829.151263,0x18FF02F7,1,28.00 °C
DEVICESTATE M13,1771291829.2411072,0x18FF00F7,1,0 state
ERRORLAMP M13,1771291829.2411072,0x18FF00F7,1,0 state
DEVICENUMBER M13,1771291829.2411072,0x18FF00F7,1,14 state
CLAMP15_STATUS M13,1771291829.2411072,0x18FF00F7,1,1 state
PRECHARGED M13,1771291829.2411072,0x18FF00F7,1,1 state
STATUS_ BIT_FLEX_IN_OUT_SIGNAL1 M13,1771291829.2411072,0x18FF00F7,1,3 state
STATUS_ BIT_FLEX_IN_OUT_SIGNAL2 M13,1771291829.2411072,0x18FF00F7,1,3 state
ERROR CODE  M13,1771291829.2411072,0x18FF00F7,1,0 state
ACT_DCBUSVOLTAGE M13,1771291829.2411072,0x18FF00F7,1,1.25 V
ACT_DCBUSPOWER M13,1771291829.2411072,0x18FF00F7,1,0.00 kw
ACT_DEVICETEMPERATURE M13,1771291829.2411072,0x18FF00F7,1,27.00 °C
ACT_INVERTERSTATUS A13,1771291829.2462533,0x18FF01F7,1,0 state
ACT_INVERTERREADY A13,1771291829.2462533,0x18FF01F7,1,0 state
ACT_ERRORSTATUS A13,1771291829.2462533,0x18FF01F7,1,0 state
ACT_SPEED A13,1771291829.2462533,0x18FF01F7,1,0.00 rpm
ACT_TORQUE A13,1771291829.2462533,0x18FF01F7,1,0.00 Nm
ACT_POWER A13,1771291829.2462533,0x18FF01F7,1,0.00 kw
ACT_MOTORTEMPERATURE A13,1771291829.2462533,0x18FF01F7,1,27.00 °C
ACT_INVERTERSTATUS B13,1771291829.2511935,0x18FF02F7,1,0 state
ACT_INVERTERREADY B13,1771291829.2511935,0x18FF02F7,1,0 state
ACT_ERRORSTATUS B13,1771291829.2511935,0x18FF02F7,1,0 state
ACT_SPEED B13,1771291829.2511935,0x18FF02F7,1,0.00 rpm
ACT_TORQUE B13,1771291829.2511935,0x18FF02F7,1,0.00 Nm
ACT_POWER B13,1771291829.2511935,0x18FF02F7,1,0.00 kw
ACT_MOTORTEMPERATURE B13,1771291829.2511935,0x18FF02F7,1,28.00 °C
DEVICESTATE M13,1771291829.3413248,0x18FF00F7,1,0 state
ERRORLAMP M13,1771291829.3413248,0x18FF00F7,1,0 state
DEVICENUMBER M13,1771291829.3413248,0x18FF00F7,1,14 state
CLAMP15_STATUS M13,1771291829.3413248,0x18FF00F7,1,1 state
PRECHARGED M13,1771291829.3413248,0x18FF00F7,1,1 state
STATUS_ BIT_FLEX_IN_OUT_SIGNAL1 M13,1771291829.3413248,0x18FF00F7,1,3 state
STATUS_ BIT_FLEX_IN_OUT_SIGNAL2 M13,1771291829.3413248,0x18FF00F7,1,3 state
ERROR CODE  M13,1771291829.3413248,0x18FF00F7,1,0 state
ACT_DCBUSVOLTAGE M13,1771291829.3413248,0x18FF00F7,1,1.25 V
ACT_DCBUSPOWER M13,1771291829.3413248,0x18FF00F7,1,0.00 kw
ACT_DEVICETEMPERATURE M13,1771291829.3413248,0x18FF00F7,1,27.00 °C
ACT_INVERTERSTATUS A13,1771291829.3464105,0x18FF01F7,1,0 state
ACT_INVERTERREADY A13,1771291829.3464105,0x18FF01F7,1,0 state
ACT_ERRORSTATUS A13,1771291829.3464105,0x18FF01F7,1,0 state
ACT_SPEED A13,1771291829.3464105,0x18FF01F7,1,0.00 rpm
ACT_TORQUE A13,1771291829.3464105,0x18FF01F7,1,0.00 Nm
ACT_POWER A13,1771291829.3464105,0x18FF01F7,1,0.00 kw
ACT_MOTORTEMPERATURE A13,1771291829.3464105,0x18FF01F7,1,27.00 °C
ACT_INVERTERSTATUS B13,1771291829.3512492,0x18FF02F7,1,0 state
ACT_INVERTERREADY B13,1771291829.3512492,0x18FF02F7,1,0 state
ACT_ERRORSTATUS B13,1771291829.3512492,0x18FF02F7,1,0 state
ACT_SPEED B13,1771291829.3512492,0x18FF02F7,1,0.00 rpm
ACT_TORQUE B13,1771291829.3512492,0x18FF02F7,1,0.00 Nm
ACT_POWER B13,1771291829.3512492,0x18FF02F7,1,0.00 kw
ACT_MOTORTEMPERATURE B13,1771291829.3512492,0x18FF02F7,1,28.00 °C
DEVICESTATE M13,1771291829.4412541,0x18FF00F7,1,0 state
ERRORLAMP M13,1771291829.4412541,0x18FF00F7,1,0 state
DEVICENUMBER M13,1771291829.4412541,0x18FF00F7,1,14 state
CLAMP15_STATUS M13,1771291829.4412541,0x18FF00F7,1,1 state
PRECHARGED M13,1771291829.4412541,0x18FF00F7,1,1 state
STATUS_ BIT_FLEX_IN_OUT_SIGNAL1 M13,1771291829.4412541,0x18FF00F7,1,3 state
STATUS_ BIT_FLEX_IN_OUT_SIGNAL2 M13,1771291829.4412541,0x18FF00F7,1,3 state
ERROR CODE  M13,1771291829.4412541,0x18FF00F7,1,0 state
ACT_DCBUSVOLTAGE M13,1771291829.4412541,0x18FF00F7,1,1.25 V
ACT_DCBUSPOWER M13,1771291829.4412541,0x18FF00F7,1,0.00 kw
ACT_DEVICETEMPERATURE M13,1771291829.4412541,0x18FF00F7,1,27.00 °C
ACT_INVERTERSTATUS A13,1771291829.446288,0x18FF01F7,1,0 state
ACT_INVERTERREADY A13,1771291829.446288,0x18FF01F7,1,0 state
ACT_ERRORSTATUS A13,1771291829.446288,0x18FF01F7,1,0 state
ACT_SPEED A13,1771291829.446288,0x18FF01F7,1,0.00 rpm
ACT_TORQUE A13,1771291829.446288,0x18FF01F7,1,0.00 Nm
ACT_POWER A13,1771291829.446288,0x18FF01F7,1,0.00 kw
ACT_MOTORTEMPERATURE A13,1771291829.446288,0x18FF01F7,1,27.00 °C
ACT_INVERTERSTATUS B13,1771291829.4511878,0x18FF02F7,1,0 state
ACT_INVERTERREADY B13,1771291829.4511878,0x18FF02F7,1,0 state
ACT_ERRORSTATUS B13,1771291829.4511878,0x18FF02F7,1,0 state
ACT_SPEED B13,1771291829.4511878,0x18FF02F7,1,0.00 rpm
ACT_TORQUE B13,1771291829.4511878,0x18FF02F7,1,0.00 Nm
ACT_POWER B13,1771291829.4511878,0x18FF02F7,1,0.00 kw
ACT_MOTORTEMPERATURE B13,1771291829.4511878,0x18FF02F7,1,28.00 °C
DEVICESTATE M13,1771291829.5410933,0x18FF00F7,1,0 state
ERRORLAMP M13,1771291829.5410933,0x18FF00F7,1,0 state
DEVICENUMBER M13,1771291829.5410933,0x18FF00F7,1,14 state
CLAMP15_STATUS M13,1771291829.5410933,0x18FF00F7,1,1 state
PRECHARGED M13,1771291829.5410933,0x18FF00F7,1,1 state
STATUS_ BIT_FLEX_IN_OUT_SIGNAL1 M13,1771291829.5410933,0x18FF00F7,1,3 state
STATUS_ BIT_FLEX_IN_OUT_SIGNAL2 M13,1771291829.5410933,0x18FF00F7,1,3 state
ERROR CODE  M13,1771291829.5410933,0x18FF00F7,1,0 state
ACT_DCBUSVOLTAGE M13,1771291829.5410933,0x18FF00F7,1,1.25 V
ACT_DCBUSPOWER M13,1771291829.5410933,0x18FF00F7,1,0.00 kw
ACT_DEVICETEMPERATURE M13,1771291829.5410933,0x18FF00F7,1,27.00 °C
ACT_INVERTERSTATUS A13,1771291829.546095,0x18FF01F7,1,0 state
ACT_INVERTERREADY A13,1771291829.546095,0x18FF01F7,1,0 state
ACT_ERRORSTATUS A13,1771291829.546095,0x18FF01F7,1,0 state
ACT_SPEED A13,1771291829.546095,0x18FF01F7,1,0.00 rpm
ACT_TORQUE A13,1771291829.546095,0x18FF01F7,1,0.00 Nm
ACT_POWER A13,1771291829.546095,0x18FF01F7,1,0.00 kw
ACT_MOTORTEMPERATURE A13,1771291829.546095,0x18FF01F7,1,27.00 °C
ACT_INVERTERSTATUS B13,1771291829.55112,0x18FF02F7,1,0 state
ACT_INVERTERREADY B13,1771291829.55112,0x18FF02F7,1,0 state
ACT_ERRORSTATUS B13,1771291829.55112,0x18FF02F7,1,0 state
ACT_SPEED B13,1771291829.55112,0x18FF02F7,1,0.00 rpm
ACT_TORQUE B13,1771291829.55112,0x18FF02F7,1,0.00 Nm
ACT_POWER B13,1771291829.55112,0x18FF02F7,1,0.00 kw
ACT_MOTORTEMPERATURE B13,1771291829.55112,0x18FF02F7,1,28.00 °C
DEVICESTATE M13,1771291829.6413639,0x18FF00F7,1,0 state
ERRORLAMP M13,1771291829.6413639,0x18FF00F7,1,0 state
DEVICENUMBER M13,1771291829.6413639,0x18FF00F7,1,14 state
CLAMP15_STATUS M13,1771291829.6413639,0x18FF00F7,1,1 state
PRECHARGED M13,1771291829.6413639,0x18FF00F7,1,1 state
STATUS_ BIT_FLEX_IN_OUT_SIGNAL1 M13,1771291829.6413639,0x18FF00F7,1,3 state
STATUS_ BIT_FLEX_IN_OUT_SIGNAL2 M13,1771291829.6413639,0x18FF00F7,1,3 state
ERROR CODE  M13,1771291829.6413639,0x18FF00F7,1,0 state
ACT_DCBUSVOLTAGE M13,1771291829.6413639,0x18FF00F7,1,1.25 V
ACT_DCBUSPOWER M13,1771291829.6413639,0x18FF00F7,1,0.00 kw
ACT_DEVICETEMPERATURE M13,1771291829.6413639,0x18FF00F7,1,27.00 °C
ACT_INVERTERSTATUS A13,1771291829.6464007,0x18FF01F7,1,0 state
ACT_INVERTERREADY A13,1771291829.6464007,0x18FF01F7,1,0 state
ACT_ERRORSTATUS A13,1771291829.6464007,0x18FF01F7,1,0 state
ACT_SPEED A13,1771291829.6464007,0x18FF01F7,1,0.00 rpm
ACT_TORQUE A13,1771291829.6464007,0x18FF01F7,1,0.00 Nm
ACT_POWER A13,1771291829.6464007,0x18FF01F7,1,0.00 kw
ACT_MOTORTEMPERATURE A13,1771291829.6464007,0x18FF01F7,1,27.00 °C
ACT_INVERTERSTATUS B13,1771291829.6511533,0x18FF02F7,1,0 state
ACT_INVERTERREADY B13,1771291829.6511533,0x18FF02F7,1,0 state
ACT_ERRORSTATUS B13,1771291829.6511533,0x18FF02F7,1,0 state
ACT_SPEED B13,1771291829.6511533,0x18FF02F7,1,0.00 rpm
ACT_TORQUE B13,1771291829.6511533,0x18FF02F7,1,0.00 Nm
ACT_POWER B13,1771291829.6511533,0x18FF02F7,1,0.00 kw
ACT_MOTORTEMPERATURE B13,1771291829.6511533,0x18FF02F7,1,28.00 °C
DEVICESTATE M13,1771291829.7413008,0x18FF00F7,1,0 state
ERRORLAMP M13,1771291829.7413008,0x18FF00F7,1,0 state
DEVICENUMBER M13,1771291829.7413008,0x18FF00F7,1,14 state
CLAMP15_STATUS M13,1771291829.7413008,0x18FF00F7,1,1 state
PRECHARGED M13,1771291829.7413008,0x18FF00F7,1,1 state
STATUS_ BIT_FLEX_IN_OUT_SIGNAL1 M13,1771291829.7413008,0x18FF00F7,1,3 state
STATUS_ BIT_FLEX_IN_OUT_SIGNAL2 M13,1771291829.7413008,0x18FF00F7,1,3 state
ERROR CODE  M13,1771291829.7413008,0x18FF00F7,1,0 state
ACT_DCBUSVOLTAGE M13,1771291829.7413008,0x18FF00F7,1,1.25 V
ACT_DCBUSPOWER M13,1771291829.7413008,0x18FF00F7,1,0.00 kw
ACT_DEVICETEMPERATURE M13,1771291829.7413008,0x18FF00F7,1,27.00 °C
ACT_INVERTERSTATUS A13,1771291829.746265,0x18FF01F7,1,0 state
ACT_INVERTERREADY A13,1771291829.746265,0x18FF01F7,1,0 state
ACT_ERRORSTATUS A13,1771291829.746265,0x18FF01F7,1,0 state
ACT_SPEED A13,1771291829.746265,0x18FF01F7,1,0.00 rpm
ACT_TORQUE A13,1771291829.746265,0x18FF01F7,1,0.00 Nm
ACT_POWER A13,1771291829.746265,0x18FF01F7,1,0.00 kw
ACT_MOTORTEMPERATURE A13,1771291829.746265,0x18FF01F7,1,27.00 °C
ACT_INVERTERSTATUS B13,1771291829.7512326,0x18FF02F7,1,0 state
ACT_INVERTERREADY B13,1771291829.7512326,0x18FF02F7,1,0 state
ACT_ERRORSTATUS B13,1771291829.7512326,0x18FF02F7,1,0 state
ACT_SPEED B13,1771291829.7512326,0x18FF02F7,1,0.00 rpm
ACT_TORQUE B13,1771291829.7512326,0x18FF02F7,1,0.00 Nm
ACT_POWER B13,1771291829.7512326,0x18FF02F7,1,0.00 kw
ACT_MOTORTEMPERATURE B13,1771291829.7512326,0x18FF02F7,1,28.00 °C
DEVICESTATE M13,1771291829.8412132,0x18FF00F7,1,0 state
ERRORLAMP M13,1771291829.8412132,0x18FF00F7,1,0 state
DEVICENUMBER M13,1771291829.8412132,0x18FF00F7,1,14 state
CLAMP15_STATUS M13,1771291829.8412132,0x18FF00F7,1,1 state
PRECHARGED M13,1771291829.8412132,0x18FF00F7,1,1 state
STATUS_ BIT_FLEX_IN_OUT_SIGNAL1 M13,1771291829.8412132,0x18FF00F7,1,3 state
STATUS_ BIT_FLEX_IN_OUT_SIGNAL2 M13,1771291829.8412132,0x18FF00F7,1,3 state
ERROR CODE  M13,1771291829.8412132,0x18FF00F7,1,0 state
ACT_DCBUSVOLTAGE M13,1771291829.8412132,0x18FF00F7,1,1.25 V
ACT_DCBUSPOWER M13,1771291829.8412132,0x18FF00F7,1,0.00 kw
ACT_DEVICETEMPERATURE M13,1771291829.8412132,0x18FF00F7,1,27.00 °C
ACT_INVERTERSTATUS A13,1771291829.8464763,0x18FF01F7,1,0 state
ACT_INVERTERREADY A13,1771291829.8464763,0x18FF01F7,1,0 state
ACT_ERRORSTATUS A13,1771291829.8464763,0x18FF01F7,1,0 state
ACT_SPEED A13,1771291829.8464763,0x18FF01F7,1,0.00 rpm
ACT_TORQUE A13,1771291829.8464763,0x18FF01F7,1,0.00 Nm
ACT_POWER A13,1771291829.8464763,0x18FF01F7,1,0.00 kw
ACT_MOTORTEMPERATURE A13,1771291829.8464763,0x18FF01F7,1,27.00 °C
ACT_INVERTERSTATUS B13,1771291829.8510432,0x18FF02F7,1,0 state
ACT_INVERTERREADY B13,1771291829.8510432,0x18FF02F7,1,0 state
ACT_ERRORSTATUS B13,1771291829.8510432,0x18FF02F7,1,0 state
ACT_SPEED B13,1771291829.8510432,0x18FF02F7,1,0.00 rpm
ACT_TORQUE B13,1771291829.8510432,0x18FF02F7,1,0.00 Nm
ACT_POWER B13,1771291829.8510432,0x18FF02F7,1,0.00 kw
ACT_MOTORTEMPERATURE B13,1771291829.8510432,0x18FF02F7,1,28.00 °C
DEVICESTATE M13,1771291829.9413388,0x18FF00F7,1,0 state
ERRORLAMP M13,1771291829.9413388,0x18FF00F7,1,0 state
DEVICENUMBER M13,1771291829.9413388,0x18FF00F7,1,14 state
CLAMP15_STATUS M13,1771291829.9413388,0x18FF00F7,1,1 state
PRECHARGED M13,1771291829.9413388,0x18FF00F7,1,1 state
STATUS_ BIT_FLEX_IN_OUT_SIGNAL1 M13,1771291829.9413388,0x18FF00F7,1,3 state
STATUS_ BIT_FLEX_IN_OUT_SIGNAL2 M13,1771291829.9413388,0x18FF00F7,1,3 state
ERROR CODE  M13,1771291829.9413388,0x18FF00F7,1,0 state
ACT_DCBUSVOLTAGE M13,1771291829.9413388,0x18FF00F7,1,1.25 V
ACT_DCBUSPOWER M13,1771291829.9413388,0x18FF00F7,1,0.00 kw
ACT_DEVICETEMPERATURE M13,1771291829.9413388,0x18FF00F7,1,27.00 °C
ACT_INVERTERSTATUS A13,1771291829.9461474,0x18FF01F7,1,0 state
ACT_INVERTERREADY A13,1771291829.9461474,0x18FF01F7,1,0 state
ACT_ERRORSTATUS A13,1771291829.9461474,0x18FF01F7,1,0 state
ACT_SPEED A13,1771291829.9461474,0x18FF01F7,1,0.00 rpm
ACT_TORQUE A13,1771291829.9461474,0x18FF01F7,1,0.00 Nm
ACT_POWER A13,1771291829.9461474,0x18FF01F7,1,0.00 kw
ACT_MOTORTEMPERATURE A13,1771291829.9461474,0x18FF01F7,1,27.00 °C
ACT_INVERTERSTATUS B13,1771291829.9511786,0x18FF02F7,1,0 state
ACT_INVERTERREADY B13,1771291829.9511786,0x18FF02F7,1,0 state
ACT_ERRORSTATUS B13,1771291829.9511786,0x18FF02F7,1,0 state
ACT_SPEED B13,1771291829.9511786,0x18FF02F7,1,0.00 rpm
ACT_TORQUE B13,1771291829.9511786,0x18FF02F7,1,0.00 Nm
ACT_POWER B13,1771291829.9511786,0x18FF02F7,1,0.00 kw
ACT_MOTORTEMPERATURE B13,1771291829.9511786,0x18FF02F7,1,28.00 °C
DEVICESTATE M13,1771291830.0411417,0x18FF00F7,1,0 state
ERRORLAMP M13,1771291830.0411417,0x18FF00F7,1,0 state
DEVICENUMBER M13,1771291830.0411417,0x18FF00F7,1,14 state
CLAMP15_STATUS M13,1771291830.0411417,0x18FF00F7,1,1 state
PRECHARGED M13,1771291830.0411417,0x18FF00F7,1,1 state
STATUS_ BIT_FLEX_IN_OUT_SIGNAL1 M13,1771291830.0411417,0x18FF00F7,1,3 state
STATUS_ BIT_FLEX_IN_OUT_SIGNAL2 M13,1771291830.0411417,0x18FF00F7,1,3 state
ERROR CODE  M13,1771291830.0411417,0x18FF00F7,1,0 state
ACT_DCBUSVOLTAGE M13,1771291830.0411417,0x18FF00F7,1,1.25 V
ACT_DCBUSPOWER M13,1771291830.0411417,0x18FF00F7,1,0.00 kw
ACT_DEVICETEMPERATURE M13,1771291830.0411417,0x18FF00F7,1,27.00 °C
ACT_INVERTERSTATUS A13,1771291830.046302,0x18FF01F7,1,0 state
ACT_INVERTERREADY A13,1771291830.046302,0x18FF01F7,1,0 state
ACT_ERRORSTATUS A13,1771291830.046302,0x18FF01F7,1,0 state
ACT_SPEED A13,1771291830.046302,0x18FF01F7,1,0.00 rpm
ACT_TORQUE A13,1771291830.046302,0x18FF01F7,1,0.00 Nm
ACT_POWER A13,1771291830.046302,0x18FF01F7,1,0.00 kw
ACT_MOTORTEMPERATURE A13,1771291830.046302,0x18FF01F7,1,26.00 °C
ACT_INVERTERSTATUS B13,1771291830.0512886,0x18FF02F7,1,0 state
ACT_INVERTERREADY B13,1771291830.0512886,0x18FF02F7,1,0 state
ACT_ERRORSTATUS B13,1771291830.0512886,0x18FF02F7,1,0 state
ACT_SPEED B13,1771291830.0512886,0x18FF02F7,1,0.00 rpm
ACT_TORQUE B13,1771291830.0512886,0x18FF02F7,1,0.00 Nm
ACT_POWER B13,1771291830.0512886,0x18FF02F7,1,0.00 kw
ACT_MOTORTEMPERATURE B13,1771291830.0512886,0x18FF02F7,1,28.00 °C
DEVICESTATE M13,1771291830.1412523,0x18FF00F7,1,0 state
ERRORLAMP M13,1771291830.1412523,0x18FF00F7,1,0 state
DEVICENUMBER M13,1771291830.1412523,0x18FF00F7,1,14 state
CLAMP15_STATUS M13,1771291830.1412523,0x18FF00F7,1,1 state
PRECHARGED M13,1771291830.1412523,0x18FF00F7,1,1 state
STATUS_ BIT_FLEX_IN_OUT_SIGNAL1 M13,1771291830.1412523,0x18FF00F7,1,3 state
STATUS_ BIT_FLEX_IN_OUT_SIGNAL2 M13,1771291830.1412523,0x18FF00F7,1,3 state
ERROR CODE  M13,1771291830.1412523,0x18FF00F7,1,0 state
ACT_DCBUSVOLTAGE M13,1771291830.1412523,0x18FF00F7,1,1.25 V
ACT_DCBUSPOWER M13,1771291830.1412523,0x18FF00F7,1,0.00 kw
ACT_DEVICETEMPERATURE M13,1771291830.1412523,0x18FF00F7,1,27.00 °C
ACT_INVERTERSTATUS A13,1771291830.1464193,0x18FF01F7,1,0 state
ACT_INVERTERREADY A13,1771291830.1464193,0x18FF01F7,1,0 state
ACT_ERRORSTATUS A13,1771291830.1464193,0x18FF01F7,1,0 state
ACT_SPEED A13,1771291830.1464193,0x18FF01F7,1,0.00 rpm
ACT_TORQUE A13,1771291830.1464193,0x18FF01F7,1,0.00 Nm
ACT_POWER A13,1771291830.1464193,0x18FF01F7,1,0.00 kw
ACT_MOTORTEMPERATURE A13,1771291830.1464193,0x18FF01F7,1,27.00 °C
ACT_INVERTERSTATUS B13,1771291830.151188,0x18FF02F7,1,0 state
ACT_INVERTERREADY B13,1771291830.151188,0x18FF02F7,1,0 state
ACT_ERRORSTATUS B13,1771291830.151188,0x18FF02F7,1,0 state
ACT_SPEED B13,1771291830.151188,0x18FF02F7,1,0.00 rpm
ACT_TORQUE B13,1771291830.151188,0x18FF02F7,1,0.00 Nm
ACT_POWER B13,1771291830.151188,0x18FF02F7,1,0.00 kw
ACT_MOTORTEMPERATURE B13,1771291830.151188,0x18FF02F7,1,28.00 °C
DEVICESTATE M13,1771291830.2411296,0x18FF00F7,1,0 state
ERRORLAMP M13,1771291830.2411296,0x18FF00F7,1,0 state
DEVICENUMBER M13,1771291830.2411296,0x18FF00F7,1,14 state
CLAMP15_STATUS M13,1771291830.2411296,0x18FF00F7,1,1 state
PRECHARGED M13,1771291830.2411296,0x18FF00F7,1,1 state
STATUS_ BIT_FLEX_IN_OUT_SIGNAL1 M13,1771291830.2411296,0x18FF00F7,1,3 state
STATUS_ BIT_FLEX_IN_OUT_SIGNAL2 M13,1771291830.2411296,0x18FF00F7,1,3 state
ERROR CODE  M13,1771291830.2411296,0x18FF00F7,1,0 state
ACT_DCBUSVOLTAGE M13,1771291830.2411296,0x18FF00F7,1,1.25 V
ACT_DCBUSPOWER M13,1771291830.2411296,0x18FF00F7,1,0.00 kw
ACT_DEVICETEMPERATURE M13,1771291830.2411296,0x18FF00F7,1,27.00 °C
ACT_INVERTERSTATUS A13,1771291830.2462478,0x18FF01F7,1,0 state
ACT_INVERTERREADY A13,1771291830.2462478,0x18FF01F7,1,0 state
ACT_ERRORSTATUS A13,1771291830.2462478,0x18FF01F7,1,0 state
ACT_SPEED A13,1771291830.2462478,0x18FF01F7,1,0.00 rpm
ACT_TORQUE A13,1771291830.2462478,0x18FF01F7,1,0.00 Nm
ACT_POWER A13,1771291830.2462478,0x18FF01F7,1,0.00 kw
ACT_MOTORTEMPERATURE A13,1771291830.2462478,0x18FF01F7,1,27.00 °C
ACT_INVERTERSTATUS B13,1771291830.251205,0x18FF02F7,1,0 state
ACT_INVERTERREADY B13,1771291830.251205,0x18FF02F7,1,0 state
ACT_ERRORSTATUS B13,1771291830.251205,0x18FF02F7,1,0 state
ACT_SPEED B13,1771291830.251205,0x18FF02F7,1,0.00 rpm
ACT_TORQUE B13,1771291830.251205,0x18FF02F7,1,0.00 Nm
ACT_POWER B13,1771291830.251205,0x18FF02F7,1,0.00 kw
ACT_MOTORTEMPERATURE B13,1771291830.251205,0x18FF02F7,1,28.00 °C
DEVICESTATE M13,1771291830.341333,0x18FF00F7,1,0 state
ERRORLAMP M13,1771291830.341333,0x18FF00F7,1,0 state
DEVICENUMBER M13,1771291830.341333,0x18FF00F7,1,14 state
CLAMP15_STATUS M13,1771291830.341333,0x18FF00F7,1,1 state
PRECHARGED M13,1771291830.341333,0x18FF00F7,1,1 state
STATUS_ BIT_FLEX_IN_OUT_SIGNAL1 M13,1771291830.341333,0x18FF00F7,1,3 state
STATUS_ BIT_FLEX_IN_OUT_SIGNAL2 M13,1771291830.341333,0x18FF00F7,1,3 state
ERROR CODE  M13,1771291830.341333,0x18FF00F7,1,0 state
ACT_DCBUSVOLTAGE M13,1771291830.341333,0x18FF00F7,1,1.25 V
ACT_DCBUSPOWER M13,1771291830.341333,0x18FF00F7,1,0.00 kw
ACT_DEVICETEMPERATURE M13,1771291830.341333,0x18FF00F7,1,27.00 °C
ACT_INVERTERSTATUS A13,1771291830.3462462,0x18FF01F7,1,0 state
ACT_INVERTERREADY A13,1771291830.3462462,0x18FF01F7,1,0 state
ACT_ERRORSTATUS A13,1771291830.3462462,0x18FF01F7,1,0 state
ACT_SPEED A13,1771291830.3462462,0x18FF01F7,1,0.00 rpm
ACT_TORQUE A13,1771291830.3462462,0x18FF01F7,1,0.00 Nm
ACT_POWER A13,1771291830.3462462,0x18FF01F7,1,0.00 kw
ACT_MOTORTEMPERATURE A13,1771291830.3462462,0x18FF01F7,1,27.00 °C
ACT_INVERTERSTATUS B13,1771291830.3511808,0x18FF02F7,1,0 state
ACT_INVERTERREADY B13,1771291830.3511808,0x18FF02F7,1,0 state
ACT_ERRORSTATUS B13,1771291830.3511808,0x18FF02F7,1,0 state
ACT_SPEED B13,1771291830.3511808,0x18FF02F7,1,0.00 rpm
ACT_TORQUE B13,1771291830.3511808,0x18FF02F7,1,0.00 Nm
ACT_POWER B13,1771291830.3511808,0x18FF02F7,1,0.00 kw
ACT_MOTORTEMPERATURE B13,1771291830.3511808,0x18FF02F7,1,28.00 °C
DEVICESTATE M13,1771291830.4411259,0x18FF00F7,1,0 state
ERRORLAMP M13,1771291830.4411259,0x18FF00F7,1,0 state
DEVICENUMBER M13,1771291830.4411259,0x18FF00F7,1,14 state
CLAMP15_STATUS M13,1771291830.4411259,0x18FF00F7,1,1 state
PRECHARGED M13,1771291830.4411259,0x18FF00F7,1,1 state
STATUS_ BIT_FLEX_IN_OUT_SIGNAL1 M13,1771291830.4411259,0x18FF00F7,1,3 state
STATUS_ BIT_FLEX_IN_OUT_SIGNAL2 M13,1771291830.4411259,0x18FF00F7,1,3 state
ERROR CODE  M13,1771291830.4411259,0x18FF00F7,1,0 state
ACT_DCBUSVOLTAGE M13,1771291830.4411259,0x18FF00F7,1,1.25 V
ACT_DCBUSPOWER M13,1771291830.4411259,0x18FF00F7,1,0.00 kw
ACT_DEVICETEMPERATURE M13,1771291830.4411259,0x18FF00F7,1,27.00 °C
ACT_INVERTERSTATUS A13,1771291830.4461813,0x18FF01F7,1,0 state
ACT_INVERTERREADY A13,1771291830.4461813,0x18FF01F7,1,0 state
ACT_ERRORSTATUS A13,1771291830.4461813,0x18FF01F7,1,0 state
ACT_SPEED A13,1771291830.4461813,0x18FF01F7,1,0.00 rpm
ACT_TORQUE A13,1771291830.4461813,0x18FF01F7,1,0.00 Nm
ACT_POWER A13,1771291830.4461813,0x18FF01F7,1,0.00 kw
ACT_MOTORTEMPERATURE A13,1771291830.4461813,0x18FF01F7,1,27.00 °C
ACT_INVERTERSTATUS B13,1771291830.4511757,0x18FF02F7,1,0 state
ACT_INVERTERREADY B13,1771291830.4511757,0x18FF02F7,1,0 state
ACT_ERRORSTATUS B13,1771291830.4511757,0x18FF02F7,1,0 state
ACT_SPEED B13,1771291830.4511757,0x18FF02F7,1,0.00 rpm
ACT_TORQUE B13,1771291830.4511757,0x18FF02F7,1,0.00 Nm
ACT_POWER B13,1771291830.4511757,0x18FF02F7,1,0.00 kw
ACT_MOTORTEMPERATURE B13,1771291830.4511757,0x18FF02F7,1,28.00 °C
DEVICESTATE M13,1771291830.5410793,0x18FF00F7,1,0 state
ERRORLAMP M13,1771291830.5410793,0x18FF00F7,1,0 state
DEVICENUMBER M13,1771291830.5410793,0x18FF00F7,1,14 state
CLAMP15_STATUS M13,1771291830.5410793,0x18FF00F7,1,1 state
PRECHARGED M13,1771291830.5410793,0x18FF00F7,1,1 state
STATUS_ BIT_FLEX_IN_OUT_SIGNAL1 M13,1771291830.5410793,0x18FF00F7,1,3 state
STATUS_ BIT_FLEX_IN_OUT_SIGNAL2 M13,1771291830.5410793,0x18FF00F7,1,3 state
ERROR CODE  M13,1771291830.5410793,0x18FF00F7,1,0 state
ACT_DCBUSVOLTAGE M13,1771291830.5410793,0x18FF00F7,1,1.25 V
ACT_DCBUSPOWER M13,1771291830.5410793,0x18FF00F7,1,0.00 kw
ACT_DEVICETEMPERATURE M13,1771291830.5410793,0x18FF00F7,1,27.00 °C
ACT_INVERTERSTATUS A13,1771291830.5459154,0x18FF01F7,1,0 state
ACT_INVERTERREADY A13,1771291830.5459154,0x18FF01F7,1,0 state
ACT_ERRORSTATUS A13,1771291830.5459154,0x18FF01F7,1,0 state
ACT_SPEED A13,1771291830.5459154,0x18FF01F7,1,0.00 rpm
ACT_TORQUE A13,1771291830.5459154,0x18FF01F7,1,0.00 Nm
ACT_POWER A13,1771291830.5459154,0x18FF01F7,1,0.00 kw
ACT_MOTORTEMPERATURE A13,1771291830.5459154,0x18FF01F7,1,27.00 °C
ACT_INVERTERSTATUS B13,1771291830.551147,0x18FF02F7,1,0 state
ACT_INVERTERREADY B13,1771291830.551147,0x18FF02F7,1,0 state
ACT_ERRORSTATUS B13,1771291830.551147,0x18FF02F7,1,0 state
ACT_SPEED B13,1771291830.551147,0x18FF02F7,1,0.00 rpm
ACT_TORQUE B13,1771291830.551147,0x18FF02F7,1,0.00 Nm
ACT_POWER B13,1771291830.551147,0x18FF02F7,1,0.00 kw
ACT_MOTORTEMPERATURE B13,1771291830.551147,0x18FF02F7,1,28.00 °C
DEVICESTATE M13,1771291830.641223,0x18FF00F7,1,0 state
ERRORLAMP M13,1771291830.641223,0x18FF00F7,1,0 state
DEVICENUMBER M13,1771291830.641223,0x18FF00F7,1,14 state
CLAMP15_STATUS M13,1771291830.641223,0x18FF00F7,1,1 state
PRECHARGED M13,1771291830.641223,0x18FF00F7,1,1 state
STATUS_ BIT_FLEX_IN_OUT_SIGNAL1 M13,1771291830.641223,0x18FF00F7,1,3 state
STATUS_ BIT_FLEX_IN_OUT_SIGNAL2 M13,1771291830.641223,0x18FF00F7,1,3 state
ERROR CODE  M13,1771291830.641223,0x18FF00F7,1,0 state
ACT_DCBUSVOLTAGE M13,1771291830.641223,0x18FF00F7,1,1.25 V
ACT_DCBUSPOWER M13,1771291830.641223,0x18FF00F7,1,0.00 kw
ACT_DEVICETEMPERATURE M13,1771291830.641223,0x18FF00F7,1,27.00 °C
ACT_INVERTERSTATUS A13,1771291830.646431,0x18FF01F7,1,0 state
ACT_INVERTERREADY A13,1771291830.646431,0x18FF01F7,1,0 state
ACT_ERRORSTATUS A13,1771291830.646431,0x18FF01F7,1,0 state
ACT_SPEED A13,1771291830.646431,0x18FF01F7,1,0.00 rpm
ACT_TORQUE A13,1771291830.646431,0x18FF01F7,1,0.00 Nm
ACT_POWER A13,1771291830.646431,0x18FF01F7,1,0.00 kw
ACT_MOTORTEMPERATURE A13,1771291830.646431,0x18FF01F7,1,27.00 °C
ACT_INVERTERSTATUS B13,1771291830.6512363,0x18FF02F7,1,0 state
ACT_INVERTERREADY B13,1771291830.6512363,0x18FF02F7,1,0 state
ACT_ERRORSTATUS B13,1771291830.6512363,0x18FF02F7,1,0 state
ACT_SPEED B13,1771291830.6512363,0x18FF02F7,1,0.00 rpm
ACT_TORQUE B13,1771291830.6512363,0x18FF02F7,1,0.00 Nm
ACT_POWER B13,1771291830.6512363,0x18FF02F7,1,0.00 kw
ACT_MOTORTEMPERATURE B13,1771291830.6512363,0x18FF02F7,1,28.00 °C
DEVICESTATE M13,1771291830.7413957,0x18FF00F7,1,0 state
ERRORLAMP M13,1771291830.7413957,0x18FF00F7,1,0 state
DEVICENUMBER M13,1771291830.7413957,0x18FF00F7,1,14 state
CLAMP15_STATUS M13,1771291830.7413957,0x18FF00F7,1,1 state
PRECHARGED M13,1771291830.7413957,0x18FF00F7,1,1 state
STATUS_ BIT_FLEX_IN_OUT_SIGNAL1 M13,1771291830.7413957,0x18FF00F7,1,3 state
STATUS_ BIT_FLEX_IN_OUT_SIGNAL2 M13,1771291830.7413957,0x18FF00F7,1,3 state
ERROR CODE  M13,1771291830.7413957,0x18FF00F7,1,0 state
ACT_DCBUSVOLTAGE M13,1771291830.7413957,0x18FF00F7,1,1.25 V
ACT_DCBUSPOWER M13,1771291830.7413957,0x18FF00F7,1,0.00 kw
ACT_DEVICETEMPERATURE M13,1771291830.7413957,0x18FF00F7,1,27.00 °C
ACT_INVERTERSTATUS A13,1771291830.7465298,0x18FF01F7,1,0 state
ACT_INVERTERREADY A13,1771291830.7465298,0x18FF01F7,1,0 state
ACT_ERRORSTATUS A13,1771291830.7465298,0x18FF01F7,1,0 state
ACT_SPEED A13,1771291830.7465298,0x18FF01F7,1,0.00 rpm
ACT_TORQUE A13,1771291830.7465298,0x18FF01F7,1,0.00 Nm
ACT_POWER A13,1771291830.7465298,0x18FF01F7,1,0.00 kw
ACT_MOTORTEMPERATURE A13,1771291830.7465298,0x18FF01F7,1,27.00 °C
ACT_INVERTERSTATUS B13,1771291830.7510192,0x18FF02F7,1,0 state
ACT_INVERTERREADY B13,1771291830.7510192,0x18FF02F7,1,0 state
ACT_ERRORSTATUS B13,1771291830.7510192,0x18FF02F7,1,0 state
ACT_SPEED B13,1771291830.7510192,0x18FF02F7,1,0.00 rpm
ACT_TORQUE B13,1771291830.7510192,0x18FF02F7,1,0.00 Nm
ACT_POWER B13,1771291830.7510192,0x18FF02F7,1,0.00 kw
ACT_MOTORTEMPERATURE B13,1771291830.7510192,0x18FF02F7,1,28.00 °C
DEVICESTATE M13,1771291830.8411129,0x18FF00F7,1,0 state
ERRORLAMP M13,1771291830.8411129,0x18FF00F7,1,0 state
DEVICENUMBER M13,1771291830.8411129,0x18FF00F7,1,14 state
CLAMP15_STATUS M13,1771291830.8411129,0x18FF00F7,1,1 state
PRECHARGED M13,1771291830.8411129,0x18FF00F7,1,1 state
STATUS_ BIT_FLEX_IN_OUT_SIGNAL1 M13,1771291830.8411129,0x18FF00F7,1,3 state
STATUS_ BIT_FLEX_IN_OUT_SIGNAL2 M13,1771291830.8411129,0x18FF00F7,1,3 state
ERROR CODE  M13,1771291830.8411129,0x18FF00F7,1,0 state
ACT_DCBUSVOLTAGE M13,1771291830.8411129,0x18FF00F7,1,1.25 V
ACT_DCBUSPOWER M13,1771291830.8411129,0x18FF00F7,1,0.00 kw
ACT_DEVICETEMPERATURE M13,1771291830.8411129,0x18FF00F7,1,27.00 °C
ACT_INVERTERSTATUS A13,1771291830.8462162,0x18FF01F7,1,0 state
ACT_INVERTERREADY A13,1771291830.8462162,0x18FF01F7,1,0 state
ACT_ERRORSTATUS A13,1771291830.8462162,0x18FF01F7,1,0 state
ACT_SPEED A13,1771291830.8462162,0x18FF01F7,1,0.00 rpm
ACT_TORQUE A13,1771291830.8462162,0x18FF01F7,1,0.00 Nm
ACT_POWER A13,1771291830.8462162,0x18FF01F7,1,0.00 kw
ACT_MOTORTEMPERATURE A13,1771291830.8462162,0x18FF01F7,1,27.00 °C
ACT_INVERTERSTATUS B13,1771291830.8512025,0x18FF02F7,1,0 state
ACT_INVERTERREADY B13,1771291830.8512025,0x18FF02F7,1,0 state
ACT_ERRORSTATUS B13,1771291830.8512025,0x18FF02F7,1,0 state
ACT_SPEED B13,1771291830.8512025,0x18FF02F7,1,0.00 rpm
ACT_TORQUE B13,1771291830.8512025,0x18FF02F7,1,0.00 Nm
ACT_POWER B13,1771291830.8512025,0x18FF02F7,1,0.00 kw
ACT_MOTORTEMPERATURE B13,1771291830.8512025,0x18FF02F7,1,28.00 °C
DEVICESTATE M13,1771291830.9411373,0x18FF00F7,1,0 state
ERRORLAMP M13,1771291830.9411373,0x18FF00F7,1,0 state
DEVICENUMBER M13,1771291830.9411373,0x18FF00F7,1,14 state
CLAMP15_STATUS M13,1771291830.9411373,0x18FF00F7,1,1 state
PRECHARGED M13,1771291830.9411373,0x18FF00F7,1,1 state
STATUS_ BIT_FLEX_IN_OUT_SIGNAL1 M13,1771291830.9411373,0x18FF00F7,1,3 state
STATUS_ BIT_FLEX_IN_OUT_SIGNAL2 M13,1771291830.9411373,0x18FF00F7,1,3 state
ERROR CODE  M13,1771291830.9411373,0x18FF00F7,1,0 state
ACT_DCBUSVOLTAGE M13,1771291830.9411373,0x18FF00F7,1,1.25 V
ACT_DCBUSPOWER M13,1771291830.9411373,0x18FF00F7,1,0.00 kw
ACT_DEVICETEMPERATURE M13,1771291830.9411373,0x18FF00F7,1,27.00 °C
ACT_INVERTERSTATUS A13,1771291830.94622,0x18FF01F7,1,0 state
ACT_INVERTERREADY A13,1771291830.94622,0x18FF01F7,1,0 state
ACT_ERRORSTATUS A13,1771291830.94622,0x18FF01F7,1,0 state
ACT_SPEED A13,1771291830.94622,0x18FF01F7,1,0.00 rpm
ACT_TORQUE A13,1771291830.94622,0x18FF01F7,1,0.00 Nm
ACT_POWER A13,1771291830.94622,0x18FF01F7,1,0.00 kw
ACT_MOTORTEMPERATURE A13,1771291830.94622,0x18FF01F7,1,27.00 °C
ACT_INVERTERSTATUS B13,1771291830.9510713,0x18FF02F7,1,0 state
ACT_INVERTERREADY B13,1771291830.9510713,0x18FF02F7,1,0 state
ACT_ERRORSTATUS B13,1771291830.9510713,0x18FF02F7,1,0 state
ACT_SPEED B13,1771291830.9510713,0x18FF02F7,1,0.00 rpm
ACT_TORQUE B13,1771291830.9510713,0x18FF02F7,1,0.00 Nm
ACT_POWER B13,1771291830.9510713,0x18FF02F7,1,0.00 kw
ACT_MOTORTEMPERATURE B13,1771291830.9510713,0x18FF02F7,1,28.00 °C
DEVICESTATE M13,1771291831.0413659,0x18FF00F7,1,0 state
ERRORLAMP M13,1771291831.0413659,0x18FF00F7,1,0 state
DEVICENUMBER M13,1771291831.0413659,0x18FF00F7,1,14 state
CLAMP15_STATUS M13,1771291831.0413659,0x18FF00F7,1,1 state
PRECHARGED M13,1771291831.0413659,0x18FF00F7,1,1 state
STATUS_ BIT_FLEX_IN_OUT_SIGNAL1 M13,1771291831.0413659,0x18FF00F7,1,3 state
STATUS_ BIT_FLEX_IN_OUT_SIGNAL2 M13,1771291831.0413659,0x18FF00F7,1,3 state
ERROR CODE  M13,1771291831.0413659,0x18FF00F7,1,0 state
ACT_DCBUSVOLTAGE M13,1771291831.0413659,0x18FF00F7,1,1.25 V
ACT_DCBUSPOWER M13,1771291831.0413659,0x18FF00F7,1,0.00 kw
ACT_DEVICETEMPERATURE M13,1771291831.0413659,0x18FF00F7,1,27.00 °C
ACT_INVERTERSTATUS A13,1771291831.0463655,0x18FF01F7,1,0 state
ACT_INVERTERREADY A13,1771291831.0463655,0x18FF01F7,1,0 state
ACT_ERRORSTATUS A13,1771291831.0463655,0x18FF01F7,1,0 state
ACT_SPEED A13,1771291831.0463655,0x18FF01F7,1,0.00 rpm
ACT_TORQUE A13,1771291831.0463655,0x18FF01F7,1,0.00 Nm
ACT_POWER A13,1771291831.0463655,0x18FF01F7,1,0.00 kw
ACT_MOTORTEMPERATURE A13,1771291831.0463655,0x18FF01F7,1,27.00 °C
ACT_INVERTERSTATUS B13,1771291831.0511599,0x18FF02F7,1,0 state
ACT_INVERTERREADY B13,1771291831.0511599,0x18FF02F7,1,0 state
ACT_ERRORSTATUS B13,1771291831.0511599,0x18FF02F7,1,0 state
ACT_SPEED B13,1771291831.0511599,0x18FF02F7,1,0.00 rpm
ACT_TORQUE B13,1771291831.0511599,0x18FF02F7,1,0.00 Nm
ACT_POWER B13,1771291831.0511599,0x18FF02F7,1,0.00 kw
ACT_MOTORTEMPERATURE B13,1771291831.0511599,0x18FF02F7,1,28.00 °C
DEVICESTATE M13,1771291831.1413333,0x18FF00F7,1,0 state
ERRORLAMP M13,1771291831.1413333,0x18FF00F7,1,0 state
DEVICENUMBER M13,1771291831.1413333,0x18FF00F7,1,14 state
CLAMP15_STATUS M13,1771291831.1413333,0x18FF00F7,1,1 state
PRECHARGED M13,1771291831.1413333,0x18FF00F7,1,1 state
STATUS_ BIT_FLEX_IN_OUT_SIGNAL1 M13,1771291831.1413333,0x18FF00F7,1,3 state
STATUS_ BIT_FLEX_IN_OUT_SIGNAL2 M13,1771291831.1413333,0x18FF00F7,1,3 state
ERROR CODE  M13,1771291831.1413333,0x18FF00F7,1,0 state
ACT_DCBUSVOLTAGE M13,1771291831.1413333,0x18FF00F7,1,1.25 V
ACT_DCBUSPOWER M13,1771291831.1413333,0x18FF00F7,1,0.00 kw
ACT_DEVICETEMPERATURE M13,1771291831.1413333,0x18FF00F7,1,27.00 °C
ACT_INVERTERSTATUS A13,1771291831.1459203,0x18FF01F7,1,0 state
ACT_INVERTERREADY A13,1771291831.1459203,0x18FF01F7,1,0 state
ACT_ERRORSTATUS A13,1771291831.1459203,0x18FF01F7,1,0 state
ACT_SPEED A13,1771291831.1459203,0x18FF01F7,1,0.00 rpm
ACT_TORQUE A13,1771291831.1459203,0x18FF01F7,1,0.00 Nm
ACT_POWER A13,1771291831.1459203,0x18FF01F7,1,0.00 kw
ACT_MOTORTEMPERATURE A13,1771291831.1459203,0x18FF01F7,1,27.00 °C
ACT_INVERTERSTATUS B13,1771291831.1511345,0x18FF02F7,1,0 state
ACT_INVERTERREADY B13,1771291831.1511345,0x18FF02F7,1,0 state
ACT_ERRORSTATUS B13,1771291831.1511345,0x18FF02F7,1,0 state
ACT_SPEED B13,1771291831.1511345,0x18FF02F7,1,0.00 rpm
ACT_TORQUE B13,1771291831.1511345,0x18FF02F7,1,0.00 Nm
ACT_POWER B13,1771291831.1511345,0x18FF02F7,1,0.00 kw
ACT_MOTORTEMPERATURE B13,1771291831.1511345,0x18FF02F7,1,28.00 °C
DEVICESTATE M13,1771291831.241027,0x18FF00F7,1,0 state
ERRORLAMP M13,1771291831.241027,0x18FF00F7,1,0 state
DEVICENUMBER M13,1771291831.241027,0x18FF00F7,1,14 state
CLAMP15_STATUS M13,1771291831.241027,0x18FF00F7,1,1 state
PRECHARGED M13,1771291831.241027,0x18FF00F7,1,1 state
STATUS_ BIT_FLEX_IN_OUT_SIGNAL1 M13,1771291831.241027,0x18FF00F7,1,3 state
STATUS_ BIT_FLEX_IN_OUT_SIGNAL2 M13,1771291831.241027,0x18FF00F7,1,3 state
ERROR CODE  M13,1771291831.241027,0x18FF00F7,1,0 state
ACT_DCBUSVOLTAGE M13,1771291831.241027,0x18FF00F7,1,1.25 V
ACT_DCBUSPOWER M13,1771291831.241027,0x18FF00F7,1,0.00 kw
ACT_DEVICETEMPERATURE M13,1771291831.241027,0x18FF00F7,1,27.00 °C
ACT_INVERTERSTATUS A13,1771291831.246116,0x18FF01F7,1,0 state
ACT_INVERTERREADY A13,1771291831.246116,0x18FF01F7,1,0 state
ACT_ERRORSTATUS A13,1771291831.246116,0x18FF01F7,1,0 state
ACT_SPEED A13,1771291831.246116,0x18FF01F7,1,0.00 rpm
ACT_TORQUE A13,1771291831.246116,0x18FF01F7,1,0.00 Nm
ACT_POWER A13,1771291831.246116,0x18FF01F7,1,0.00 kw
ACT_MOTORTEMPERATURE A13,1771291831.246116,0x18FF01F7,1,27.00 °C
ACT_INVERTERSTATUS B13,1771291831.251206,0x18FF02F7,1,0 state
ACT_INVERTERREADY B13,1771291831.251206,0x18FF02F7,1,0 state
ACT_ERRORSTATUS B13,1771291831.251206,0x18FF02F7,1,0 state
ACT_SPEED B13,1771291831.251206,0x18FF02F7,1,0.00 rpm
ACT_TORQUE B13,1771291831.251206,0x18FF02F7,1,0.00 Nm
ACT_POWER B13,1771291831.251206,0x18FF02F7,1,0.00 kw
ACT_MOTORTEMPERATURE B13,1771291831.251206,0x18FF02F7,1,28.00 °C
DEVICESTATE M13,1771291831.341057,0x18FF00F7,1,0 state
ERRORLAMP M13,1771291831.341057,0x18FF00F7,1,0 state
DEVICENUMBER M13,1771291831.341057,0x18FF00F7,1,14 state
CLAMP15_STATUS M13,1771291831.341057,0x18FF00F7,1,1 state
PRECHARGED M13,1771291831.341057,0x18FF00F7,1,1 state
STATUS_ BIT_FLEX_IN_OUT_SIGNAL1 M13,1771291831.341057,0x18FF00F7,1,3 state
STATUS_ BIT_FLEX_IN_OUT_SIGNAL2 M13,1771291831.341057,0x18FF00F7,1,3 state
ERROR CODE  M13,1771291831.341057,0x18FF00F7,1,0 state
ACT_DCBUSVOLTAGE M13,1771291831.341057,0x18FF00F7,1,1.25 V
ACT_DCBUSPOWER M13,1771291831.341057,0x18FF00F7,1,0.00 kw
ACT_DEVICETEMPERATURE M13,1771291831.341057,0x18FF00F7,1,27.00 °C
ACT_INVERTERSTATUS A13,1771291831.3461297,0x18FF01F7,1,0 state
ACT_INVERTERREADY A13,1771291831.3461297,0x18FF01F7,1,0 state
ACT_ERRORSTATUS A13,1771291831.3461297,0x18FF01F7,1,0 state
ACT_SPEED A13,1771291831.3461297,0x18FF01F7,1,0.00 rpm
ACT_TORQUE A13,1771291831.3461297,0x18FF01F7,1,0.00 Nm
ACT_POWER A13,1771291831.3461297,0x18FF01F7,1,0.00 kw
ACT_MOTORTEMPERATURE A13,1771291831.3461297,0x18FF01F7,1,27.00 °C
ACT_INVERTERSTATUS B13,1771291831.3510692,0x18FF02F7,1,0 state
ACT_INVERTERREADY B13,1771291831.3510692,0x18FF02F7,1,0 state
ACT_ERRORSTATUS B13,1771291831.3510692,0x18FF02F7,1,0 state
ACT_SPEED B13,1771291831.3510692,0x18FF02F7,1,0.00 rpm
ACT_TORQUE B13,1771291831.3510692,0x18FF02F7,1,0.00 Nm
ACT_POWER B13,1771291831.3510692,0x18FF02F7,1,0.00 kw
ACT_MOTORTEMPERATURE B13,1771291831.3510692,0x18FF02F7,1,28.00 °C
DEVICESTATE M13,1771291831.4414093,0x18FF00F7,1,0 state
ERRORLAMP M13,1771291831.4414093,0x18FF00F7,1,0 state
DEVICENUMBER M13,1771291831.4414093,0x18FF00F7,1,14 state
CLAMP15_STATUS M13,1771291831.4414093,0x18FF00F7,1,1 state
PRECHARGED M13,1771291831.4414093,0x18FF00F7,1,1 state
STATUS_ BIT_FLEX_IN_OUT_SIGNAL1 M13,1771291831.4414093,0x18FF00F7,1,3 state
STATUS_ BIT_FLEX_IN_OUT_SIGNAL2 M13,1771291831.4414093,0x18FF00F7,1,3 state
ERROR CODE  M13,1771291831.4414093,0x18FF00F7,1,0 state
ACT_DCBUSVOLTAGE M13,1771291831.4414093,0x18FF00F7,1,1.25 V
ACT_DCBUSPOWER M13,1771291831.4414093,0x18FF00F7,1,0.00 kw
ACT_DEVICETEMPERATURE M13,1771291831.4414093,0x18FF00F7,1,27.00 °C
ACT_INVERTERSTATUS A13,1771291831.446073,0x18FF01F7,1,0 state
ACT_INVERTERREADY A13,1771291831.446073,0x18FF01F7,1,0 state
ACT_ERRORSTATUS A13,1771291831.446073,0x18FF01F7,1,0 state
ACT_SPEED A13,1771291831.446073,0x18FF01F7,1,0.00 rpm
ACT_TORQUE A13,1771291831.446073,0x18FF01F7,1,0.00 Nm
ACT_POWER A13,1771291831.446073,0x18FF01F7,1,0.00 kw
ACT_MOTORTEMPERATURE A13,1771291831.446073,0x18FF01F7,1,27.00 °C
ACT_INVERTERSTATUS B13,1771291831.4510105,0x18FF02F7,1,0 state
ACT_INVERTERREADY B13,1771291831.4510105,0x18FF02F7,1,0 state
ACT_ERRORSTATUS B13,1771291831.4510105,0x18FF02F7,1,0 state
ACT_SPEED B13,1771291831.4510105,0x18FF02F7,1,0.00 rpm
ACT_TORQUE B13,1771291831.4510105,0x18FF02F7,1,0.00 Nm
ACT_POWER B13,1771291831.4510105,0x18FF02F7,1,0.00 kw
ACT_MOTORTEMPERATURE B13,1771291831.4510105,0x18FF02F7,1,28.00 °C
DEVICESTATE M13,1771291831.5410247,0x18FF00F7,1,0 state
ERRORLAMP M13,1771291831.5410247,0x18FF00F7,1,0 state
DEVICENUMBER M13,1771291831.5410247,0x18FF00F7,1,14 state
CLAMP15_STATUS M13,1771291831.5410247,0x18FF00F7,1,1 state
PRECHARGED M13,1771291831.5410247,0x18FF00F7,1,1 state
STATUS_ BIT_FLEX_IN_OUT_SIGNAL1 M13,1771291831.5410247,0x18FF00F7,1,3 state
STATUS_ BIT_FLEX_IN_OUT_SIGNAL2 M13,1771291831.5410247,0x18FF00F7,1,3 state
ERROR CODE  M13,1771291831.5410247,0x18FF00F7,1,0 state
ACT_DCBUSVOLTAGE M13,1771291831.5410247,0x18FF00F7,1,1.25 V
ACT_DCBUSPOWER M13,1771291831.5410247,0x18FF00F7,1,0.00 kw
ACT_DEVICETEMPERATURE M13,1771291831.5410247,0x18FF00F7,1,27.00 °C
ACT_INVERTERSTATUS A13,1771291831.5462298,0x18FF01F7,1,0 state
ACT_INVERTERREADY A13,1771291831.5462298,0x18FF01F7,1,0 state
ACT_ERRORSTATUS A13,1771291831.5462298,0x18FF01F7,1,0 state
ACT_SPEED A13,1771291831.5462298,0x18FF01F7,1,0.00 rpm
ACT_TORQUE A13,1771291831.5462298,0x18FF01F7,1,0.00 Nm
ACT_POWER A13,1771291831.5462298,0x18FF01F7,1,0.00 kw
ACT_MOTORTEMPERATURE A13,1771291831.5462298,0x18FF01F7,1,27.00 °C
ACT_INVERTERSTATUS B13,1771291831.5511754,0x18FF02F7,1,0 state
ACT_INVERTERREADY B13,1771291831.5511754,0x18FF02F7,1,0 state
ACT_ERRORSTATUS B13,1771291831.5511754,0x18FF02F7,1,0 state
ACT_SPEED B13,1771291831.5511754,0x18FF02F7,1,0.00 rpm
ACT_TORQUE B13,1771291831.5511754,0x18FF02F7,1,0.00 Nm
ACT_POWER B13,1771291831.5511754,0x18FF02F7,1,0.00 kw
ACT_MOTORTEMPERATURE B13,1771291831.5511754,0x18FF02F7,1,28.00 °C
DEVICESTATE M13,1771291831.6413703,0x18FF00F7,1,0 state
ERRORLAMP M13,1771291831.6413703,0x18FF00F7,1,0 state
DEVICENUMBER M13,1771291831.6413703,0x18FF00F7,1,14 state
CLAMP15_STATUS M13,1771291831.6413703,0x18FF00F7,1,1 state
PRECHARGED M13,1771291831.6413703,0x18FF00F7,1,1 state
STATUS_ BIT_FLEX_IN_OUT_SIGNAL1 M13,1771291831.6413703,0x18FF00F7,1,3 state
STATUS_ BIT_FLEX_IN_OUT_SIGNAL2 M13,1771291831.6413703,0x18FF00F7,1,3 state
ERROR CODE  M13,1771291831.6413703,0x18FF00F7,1,0 state
ACT_DCBUSVOLTAGE M13,1771291831.6413703,0x18FF00F7,1,1.25 V
ACT_DCBUSPOWER M13,1771291831.6413703,0x18FF00F7,1,0.00 kw
ACT_DEVICETEMPERATURE M13,1771291831.6413703,0x18FF00F7,1,27.00 °C
ACT_INVERTERSTATUS A13,1771291831.646007,0x18FF01F7,1,0 state
ACT_INVERTERREADY A13,1771291831.646007,0x18FF01F7,1,0 state
ACT_ERRORSTATUS A13,1771291831.646007,0x18FF01F7,1,0 state
ACT_SPEED A13,1771291831.646007,0x18FF01F7,1,0.00 rpm
ACT_TORQUE A13,1771291831.646007,0x18FF01F7,1,0.00 Nm
ACT_POWER A13,1771291831.646007,0x18FF01F7,1,0.00 kw
ACT_MOTORTEMPERATURE A13,1771291831.646007,0x18FF01F7,1,27.00 °C
ACT_INVERTERSTATUS B13,1771291831.6513224,0x18FF02F7,1,0 state
ACT_INVERTERREADY B13,1771291831.6513224,0x18FF02F7,1,0 state
ACT_ERRORSTATUS B13,1771291831.6513224,0x18FF02F7,1,0 state
ACT_SPEED B13,1771291831.6513224,0x18FF02F7,1,0.00 rpm
ACT_TORQUE B13,1771291831.6513224,0x18FF02F7,1,0.00 Nm
ACT_POWER B13,1771291831.6513224,0x18FF02F7,1,0.00 kw
ACT_MOTORTEMPERATURE B13,1771291831.6513224,0x18FF02F7,1,28.00 °C
DEVICESTATE M13,1771291831.7412493,0x18FF00F7,1,0 state
ERRORLAMP M13,1771291831.7412493,0x18FF00F7,1,0 state
DEVICENUMBER M13,1771291831.7412493,0x18FF00F7,1,14 state
CLAMP15_STATUS M13,1771291831.7412493,0x18FF00F7,1,1 state
PRECHARGED M13,1771291831.7412493,0x18FF00F7,1,1 state
STATUS_ BIT_FLEX_IN_OUT_SIGNAL1 M13,1771291831.7412493,0x18FF00F7,1,3 state
STATUS_ BIT_FLEX_IN_OUT_SIGNAL2 M13,1771291831.7412493,0x18FF00F7,1,3 state
ERROR CODE  M13,1771291831.7412493,0x18FF00F7,1,0 state
ACT_DCBUSVOLTAGE M13,1771291831.7412493,0x18FF00F7,1,1.25 V
ACT_DCBUSPOWER M13,1771291831.7412493,0x18FF00F7,1,0.00 kw
ACT_DEVICETEMPERATURE M13,1771291831.7412493,0x18FF00F7,1,27.00 °C
ACT_INVERTERSTATUS A13,1771291831.746472,0x18FF01F7,1,0 state
ACT_INVERTERREADY A13,1771291831.746472,0x18FF01F7,1,0 state
ACT_ERRORSTATUS A13,1771291831.746472,0x18FF01F7,1,0 state
ACT_SPEED A13,1771291831.746472,0x18FF01F7,1,0.00 rpm
ACT_TORQUE A13,1771291831.746472,0x18FF01F7,1,0.00 Nm
ACT_POWER A13,1771291831.746472,0x18FF01F7,1,0.00 kw
ACT_MOTORTEMPERATURE A13,1771291831.746472,0x18FF01F7,1,27.00 °C
ACT_INVERTERSTATUS B13,1771291831.7513256,0x18FF02F7,1,0 state
ACT_INVERTERREADY B13,1771291831.7513256,0x18FF02F7,1,0 state
ACT_ERRORSTATUS B13,1771291831.7513256,0x18FF02F7,1,0 state
ACT_SPEED B13,1771291831.7513256,0x18FF02F7,1,0.00 rpm
ACT_TORQUE B13,1771291831.7513256,0x18FF02F7,1,0.00 Nm
ACT_POWER B13,1771291831.7513256,0x18FF02F7,1,0.00 kw
ACT_MOTORTEMPERATURE B13,1771291831.7513256,0x18FF02F7,1,28.00 °C
DEVICESTATE M13,1771291831.8411431,0x18FF00F7,1,0 state
ERRORLAMP M13,1771291831.8411431,0x18FF00F7,1,0 state
DEVICENUMBER M13,1771291831.8411431,0x18FF00F7,1,14 state
CLAMP15_STATUS M13,1771291831.8411431,0x18FF00F7,1,1 state
PRECHARGED M13,1771291831.8411431,0x18FF00F7,1,1 state
STATUS_ BIT_FLEX_IN_OUT_SIGNAL1 M13,1771291831.8411431,0x18FF00F7,1,3 state
STATUS_ BIT_FLEX_IN_OUT_SIGNAL2 M13,1771291831.8411431,0x18FF00F7,1,3 state
ERROR CODE  M13,1771291831.8411431,0x18FF00F7,1,0 state
ACT_DCBUSVOLTAGE M13,1771291831.8411431,0x18FF00F7,1,1.25 V
ACT_DCBUSPOWER M13,1771291831.8411431,0x18FF00F7,1,0.00 kw
ACT_DEVICETEMPERATURE M13,1771291831.8411431,0x18FF00F7,1,27.00 °C
ACT_INVERTERSTATUS A13,1771291831.8463106,0x18FF01F7,1,0 state
ACT_INVERTERREADY A13,1771291831.8463106,0x18FF01F7,1,0 state
ACT_ERRORSTATUS A13,1771291831.8463106,0x18FF01F7,1,0 state
ACT_SPEED A13,1771291831.8463106,0x18FF01F7,1,0.00 rpm
ACT_TORQUE A13,1771291831.8463106,0x18FF01F7,1,0.00 Nm
ACT_POWER A13,1771291831.8463106,0x18FF01F7,1,0.00 kw
ACT_MOTORTEMPERATURE A13,1771291831.8463106,0x18FF01F7,1,27.00 °C
ACT_INVERTERSTATUS B13,1771291831.8514254,0x18FF02F7,1,0 state
ACT_INVERTERREADY B13,1771291831.8514254,0x18FF02F7,1,0 state
ACT_ERRORSTATUS B13,1771291831.8514254,0x18FF02F7,1,0 state
ACT_SPEED B13,1771291831.8514254,0x18FF02F7,1,0.00 rpm
ACT_TORQUE B13,1771291831.8514254,0x18FF02F7,1,0.00 Nm
ACT_POWER B13,1771291831.8514254,0x18FF02F7,1,0.00 kw
ACT_MOTORTEMPERATURE B13,1771291831.8514254,0x18FF02F7,1,28.00 °C
DEVICESTATE M13,1771291831.9412553,0x18FF00F7,1,0 state
ERRORLAMP M13,1771291831.9412553,0x18FF00F7,1,0 state
DEVICENUMBER M13,1771291831.9412553,0x18FF00F7,1,14 state
CLAMP15_STATUS M13,1771291831.9412553,0x18FF00F7,1,1 state
PRECHARGED M13,1771291831.9412553,0x18FF00F7,1,1 state
STATUS_ BIT_FLEX_IN_OUT_SIGNAL1 M13,1771291831.9412553,0x18FF00F7,1,3 state
STATUS_ BIT_FLEX_IN_OUT_SIGNAL2 M13,1771291831.9412553,0x18FF00F7,1,3 state
ERROR CODE  M13,1771291831.9412553,0x18FF00F7,1,0 state
ACT_DCBUSVOLTAGE M13,1771291831.9412553,0x18FF00F7,1,1.25 V
ACT_DCBUSPOWER M13,1771291831.9412553,0x18FF00F7,1,0.00 kw
ACT_DEVICETEMPERATURE M13,1771291831.9412553,0x18FF00F7,1,27.00 °C
ACT_INVERTERSTATUS A13,1771291831.9463472,0x18FF01F7,1,0 state
ACT_INVERTERREADY A13,1771291831.9463472,0x18FF01F7,1,0 state
ACT_ERRORSTATUS A13,1771291831.9463472,0x18FF01F7,1,0 state
ACT_SPEED A13,1771291831.9463472,0x18FF01F7,1,0.00 rpm
ACT_TORQUE A13,1771291831.9463472,0x18FF01F7,1,0.00 Nm
ACT_POWER A13,1771291831.9463472,0x18FF01F7,1,0.00 kw
ACT_MOTORTEMPERATURE A13,1771291831.9463472,0x18FF01F7,1,27.00 °C
ACT_INVERTERSTATUS B13,1771291831.9509723,0x18FF02F7,1,0 state
ACT_INVERTERREADY B13,1771291831.9509723,0x18FF02F7,1,0 state
ACT_ERRORSTATUS B13,1771291831.9509723,0x18FF02F7,1,0 state
ACT_SPEED B13,1771291831.9509723,0x18FF02F7,1,0.00 rpm
ACT_TORQUE B13,1771291831.9509723,0x18FF02F7,1,0.00 Nm
ACT_POWER B13,1771291831.9509723,0x18FF02F7,1,0.00 kw
ACT_MOTORTEMPERATURE B13,1771291831.9509723,0x18FF02F7,1,28.00 °C
DEVICESTATE M13,1771291832.0412712,0x18FF00F7,1,0 state
ERRORLAMP M13,1771291832.0412712,0x18FF00F7,1,0 state
DEVICENUMBER M13,1771291832.0412712,0x18FF00F7,1,14 state
CLAMP15_STATUS M13,1771291832.0412712,0x18FF00F7,1,1 state
PRECHARGED M13,1771291832.0412712,0x18FF00F7,1,1 state
STATUS_ BIT_FLEX_IN_OUT_SIGNAL1 M13,1771291832.0412712,0x18FF00F7,1,3 state
STATUS_ BIT_FLEX_IN_OUT_SIGNAL2 M13,1771291832.0412712,0x18FF00F7,1,3 state
ERROR CODE  M13,1771291832.0412712,0x18FF00F7,1,0 state
ACT_DCBUSVOLTAGE M13,1771291832.0412712,0x18FF00F7,1,1.25 V
ACT_DCBUSPOWER M13,1771291832.0412712,0x18FF00F7,1,0.00 kw
ACT_DEVICETEMPERATURE M13,1771291832.0412712,0x18FF00F7,1,27.00 °C
ACT_INVERTERSTATUS A13,1771291832.0461833,0x18FF01F7,1,0 state
ACT_INVERTERREADY A13,1771291832.0461833,0x18FF01F7,1,0 state
ACT_ERRORSTATUS A13,1771291832.0461833,0x18FF01F7,1,0 state
ACT_SPEED A13,1771291832.0461833,0x18FF01F7,1,0.00 rpm
ACT_TORQUE A13,1771291832.0461833,0x18FF01F7,1,0.00 Nm
ACT_POWER A13,1771291832.0461833,0x18FF01F7,1,0.00 kw
ACT_MOTORTEMPERATURE A13,1771291832.0461833,0x18FF01F7,1,27.00 °C
ACT_INVERTERSTATUS B13,1771291832.0510283,0x18FF02F7,1,0 state
ACT_INVERTERREADY B13,1771291832.0510283,0x18FF02F7,1,0 state
ACT_ERRORSTATUS B13,1771291832.0510283,0x18FF02F7,1,0 state
ACT_SPEED B13,1771291832.0510283,0x18FF02F7,1,0.00 rpm
ACT_TORQUE B13,1771291832.0510283,0x18FF02F7,1,0.00 Nm
ACT_POWER B13,1771291832.0510283,0x18FF02F7,1,0.00 kw
ACT_MOTORTEMPERATURE B13,1771291832.0510283,0x18FF02F7,1,28.00 °C
DEVICESTATE M13,1771291832.141105,0x18FF00F7,1,0 state
ERRORLAMP M13,1771291832.141105,0x18FF00F7,1,0 state
DEVICENUMBER M13,1771291832.141105,0x18FF00F7,1,14 state
CLAMP15_STATUS M13,1771291832.141105,0x18FF00F7,1,1 state
PRECHARGED M13,1771291832.141105,0x18FF00F7,1,1 state
STATUS_ BIT_FLEX_IN_OUT_SIGNAL1 M13,1771291832.141105,0x18FF00F7,1,3 state
STATUS_ BIT_FLEX_IN_OUT_SIGNAL2 M13,1771291832.141105,0x18FF00F7,1,3 state
ERROR CODE  M13,1771291832.141105,0x18FF00F7,1,0 state
ACT_DCBUSVOLTAGE M13,1771291832.141105,0x18FF00F7,1,1.25 V
ACT_DCBUSPOWER M13,1771291832.141105,0x18FF00F7,1,0.00 kw
ACT_DEVICETEMPERATURE M13,1771291832.141105,0x18FF00F7,1,27.00 °C
ACT_INVERTERSTATUS A13,1771291832.1460803,0x18FF01F7,1,0 state
ACT_INVERTERREADY A13,1771291832.1460803,0x18FF01F7,1,0 state
ACT_ERRORSTATUS A13,1771291832.1460803,0x18FF01F7,1,0 state
ACT_SPEED A13,1771291832.1460803,0x18FF01F7,1,0.00 rpm
ACT_TORQUE A13,1771291832.1460803,0x18FF01F7,1,0.00 Nm
ACT_POWER A13,1771291832.1460803,0x18FF01F7,1,0.00 kw
ACT_MOTORTEMPERATURE A13,1771291832.1460803,0x18FF01F7,1,27.00 °C
ACT_INVERTERSTATUS B13,1771291832.151148,0x18FF02F7,1,0 state
ACT_INVERTERREADY B13,1771291832.151148,0x18FF02F7,1,0 state
ACT_ERRORSTATUS B13,1771291832.151148,0x18FF02F7,1,0 state
ACT_SPEED B13,1771291832.151148,0x18FF02F7,1,0.00 rpm
ACT_TORQUE B13,1771291832.151148,0x18FF02F7,1,0.00 Nm
ACT_POWER B13,1771291832.151148,0x18FF02F7,1,0.00 kw
ACT_MOTORTEMPERATURE B13,1771291832.151148,0x18FF02F7,1,28.00 °C
DEVICESTATE M13,1771291832.241134,0x18FF00F7,1,0 state
ERRORLAMP M13,1771291832.241134,0x18FF00F7,1,0 state
DEVICENUMBER M13,1771291832.241134,0x18FF00F7,1,14 state
CLAMP15_STATUS M13,1771291832.241134,0x18FF00F7,1,1 state
PRECHARGED M13,1771291832.241134,0x18FF00F7,1,1 state
STATUS_ BIT_FLEX_IN_OUT_SIGNAL1 M13,1771291832.241134,0x18FF00F7,1,3 state
STATUS_ BIT_FLEX_IN_OUT_SIGNAL2 M13,1771291832.241134,0x18FF00F7,1,3 state
ERROR CODE  M13,1771291832.241134,0x18FF00F7,1,0 state
ACT_DCBUSVOLTAGE M13,1771291832.241134,0x18FF00F7,1,1.25 V
ACT_DCBUSPOWER M13,1771291832.241134,0x18FF00F7,1,0.00 kw
ACT_DEVICETEMPERATURE M13,1771291832.241134,0x18FF00F7,1,27.00 °C
ACT_INVERTERSTATUS A13,1771291832.2460535,0x18FF01F7,1,0 state
ACT_INVERTERREADY A13,1771291832.2460535,0x18FF01F7,1,0 state
ACT_ERRORSTATUS A13,1771291832.2460535,0x18FF01F7,1,0 state
ACT_SPEED A13,1771291832.2460535,0x18FF01F7,1,0.00 rpm
ACT_TORQUE A13,1771291832.2460535,0x18FF01F7,1,0.00 Nm
ACT_POWER A13,1771291832.2460535,0x18FF01F7,1,0.00 kw
ACT_MOTORTEMPERATURE A13,1771291832.2460535,0x18FF01F7,1,27.00 °C
ACT_INVERTERSTATUS B13,1771291832.2512193,0x18FF02F7,1,0 state
ACT_INVERTERREADY B13,1771291832.2512193,0x18FF02F7,1,0 state
ACT_ERRORSTATUS B13,1771291832.2512193,0x18FF02F7,1,0 state
ACT_SPEED B13,1771291832.2512193,0x18FF02F7,1,0.00 rpm
ACT_TORQUE B13,1771291832.2512193,0x18FF02F7,1,0.00 Nm
ACT_POWER B13,1771291832.2512193,0x18FF02F7,1,0.00 kw
ACT_MOTORTEMPERATURE B13,1771291832.2512193,0x18FF02F7,1,28.00 °C
DEVICESTATE M13,1771291832.3410795,0x18FF00F7,1,0 state
ERRORLAMP M13,1771291832.3410795,0x18FF00F7,1,0 state
DEVICENUMBER M13,1771291832.3410795,0x18FF00F7,1,14 state
CLAMP15_STATUS M13,1771291832.3410795,0x18FF00F7,1,1 state
PRECHARGED M13,1771291832.3410795,0x18FF00F7,1,1 state
STATUS_ BIT_FLEX_IN_OUT_SIGNAL1 M13,1771291832.3410795,0x18FF00F7,1,3 state
STATUS_ BIT_FLEX_IN_OUT_SIGNAL2 M13,1771291832.3410795,0x18FF00F7,1,3 state
ERROR CODE  M13,1771291832.3410795,0x18FF00F7,1,0 state
ACT_DCBUSVOLTAGE M13,1771291832.3410795,0x18FF00F7,1,1.25 V
ACT_DCBUSPOWER M13,1771291832.3410795,0x18FF00F7,1,0.00 kw
ACT_DEVICETEMPERATURE M13,1771291832.3410795,0x18FF00F7,1,27.00 °C
ACT_INVERTERSTATUS A13,1771291832.3463686,0x18FF01F7,1,0 state
ACT_INVERTERREADY A13,1771291832.3463686,0x18FF01F7,1,0 state
ACT_ERRORSTATUS A13,1771291832.3463686,0x18FF01F7,1,0 state
ACT_SPEED A13,1771291832.3463686,0x18FF01F7,1,0.00 rpm
ACT_TORQUE A13,1771291832.3463686,0x18FF01F7,1,0.00 Nm
ACT_POWER A13,1771291832.3463686,0x18FF01F7,1,0.00 kw
ACT_MOTORTEMPERATURE A13,1771291832.3463686,0x18FF01F7,1,27.00 °C
ACT_INVERTERSTATUS B13,1771291832.351205,0x18FF02F7,1,0 state
ACT_INVERTERREADY B13,1771291832.351205,0x18FF02F7,1,0 state
ACT_ERRORSTATUS B13,1771291832.351205,0x18FF02F7,1,0 state
ACT_SPEED B13,1771291832.351205,0x18FF02F7,1,0.00 rpm
ACT_TORQUE B13,1771291832.351205,0x18FF02F7,1,0.00 Nm
ACT_POWER B13,1771291832.351205,0x18FF02F7,1,0.00 kw
ACT_MOTORTEMPERATURE B13,1771291832.351205,0x18FF02F7,1,28.00 °C
DEVICESTATE M13,1771291832.4411259,0x18FF00F7,1,0 state
ERRORLAMP M13,1771291832.4411259,0x18FF00F7,1,0 state
DEVICENUMBER M13,1771291832.4411259,0x18FF00F7,1,14 state
CLAMP15_STATUS M13,1771291832.4411259,0x18FF00F7,1,1 state
PRECHARGED M13,1771291832.4411259,0x18FF00F7,1,1 state
STATUS_ BIT_FLEX_IN_OUT_SIGNAL1 M13,1771291832.4411259,0x18FF00F7,1,3 state
STATUS_ BIT_FLEX_IN_OUT_SIGNAL2 M13,1771291832.4411259,0x18FF00F7,1,3 state
ERROR CODE  M13,1771291832.4411259,0x18FF00F7,1,0 state
ACT_DCBUSVOLTAGE M13,1771291832.4411259,0x18FF00F7,1,1.25 V
ACT_DCBUSPOWER M13,1771291832.4411259,0x18FF00F7,1,0.00 kw
ACT_DEVICETEMPERATURE M13,1771291832.4411259,0x18FF00F7,1,27.00 °C
ACT_INVERTERSTATUS A13,1771291832.4464023,0x18FF01F7,1,0 state
ACT_INVERTERREADY A13,1771291832.4464023,0x18FF01F7,1,0 state
ACT_ERRORSTATUS A13,1771291832.4464023,0x18FF01F7,1,0 state
ACT_SPEED A13,1771291832.4464023,0x18FF01F7,1,0.00 rpm
ACT_TORQUE A13,1771291832.4464023,0x18FF01F7,1,0.00 Nm
ACT_POWER A13,1771291832.4464023,0x18FF01F7,1,0.00 kw
ACT_MOTORTEMPERATURE A13,1771291832.4464023,0x18FF01F7,1,27.00 °C
ACT_INVERTERSTATUS B13,1771291832.451281,0x18FF02F7,1,0 state
ACT_INVERTERREADY B13,1771291832.451281,0x18FF02F7,1,0 state
ACT_ERRORSTATUS B13,1771291832.451281,0x18FF02F7,1,0 state
ACT_SPEED B13,1771291832.451281,0x18FF02F7,1,0.00 rpm
ACT_TORQUE B13,1771291832.451281,0x18FF02F7,1,0.00 Nm
ACT_POWER B13,1771291832.451281,0x18FF02F7,1,0.00 kw
ACT_MOTORTEMPERATURE B13,1771291832.451281,0x18FF02F7,1,28.00 °C
DEVICESTATE M13,1771291832.541357,0x18FF00F7,1,0 state
ERRORLAMP M13,1771291832.541357,0x18FF00F7,1,0 state
DEVICENUMBER M13,1771291832.541357,0x18FF00F7,1,14 state
CLAMP15_STATUS M13,1771291832.541357,0x18FF00F7,1,1 state
PRECHARGED M13,1771291832.541357,0x18FF00F7,1,1 state
STATUS_ BIT_FLEX_IN_OUT_SIGNAL1 M13,1771291832.541357,0x18FF00F7,1,3 state
STATUS_ BIT_FLEX_IN_OUT_SIGNAL2 M13,1771291832.541357,0x18FF00F7,1,3 state
ERROR CODE  M13,1771291832.541357,0x18FF00F7,1,0 state
ACT_DCBUSVOLTAGE M13,1771291832.541357,0x18FF00F7,1,1.25 V
ACT_DCBUSPOWER M13,1771291832.541357,0x18FF00F7,1,0.00 kw
ACT_DEVICETEMPERATURE M13,1771291832.541357,0x18FF00F7,1,27.00 °C
ACT_INVERTERSTATUS A13,1771291832.5463164,0x18FF01F7,1,0 state
ACT_INVERTERREADY A13,1771291832.5463164,0x18FF01F7,1,0 state
ACT_ERRORSTATUS A13,1771291832.5463164,0x18FF01F7,1,0 state
ACT_SPEED A13,1771291832.5463164,0x18FF01F7,1,0.00 rpm
ACT_TORQUE A13,1771291832.5463164,0x18FF01F7,1,0.00 Nm
ACT_POWER A13,1771291832.5463164,0x18FF01F7,1,0.00 kw
ACT_MOTORTEMPERATURE A13,1771291832.5463164,0x18FF01F7,1,27.00 °C
ACT_INVERTERSTATUS B13,1771291832.5509667,0x18FF02F7,1,0 state
ACT_INVERTERREADY B13,1771291832.5509667,0x18FF02F7,1,0 state
ACT_ERRORSTATUS B13,1771291832.5509667,0x18FF02F7,1,0 state
ACT_SPEED B13,1771291832.5509667,0x18FF02F7,1,0.00 rpm
ACT_TORQUE B13,1771291832.5509667,0x18FF02F7,1,0.00 Nm
ACT_POWER B13,1771291832.5509667,0x18FF02F7,1,0.00 kw
ACT_MOTORTEMPERATURE B13,1771291832.5509667,0x18FF02F7,1,28.00 °C
DEVICESTATE M13,1771291832.6412215,0x18FF00F7,1,0 state
ERRORLAMP M13,1771291832.6412215,0x18FF00F7,1,0 state
DEVICENUMBER M13,1771291832.6412215,0x18FF00F7,1,14 state
CLAMP15_STATUS M13,1771291832.6412215,0x18FF00F7,1,1 state
PRECHARGED M13,1771291832.6412215,0x18FF00F7,1,1 state
STATUS_ BIT_FLEX_IN_OUT_SIGNAL1 M13,1771291832.6412215,0x18FF00F7,1,3 state
STATUS_ BIT_FLEX_IN_OUT_SIGNAL2 M13,1771291832.6412215,0x18FF00F7,1,3 state
ERROR CODE  M13,1771291832.6412215,0x18FF00F7,1,0 state
ACT_DCBUSVOLTAGE M13,1771291832.6412215,0x18FF00F7,1,1.25 V
ACT_DCBUSPOWER M13,1771291832.6412215,0x18FF00F7,1,0.00 kw
ACT_DEVICETEMPERATURE M13,1771291832.6412215,0x18FF00F7,1,27.00 °C
ACT_INVERTERSTATUS A13,1771291832.646415,0x18FF01F7,1,0 state
ACT_INVERTERREADY A13,1771291832.646415,0x18FF01F7,1,0 state
ACT_ERRORSTATUS A13,1771291832.646415,0x18FF01F7,1,0 state
ACT_SPEED A13,1771291832.646415,0x18FF01F7,1,0.00 rpm
ACT_TORQUE A13,1771291832.646415,0x18FF01F7,1,0.00 Nm
ACT_POWER A13,1771291832.646415,0x18FF01F7,1,0.00 kw
ACT_MOTORTEMPERATURE A13,1771291832.646415,0x18FF01F7,1,27.00 °C
ACT_INVERTERSTATUS B13,1771291832.6509635,0x18FF02F7,1,0 state
ACT_INVERTERREADY B13,1771291832.6509635,0x18FF02F7,1,0 state
ACT_ERRORSTATUS B13,1771291832.6509635,0x18FF02F7,1,0 state
ACT_SPEED B13,1771291832.6509635,0x18FF02F7,1,0.00 rpm
ACT_TORQUE B13,1771291832.6509635,0x18FF02F7,1,0.00 Nm
ACT_POWER B13,1771291832.6509635,0x18FF02F7,1,0.00 kw
ACT_MOTORTEMPERATURE B13,1771291832.6509635,0x18FF02F7,1,28.00 °C
DEVICESTATE M13,1771291832.7413034,0x18FF00F7,1,0 state
ERRORLAMP M13,1771291832.7413034,0x18FF00F7,1,0 state
DEVICENUMBER M13,1771291832.7413034,0x18FF00F7,1,14 state
CLAMP15_STATUS M13,1771291832.7413034,0x18FF00F7,1,1 state
PRECHARGED M13,1771291832.7413034,0x18FF00F7,1,1 state
STATUS_ BIT_FLEX_IN_OUT_SIGNAL1 M13,1771291832.7413034,0x18FF00F7,1,3 state
STATUS_ BIT_FLEX_IN_OUT_SIGNAL2 M13,1771291832.7413034,0x18FF00F7,1,3 state
ERROR CODE  M13,1771291832.7413034,0x18FF00F7,1,0 state
ACT_DCBUSVOLTAGE M13,1771291832.7413034,0x18FF00F7,1,1.25 V
ACT_DCBUSPOWER M13,1771291832.7413034,0x18FF00F7,1,0.00 kw
ACT_DEVICETEMPERATURE M13,1771291832.7413034,0x18FF00F7,1,27.00 °C
ACT_INVERTERSTATUS A13,1771291832.7463138,0x18FF01F7,1,0 state
ACT_INVERTERREADY A13,1771291832.7463138,0x18FF01F7,1,0 state
ACT_ERRORSTATUS A13,1771291832.7463138,0x18FF01F7,1,0 state
ACT_SPEED A13,1771291832.7463138,0x18FF01F7,1,0.00 rpm
ACT_TORQUE A13,1771291832.7463138,0x18FF01F7,1,0.00 Nm
ACT_POWER A13,1771291832.7463138,0x18FF01F7,1,0.00 kw
ACT_MOTORTEMPERATURE A13,1771291832.7463138,0x18FF01F7,1,27.00 °C
ACT_INVERTERSTATUS B13,1771291832.750875,0x18FF02F7,1,0 state
ACT_INVERTERREADY B13,1771291832.750875,0x18FF02F7,1,0 state
ACT_ERRORSTATUS B13,1771291832.750875,0x18FF02F7,1,0 state
ACT_SPEED B13,1771291832.750875,0x18FF02F7,1,0.00 rpm
ACT_TORQUE B13,1771291832.750875,0x18FF02F7,1,0.00 Nm
ACT_POWER B13,1771291832.750875,0x18FF02F7,1,0.00 kw
ACT_MOTORTEMPERATURE B13,1771291832.750875,0x18FF02F7,1,28.00 °C
DEVICESTATE M13,1771291832.8410125,0x18FF00F7,1,0 state
ERRORLAMP M13,1771291832.8410125,0x18FF00F7,1,0 state
DEVICENUMBER M13,1771291832.8410125,0x18FF00F7,1,14 state
CLAMP15_STATUS M13,1771291832.8410125,0x18FF00F7,1,1 state
PRECHARGED M13,1771291832.8410125,0x18FF00F7,1,1 state
STATUS_ BIT_FLEX_IN_OUT_SIGNAL1 M13,1771291832.8410125,0x18FF00F7,1,3 state
STATUS_ BIT_FLEX_IN_OUT_SIGNAL2 M13,1771291832.8410125,0x18FF00F7,1,3 state
ERROR CODE  M13,1771291832.8410125,0x18FF00F7,1,0 state
ACT_DCBUSVOLTAGE M13,1771291832.8410125,0x18FF00F7,1,1.25 V
ACT_DCBUSPOWER M13,1771291832.8410125,0x18FF00F7,1,0.00 kw
ACT_DEVICETEMPERATURE M13,1771291832.8410125,0x18FF00F7,1,27.00 °C
ACT_INVERTERSTATUS A13,1771291832.8462648,0x18FF01F7,1,0 state
ACT_INVERTERREADY A13,1771291832.8462648,0x18FF01F7,1,0 state
ACT_ERRORSTATUS A13,1771291832.8462648,0x18FF01F7,1,0 state
ACT_SPEED A13,1771291832.8462648,0x18FF01F7,1,0.00 rpm
ACT_TORQUE A13,1771291832.8462648,0x18FF01F7,1,0.00 Nm
ACT_POWER A13,1771291832.8462648,0x18FF01F7,1,0.00 kw
ACT_MOTORTEMPERATURE A13,1771291832.8462648,0x18FF01F7,1,27.00 °C
ACT_INVERTERSTATUS B13,1771291832.8516207,0x18FF02F7,1,0 state
ACT_INVERTERREADY B13,1771291832.8516207,0x18FF02F7,1,0 state
ACT_ERRORSTATUS B13,1771291832.8516207,0x18FF02F7,1,0 state
ACT_SPEED B13,1771291832.8516207,0x18FF02F7,1,0.00 rpm
ACT_TORQUE B13,1771291832.8516207,0x18FF02F7,1,0.00 Nm
ACT_POWER B13,1771291832.8516207,0x18FF02F7,1,0.00 kw
ACT_MOTORTEMPERATURE B13,1771291832.8516207,0x18FF02F7,1,28.00 °C
DEVICESTATE M13,1771291832.9415355,0x18FF00F7,1,0 state
ERRORLAMP M13,1771291832.9415355,0x18FF00F7,1,0 state
DEVICENUMBER M13,1771291832.9415355,0x18FF00F7,1,14 state
CLAMP15_STATUS M13,1771291832.9415355,0x18FF00F7,1,1 state
PRECHARGED M13,1771291832.9415355,0x18FF00F7,1,1 state
STATUS_ BIT_FLEX_IN_OUT_SIGNAL1 M13,1771291832.9415355,0x18FF00F7,1,3 state
STATUS_ BIT_FLEX_IN_OUT_SIGNAL2 M13,1771291832.9415355,0x18FF00F7,1,3 state
ERROR CODE  M13,1771291832.9415355,0x18FF00F7,1,0 state
ACT_DCBUSVOLTAGE M13,1771291832.9415355,0x18FF00F7,1,1.25 V
ACT_DCBUSPOWER M13,1771291832.9415355,0x18FF00F7,1,0.00 kw
ACT_DEVICETEMPERATURE M13,1771291832.9415355,0x18FF00F7,1,27.00 °C
ACT_INVERTERSTATUS A13,1771291832.9459083,0x18FF01F7,1,0 state
ACT_INVERTERREADY A13,1771291832.9459083,0x18FF01F7,1,0 state
ACT_ERRORSTATUS A13,1771291832.9459083,0x18FF01F7,1,0 state
ACT_SPEED A13,1771291832.9459083,0x18FF01F7,1,0.00 rpm
ACT_TORQUE A13,1771291832.9459083,0x18FF01F7,1,0.00 Nm
ACT_POWER A13,1771291832.9459083,0x18FF01F7,1,0.00 kw
ACT_MOTORTEMPERATURE A13,1771291832.9459083,0x18FF01F7,1,27.00 °C
ACT_INVERTERSTATUS B13,1771291832.9509912,0x18FF02F7,1,0 state
ACT_INVERTERREADY B13,1771291832.9509912,0x18FF02F7,1,0 state
ACT_ERRORSTATUS B13,1771291832.9509912,0x18FF02F7,1,0 state
ACT_SPEED B13,1771291832.9509912,0x18FF02F7,1,0.00 rpm
ACT_TORQUE B13,1771291832.9509912,0x18FF02F7,1,0.00 Nm
ACT_POWER B13,1771291832.9509912,0x18FF02F7,1,0.00 kw
ACT_MOTORTEMPERATURE B13,1771291832.9509912,0x18FF02F7,1,28.00 °C
DEVICESTATE M13,1771291833.0413241,0x18FF00F7,1,0 state
ERRORLAMP M13,1771291833.0413241,0x18FF00F7,1,0 state
DEVICENUMBER M13,1771291833.0413241,0x18FF00F7,1,14 state
CLAMP15_STATUS M13,1771291833.0413241,0x18FF00F7,1,1 state
PRECHARGED M13,1771291833.0413241,0x18FF00F7,1,1 state
STATUS_ BIT_FLEX_IN_OUT_SIGNAL1 M13,1771291833.0413241,0x18FF00F7,1,3 state
STATUS_ BIT_FLEX_IN_OUT_SIGNAL2 M13,1771291833.0413241,0x18FF00F7,1,3 state
ERROR CODE  M13,1771291833.0413241,0x18FF00F7,1,0 state
ACT_DCBUSVOLTAGE M13,1771291833.0413241,0x18FF00F7,1,1.25 V
ACT_DCBUSPOWER M13,1771291833.0413241,0x18FF00F7,1,0.00 kw
ACT_DEVICETEMPERATURE M13,1771291833.0413241,0x18FF00F7,1,27.00 °C
ACT_INVERTERSTATUS A13,1771291833.0462067,0x18FF01F7,1,0 state
ACT_INVERTERREADY A13,1771291833.0462067,0x18FF01F7,1,0 state
ACT_ERRORSTATUS A13,1771291833.0462067,0x18FF01F7,1,0 state
ACT_SPEED A13,1771291833.0462067,0x18FF01F7,1,0.00 rpm
ACT_TORQUE A13,1771291833.0462067,0x18FF01F7,1,0.00 Nm
ACT_POWER A13,1771291833.0462067,0x18FF01F7,1,0.00 kw
ACT_MOTORTEMPERATURE A13,1771291833.0462067,0x18FF01F7,1,27.00 °C
ACT_INVERTERSTATUS B13,1771291833.0511615,0x18FF02F7,1,0 state
ACT_INVERTERREADY B13,1771291833.0511615,0x18FF02F7,1,0 state
ACT_ERRORSTATUS B13,1771291833.0511615,0x18FF02F7,1,0 state
ACT_SPEED B13,1771291833.0511615,0x18FF02F7,1,0.00 rpm
ACT_TORQUE B13,1771291833.0511615,0x18FF02F7,1,0.00 Nm
ACT_POWER B13,1771291833.0511615,0x18FF02F7,1,0.00 kw
ACT_MOTORTEMPERATURE B13,1771291833.0511615,0x18FF02F7,1,28.00 °C
DEVICESTATE M13,1771291833.1412003,0x18FF00F7,1,0 state
ERRORLAMP M13,1771291833.1412003,0x18FF00F7,1,0 state
DEVICENUMBER M13,1771291833.1412003,0x18FF00F7,1,14 state
CLAMP15_STATUS M13,1771291833.1412003,0x18FF00F7,1,1 state
PRECHARGED M13,1771291833.1412003,0x18FF00F7,1,1 state
STATUS_ BIT_FLEX_IN_OUT_SIGNAL1 M13,1771291833.1412003,0x18FF00F7,1,3 state
STATUS_ BIT_FLEX_IN_OUT_SIGNAL2 M13,1771291833.1412003,0x18FF00F7,1,3 state
ERROR CODE  M13,1771291833.1412003,0x18FF00F7,1,0 state
ACT_DCBUSVOLTAGE M13,1771291833.1412003,0x18FF00F7,1,1.25 V
ACT_DCBUSPOWER M13,1771291833.1412003,0x18FF00F7,1,0.00 kw
ACT_DEVICETEMPERATURE M13,1771291833.1412003,0x18FF00F7,1,27.00 °C
ACT_INVERTERSTATUS A13,1771291833.1462927,0x18FF01F7,1,0 state
ACT_INVERTERREADY A13,1771291833.1462927,0x18FF01F7,1,0 state
ACT_ERRORSTATUS A13,1771291833.1462927,0x18FF01F7,1,0 state
ACT_SPEED A13,1771291833.1462927,0x18FF01F7,1,0.00 rpm
ACT_TORQUE A13,1771291833.1462927,0x18FF01F7,1,0.00 Nm
ACT_POWER A13,1771291833.1462927,0x18FF01F7,1,0.00 kw
ACT_MOTORTEMPERATURE A13,1771291833.1462927,0x18FF01F7,1,27.00 °C
ACT_INVERTERSTATUS B13,1771291833.1511886,0x18FF02F7,1,0 state
ACT_INVERTERREADY B13,1771291833.1511886,0x18FF02F7,1,0 state
ACT_ERRORSTATUS B13,1771291833.1511886,0x18FF02F7,1,0 state
ACT_SPEED B13,1771291833.1511886,0x18FF02F7,1,0.00 rpm
ACT_TORQUE B13,1771291833.1511886,0x18FF02F7,1,0.00 Nm
ACT_POWER B13,1771291833.1511886,0x18FF02F7,1,0.00 kw
ACT_MOTORTEMPERATURE B13,1771291833.1511886,0x18FF02F7,1,28.00 °C
DEVICESTATE M13,1771291833.2413297,0x18FF00F7,1,0 state
ERRORLAMP M13,1771291833.2413297,0x18FF00F7,1,0 state
DEVICENUMBER M13,1771291833.2413297,0x18FF00F7,1,14 state
CLAMP15_STATUS M13,1771291833.2413297,0x18FF00F7,1,1 state
PRECHARGED M13,1771291833.2413297,0x18FF00F7,1,1 state
STATUS_ BIT_FLEX_IN_OUT_SIGNAL1 M13,1771291833.2413297,0x18FF00F7,1,3 state
STATUS_ BIT_FLEX_IN_OUT_SIGNAL2 M13,1771291833.2413297,0x18FF00F7,1,3 state
ERROR CODE  M13,1771291833.2413297,0x18FF00F7,1,0 state
ACT_DCBUSVOLTAGE M13,1771291833.2413297,0x18FF00F7,1,1.25 V
ACT_DCBUSPOWER M13,1771291833.2413297,0x18FF00F7,1,0.00 kw
ACT_DEVICETEMPERATURE M13,1771291833.2413297,0x18FF00F7,1,27.00 °C
ACT_INVERTERSTATUS A13,1771291833.2458158,0x18FF01F7,1,0 state
ACT_INVERTERREADY A13,1771291833.2458158,0x18FF01F7,1,0 state
ACT_ERRORSTATUS A13,1771291833.2458158,0x18FF01F7,1,0 state
ACT_SPEED A13,1771291833.2458158,0x18FF01F7,1,0.00 rpm
ACT_TORQUE A13,1771291833.2458158,0x18FF01F7,1,0.00 Nm
ACT_POWER A13,1771291833.2458158,0x18FF01F7,1,0.00 kw
ACT_MOTORTEMPERATURE A13,1771291833.2458158,0x18FF01F7,1,27.00 °C
ACT_INVERTERSTATUS B13,1771291833.2507844,0x18FF02F7,1,0 state
ACT_INVERTERREADY B13,1771291833.2507844,0x18FF02F7,1,0 state
ACT_ERRORSTATUS B13,1771291833.2507844,0x18FF02F7,1,0 state
ACT_SPEED B13,1771291833.2507844,0x18FF02F7,1,0.00 rpm
ACT_TORQUE B13,1771291833.2507844,0x18FF02F7,1,0.00 Nm
ACT_POWER B13,1771291833.2507844,0x18FF02F7,1,0.00 kw
ACT_MOTORTEMPERATURE B13,1771291833.2507844,0x18FF02F7,1,28.00 °C
DEVICESTATE M13,1771291833.3409295,0x18FF00F7,1,0 state
ERRORLAMP M13,1771291833.3409295,0x18FF00F7,1,0 state
DEVICENUMBER M13,1771291833.3409295,0x18FF00F7,1,14 state
CLAMP15_STATUS M13,1771291833.3409295,0x18FF00F7,1,1 state
PRECHARGED M13,1771291833.3409295,0x18FF00F7,1,1 state
STATUS_ BIT_FLEX_IN_OUT_SIGNAL1 M13,1771291833.3409295,0x18FF00F7,1,3 state
STATUS_ BIT_FLEX_IN_OUT_SIGNAL2 M13,1771291833.3409295,0x18FF00F7,1,3 state
ERROR CODE  M13,1771291833.3409295,0x18FF00F7,1,0 state
ACT_DCBUSVOLTAGE M13,1771291833.3409295,0x18FF00F7,1,1.25 V
ACT_DCBUSPOWER M13,1771291833.3409295,0x18FF00F7,1,0.00 kw
ACT_DEVICETEMPERATURE M13,1771291833.3409295,0x18FF00F7,1,27.00 °C
ACT_INVERTERSTATUS A13,1771291833.34612,0x18FF01F7,1,0 state
ACT_INVERTERREADY A13,1771291833.34612,0x18FF01F7,1,0 state
ACT_ERRORSTATUS A13,1771291833.34612,0x18FF01F7,1,0 state
ACT_SPEED A13,1771291833.34612,0x18FF01F7,1,0.00 rpm
ACT_TORQUE A13,1771291833.34612,0x18FF01F7,1,0.00 Nm
ACT_POWER A13,1771291833.34612,0x18FF01F7,1,0.00 kw
ACT_MOTORTEMPERATURE A13,1771291833.34612,0x18FF01F7,1,27.00 °C
ACT_INVERTERSTATUS B13,1771291833.351131,0x18FF02F7,1,0 state
ACT_INVERTERREADY B13,1771291833.351131,0x18FF02F7,1,0 state
ACT_ERRORSTATUS B13,1771291833.351131,0x18FF02F7,1,0 state
ACT_SPEED B13,1771291833.351131,0x18FF02F7,1,0.00 rpm
ACT_TORQUE B13,1771291833.351131,0x18FF02F7,1,0.00 Nm
ACT_POWER B13,1771291833.351131,0x18FF02F7,1,0.00 kw
ACT_MOTORTEMPERATURE B13,1771291833.351131,0x18FF02F7,1,28.00 °C
DEVICESTATE M13,1771291833.4410586,0x18FF00F7,1,0 state
ERRORLAMP M13,1771291833.4410586,0x18FF00F7,1,0 state
DEVICENUMBER M13,1771291833.4410586,0x18FF00F7,1,14 state
CLAMP15_STATUS M13,1771291833.4410586,0x18FF00F7,1,1 state
PRECHARGED M13,1771291833.4410586,0x18FF00F7,1,1 state
STATUS_ BIT_FLEX_IN_OUT_SIGNAL1 M13,1771291833.4410586,0x18FF00F7,1,3 state
STATUS_ BIT_FLEX_IN_OUT_SIGNAL2 M13,1771291833.4410586,0x18FF00F7,1,3 state
ERROR CODE  M13,1771291833.4410586,0x18FF00F7,1,0 state
ACT_DCBUSVOLTAGE M13,1771291833.4410586,0x18FF00F7,1,1.25 V
ACT_DCBUSPOWER M13,1771291833.4410586,0x18FF00F7,1,0.00 kw
ACT_DEVICETEMPERATURE M13,1771291833.4410586,0x18FF00F7,1,27.00 °C
ACT_INVERTERSTATUS A13,1771291833.4463174,0x18FF01F7,1,0 state
ACT_INVERTERREADY A13,1771291833.4463174,0x18FF01F7,1,0 state
ACT_ERRORSTATUS A13,1771291833.4463174,0x18FF01F7,1,0 state
ACT_SPEED A13,1771291833.4463174,0x18FF01F7,1,0.00 rpm
ACT_TORQUE A13,1771291833.4463174,0x18FF01F7,1,0.00 Nm
ACT_POWER A13,1771291833.4463174,0x18FF01F7,1,0.00 kw
ACT_MOTORTEMPERATURE A13,1771291833.4463174,0x18FF01F7,1,27.00 °C
ACT_INVERTERSTATUS B13,1771291833.451205,0x18FF02F7,1,0 state
ACT_INVERTERREADY B13,1771291833.451205,0x18FF02F7,1,0 state
ACT_ERRORSTATUS B13,1771291833.451205,0x18FF02F7,1,0 state
ACT_SPEED B13,1771291833.451205,0x18FF02F7,1,0.00 rpm
ACT_TORQUE B13,1771291833.451205,0x18FF02F7,1,0.00 Nm
ACT_POWER B13,1771291833.451205,0x18FF02F7,1,0.00 kw
ACT_MOTORTEMPERATURE B13,1771291833.451205,0x18FF02F7,1,28.00 °C
DEVICESTATE M13,1771291833.5411403,0x18FF00F7,1,0 state
ERRORLAMP M13,1771291833.5411403,0x18FF00F7,1,0 state
DEVICENUMBER M13,1771291833.5411403,0x18FF00F7,1,14 state
CLAMP15_STATUS M13,1771291833.5411403,0x18FF00F7,1,1 state
PRECHARGED M13,1771291833.5411403,0x18FF00F7,1,1 state
STATUS_ BIT_FLEX_IN_OUT_SIGNAL1 M13,1771291833.5411403,0x18FF00F7,1,3 state
STATUS_ BIT_FLEX_IN_OUT_SIGNAL2 M13,1771291833.5411403,0x18FF00F7,1,3 state
ERROR CODE  M13,1771291833.5411403,0x18FF00F7,1,0 state
ACT_DCBUSVOLTAGE M13,1771291833.5411403,0x18FF00F7,1,1.25 V
ACT_DCBUSPOWER M13,1771291833.5411403,0x18FF00F7,1,0.00 kw
ACT_DEVICETEMPERATURE M13,1771291833.5411403,0x18FF00F7,1,27.00 °C
ACT_INVERTERSTATUS A13,1771291833.5462615,0x18FF01F7,1,0 state
ACT_INVERTERREADY A13,1771291833.5462615,0x18FF01F7,1,0 state
ACT_ERRORSTATUS A13,1771291833.5462615,0x18FF01F7,1,0 state
ACT_SPEED A13,1771291833.5462615,0x18FF01F7,1,0.00 rpm
ACT_TORQUE A13,1771291833.5462615,0x18FF01F7,1,0.00 Nm
ACT_POWER A13,1771291833.5462615,0x18FF01F7,1,0.00 kw
ACT_MOTORTEMPERATURE A13,1771291833.5462615,0x18FF01F7,1,27.00 °C
ACT_INVERTERSTATUS B13,1771291833.551166,0x18FF02F7,1,0 state
ACT_INVERTERREADY B13,1771291833.551166,0x18FF02F7,1,0 state
ACT_ERRORSTATUS B13,1771291833.551166,0x18FF02F7,1,0 state
ACT_SPEED B13,1771291833.551166,0x18FF02F7,1,0.00 rpm
ACT_TORQUE B13,1771291833.551166,0x18FF02F7,1,0.00 Nm
ACT_POWER B13,1771291833.551166,0x18FF02F7,1,0.00 kw
ACT_MOTORTEMPERATURE B13,1771291833.551166,0x18FF02F7,1,28.00 °C
DEVICESTATE M13,1771291833.641253,0x18FF00F7,1,0 state
ERRORLAMP M13,1771291833.641253,0x18FF00F7,1,0 state
DEVICENUMBER M13,1771291833.641253,0x18FF00F7,1,14 state
CLAMP15_STATUS M13,1771291833.641253,0x18FF00F7,1,1 state
PRECHARGED M13,1771291833.641253,0x18FF00F7,1,1 state
STATUS_ BIT_FLEX_IN_OUT_SIGNAL1 M13,1771291833.641253,0x18FF00F7,1,3 state
STATUS_ BIT_FLEX_IN_OUT_SIGNAL2 M13,1771291833.641253,0x18FF00F7,1,3 state
ERROR CODE  M13,1771291833.641253,0x18FF00F7,1,0 state
ACT_DCBUSVOLTAGE M13,1771291833.641253,0x18FF00F7,1,1.25 V
ACT_DCBUSPOWER M13,1771291833.641253,0x18FF00F7,1,0.00 kw
ACT_DEVICETEMPERATURE M13,1771291833.641253,0x18FF00F7,1,27.00 °C
ACT_INVERTERSTATUS A13,1771291833.6461456,0x18FF01F7,1,0 state
ACT_INVERTERREADY A13,1771291833.6461456,0x18FF01F7,1,0 state
ACT_ERRORSTATUS A13,1771291833.6461456,0x18FF01F7,1,0 state
ACT_SPEED A13,1771291833.6461456,0x18FF01F7,1,0.00 rpm
ACT_TORQUE A13,1771291833.6461456,0x18FF01F7,1,0.00 Nm
ACT_POWER A13,1771291833.6461456,0x18FF01F7,1,0.00 kw
ACT_MOTORTEMPERATURE A13,1771291833.6461456,0x18FF01F7,1,27.00 °C
ACT_INVERTERSTATUS B13,1771291833.6513026,0x18FF02F7,1,0 state
ACT_INVERTERREADY B13,1771291833.6513026,0x18FF02F7,1,0 state
ACT_ERRORSTATUS B13,1771291833.6513026,0x18FF02F7,1,0 state
ACT_SPEED B13,1771291833.6513026,0x18FF02F7,1,0.00 rpm
ACT_TORQUE B13,1771291833.6513026,0x18FF02F7,1,0.00 Nm
ACT_POWER B13,1771291833.6513026,0x18FF02F7,1,0.00 kw
ACT_MOTORTEMPERATURE B13,1771291833.6513026,0x18FF02F7,1,28.00 °C
DEVICESTATE M13,1771291833.7410576,0x18FF00F7,1,0 state
ERRORLAMP M13,1771291833.7410576,0x18FF00F7,1,0 state
DEVICENUMBER M13,1771291833.7410576,0x18FF00F7,1,14 state
CLAMP15_STATUS M13,1771291833.7410576,0x18FF00F7,1,1 state
PRECHARGED M13,1771291833.7410576,0x18FF00F7,1,1 state
STATUS_ BIT_FLEX_IN_OUT_SIGNAL1 M13,1771291833.7410576,0x18FF00F7,1,3 state
STATUS_ BIT_FLEX_IN_OUT_SIGNAL2 M13,1771291833.7410576,0x18FF00F7,1,3 state
ERROR CODE  M13,1771291833.7410576,0x18FF00F7,1,0 state
ACT_DCBUSVOLTAGE M13,1771291833.7410576,0x18FF00F7,1,1.25 V
ACT_DCBUSPOWER M13,1771291833.7410576,0x18FF00F7,1,0.00 kw
ACT_DEVICETEMPERATURE M13,1771291833.7410576,0x18FF00F7,1,27.00 °C
ACT_INVERTERSTATUS A13,1771291833.746289,0x18FF01F7,1,0 state
ACT_INVERTERREADY A13,1771291833.746289,0x18FF01F7,1,0 state
ACT_ERRORSTATUS A13,1771291833.746289,0x18FF01F7,1,0 state
ACT_SPEED A13,1771291833.746289,0x18FF01F7,1,0.00 rpm
ACT_TORQUE A13,1771291833.746289,0x18FF01F7,1,0.00 Nm
ACT_POWER A13,1771291833.746289,0x18FF01F7,1,0.00 kw
ACT_MOTORTEMPERATURE A13,1771291833.746289,0x18FF01F7,1,27.00 °C
ACT_INVERTERSTATUS B13,1771291833.7509046,0x18FF02F7,1,0 state
ACT_INVERTERREADY B13,1771291833.7509046,0x18FF02F7,1,0 state
ACT_ERRORSTATUS B13,1771291833.7509046,0x18FF02F7,1,0 state
ACT_SPEED B13,1771291833.7509046,0x18FF02F7,1,0.00 rpm
ACT_TORQUE B13,1771291833.7509046,0x18FF02F7,1,0.00 Nm
ACT_POWER B13,1771291833.7509046,0x18FF02F7,1,0.00 kw
ACT_MOTORTEMPERATURE B13,1771291833.7509046,0x18FF02F7,1,28.00 °C
DEVICESTATE M13,1771291833.8412662,0x18FF00F7,1,0 state
ERRORLAMP M13,1771291833.8412662,0x18FF00F7,1,0 state
DEVICENUMBER M13,1771291833.8412662,0x18FF00F7,1,14 state
CLAMP15_STATUS M13,1771291833.8412662,0x18FF00F7,1,1 state
PRECHARGED M13,1771291833.8412662,0x18FF00F7,1,1 state
STATUS_ BIT_FLEX_IN_OUT_SIGNAL1 M13,1771291833.8412662,0x18FF00F7,1,3 state
STATUS_ BIT_FLEX_IN_OUT_SIGNAL2 M13,1771291833.8412662,0x18FF00F7,1,3 state
ERROR CODE  M13,1771291833.8412662,0x18FF00F7,1,0 state
ACT_DCBUSVOLTAGE M13,1771291833.8412662,0x18FF00F7,1,1.25 V
ACT_DCBUSPOWER M13,1771291833.8412662,0x18FF00F7,1,0.00 kw
ACT_DEVICETEMPERATURE M13,1771291833.8412662,0x18FF00F7,1,27.00 °C
ACT_INVERTERSTATUS A13,1771291833.8461766,0x18FF01F7,1,0 state
ACT_INVERTERREADY A13,1771291833.8461766,0x18FF01F7,1,0 state
ACT_ERRORSTATUS A13,1771291833.8461766,0x18FF01F7,1,0 state
ACT_SPEED A13,1771291833.8461766,0x18FF01F7,1,0.00 rpm
ACT_TORQUE A13,1771291833.8461766,0x18FF01F7,1,0.00 Nm
ACT_POWER A13,1771291833.8461766,0x18FF01F7,1,0.00 kw
ACT_MOTORTEMPERATURE A13,1771291833.8461766,0x18FF01F7,1,27.00 °C
ACT_INVERTERSTATUS B13,1771291833.851141,0x18FF02F7,1,0 state
ACT_INVERTERREADY B13,1771291833.851141,0x18FF02F7,1,0 state
ACT_ERRORSTATUS B13,1771291833.851141,0x18FF02F7,1,0 state
ACT_SPEED B13,1771291833.851141,0x18FF02F7,1,0.00 rpm
ACT_TORQUE B13,1771291833.851141,0x18FF02F7,1,0.00 Nm
ACT_POWER B13,1771291833.851141,0x18FF02F7,1,0.00 kw
ACT_MOTORTEMPERATURE B13,1771291833.851141,0x18FF02F7,1,28.00 °C
DEVICESTATE M13,1771291833.9412556,0x18FF00F7,1,0 state
ERRORLAMP M13,1771291833.9412556,0x18FF00F7,1,0 state
DEVICENUMBER M13,1771291833.9412556,0x18FF00F7,1,14 state
CLAMP15_STATUS M13,1771291833.9412556,0x18FF00F7,1,1 state
PRECHARGED M13,1771291833.9412556,0x18FF00F7,1,1 state
STATUS_ BIT_FLEX_IN_OUT_SIGNAL1 M13,1771291833.9412556,0x18FF00F7,1,3 state
STATUS_ BIT_FLEX_IN_OUT_SIGNAL2 M13,1771291833.9412556,0x18FF00F7,1,3 state
ERROR CODE  M13,1771291833.9412556,0x18FF00F7,1,0 state
ACT_DCBUSVOLTAGE M13,1771291833.9412556,0x18FF00F7,1,1.25 V
ACT_DCBUSPOWER M13,1771291833.9412556,0x18FF00F7,1,0.00 kw
ACT_DEVICETEMPERATURE M13,1771291833.9412556,0x18FF00F7,1,27.00 °C
ACT_INVERTERSTATUS A13,1771291833.946036,0x18FF01F7,1,0 state
ACT_INVERTERREADY A13,1771291833.946036,0x18FF01F7,1,0 state
ACT_ERRORSTATUS A13,1771291833.946036,0x18FF01F7,1,0 state
ACT_SPEED A13,1771291833.946036,0x18FF01F7,1,0.00 rpm
ACT_TORQUE A13,1771291833.946036,0x18FF01F7,1,0.00 Nm
ACT_POWER A13,1771291833.946036,0x18FF01F7,1,0.00 kw
ACT_MOTORTEMPERATURE A13,1771291833.946036,0x18FF01F7,1,27.00 °C
ACT_INVERTERSTATUS B13,1771291833.9507334,0x18FF02F7,1,0 state
ACT_INVERTERREADY B13,1771291833.9507334,0x18FF02F7,1,0 state
ACT_ERRORSTATUS B13,1771291833.9507334,0x18FF02F7,1,0 state
ACT_SPEED B13,1771291833.9507334,0x18FF02F7,1,0.00 rpm
ACT_TORQUE B13,1771291833.9507334,0x18FF02F7,1,0.00 Nm
ACT_POWER B13,1771291833.9507334,0x18FF02F7,1,0.00 kw
ACT_MOTORTEMPERATURE B13,1771291833.9507334,0x18FF02F7,1,28.00 °C
DEVICESTATE M13,1771291834.0413458,0x18FF00F7,1,0 state
ERRORLAMP M13,1771291834.0413458,0x18FF00F7,1,0 state
DEVICENUMBER M13,1771291834.0413458,0x18FF00F7,1,14 state
CLAMP15_STATUS M13,1771291834.0413458,0x18FF00F7,1,1 state
PRECHARGED M13,1771291834.0413458,0x18FF00F7,1,1 state
STATUS_ BIT_FLEX_IN_OUT_SIGNAL1 M13,1771291834.0413458,0x18FF00F7,1,3 state
STATUS_ BIT_FLEX_IN_OUT_SIGNAL2 M13,1771291834.0413458,0x18FF00F7,1,3 state
ERROR CODE  M13,1771291834.0413458,0x18FF00F7,1,0 state
ACT_DCBUSVOLTAGE M13,1771291834.0413458,0x18FF00F7,1,1.25 V
ACT_DCBUSPOWER M13,1771291834.0413458,0x18FF00F7,1,0.00 kw
ACT_DEVICETEMPERATURE M13,1771291834.0413458,0x18FF00F7,1,27.00 °C
ACT_INVERTERSTATUS A13,1771291834.046358,0x18FF01F7,1,0 state
ACT_INVERTERREADY A13,1771291834.046358,0x18FF01F7,1,0 state
ACT_ERRORSTATUS A13,1771291834.046358,0x18FF01F7,1,0 state
ACT_SPEED A13,1771291834.046358,0x18FF01F7,1,0.00 rpm
ACT_TORQUE A13,1771291834.046358,0x18FF01F7,1,0.00 Nm
ACT_POWER A13,1771291834.046358,0x18FF01F7,1,0.00 kw
ACT_MOTORTEMPERATURE A13,1771291834.046358,0x18FF01F7,1,27.00 °C
ACT_INVERTERSTATUS B13,1771291834.0508733,0x18FF02F7,1,0 state
ACT_INVERTERREADY B13,1771291834.0508733,0x18FF02F7,1,0 state
ACT_ERRORSTATUS B13,1771291834.0508733,0x18FF02F7,1,0 state
ACT_SPEED B13,1771291834.0508733,0x18FF02F7,1,0.00 rpm
ACT_TORQUE B13,1771291834.0508733,0x18FF02F7,1,0.00 Nm
ACT_POWER B13,1771291834.0508733,0x18FF02F7,1,0.00 kw
ACT_MOTORTEMPERATURE B13,1771291834.0508733,0x18FF02F7,1,28.00 °C
DEVICESTATE M13,1771291834.140978,0x18FF00F7,1,0 state
ERRORLAMP M13,1771291834.140978,0x18FF00F7,1,0 state
DEVICENUMBER M13,1771291834.140978,0x18FF00F7,1,14 state
CLAMP15_STATUS M13,1771291834.140978,0x18FF00F7,1,1 state
PRECHARGED M13,1771291834.140978,0x18FF00F7,1,1 state
STATUS_ BIT_FLEX_IN_OUT_SIGNAL1 M13,1771291834.140978,0x18FF00F7,1,3 state
STATUS_ BIT_FLEX_IN_OUT_SIGNAL2 M13,1771291834.140978,0x18FF00F7,1,3 state
ERROR CODE  M13,1771291834.140978,0x18FF00F7,1,0 state
ACT_DCBUSVOLTAGE M13,1771291834.140978,0x18FF00F7,1,1.25 V
ACT_DCBUSPOWER M13,1771291834.140978,0x18FF00F7,1,0.00 kw
ACT_DEVICETEMPERATURE M13,1771291834.140978,0x18FF00F7,1,27.00 °C
ACT_INVERTERSTATUS A13,1771291834.1459994,0x18FF01F7,1,0 state
ACT_INVERTERREADY A13,1771291834.1459994,0x18FF01F7,1,0 state
ACT_ERRORSTATUS A13,1771291834.1459994,0x18FF01F7,1,0 state
ACT_SPEED A13,1771291834.1459994,0x18FF01F7,1,0.00 rpm
ACT_TORQUE A13,1771291834.1459994,0x18FF01F7,1,0.00 Nm
ACT_POWER A13,1771291834.1459994,0x18FF01F7,1,0.00 kw
ACT_MOTORTEMPERATURE A13,1771291834.1459994,0x18FF01F7,1,27.00 °C
ACT_INVERTERSTATUS B13,1771291834.1509812,0x18FF02F7,1,0 state
ACT_INVERTERREADY B13,1771291834.1509812,0x18FF02F7,1,0 state
ACT_ERRORSTATUS B13,1771291834.1509812,0x18FF02F7,1,0 state
ACT_SPEED B13,1771291834.1509812,0x18FF02F7,1,0.00 rpm
ACT_TORQUE B13,1771291834.1509812,0x18FF02F7,1,0.00 Nm
ACT_POWER B13,1771291834.1509812,0x18FF02F7,1,0.00 kw
ACT_MOTORTEMPERATURE B13,1771291834.1509812,0x18FF02F7,1,28.00 °C
DEVICESTATE M13,1771291834.241461,0x18FF00F7,1,0 state
ERRORLAMP M13,1771291834.241461,0x18FF00F7,1,0 state
DEVICENUMBER M13,1771291834.241461,0x18FF00F7,1,14 state
CLAMP15_STATUS M13,1771291834.241461,0x18FF00F7,1,1 state
PRECHARGED M13,1771291834.241461,0x18FF00F7,1,1 state
STATUS_ BIT_FLEX_IN_OUT_SIGNAL1 M13,1771291834.241461,0x18FF00F7,1,3 state
STATUS_ BIT_FLEX_IN_OUT_SIGNAL2 M13,1771291834.241461,0x18FF00F7,1,3 state
ERROR CODE  M13,1771291834.241461,0x18FF00F7,1,0 state
ACT_DCBUSVOLTAGE M13,1771291834.241461,0x18FF00F7,1,1.25 V
ACT_DCBUSPOWER M13,1771291834.241461,0x18FF00F7,1,0.00 kw
ACT_DEVICETEMPERATURE M13,1771291834.241461,0x18FF00F7,1,27.00 °C
ACT_INVERTERSTATUS A13,1771291834.246119,0x18FF01F7,1,0 state
ACT_INVERTERREADY A13,1771291834.246119,0x18FF01F7,1,0 state
ACT_ERRORSTATUS A13,1771291834.246119,0x18FF01F7,1,0 state
ACT_SPEED A13,1771291834.246119,0x18FF01F7,1,0.00 rpm
ACT_TORQUE A13,1771291834.246119,0x18FF01F7,1,0.00 Nm
ACT_POWER A13,1771291834.246119,0x18FF01F7,1,0.00 kw
ACT_MOTORTEMPERATURE A13,1771291834.246119,0x18FF01F7,1,27.00 °C
ACT_INVERTERSTATUS B13,1771291834.2511787,0x18FF02F7,1,0 state
ACT_INVERTERREADY B13,1771291834.2511787,0x18FF02F7,1,0 state
ACT_ERRORSTATUS B13,1771291834.2511787,0x18FF02F7,1,0 state
ACT_SPEED B13,1771291834.2511787,0x18FF02F7,1,0.00 rpm
ACT_TORQUE B13,1771291834.2511787,0x18FF02F7,1,0.00 Nm
ACT_POWER B13,1771291834.2511787,0x18FF02F7,1,0.00 kw
ACT_MOTORTEMPERATURE B13,1771291834.2511787,0x18FF02F7,1,28.00 °C
DEVICESTATE M13,1771291834.3410401,0x18FF00F7,1,0 state
ERRORLAMP M13,1771291834.3410401,0x18FF00F7,1,0 state
DEVICENUMBER M13,1771291834.3410401,0x18FF00F7,1,14 state
CLAMP15_STATUS M13,1771291834.3410401,0x18FF00F7,1,1 state
PRECHARGED M13,1771291834.3410401,0x18FF00F7,1,1 state
STATUS_ BIT_FLEX_IN_OUT_SIGNAL1 M13,1771291834.3410401,0x18FF00F7,1,3 state
STATUS_ BIT_FLEX_IN_OUT_SIGNAL2 M13,1771291834.3410401,0x18FF00F7,1,3 state
ERROR CODE  M13,1771291834.3410401,0x18FF00F7,1,0 state
ACT_DCBUSVOLTAGE M13,1771291834.3410401,0x18FF00F7,1,1.25 V
ACT_DCBUSPOWER M13,1771291834.3410401,0x18FF00F7,1,0.00 kw
ACT_DEVICETEMPERATURE M13,1771291834.3410401,0x18FF00F7,1,27.00 °C
ACT_INVERTERSTATUS A13,1771291834.3459568,0x18FF01F7,1,0 state
ACT_INVERTERREADY A13,1771291834.3459568,0x18FF01F7,1,0 state
ACT_ERRORSTATUS A13,1771291834.3459568,0x18FF01F7,1,0 state
ACT_SPEED A13,1771291834.3459568,0x18FF01F7,1,0.00 rpm
ACT_TORQUE A13,1771291834.3459568,0x18FF01F7,1,0.00 Nm
ACT_POWER A13,1771291834.3459568,0x18FF01F7,1,0.00 kw
ACT_MOTORTEMPERATURE A13,1771291834.3459568,0x18FF01F7,1,26.00 °C
ACT_INVERTERSTATUS B13,1771291834.3510196,0x18FF02F7,1,0 state
ACT_INVERTERREADY B13,1771291834.3510196,0x18FF02F7,1,0 state
ACT_ERRORSTATUS B13,1771291834.3510196,0x18FF02F7,1,0 state
ACT_SPEED B13,1771291834.3510196,0x18FF02F7,1,0.00 rpm
ACT_TORQUE B13,1771291834.3510196,0x18FF02F7,1,0.00 Nm
ACT_POWER B13,1771291834.3510196,0x18FF02F7,1,0.00 kw
ACT_MOTORTEMPERATURE B13,1771291834.3510196,0x18FF02F7,1,28.00 °C
DEVICESTATE M13,1771291834.4411438,0x18FF00F7,1,0 state
ERRORLAMP M13,1771291834.4411438,0x18FF00F7,1,0 state
DEVICENUMBER M13,1771291834.4411438,0x18FF00F7,1,14 state
CLAMP15_STATUS M13,1771291834.4411438,0x18FF00F7,1,1 state
PRECHARGED M13,1771291834.4411438,0x18FF00F7,1,1 state
STATUS_ BIT_FLEX_IN_OUT_SIGNAL1 M13,1771291834.4411438,0x18FF00F7,1,3 state
STATUS_ BIT_FLEX_IN_OUT_SIGNAL2 M13,1771291834.4411438,0x18FF00F7,1,3 state
ERROR CODE  M13,1771291834.4411438,0x18FF00F7,1,0 state
ACT_DCBUSVOLTAGE M13,1771291834.4411438,0x18FF00F7,1,1.25 V
ACT_DCBUSPOWER M13,1771291834.4411438,0x18FF00F7,1,0.00 kw
ACT_DEVICETEMPERATURE M13,1771291834.4411438,0x18FF00F7,1,27.00 °C
ACT_INVERTERSTATUS A13,1771291834.4461646,0x18FF01F7,1,0 state
ACT_INVERTERREADY A13,1771291834.4461646,0x18FF01F7,1,0 state
ACT_ERRORSTATUS A13,1771291834.4461646,0x18FF01F7,1,0 state
ACT_SPEED A13,1771291834.4461646,0x18FF01F7,1,0.00 rpm
ACT_TORQUE A13,1771291834.4461646,0x18FF01F7,1,0.00 Nm
ACT_POWER A13,1771291834.4461646,0x18FF01F7,1,0.00 kw
ACT_MOTORTEMPERATURE A13,1771291834.4461646,0x18FF01F7,1,27.00 °C
ACT_INVERTERSTATUS B13,1771291834.451174,0x18FF02F7,1,0 state
ACT_INVERTERREADY B13,1771291834.451174,0x18FF02F7,1,0 state
ACT_ERRORSTATUS B13,1771291834.451174,0x18FF02F7,1,0 state
ACT_SPEED B13,1771291834.451174,0x18FF02F7,1,0.00 rpm
ACT_TORQUE B13,1771291834.451174,0x18FF02F7,1,0.00 Nm
ACT_POWER B13,1771291834.451174,0x18FF02F7,1,0.00 kw
ACT_MOTORTEMPERATURE B13,1771291834.451174,0x18FF02F7,1,28.00 °C
DEVICESTATE M13,1771291834.5412598,0x18FF00F7,1,0 state
ERRORLAMP M13,1771291834.5412598,0x18FF00F7,1,0 state
DEVICENUMBER M13,1771291834.5412598,0x18FF00F7,1,14 state
CLAMP15_STATUS M13,1771291834.5412598,0x18FF00F7,1,1 state
PRECHARGED M13,1771291834.5412598,0x18FF00F7,1,1 state
STATUS_ BIT_FLEX_IN_OUT_SIGNAL1 M13,1771291834.5412598,0x18FF00F7,1,3 state
STATUS_ BIT_FLEX_IN_OUT_SIGNAL2 M13,1771291834.5412598,0x18FF00F7,1,3 state
ERROR CODE  M13,1771291834.5412598,0x18FF00F7,1,0 state
ACT_DCBUSVOLTAGE M13,1771291834.5412598,0x18FF00F7,1,1.25 V
ACT_DCBUSPOWER M13,1771291834.5412598,0x18FF00F7,1,0.00 kw
ACT_DEVICETEMPERATURE M13,1771291834.5412598,0x18FF00F7,1,27.00 °C
ACT_INVERTERSTATUS A13,1771291834.5457976,0x18FF01F7,1,0 state
ACT_INVERTERREADY A13,1771291834.5457976,0x18FF01F7,1,0 state
ACT_ERRORSTATUS A13,1771291834.5457976,0x18FF01F7,1,0 state
ACT_SPEED A13,1771291834.5457976,0x18FF01F7,1,0.00 rpm
ACT_TORQUE A13,1771291834.5457976,0x18FF01F7,1,0.00 Nm
ACT_POWER A13,1771291834.5457976,0x18FF01F7,1,0.00 kw
ACT_MOTORTEMPERATURE A13,1771291834.5457976,0x18FF01F7,1,27.00 °C
ACT_INVERTERSTATUS B13,1771291834.5508487,0x18FF02F7,1,0 state
ACT_INVERTERREADY B13,1771291834.5508487,0x18FF02F7,1,0 state
ACT_ERRORSTATUS B13,1771291834.5508487,0x18FF02F7,1,0 state
ACT_SPEED B13,1771291834.5508487,0x18FF02F7,1,0.00 rpm
ACT_TORQUE B13,1771291834.5508487,0x18FF02F7,1,0.00 Nm
ACT_POWER B13,1771291834.5508487,0x18FF02F7,1,0.00 kw
ACT_MOTORTEMPERATURE B13,1771291834.5508487,0x18FF02F7,1,28.00 °C
DEVICESTATE M13,1771291834.6413183,0x18FF00F7,1,0 state
ERRORLAMP M13,1771291834.6413183,0x18FF00F7,1,0 state
DEVICENUMBER M13,1771291834.6413183,0x18FF00F7,1,14 state
CLAMP15_STATUS M13,1771291834.6413183,0x18FF00F7,1,1 state
PRECHARGED M13,1771291834.6413183,0x18FF00F7,1,1 state
STATUS_ BIT_FLEX_IN_OUT_SIGNAL1 M13,1771291834.6413183,0x18FF00F7,1,3 state
STATUS_ BIT_FLEX_IN_OUT_SIGNAL2 M13,1771291834.6413183,0x18FF00F7,1,3 state
ERROR CODE  M13,1771291834.6413183,0x18FF00F7,1,0 state
ACT_DCBUSVOLTAGE M13,1771291834.6413183,0x18FF00F7,1,1.25 V
ACT_DCBUSPOWER M13,1771291834.6413183,0x18FF00F7,1,0.00 kw
ACT_DEVICETEMPERATURE M13,1771291834.6413183,0x18FF00F7,1,27.00 °C
ACT_INVERTERSTATUS A13,1771291834.6460788,0x18FF01F7,1,0 state
ACT_INVERTERREADY A13,1771291834.6460788,0x18FF01F7,1,0 state
ACT_ERRORSTATUS A13,1771291834.6460788,0x18FF01F7,1,0 state
ACT_SPEED A13,1771291834.6460788,0x18FF01F7,1,0.00 rpm
ACT_TORQUE A13,1771291834.6460788,0x18FF01F7,1,0.00 Nm
ACT_POWER A13,1771291834.6460788,0x18FF01F7,1,0.00 kw
ACT_MOTORTEMPERATURE A13,1771291834.6460788,0x18FF01F7,1,27.00 °C
ACT_INVERTERSTATUS B13,1771291834.6513317,0x18FF02F7,1,0 state
ACT_INVERTERREADY B13,1771291834.6513317,0x18FF02F7,1,0 state
ACT_ERRORSTATUS B13,1771291834.6513317,0x18FF02F7,1,0 state
ACT_SPEED B13,1771291834.6513317,0x18FF02F7,1,0.00 rpm
ACT_TORQUE B13,1771291834.6513317,0x18FF02F7,1,0.00 Nm
ACT_POWER B13,1771291834.6513317,0x18FF02F7,1,0.00 kw
ACT_MOTORTEMPERATURE B13,1771291834.6513317,0x18FF02F7,1,28.00 °C
DEVICESTATE M13,1771291834.7411587,0x18FF00F7,1,0 state
ERRORLAMP M13,1771291834.7411587,0x18FF00F7,1,0 state
DEVICENUMBER M13,1771291834.7411587,0x18FF00F7,1,14 state
CLAMP15_STATUS M13,1771291834.7411587,0x18FF00F7,1,1 state
PRECHARGED M13,1771291834.7411587,0x18FF00F7,1,1 state
STATUS_ BIT_FLEX_IN_OUT_SIGNAL1 M13,1771291834.7411587,0x18FF00F7,1,3 state
STATUS_ BIT_FLEX_IN_OUT_SIGNAL2 M13,1771291834.7411587,0x18FF00F7,1,3 state
ERROR CODE  M13,1771291834.7411587,0x18FF00F7,1,0 state
ACT_DCBUSVOLTAGE M13,1771291834.7411587,0x18FF00F7,1,1.25 V
ACT_DCBUSPOWER M13,1771291834.7411587,0x18FF00F7,1,0.00 kw
ACT_DEVICETEMPERATURE M13,1771291834.7411587,0x18FF00F7,1,27.00 °C
ACT_INVERTERSTATUS A13,1771291834.7462795,0x18FF01F7,1,0 state
ACT_INVERTERREADY A13,1771291834.7462795,0x18FF01F7,1,0 state
ACT_ERRORSTATUS A13,1771291834.7462795,0x18FF01F7,1,0 state
ACT_SPEED A13,1771291834.7462795,0x18FF01F7,1,0.00 rpm
ACT_TORQUE A13,1771291834.7462795,0x18FF01F7,1,0.00 Nm
ACT_POWER A13,1771291834.7462795,0x18FF01F7,1,0.00 kw
ACT_MOTORTEMPERATURE A13,1771291834.7462795,0x18FF01F7,1,27.00 °C
ACT_INVERTERSTATUS B13,1771291834.75098,0x18FF02F7,1,0 state
ACT_INVERTERREADY B13,1771291834.75098,0x18FF02F7,1,0 state
ACT_ERRORSTATUS B13,1771291834.75098,0x18FF02F7,1,0 state
ACT_SPEED B13,1771291834.75098,0x18FF02F7,1,0.00 rpm
ACT_TORQUE B13,1771291834.75098,0x18FF02F7,1,0.00 Nm
ACT_POWER B13,1771291834.75098,0x18FF02F7,1,0.00 kw
ACT_MOTORTEMPERATURE B13,1771291834.75098,0x18FF02F7,1,28.00 °C
DEVICESTATE M13,1771291834.841143,0x18FF00F7,1,0 state
ERRORLAMP M13,1771291834.841143,0x18FF00F7,1,0 state
DEVICENUMBER M13,1771291834.841143,0x18FF00F7,1,14 state
CLAMP15_STATUS M13,1771291834.841143,0x18FF00F7,1,1 state
PRECHARGED M13,1771291834.841143,0x18FF00F7,1,1 state
STATUS_ BIT_FLEX_IN_OUT_SIGNAL1 M13,1771291834.841143,0x18FF00F7,1,3 state
STATUS_ BIT_FLEX_IN_OUT_SIGNAL2 M13,1771291834.841143,0x18FF00F7,1,3 state
ERROR CODE  M13,1771291834.841143,0x18FF00F7,1,0 state
ACT_DCBUSVOLTAGE M13,1771291834.841143,0x18FF00F7,1,1.25 V
ACT_DCBUSPOWER M13,1771291834.841143,0x18FF00F7,1,0.00 kw
ACT_DEVICETEMPERATURE M13,1771291834.841143,0x18FF00F7,1,27.00 °C
ACT_INVERTERSTATUS A13,1771291834.8464904,0x18FF01F7,1,0 state
ACT_INVERTERREADY A13,1771291834.8464904,0x18FF01F7,1,0 state
ACT_ERRORSTATUS A13,1771291834.8464904,0x18FF01F7,1,0 state
ACT_SPEED A13,1771291834.8464904,0x18FF01F7,1,0.00 rpm
ACT_TORQUE A13,1771291834.8464904,0x18FF01F7,1,0.00 Nm
ACT_POWER A13,1771291834.8464904,0x18FF01F7,1,0.00 kw
ACT_MOTORTEMPERATURE A13,1771291834.8464904,0x18FF01F7,1,27.00 °C
ACT_INVERTERSTATUS B13,1771291834.8509755,0x18FF02F7,1,0 state
ACT_INVERTERREADY B13,1771291834.8509755,0x18FF02F7,1,0 state
ACT_ERRORSTATUS B13,1771291834.8509755,0x18FF02F7,1,0 state
ACT_SPEED B13,1771291834.8509755,0x18FF02F7,1,0.00 rpm
ACT_TORQUE B13,1771291834.8509755,0x18FF02F7,1,0.00 Nm
ACT_POWER B13,1771291834.8509755,0x18FF02F7,1,0.00 kw
ACT_MOTORTEMPERATURE B13,1771291834.8509755,0x18FF02F7,1,28.00 °C
DEVICESTATE M13,1771291834.9409628,0x18FF00F7,1,0 state
ERRORLAMP M13,1771291834.9409628,0x18FF00F7,1,0 state
DEVICENUMBER M13,1771291834.9409628,0x18FF00F7,1,14 state
CLAMP15_STATUS M13,1771291834.9409628,0x18FF00F7,1,1 state
PRECHARGED M13,1771291834.9409628,0x18FF00F7,1,1 state
STATUS_ BIT_FLEX_IN_OUT_SIGNAL1 M13,1771291834.9409628,0x18FF00F7,1,3 state
STATUS_ BIT_FLEX_IN_OUT_SIGNAL2 M13,1771291834.9409628,0x18FF00F7,1,3 state
ERROR CODE  M13,1771291834.9409628,0x18FF00F7,1,0 state
ACT_DCBUSVOLTAGE M13,1771291834.9409628,0x18FF00F7,1,1.25 V
ACT_DCBUSPOWER M13,1771291834.9409628,0x18FF00F7,1,0.00 kw
ACT_DEVICETEMPERATURE M13,1771291834.9409628,0x18FF00F7,1,27.00 °C
ACT_INVERTERSTATUS A13,1771291834.946189,0x18FF01F7,1,0 state
ACT_INVERTERREADY A13,1771291834.946189,0x18FF01F7,1,0 state
ACT_ERRORSTATUS A13,1771291834.946189,0x18FF01F7,1,0 state
ACT_SPEED A13,1771291834.946189,0x18FF01F7,1,0.00 rpm
ACT_TORQUE A13,1771291834.946189,0x18FF01F7,1,0.00 Nm
ACT_POWER A13,1771291834.946189,0x18FF01F7,1,0.00 kw
ACT_MOTORTEMPERATURE A13,1771291834.946189,0x18FF01F7,1,27.00 °C
ACT_INVERTERSTATUS B13,1771291834.9512205,0x18FF02F7,1,0 state
ACT_INVERTERREADY B13,1771291834.9512205,0x18FF02F7,1,0 state
ACT_ERRORSTATUS B13,1771291834.9512205,0x18FF02F7,1,0 state
ACT_SPEED B13,1771291834.9512205,0x18FF02F7,1,0.00 rpm
ACT_TORQUE B13,1771291834.9512205,0x18FF02F7,1,0.00 Nm
ACT_POWER B13,1771291834.9512205,0x18FF02F7,1,0.00 kw
ACT_MOTORTEMPERATURE B13,1771291834.9512205,0x18FF02F7,1,28.00 °C
DEVICESTATE M13,1771291835.0411744,0x18FF00F7,1,0 state
ERRORLAMP M13,1771291835.0411744,0x18FF00F7,1,0 state
DEVICENUMBER M13,1771291835.0411744,0x18FF00F7,1,14 state
CLAMP15_STATUS M13,1771291835.0411744,0x18FF00F7,1,1 state
PRECHARGED M13,1771291835.0411744,0x18FF00F7,1,1 state
STATUS_ BIT_FLEX_IN_OUT_SIGNAL1 M13,1771291835.0411744,0x18FF00F7,1,3 state
STATUS_ BIT_FLEX_IN_OUT_SIGNAL2 M13,1771291835.0411744,0x18FF00F7,1,3 state
ERROR CODE  M13,1771291835.0411744,0x18FF00F7,1,0 state
ACT_DCBUSVOLTAGE M13,1771291835.0411744,0x18FF00F7,1,1.25 V
ACT_DCBUSPOWER M13,1771291835.0411744,0x18FF00F7,1,0.00 kw
ACT_DEVICETEMPERATURE M13,1771291835.0411744,0x18FF00F7,1,27.00 °C
ACT_INVERTERSTATUS A13,1771291835.0459826,0x18FF01F7,1,0 state
ACT_INVERTERREADY A13,1771291835.0459826,0x18FF01F7,1,0 state
ACT_ERRORSTATUS A13,1771291835.0459826,0x18FF01F7,1,0 state
ACT_SPEED A13,1771291835.0459826,0x18FF01F7,1,0.00 rpm
ACT_TORQUE A13,1771291835.0459826,0x18FF01F7,1,0.00 Nm
ACT_POWER A13,1771291835.0459826,0x18FF01F7,1,0.00 kw
ACT_MOTORTEMPERATURE A13,1771291835.0459826,0x18FF01F7,1,27.00 °C
ACT_INVERTERSTATUS B13,1771291835.0508106,0x18FF02F7,1,0 state
ACT_INVERTERREADY B13,1771291835.0508106,0x18FF02F7,1,0 state
ACT_ERRORSTATUS B13,1771291835.0508106,0x18FF02F7,1,0 state
ACT_SPEED B13,1771291835.0508106,0x18FF02F7,1,0.00 rpm
ACT_TORQUE B13,1771291835.0508106,0x18FF02F7,1,0.00 Nm
ACT_POWER B13,1771291835.0508106,0x18FF02F7,1,0.00 kw
ACT_MOTORTEMPERATURE B13,1771291835.0508106,0x18FF02F7,1,28.00 °C
DEVICESTATE M13,1771291835.1410444,0x18FF00F7,1,0 state
ERRORLAMP M13,1771291835.1410444,0x18FF00F7,1,0 state
DEVICENUMBER M13,1771291835.1410444,0x18FF00F7,1,14 state
CLAMP15_STATUS M13,1771291835.1410444,0x18FF00F7,1,1 state
PRECHARGED M13,1771291835.1410444,0x18FF00F7,1,1 state
STATUS_ BIT_FLEX_IN_OUT_SIGNAL1 M13,1771291835.1410444,0x18FF00F7,1,3 state
STATUS_ BIT_FLEX_IN_OUT_SIGNAL2 M13,1771291835.1410444,0x18FF00F7,1,3 state
ERROR CODE  M13,1771291835.1410444,0x18FF00F7,1,0 state
ACT_DCBUSVOLTAGE M13,1771291835.1410444,0x18FF00F7,1,1.25 V
ACT_DCBUSPOWER M13,1771291835.1410444,0x18FF00F7,1,0.00 kw
ACT_DEVICETEMPERATURE M13,1771291835.1410444,0x18FF00F7,1,27.00 °C
ACT_INVERTERSTATUS A13,1771291835.1462686,0x18FF01F7,1,0 state
ACT_INVERTERREADY A13,1771291835.1462686,0x18FF01F7,1,0 state
ACT_ERRORSTATUS A13,1771291835.1462686,0x18FF01F7,1,0 state
ACT_SPEED A13,1771291835.1462686,0x18FF01F7,1,0.00 rpm
ACT_TORQUE A13,1771291835.1462686,0x18FF01F7,1,0.00 Nm
ACT_POWER A13,1771291835.1462686,0x18FF01F7,1,0.00 kw
ACT_MOTORTEMPERATURE A13,1771291835.1462686,0x18FF01F7,1,27.00 °C
ACT_INVERTERSTATUS B13,1771291835.1511421,0x18FF02F7,1,0 state
ACT_INVERTERREADY B13,1771291835.1511421,0x18FF02F7,1,0 state
ACT_ERRORSTATUS B13,1771291835.1511421,0x18FF02F7,1,0 state
ACT_SPEED B13,1771291835.1511421,0x18FF02F7,1,0.00 rpm
ACT_TORQUE B13,1771291835.1511421,0x18FF02F7,1,0.00 Nm
ACT_POWER B13,1771291835.1511421,0x18FF02F7,1,0.00 kw
ACT_MOTORTEMPERATURE B13,1771291835.1511421,0x18FF02F7,1,28.00 °C
DEVICESTATE M13,1771291835.2410886,0x18FF00F7,1,0 state
ERRORLAMP M13,1771291835.2410886,0x18FF00F7,1,0 state
DEVICENUMBER M13,1771291835.2410886,0x18FF00F7,1,14 state
CLAMP15_STATUS M13,1771291835.2410886,0x18FF00F7,1,1 state
PRECHARGED M13,1771291835.2410886,0x18FF00F7,1,1 state
STATUS_ BIT_FLEX_IN_OUT_SIGNAL1 M13,1771291835.2410886,0x18FF00F7,1,3 state
STATUS_ BIT_FLEX_IN_OUT_SIGNAL2 M13,1771291835.2410886,0x18FF00F7,1,3 state
ERROR CODE  M13,1771291835.2410886,0x18FF00F7,1,0 state
ACT_DCBUSVOLTAGE M13,1771291835.2410886,0x18FF00F7,1,1.25 V
ACT_DCBUSPOWER M13,1771291835.2410886,0x18FF00F7,1,0.00 kw
ACT_DEVICETEMPERATURE M13,1771291835.2410886,0x18FF00F7,1,27.00 °C
ACT_INVERTERSTATUS A13,1771291835.246178,0x18FF01F7,1,0 state
ACT_INVERTERREADY A13,1771291835.246178,0x18FF01F7,1,0 state
ACT_ERRORSTATUS A13,1771291835.246178,0x18FF01F7,1,0 state
ACT_SPEED A13,1771291835.246178,0x18FF01F7,1,0.00 rpm
ACT_TORQUE A13,1771291835.246178,0x18FF01F7,1,0.00 Nm
ACT_POWER A13,1771291835.246178,0x18FF01F7,1,0.00 kw
ACT_MOTORTEMPERATURE A13,1771291835.246178,0x18FF01F7,1,27.00 °C
ACT_INVERTERSTATUS B13,1771291835.251151,0x18FF02F7,1,0 state
ACT_INVERTERREADY B13,1771291835.251151,0x18FF02F7,1,0 state
ACT_ERRORSTATUS B13,1771291835.251151,0x18FF02F7,1,0 state
ACT_SPEED B13,1771291835.251151,0x18FF02F7,1,0.00 rpm
ACT_TORQUE B13,1771291835.251151,0x18FF02F7,1,0.00 Nm
ACT_POWER B13,1771291835.251151,0x18FF02F7,1,0.00 kw
ACT_MOTORTEMPERATURE B13,1771291835.251151,0x18FF02F7,1,28.00 °C
DEVICESTATE M13,1771291835.3408995,0x18FF00F7,1,0 state
ERRORLAMP M13,1771291835.3408995,0x18FF00F7,1,0 state
DEVICENUMBER M13,1771291835.3408995,0x18FF00F7,1,14 state
CLAMP15_STATUS M13,1771291835.3408995,0x18FF00F7,1,1 state
PRECHARGED M13,1771291835.3408995,0x18FF00F7,1,1 state
STATUS_ BIT_FLEX_IN_OUT_SIGNAL1 M13,1771291835.3408995,0x18FF00F7,1,3 state
STATUS_ BIT_FLEX_IN_OUT_SIGNAL2 M13,1771291835.3408995,0x18FF00F7,1,3 state
ERROR CODE  M13,1771291835.3408995,0x18FF00F7,1,0 state
ACT_DCBUSVOLTAGE M13,1771291835.3408995,0x18FF00F7,1,1.25 V
ACT_DCBUSPOWER M13,1771291835.3408995,0x18FF00F7,1,0.00 kw
ACT_DEVICETEMPERATURE M13,1771291835.3408995,0x18FF00F7,1,27.00 °C
ACT_INVERTERSTATUS A13,1771291835.346079,0x18FF01F7,1,0 state
ACT_INVERTERREADY A13,1771291835.346079,0x18FF01F7,1,0 state
ACT_ERRORSTATUS A13,1771291835.346079,0x18FF01F7,1,0 state
ACT_SPEED A13,1771291835.346079,0x18FF01F7,1,0.00 rpm
ACT_TORQUE A13,1771291835.346079,0x18FF01F7,1,0.00 Nm
ACT_POWER A13,1771291835.346079,0x18FF01F7,1,0.00 kw
ACT_MOTORTEMPERATURE A13,1771291835.346079,0x18FF01F7,1,27.00 °C
ACT_INVERTERSTATUS B13,1771291835.3511403,0x18FF02F7,1,0 state
ACT_INVERTERREADY B13,1771291835.3511403,0x18FF02F7,1,0 state
ACT_ERRORSTATUS B13,1771291835.3511403,0x18FF02F7,1,0 state
ACT_SPEED B13,1771291835.3511403,0x18FF02F7,1,0.00 rpm
ACT_TORQUE B13,1771291835.3511403,0x18FF02F7,1,0.00 Nm
ACT_POWER B13,1771291835.3511403,0x18FF02F7,1,0.00 kw
ACT_MOTORTEMPERATURE B13,1771291835.3511403,0x18FF02F7,1,28.00 °C
DEVICESTATE M13,1771291835.4413671,0x18FF00F7,1,0 state
ERRORLAMP M13,1771291835.4413671,0x18FF00F7,1,0 state
DEVICENUMBER M13,1771291835.4413671,0x18FF00F7,1,14 state
CLAMP15_STATUS M13,1771291835.4413671,0x18FF00F7,1,1 state
PRECHARGED M13,1771291835.4413671,0x18FF00F7,1,1 state
STATUS_ BIT_FLEX_IN_OUT_SIGNAL1 M13,1771291835.4413671,0x18FF00F7,1,3 state
STATUS_ BIT_FLEX_IN_OUT_SIGNAL2 M13,1771291835.4413671,0x18FF00F7,1,3 state
ERROR CODE  M13,1771291835.4413671,0x18FF00F7,1,0 state
ACT_DCBUSVOLTAGE M13,1771291835.4413671,0x18FF00F7,1,1.25 V
ACT_DCBUSPOWER M13,1771291835.4413671,0x18FF00F7,1,0.00 kw
ACT_DEVICETEMPERATURE M13,1771291835.4413671,0x18FF00F7,1,27.00 °C
ACT_INVERTERSTATUS A13,1771291835.446006,0x18FF01F7,1,0 state
ACT_INVERTERREADY A13,1771291835.446006,0x18FF01F7,1,0 state
ACT_ERRORSTATUS A13,1771291835.446006,0x18FF01F7,1,0 state
ACT_SPEED A13,1771291835.446006,0x18FF01F7,1,0.00 rpm
ACT_TORQUE A13,1771291835.446006,0x18FF01F7,1,0.00 Nm
ACT_POWER A13,1771291835.446006,0x18FF01F7,1,0.00 kw
ACT_MOTORTEMPERATURE A13,1771291835.446006,0x18FF01F7,1,27.00 °C
ACT_INVERTERSTATUS B13,1771291835.4512079,0x18FF02F7,1,0 state
ACT_INVERTERREADY B13,1771291835.4512079,0x18FF02F7,1,0 state
ACT_ERRORSTATUS B13,1771291835.4512079,0x18FF02F7,1,0 state
ACT_SPEED B13,1771291835.4512079,0x18FF02F7,1,0.00 rpm
ACT_TORQUE B13,1771291835.4512079,0x18FF02F7,1,0.00 Nm
ACT_POWER B13,1771291835.4512079,0x18FF02F7,1,0.00 kw
ACT_MOTORTEMPERATURE B13,1771291835.4512079,0x18FF02F7,1,28.00 °C
DEVICESTATE M13,1771291835.5410626,0x18FF00F7,1,0 state
ERRORLAMP M13,1771291835.5410626,0x18FF00F7,1,0 state
DEVICENUMBER M13,1771291835.5410626,0x18FF00F7,1,14 state
CLAMP15_STATUS M13,1771291835.5410626,0x18FF00F7,1,1 state
PRECHARGED M13,1771291835.5410626,0x18FF00F7,1,1 state
STATUS_ BIT_FLEX_IN_OUT_SIGNAL1 M13,1771291835.5410626,0x18FF00F7,1,3 state
STATUS_ BIT_FLEX_IN_OUT_SIGNAL2 M13,1771291835.5410626,0x18FF00F7,1,3 state
ERROR CODE  M13,1771291835.5410626,0x18FF00F7,1,0 state
ACT_DCBUSVOLTAGE M13,1771291835.5410626,0x18FF00F7,1,1.25 V
ACT_DCBUSPOWER M13,1771291835.5410626,0x18FF00F7,1,0.00 kw
ACT_DEVICETEMPERATURE M13,1771291835.5410626,0x18FF00F7,1,27.00 °C
ACT_INVERTERSTATUS A13,1771291835.546163,0x18FF01F7,1,0 state
ACT_INVERTERREADY A13,1771291835.546163,0x18FF01F7,1,0 state
ACT_ERRORSTATUS A13,1771291835.546163,0x18FF01F7,1,0 state
ACT_SPEED A13,1771291835.546163,0x18FF01F7,1,0.00 rpm
ACT_TORQUE A13,1771291835.546163,0x18FF01F7,1,0.00 Nm
ACT_POWER A13,1771291835.546163,0x18FF01F7,1,0.00 kw
ACT_MOTORTEMPERATURE A13,1771291835.546163,0x18FF01F7,1,27.00 °C
ACT_INVERTERSTATUS B13,1771291835.5512125,0x18FF02F7,1,0 state
ACT_INVERTERREADY B13,1771291835.5512125,0x18FF02F7,1,0 state
ACT_ERRORSTATUS B13,1771291835.5512125,0x18FF02F7,1,0 state
ACT_SPEED B13,1771291835.5512125,0x18FF02F7,1,0.00 rpm
ACT_TORQUE B13,1771291835.5512125,0x18FF02F7,1,0.00 Nm
ACT_POWER B13,1771291835.5512125,0x18FF02F7,1,0.00 kw
ACT_MOTORTEMPERATURE B13,1771291835.5512125,0x18FF02F7,1,28.00 °C
DEVICESTATE M13,1771291835.6413033,0x18FF00F7,1,0 state
ERRORLAMP M13,1771291835.6413033,0x18FF00F7,1,0 state
DEVICENUMBER M13,1771291835.6413033,0x18FF00F7,1,14 state
CLAMP15_STATUS M13,1771291835.6413033,0x18FF00F7,1,1 state
PRECHARGED M13,1771291835.6413033,0x18FF00F7,1,1 state
STATUS_ BIT_FLEX_IN_OUT_SIGNAL1 M13,1771291835.6413033,0x18FF00F7,1,3 state
STATUS_ BIT_FLEX_IN_OUT_SIGNAL2 M13,1771291835.6413033,0x18FF00F7,1,3 state
ERROR CODE  M13,1771291835.6413033,0x18FF00F7,1,0 state
ACT_DCBUSVOLTAGE M13,1771291835.6413033,0x18FF00F7,1,1.25 V
ACT_DCBUSPOWER M13,1771291835.6413033,0x18FF00F7,1,0.00 kw
ACT_DEVICETEMPERATURE M13,1771291835.6413033,0x18FF00F7,1,27.00 °C
ACT_INVERTERSTATUS A13,1771291835.646394,0x18FF01F7,1,0 state
ACT_INVERTERREADY A13,1771291835.646394,0x18FF01F7,1,0 state
ACT_ERRORSTATUS A13,1771291835.646394,0x18FF01F7,1,0 state
ACT_SPEED A13,1771291835.646394,0x18FF01F7,1,0.00 rpm
ACT_TORQUE A13,1771291835.646394,0x18FF01F7,1,0.00 Nm
ACT_POWER A13,1771291835.646394,0x18FF01F7,1,0.00 kw
ACT_MOTORTEMPERATURE A13,1771291835.646394,0x18FF01F7,1,27.00 °C
ACT_INVERTERSTATUS B13,1771291835.6511226,0x18FF02F7,1,0 state
ACT_INVERTERREADY B13,1771291835.6511226,0x18FF02F7,1,0 state
ACT_ERRORSTATUS B13,1771291835.6511226,0x18FF02F7,1,0 state
ACT_SPEED B13,1771291835.6511226,0x18FF02F7,1,0.00 rpm
ACT_TORQUE B13,1771291835.6511226,0x18FF02F7,1,0.00 Nm
ACT_POWER B13,1771291835.6511226,0x18FF02F7,1,0.00 kw
ACT_MOTORTEMPERATURE B13,1771291835.6511226,0x18FF02F7,1,28.00 °C
DEVICESTATE M13,1771291835.7412002,0x18FF00F7,1,0 state
ERRORLAMP M13,1771291835.7412002,0x18FF00F7,1,0 state
DEVICENUMBER M13,1771291835.7412002,0x18FF00F7,1,14 state
CLAMP15_STATUS M13,1771291835.7412002,0x18FF00F7,1,1 state
PRECHARGED M13,1771291835.7412002,0x18FF00F7,1,1 state
STATUS_ BIT_FLEX_IN_OUT_SIGNAL1 M13,1771291835.7412002,0x18FF00F7,1,3 state
STATUS_ BIT_FLEX_IN_OUT_SIGNAL2 M13,1771291835.7412002,0x18FF00F7,1,3 state
ERROR CODE  M13,1771291835.7412002,0x18FF00F7,1,0 state
ACT_DCBUSVOLTAGE M13,1771291835.7412002,0x18FF00F7,1,1.25 V
ACT_DCBUSPOWER M13,1771291835.7412002,0x18FF00F7,1,0.00 kw
ACT_DEVICETEMPERATURE M13,1771291835.7412002,0x18FF00F7,1,27.00 °C
ACT_INVERTERSTATUS A13,1771291835.74576,0x18FF01F7,1,0 state
ACT_INVERTERREADY A13,1771291835.74576,0x18FF01F7,1,0 state
ACT_ERRORSTATUS A13,1771291835.74576,0x18FF01F7,1,0 state
ACT_SPEED A13,1771291835.74576,0x18FF01F7,1,0.00 rpm
ACT_TORQUE A13,1771291835.74576,0x18FF01F7,1,0.00 Nm
ACT_POWER A13,1771291835.74576,0x18FF01F7,1,0.00 kw
ACT_MOTORTEMPERATURE A13,1771291835.74576,0x18FF01F7,1,27.00 °C
ACT_INVERTERSTATUS B13,1771291835.7507684,0x18FF02F7,1,0 state
ACT_INVERTERREADY B13,1771291835.7507684,0x18FF02F7,1,0 state
ACT_ERRORSTATUS B13,1771291835.7507684,0x18FF02F7,1,0 state
ACT_SPEED B13,1771291835.7507684,0x18FF02F7,1,0.00 rpm
ACT_TORQUE B13,1771291835.7507684,0x18FF02F7,1,0.00 Nm
ACT_POWER B13,1771291835.7507684,0x18FF02F7,1,0.00 kw
ACT_MOTORTEMPERATURE B13,1771291835.7507684,0x18FF02F7,1,28.00 °C
DEVICESTATE M13,1771291835.8409655,0x18FF00F7,1,0 state
ERRORLAMP M13,1771291835.8409655,0x18FF00F7,1,0 state
DEVICENUMBER M13,1771291835.8409655,0x18FF00F7,1,14 state
CLAMP15_STATUS M13,1771291835.8409655,0x18FF00F7,1,1 state
PRECHARGED M13,1771291835.8409655,0x18FF00F7,1,1 state
STATUS_ BIT_FLEX_IN_OUT_SIGNAL1 M13,1771291835.8409655,0x18FF00F7,1,3 state
STATUS_ BIT_FLEX_IN_OUT_SIGNAL2 M13,1771291835.8409655,0x18FF00F7,1,3 state
ERROR CODE  M13,1771291835.8409655,0x18FF00F7,1,0 state
ACT_DCBUSVOLTAGE M13,1771291835.8409655,0x18FF00F7,1,1.25 V
ACT_DCBUSPOWER M13,1771291835.8409655,0x18FF00F7,1,0.00 kw
ACT_DEVICETEMPERATURE M13,1771291835.8409655,0x18FF00F7,1,27.00 °C
ACT_INVERTERSTATUS A13,1771291835.8459816,0x18FF01F7,1,0 state
ACT_INVERTERREADY A13,1771291835.8459816,0x18FF01F7,1,0 state
ACT_ERRORSTATUS A13,1771291835.8459816,0x18FF01F7,1,0 state
ACT_SPEED A13,1771291835.8459816,0x18FF01F7,1,0.00 rpm
ACT_TORQUE A13,1771291835.8459816,0x18FF01F7,1,0.00 Nm
ACT_POWER A13,1771291835.8459816,0x18FF01F7,1,0.00 kw
ACT_MOTORTEMPERATURE A13,1771291835.8459816,0x18FF01F7,1,27.00 °C
ACT_INVERTERSTATUS B13,1771291835.8510594,0x18FF02F7,1,0 state
ACT_INVERTERREADY B13,1771291835.8510594,0x18FF02F7,1,0 state
ACT_ERRORSTATUS B13,1771291835.8510594,0x18FF02F7,1,0 state
ACT_SPEED B13,1771291835.8510594,0x18FF02F7,1,0.00 rpm
ACT_TORQUE B13,1771291835.8510594,0x18FF02F7,1,0.00 Nm
ACT_POWER B13,1771291835.8510594,0x18FF02F7,1,0.00 kw
ACT_MOTORTEMPERATURE B13,1771291835.8510594,0x18FF02F7,1,28.00 °C
DEVICESTATE M13,1771291835.9412913,0x18FF00F7,1,0 state
ERRORLAMP M13,1771291835.9412913,0x18FF00F7,1,0 state
DEVICENUMBER M13,1771291835.9412913,0x18FF00F7,1,14 state
CLAMP15_STATUS M13,1771291835.9412913,0x18FF00F7,1,1 state
PRECHARGED M13,1771291835.9412913,0x18FF00F7,1,1 state
STATUS_ BIT_FLEX_IN_OUT_SIGNAL1 M13,1771291835.9412913,0x18FF00F7,1,3 state
STATUS_ BIT_FLEX_IN_OUT_SIGNAL2 M13,1771291835.9412913,0x18FF00F7,1,3 state
ERROR CODE  M13,1771291835.9412913,0x18FF00F7,1,0 state
ACT_DCBUSVOLTAGE M13,1771291835.9412913,0x18FF00F7,1,1.25 V
ACT_DCBUSPOWER M13,1771291835.9412913,0x18FF00F7,1,0.00 kw
ACT_DEVICETEMPERATURE M13,1771291835.9412913,0x18FF00F7,1,27.00 °C
ACT_INVERTERSTATUS A13,1771291835.9459686,0x18FF01F7,1,0 state
ACT_INVERTERREADY A13,1771291835.9459686,0x18FF01F7,1,0 state
ACT_ERRORSTATUS A13,1771291835.9459686,0x18FF01F7,1,0 state
ACT_SPEED A13,1771291835.9459686,0x18FF01F7,1,0.00 rpm
ACT_TORQUE A13,1771291835.9459686,0x18FF01F7,1,0.00 Nm
ACT_POWER A13,1771291835.9459686,0x18FF01F7,1,0.00 kw
ACT_MOTORTEMPERATURE A13,1771291835.9459686,0x18FF01F7,1,27.00 °C
ACT_INVERTERSTATUS B13,1771291835.9511921,0x18FF02F7,1,0 state
ACT_INVERTERREADY B13,1771291835.9511921,0x18FF02F7,1,0 state
ACT_ERRORSTATUS B13,1771291835.9511921,0x18FF02F7,1,0 state
ACT_SPEED B13,1771291835.9511921,0x18FF02F7,1,0.00 rpm
ACT_TORQUE B13,1771291835.9511921,0x18FF02F7,1,0.00 Nm
ACT_POWER B13,1771291835.9511921,0x18FF02F7,1,0.00 kw
ACT_MOTORTEMPERATURE B13,1771291835.9511921,0x18FF02F7,1,28.00 °C
DEVICESTATE M13,1771291836.04084,0x18FF00F7,1,0 state
ERRORLAMP M13,1771291836.04084,0x18FF00F7,1,0 state
DEVICENUMBER M13,1771291836.04084,0x18FF00F7,1,14 state
CLAMP15_STATUS M13,1771291836.04084,0x18FF00F7,1,1 state
PRECHARGED M13,1771291836.04084,0x18FF00F7,1,1 state
STATUS_ BIT_FLEX_IN_OUT_SIGNAL1 M13,1771291836.04084,0x18FF00F7,1,3 state
STATUS_ BIT_FLEX_IN_OUT_SIGNAL2 M13,1771291836.04084,0x18FF00F7,1,3 state
ERROR CODE  M13,1771291836.04084,0x18FF00F7,1,0 state
ACT_DCBUSVOLTAGE M13,1771291836.04084,0x18FF00F7,1,1.25 V
ACT_DCBUSPOWER M13,1771291836.04084,0x18FF00F7,1,0.00 kw
ACT_DEVICETEMPERATURE M13,1771291836.04084,0x18FF00F7,1,27.00 °C
ACT_INVERTERSTATUS A13,1771291836.0457315,0x18FF01F7,1,0 state
ACT_INVERTERREADY A13,1771291836.0457315,0x18FF01F7,1,0 state
ACT_ERRORSTATUS A13,1771291836.0457315,0x18FF01F7,1,0 state
ACT_SPEED A13,1771291836.0457315,0x18FF01F7,1,0.00 rpm
ACT_TORQUE A13,1771291836.0457315,0x18FF01F7,1,0.00 Nm
ACT_POWER A13,1771291836.0457315,0x18FF01F7,1,0.00 kw
ACT_MOTORTEMPERATURE A13,1771291836.0457315,0x18FF01F7,1,27.00 °C
ACT_INVERTERSTATUS B13,1771291836.0507586,0x18FF02F7,1,0 state
ACT_INVERTERREADY B13,1771291836.0507586,0x18FF02F7,1,0 state
ACT_ERRORSTATUS B13,1771291836.0507586,0x18FF02F7,1,0 state
ACT_SPEED B13,1771291836.0507586,0x18FF02F7,1,0.00 rpm
ACT_TORQUE B13,1771291836.0507586,0x18FF02F7,1,0.00 Nm
ACT_POWER B13,1771291836.0507586,0x18FF02F7,1,0.00 kw
ACT_MOTORTEMPERATURE B13,1771291836.0507586,0x18FF02F7,1,28.00 °C
DEVICESTATE M13,1771291836.14126,0x18FF00F7,1,0 state
ERRORLAMP M13,1771291836.14126,0x18FF00F7,1,0 state
DEVICENUMBER M13,1771291836.14126,0x18FF00F7,1,14 state
CLAMP15_STATUS M13,1771291836.14126,0x18FF00F7,1,1 state
PRECHARGED M13,1771291836.14126,0x18FF00F7,1,1 state
STATUS_ BIT_FLEX_IN_OUT_SIGNAL1 M13,1771291836.14126,0x18FF00F7,1,3 state
STATUS_ BIT_FLEX_IN_OUT_SIGNAL2 M13,1771291836.14126,0x18FF00F7,1,3 state
ERROR CODE  M13,1771291836.14126,0x18FF00F7,1,0 state
ACT_DCBUSVOLTAGE M13,1771291836.14126,0x18FF00F7,1,1.25 V
ACT_DCBUSPOWER M13,1771291836.14126,0x18FF00F7,1,0.00 kw
ACT_DEVICETEMPERATURE M13,1771291836.14126,0x18FF00F7,1,27.00 °C
ACT_INVERTERSTATUS A13,1771291836.146096,0x18FF01F7,1,0 state
ACT_INVERTERREADY A13,1771291836.146096,0x18FF01F7,1,0 state
ACT_ERRORSTATUS A13,1771291836.146096,0x18FF01F7,1,0 state
ACT_SPEED A13,1771291836.146096,0x18FF01F7,1,0.00 rpm
ACT_TORQUE A13,1771291836.146096,0x18FF01F7,1,0.00 Nm
ACT_POWER A13,1771291836.146096,0x18FF01F7,1,0.00 kw
ACT_MOTORTEMPERATURE A13,1771291836.146096,0x18FF01F7,1,27.00 °C
ACT_INVERTERSTATUS B13,1771291836.1509843,0x18FF02F7,1,0 state
ACT_INVERTERREADY B13,1771291836.1509843,0x18FF02F7,1,0 state
ACT_ERRORSTATUS B13,1771291836.1509843,0x18FF02F7,1,0 state
ACT_SPEED B13,1771291836.1509843,0x18FF02F7,1,0.00 rpm
ACT_TORQUE B13,1771291836.1509843,0x18FF02F7,1,0.00 Nm
ACT_POWER B13,1771291836.1509843,0x18FF02F7,1,0.00 kw
ACT_MOTORTEMPERATURE B13,1771291836.1509843,0x18FF02F7,1,28.00 °C
DEVICESTATE M13,1771291836.2410946,0x18FF00F7,1,0 state
ERRORLAMP M13,1771291836.2410946,0x18FF00F7,1,0 state
DEVICENUMBER M13,1771291836.2410946,0x18FF00F7,1,14 state
CLAMP15_STATUS M13,1771291836.2410946,0x18FF00F7,1,1 state
PRECHARGED M13,1771291836.2410946,0x18FF00F7,1,1 state
STATUS_ BIT_FLEX_IN_OUT_SIGNAL1 M13,1771291836.2410946,0x18FF00F7,1,3 state
STATUS_ BIT_FLEX_IN_OUT_SIGNAL2 M13,1771291836.2410946,0x18FF00F7,1,3 state
ERROR CODE  M13,1771291836.2410946,0x18FF00F7,1,0 state
ACT_DCBUSVOLTAGE M13,1771291836.2410946,0x18FF00F7,1,1.25 V
ACT_DCBUSPOWER M13,1771291836.2410946,0x18FF00F7,1,0.00 kw
ACT_DEVICETEMPERATURE M13,1771291836.2410946,0x18FF00F7,1,27.00 °C
ACT_INVERTERSTATUS A13,1771291836.2461767,0x18FF01F7,1,0 state
ACT_INVERTERREADY A13,1771291836.2461767,0x18FF01F7,1,0 state
ACT_ERRORSTATUS A13,1771291836.2461767,0x18FF01F7,1,0 state
ACT_SPEED A13,1771291836.2461767,0x18FF01F7,1,0.00 rpm
ACT_TORQUE A13,1771291836.2461767,0x18FF01F7,1,0.00 Nm
ACT_POWER A13,1771291836.2461767,0x18FF01F7,1,0.00 kw
ACT_MOTORTEMPERATURE A13,1771291836.2461767,0x18FF01F7,1,27.00 °C
ACT_INVERTERSTATUS B13,1771291836.2507772,0x18FF02F7,1,0 state
ACT_INVERTERREADY B13,1771291836.2507772,0x18FF02F7,1,0 state
ACT_ERRORSTATUS B13,1771291836.2507772,0x18FF02F7,1,0 state
ACT_SPEED B13,1771291836.2507772,0x18FF02F7,1,0.00 rpm
ACT_TORQUE B13,1771291836.2507772,0x18FF02F7,1,0.00 Nm
ACT_POWER B13,1771291836.2507772,0x18FF02F7,1,0.00 kw
ACT_MOTORTEMPERATURE B13,1771291836.2507772,0x18FF02F7,1,28.00 °C
DEVICESTATE M13,1771291836.341094,0x18FF00F7,1,0 state
ERRORLAMP M13,1771291836.341094,0x18FF00F7,1,0 state
DEVICENUMBER M13,1771291836.341094,0x18FF00F7,1,14 state
CLAMP15_STATUS M13,1771291836.341094,0x18FF00F7,1,1 state
PRECHARGED M13,1771291836.341094,0x18FF00F7,1,1 state
STATUS_ BIT_FLEX_IN_OUT_SIGNAL1 M13,1771291836.341094,0x18FF00F7,1,3 state
STATUS_ BIT_FLEX_IN_OUT_SIGNAL2 M13,1771291836.341094,0x18FF00F7,1,3 state
ERROR CODE  M13,1771291836.341094,0x18FF00F7,1,0 state
ACT_DCBUSVOLTAGE M13,1771291836.341094,0x18FF00F7,1,1.25 V
ACT_DCBUSPOWER M13,1771291836.341094,0x18FF00F7,1,0.00 kw
ACT_DEVICETEMPERATURE M13,1771291836.341094,0x18FF00F7,1,27.00 °C
ACT_INVERTERSTATUS A13,1771291836.346196,0x18FF01F7,1,0 state
ACT_INVERTERREADY A13,1771291836.346196,0x18FF01F7,1,0 state
ACT_ERRORSTATUS A13,1771291836.346196,0x18FF01F7,1,0 state
ACT_SPEED A13,1771291836.346196,0x18FF01F7,1,0.00 rpm
ACT_TORQUE A13,1771291836.346196,0x18FF01F7,1,0.00 Nm
ACT_POWER A13,1771291836.346196,0x18FF01F7,1,0.00 kw
ACT_MOTORTEMPERATURE A13,1771291836.346196,0x18FF01F7,1,27.00 °C
ACT_INVERTERSTATUS B13,1771291836.3507128,0x18FF02F7,1,0 state
ACT_INVERTERREADY B13,1771291836.3507128,0x18FF02F7,1,0 state
ACT_ERRORSTATUS B13,1771291836.3507128,0x18FF02F7,1,0 state
ACT_SPEED B13,1771291836.3507128,0x18FF02F7,1,0.00 rpm
ACT_TORQUE B13,1771291836.3507128,0x18FF02F7,1,0.00 Nm
ACT_POWER B13,1771291836.3507128,0x18FF02F7,1,0.00 kw
ACT_MOTORTEMPERATURE B13,1771291836.3507128,0x18FF02F7,1,28.00 °C
DEVICESTATE M13,1771291836.4411504,0x18FF00F7,1,0 state
ERRORLAMP M13,1771291836.4411504,0x18FF00F7,1,0 state
DEVICENUMBER M13,1771291836.4411504,0x18FF00F7,1,14 state
CLAMP15_STATUS M13,1771291836.4411504,0x18FF00F7,1,1 state
PRECHARGED M13,1771291836.4411504,0x18FF00F7,1,1 state
STATUS_ BIT_FLEX_IN_OUT_SIGNAL1 M13,1771291836.4411504,0x18FF00F7,1,3 state
STATUS_ BIT_FLEX_IN_OUT_SIGNAL2 M13,1771291836.4411504,0x18FF00F7,1,3 state
ERROR CODE  M13,1771291836.4411504,0x18FF00F7,1,0 state
ACT_DCBUSVOLTAGE M13,1771291836.4411504,0x18FF00F7,1,1.25 V
ACT_DCBUSPOWER M13,1771291836.4411504,0x18FF00F7,1,0.00 kw
ACT_DEVICETEMPERATURE M13,1771291836.4411504,0x18FF00F7,1,27.00 °C
ACT_INVERTERSTATUS A13,1771291836.446235,0x18FF01F7,1,0 state
ACT_INVERTERREADY A13,1771291836.446235,0x18FF01F7,1,0 state
ACT_ERRORSTATUS A13,1771291836.446235,0x18FF01F7,1,0 state
ACT_SPEED A13,1771291836.446235,0x18FF01F7,1,0.00 rpm
ACT_TORQUE A13,1771291836.446235,0x18FF01F7,1,0.00 Nm
ACT_POWER A13,1771291836.446235,0x18FF01F7,1,0.00 kw
ACT_MOTORTEMPERATURE A13,1771291836.446235,0x18FF01F7,1,26.00 °C
ACT_INVERTERSTATUS B13,1771291836.4509673,0x18FF02F7,1,0 state
ACT_INVERTERREADY B13,1771291836.4509673,0x18FF02F7,1,0 state
ACT_ERRORSTATUS B13,1771291836.4509673,0x18FF02F7,1,0 state
ACT_SPEED B13,1771291836.4509673,0x18FF02F7,1,0.00 rpm
ACT_TORQUE B13,1771291836.4509673,0x18FF02F7,1,0.00 Nm
ACT_POWER B13,1771291836.4509673,0x18FF02F7,1,0.00 kw
ACT_MOTORTEMPERATURE B13,1771291836.4509673,0x18FF02F7,1,28.00 °C
DEVICESTATE M13,1771291836.5412424,0x18FF00F7,1,0 state
ERRORLAMP M13,1771291836.5412424,0x18FF00F7,1,0 state
DEVICENUMBER M13,1771291836.5412424,0x18FF00F7,1,14 state
CLAMP15_STATUS M13,1771291836.5412424,0x18FF00F7,1,1 state
PRECHARGED M13,1771291836.5412424,0x18FF00F7,1,1 state
STATUS_ BIT_FLEX_IN_OUT_SIGNAL1 M13,1771291836.5412424,0x18FF00F7,1,3 state
STATUS_ BIT_FLEX_IN_OUT_SIGNAL2 M13,1771291836.5412424,0x18FF00F7,1,3 state
ERROR CODE  M13,1771291836.5412424,0x18FF00F7,1,0 state
ACT_DCBUSVOLTAGE M13,1771291836.5412424,0x18FF00F7,1,1.25 V
ACT_DCBUSPOWER M13,1771291836.5412424,0x18FF00F7,1,0.00 kw
ACT_DEVICETEMPERATURE M13,1771291836.5412424,0x18FF00F7,1,27.00 °C
ACT_INVERTERSTATUS A13,1771291836.5457115,0x18FF01F7,1,0 state
ACT_INVERTERREADY A13,1771291836.5457115,0x18FF01F7,1,0 state
ACT_ERRORSTATUS A13,1771291836.5457115,0x18FF01F7,1,0 state
ACT_SPEED A13,1771291836.5457115,0x18FF01F7,1,0.00 rpm
ACT_TORQUE A13,1771291836.5457115,0x18FF01F7,1,0.00 Nm
ACT_POWER A13,1771291836.5457115,0x18FF01F7,1,0.00 kw
ACT_MOTORTEMPERATURE A13,1771291836.5457115,0x18FF01F7,1,27.00 °C
ACT_INVERTERSTATUS B13,1771291836.550771,0x18FF02F7,1,0 state
ACT_INVERTERREADY B13,1771291836.550771,0x18FF02F7,1,0 state
ACT_ERRORSTATUS B13,1771291836.550771,0x18FF02F7,1,0 state
ACT_SPEED B13,1771291836.550771,0x18FF02F7,1,0.00 rpm
ACT_TORQUE B13,1771291836.550771,0x18FF02F7,1,0.00 Nm
ACT_POWER B13,1771291836.550771,0x18FF02F7,1,0.00 kw
ACT_MOTORTEMPERATURE B13,1771291836.550771,0x18FF02F7,1,28.00 °C
DEVICESTATE M13,1771291836.6413484,0x18FF00F7,1,0 state
ERRORLAMP M13,1771291836.6413484,0x18FF00F7,1,0 state
DEVICENUMBER M13,1771291836.6413484,0x18FF00F7,1,14 state
CLAMP15_STATUS M13,1771291836.6413484,0x18FF00F7,1,1 state
PRECHARGED M13,1771291836.6413484,0x18FF00F7,1,1 state
STATUS_ BIT_FLEX_IN_OUT_SIGNAL1 M13,1771291836.6413484,0x18FF00F7,1,3 state
STATUS_ BIT_FLEX_IN_OUT_SIGNAL2 M13,1771291836.6413484,0x18FF00F7,1,3 state
ERROR CODE  M13,1771291836.6413484,0x18FF00F7,1,0 state
ACT_DCBUSVOLTAGE M13,1771291836.6413484,0x18FF00F7,1,1.25 V
ACT_DCBUSPOWER M13,1771291836.6413484,0x18FF00F7,1,0.00 kw
ACT_DEVICETEMPERATURE M13,1771291836.6413484,0x18FF00F7,1,27.00 °C
ACT_INVERTERSTATUS A13,1771291836.645778,0x18FF01F7,1,0 state
ACT_INVERTERREADY A13,1771291836.645778,0x18FF01F7,1,0 state
ACT_ERRORSTATUS A13,1771291836.645778,0x18FF01F7,1,0 state
ACT_SPEED A13,1771291836.645778,0x18FF01F7,1,0.00 rpm
ACT_TORQUE A13,1771291836.645778,0x18FF01F7,1,0.00 Nm
ACT_POWER A13,1771291836.645778,0x18FF01F7,1,0.00 kw
ACT_MOTORTEMPERATURE A13,1771291836.645778,0x18FF01F7,1,27.00 °C
ACT_INVERTERSTATUS B13,1771291836.65071,0x18FF02F7,1,0 state
ACT_INVERTERREADY B13,1771291836.65071,0x18FF02F7,1,0 state
ACT_ERRORSTATUS B13,1771291836.65071,0x18FF02F7,1,0 state
ACT_SPEED B13,1771291836.65071,0x18FF02F7,1,0.00 rpm
ACT_TORQUE B13,1771291836.65071,0x18FF02F7,1,0.00 Nm
ACT_POWER B13,1771291836.65071,0x18FF02F7,1,0.00 kw
ACT_MOTORTEMPERATURE B13,1771291836.65071,0x18FF02F7,1,28.00 °C
DEVICESTATE M13,1771291836.7408268,0x18FF00F7,1,0 state
ERRORLAMP M13,1771291836.7408268,0x18FF00F7,1,0 state
DEVICENUMBER M13,1771291836.7408268,0x18FF00F7,1,14 state
CLAMP15_STATUS M13,1771291836.7408268,0x18FF00F7,1,1 state
PRECHARGED M13,1771291836.7408268,0x18FF00F7,1,1 state
STATUS_ BIT_FLEX_IN_OUT_SIGNAL1 M13,1771291836.7408268,0x18FF00F7,1,3 state
STATUS_ BIT_FLEX_IN_OUT_SIGNAL2 M13,1771291836.7408268,0x18FF00F7,1,3 state
ERROR CODE  M13,1771291836.7408268,0x18FF00F7,1,0 state
ACT_DCBUSVOLTAGE M13,1771291836.7408268,0x18FF00F7,1,1.25 V
ACT_DCBUSPOWER M13,1771291836.7408268,0x18FF00F7,1,0.00 kw
ACT_DEVICETEMPERATURE M13,1771291836.7408268,0x18FF00F7,1,27.00 °C
ACT_INVERTERSTATUS A13,1771291836.745955,0x18FF01F7,1,0 state
ACT_INVERTERREADY A13,1771291836.745955,0x18FF01F7,1,0 state
ACT_ERRORSTATUS A13,1771291836.745955,0x18FF01F7,1,0 state
ACT_SPEED A13,1771291836.745955,0x18FF01F7,1,0.00 rpm
ACT_TORQUE A13,1771291836.745955,0x18FF01F7,1,0.00 Nm
ACT_POWER A13,1771291836.745955,0x18FF01F7,1,0.00 kw
ACT_MOTORTEMPERATURE A13,1771291836.745955,0x18FF01F7,1,27.00 °C
ACT_INVERTERSTATUS B13,1771291836.7509127,0x18FF02F7,1,0 state
ACT_INVERTERREADY B13,1771291836.7509127,0x18FF02F7,1,0 state
ACT_ERRORSTATUS B13,1771291836.7509127,0x18FF02F7,1,0 state
ACT_SPEED B13,1771291836.7509127,0x18FF02F7,1,0.00 rpm
ACT_TORQUE B13,1771291836.7509127,0x18FF02F7,1,0.00 Nm
ACT_POWER B13,1771291836.7509127,0x18FF02F7,1,0.00 kw
ACT_MOTORTEMPERATURE B13,1771291836.7509127,0x18FF02F7,1,28.00 °C
DEVICESTATE M13,1771291836.8411176,0x18FF00F7,1,0 state
ERRORLAMP M13,1771291836.8411176,0x18FF00F7,1,0 state
DEVICENUMBER M13,1771291836.8411176,0x18FF00F7,1,14 state
CLAMP15_STATUS M13,1771291836.8411176,0x18FF00F7,1,1 state
PRECHARGED M13,1771291836.8411176,0x18FF00F7,1,1 state
STATUS_ BIT_FLEX_IN_OUT_SIGNAL1 M13,1771291836.8411176,0x18FF00F7,1,3 state
STATUS_ BIT_FLEX_IN_OUT_SIGNAL2 M13,1771291836.8411176,0x18FF00F7,1,3 state
ERROR CODE  M13,1771291836.8411176,0x18FF00F7,1,0 state
ACT_DCBUSVOLTAGE M13,1771291836.8411176,0x18FF00F7,1,1.25 V
ACT_DCBUSPOWER M13,1771291836.8411176,0x18FF00F7,1,0.00 kw
ACT_DEVICETEMPERATURE M13,1771291836.8411176,0x18FF00F7,1,27.00 °C
ACT_INVERTERSTATUS A13,1771291836.8461623,0x18FF01F7,1,0 state
ACT_INVERTERREADY A13,1771291836.8461623,0x18FF01F7,1,0 state
ACT_ERRORSTATUS A13,1771291836.8461623,0x18FF01F7,1,0 state
ACT_SPEED A13,1771291836.8461623,0x18FF01F7,1,0.00 rpm
ACT_TORQUE A13,1771291836.8461623,0x18FF01F7,1,0.00 Nm
ACT_POWER A13,1771291836.8461623,0x18FF01F7,1,0.00 kw
ACT_MOTORTEMPERATURE A13,1771291836.8461623,0x18FF01F7,1,27.00 °C
ACT_INVERTERSTATUS B13,1771291836.850769,0x18FF02F7,1,0 state
ACT_INVERTERREADY B13,1771291836.850769,0x18FF02F7,1,0 state
ACT_ERRORSTATUS B13,1771291836.850769,0x18FF02F7,1,0 state
ACT_SPEED B13,1771291836.850769,0x18FF02F7,1,0.00 rpm
ACT_TORQUE B13,1771291836.850769,0x18FF02F7,1,0.00 Nm
ACT_POWER B13,1771291836.850769,0x18FF02F7,1,0.00 kw
ACT_MOTORTEMPERATURE B13,1771291836.850769,0x18FF02F7,1,28.00 °C
DEVICESTATE M13,1771291836.9409423,0x18FF00F7,1,0 state
ERRORLAMP M13,1771291836.9409423,0x18FF00F7,1,0 state
DEVICENUMBER M13,1771291836.9409423,0x18FF00F7,1,14 state
CLAMP15_STATUS M13,1771291836.9409423,0x18FF00F7,1,1 state
PRECHARGED M13,1771291836.9409423,0x18FF00F7,1,1 state
STATUS_ BIT_FLEX_IN_OUT_SIGNAL1 M13,1771291836.9409423,0x18FF00F7,1,3 state
STATUS_ BIT_FLEX_IN_OUT_SIGNAL2 M13,1771291836.9409423,0x18FF00F7,1,3 state
ERROR CODE  M13,1771291836.9409423,0x18FF00F7,1,0 state
ACT_DCBUSVOLTAGE M13,1771291836.9409423,0x18FF00F7,1,1.25 V
ACT_DCBUSPOWER M13,1771291836.9409423,0x18FF00F7,1,0.00 kw
ACT_DEVICETEMPERATURE M13,1771291836.9409423,0x18FF00F7,1,27.00 °C
ACT_INVERTERSTATUS A13,1771291836.9461186,0x18FF01F7,1,0 state
ACT_INVERTERREADY A13,1771291836.9461186,0x18FF01F7,1,0 state
ACT_ERRORSTATUS A13,1771291836.9461186,0x18FF01F7,1,0 state
ACT_SPEED A13,1771291836.9461186,0x18FF01F7,1,0.00 rpm
ACT_TORQUE A13,1771291836.9461186,0x18FF01F7,1,0.00 Nm
ACT_POWER A13,1771291836.9461186,0x18FF01F7,1,0.00 kw
ACT_MOTORTEMPERATURE A13,1771291836.9461186,0x18FF01F7,1,27.00 °C
ACT_INVERTERSTATUS B13,1771291836.9511557,0x18FF02F7,1,0 state
ACT_INVERTERREADY B13,1771291836.9511557,0x18FF02F7,1,0 state
ACT_ERRORSTATUS B13,1771291836.9511557,0x18FF02F7,1,0 state
ACT_SPEED B13,1771291836.9511557,0x18FF02F7,1,0.00 rpm
ACT_TORQUE B13,1771291836.9511557,0x18FF02F7,1,0.00 Nm
ACT_POWER B13,1771291836.9511557,0x18FF02F7,1,0.00 kw
ACT_MOTORTEMPERATURE B13,1771291836.9511557,0x18FF02F7,1,28.00 °C
DEVICESTATE M13,1771291837.0408547,0x18FF00F7,1,0 state
ERRORLAMP M13,1771291837.0408547,0x18FF00F7,1,0 state
DEVICENUMBER M13,1771291837.0408547,0x18FF00F7,1,14 state
CLAMP15_STATUS M13,1771291837.0408547,0x18FF00F7,1,1 state
PRECHARGED M13,1771291837.0408547,0x18FF00F7,1,1 state
STATUS_ BIT_FLEX_IN_OUT_SIGNAL1 M13,1771291837.0408547,0x18FF00F7,1,3 state
STATUS_ BIT_FLEX_IN_OUT_SIGNAL2 M13,1771291837.0408547,0x18FF00F7,1,3 state
ERROR CODE  M13,1771291837.0408547,0x18FF00F7,1,0 state
ACT_DCBUSVOLTAGE M13,1771291837.0408547,0x18FF00F7,1,1.25 V
ACT_DCBUSPOWER M13,1771291837.0408547,0x18FF00F7,1,0.00 kw
ACT_DEVICETEMPERATURE M13,1771291837.0408547,0x18FF00F7,1,27.00 °C
ACT_INVERTERSTATUS A13,1771291837.0459437,0x18FF01F7,1,0 state
ACT_INVERTERREADY A13,1771291837.0459437,0x18FF01F7,1,0 state
ACT_ERRORSTATUS A13,1771291837.0459437,0x18FF01F7,1,0 state
ACT_SPEED A13,1771291837.0459437,0x18FF01F7,1,0.00 rpm
ACT_TORQUE A13,1771291837.0459437,0x18FF01F7,1,0.00 Nm
ACT_POWER A13,1771291837.0459437,0x18FF01F7,1,0.00 kw
ACT_MOTORTEMPERATURE A13,1771291837.0459437,0x18FF01F7,1,27.00 °C
ACT_INVERTERSTATUS B13,1771291837.0509288,0x18FF02F7,1,0 state
ACT_INVERTERREADY B13,1771291837.0509288,0x18FF02F7,1,0 state
ACT_ERRORSTATUS B13,1771291837.0509288,0x18FF02F7,1,0 state
ACT_SPEED B13,1771291837.0509288,0x18FF02F7,1,0.00 rpm
ACT_TORQUE B13,1771291837.0509288,0x18FF02F7,1,0.00 Nm
ACT_POWER B13,1771291837.0509288,0x18FF02F7,1,0.00 kw
ACT_MOTORTEMPERATURE B13,1771291837.0509288,0x18FF02F7,1,28.00 °C
DEVICESTATE M13,1771291837.1407824,0x18FF00F7,1,0 state
ERRORLAMP M13,1771291837.1407824,0x18FF00F7,1,0 state
DEVICENUMBER M13,1771291837.1407824,0x18FF00F7,1,14 state
CLAMP15_STATUS M13,1771291837.1407824,0x18FF00F7,1,1 state
PRECHARGED M13,1771291837.1407824,0x18FF00F7,1,1 state
STATUS_ BIT_FLEX_IN_OUT_SIGNAL1 M13,1771291837.1407824,0x18FF00F7,1,3 state
STATUS_ BIT_FLEX_IN_OUT_SIGNAL2 M13,1771291837.1407824,0x18FF00F7,1,3 state
ERROR CODE  M13,1771291837.1407824,0x18FF00F7,1,0 state
ACT_DCBUSVOLTAGE M13,1771291837.1407824,0x18FF00F7,1,1.25 V
ACT_DCBUSPOWER M13,1771291837.1407824,0x18FF00F7,1,0.00 kw
ACT_DEVICETEMPERATURE M13,1771291837.1407824,0x18FF00F7,1,27.00 °C
ACT_INVERTERSTATUS A13,1771291837.146046,0x18FF01F7,1,0 state
ACT_INVERTERREADY A13,1771291837.146046,0x18FF01F7,1,0 state
ACT_ERRORSTATUS A13,1771291837.146046,0x18FF01F7,1,0 state
ACT_SPEED A13,1771291837.146046,0x18FF01F7,1,0.00 rpm
ACT_TORQUE A13,1771291837.146046,0x18FF01F7,1,0.00 Nm
ACT_POWER A13,1771291837.146046,0x18FF01F7,1,0.00 kw
ACT_MOTORTEMPERATURE A13,1771291837.146046,0x18FF01F7,1,27.00 °C
ACT_INVERTERSTATUS B13,1771291837.1510327,0x18FF02F7,1,0 state
ACT_INVERTERREADY B13,1771291837.1510327,0x18FF02F7,1,0 state
ACT_ERRORSTATUS B13,1771291837.1510327,0x18FF02F7,1,0 state
ACT_SPEED B13,1771291837.1510327,0x18FF02F7,1,0.00 rpm
ACT_TORQUE B13,1771291837.1510327,0x18FF02F7,1,0.00 Nm
ACT_POWER B13,1771291837.1510327,0x18FF02F7,1,0.00 kw
ACT_MOTORTEMPERATURE B13,1771291837.1510327,0x18FF02F7,1,28.00 °C
DEVICESTATE M13,1771291837.24125,0x18FF00F7,1,0 state
ERRORLAMP M13,1771291837.24125,0x18FF00F7,1,0 state
DEVICENUMBER M13,1771291837.24125,0x18FF00F7,1,14 state
CLAMP15_STATUS M13,1771291837.24125,0x18FF00F7,1,1 state
PRECHARGED M13,1771291837.24125,0x18FF00F7,1,1 state
STATUS_ BIT_FLEX_IN_OUT_SIGNAL1 M13,1771291837.24125,0x18FF00F7,1,3 state
STATUS_ BIT_FLEX_IN_OUT_SIGNAL2 M13,1771291837.24125,0x18FF00F7,1,3 state
ERROR CODE  M13,1771291837.24125,0x18FF00F7,1,0 state
ACT_DCBUSVOLTAGE M13,1771291837.24125,0x18FF00F7,1,1.25 V
ACT_DCBUSPOWER M13,1771291837.24125,0x18FF00F7,1,0.00 kw
ACT_DEVICETEMPERATURE M13,1771291837.24125,0x18FF00F7,1,27.00 °C
ACT_INVERTERSTATUS A13,1771291837.245754,0x18FF01F7,1,0 state
ACT_INVERTERREADY A13,1771291837.245754,0x18FF01F7,1,0 state
ACT_ERRORSTATUS A13,1771291837.245754,0x18FF01F7,1,0 state
ACT_SPEED A13,1771291837.245754,0x18FF01F7,1,0.00 rpm
ACT_TORQUE A13,1771291837.245754,0x18FF01F7,1,0.00 Nm
ACT_POWER A13,1771291837.245754,0x18FF01F7,1,0.00 kw
ACT_MOTORTEMPERATURE A13,1771291837.245754,0x18FF01F7,1,27.00 °C
ACT_INVERTERSTATUS B13,1771291837.250825,0x18FF02F7,1,0 state
ACT_INVERTERREADY B13,1771291837.250825,0x18FF02F7,1,0 state
ACT_ERRORSTATUS B13,1771291837.250825,0x18FF02F7,1,0 state
ACT_SPEED B13,1771291837.250825,0x18FF02F7,1,0.00 rpm
ACT_TORQUE B13,1771291837.250825,0x18FF02F7,1,0.00 Nm
ACT_POWER B13,1771291837.250825,0x18FF02F7,1,0.00 kw
ACT_MOTORTEMPERATURE B13,1771291837.250825,0x18FF02F7,1,28.00 °C
DEVICESTATE M13,1771291837.3412466,0x18FF00F7,1,0 state
ERRORLAMP M13,1771291837.3412466,0x18FF00F7,1,0 state
DEVICENUMBER M13,1771291837.3412466,0x18FF00F7,1,14 state
CLAMP15_STATUS M13,1771291837.3412466,0x18FF00F7,1,1 state
PRECHARGED M13,1771291837.3412466,0x18FF00F7,1,1 state
STATUS_ BIT_FLEX_IN_OUT_SIGNAL1 M13,1771291837.3412466,0x18FF00F7,1,3 state
STATUS_ BIT_FLEX_IN_OUT_SIGNAL2 M13,1771291837.3412466,0x18FF00F7,1,3 state
ERROR CODE  M13,1771291837.3412466,0x18FF00F7,1,0 state
ACT_DCBUSVOLTAGE M13,1771291837.3412466,0x18FF00F7,1,1.25 V
ACT_DCBUSPOWER M13,1771291837.3412466,0x18FF00F7,1,0.00 kw
ACT_DEVICETEMPERATURE M13,1771291837.3412466,0x18FF00F7,1,27.00 °C
ACT_INVERTERSTATUS A13,1771291837.3459218,0x18FF01F7,1,0 state
ACT_INVERTERREADY A13,1771291837.3459218,0x18FF01F7,1,0 state
ACT_ERRORSTATUS A13,1771291837.3459218,0x18FF01F7,1,0 state
ACT_SPEED A13,1771291837.3459218,0x18FF01F7,1,0.00 rpm
ACT_TORQUE A13,1771291837.3459218,0x18FF01F7,1,0.00 Nm
ACT_POWER A13,1771291837.3459218,0x18FF01F7,1,0.00 kw
ACT_MOTORTEMPERATURE A13,1771291837.3459218,0x18FF01F7,1,27.00 °C
ACT_INVERTERSTATUS B13,1771291837.350974,0x18FF02F7,1,0 state
ACT_INVERTERREADY B13,1771291837.350974,0x18FF02F7,1,0 state
ACT_ERRORSTATUS B13,1771291837.350974,0x18FF02F7,1,0 state
ACT_SPEED B13,1771291837.350974,0x18FF02F7,1,0.00 rpm
ACT_TORQUE B13,1771291837.350974,0x18FF02F7,1,0.00 Nm
ACT_POWER B13,1771291837.350974,0x18FF02F7,1,0.00 kw
ACT_MOTORTEMPERATURE B13,1771291837.350974,0x18FF02F7,1,28.00 °C
DEVICESTATE M13,1771291837.4408894,0x18FF00F7,1,0 state
ERRORLAMP M13,1771291837.4408894,0x18FF00F7,1,0 state
DEVICENUMBER M13,1771291837.4408894,0x18FF00F7,1,14 state
CLAMP15_STATUS M13,1771291837.4408894,0x18FF00F7,1,1 state
PRECHARGED M13,1771291837.4408894,0x18FF00F7,1,1 state
STATUS_ BIT_FLEX_IN_OUT_SIGNAL1 M13,1771291837.4408894,0x18FF00F7,1,3 state
STATUS_ BIT_FLEX_IN_OUT_SIGNAL2 M13,1771291837.4408894,0x18FF00F7,1,3 state
ERROR CODE  M13,1771291837.4408894,0x18FF00F7,1,0 state
ACT_DCBUSVOLTAGE M13,1771291837.4408894,0x18FF00F7,1,1.25 V
ACT_DCBUSPOWER M13,1771291837.4408894,0x18FF00F7,1,0.00 kw
ACT_DEVICETEMPERATURE M13,1771291837.4408894,0x18FF00F7,1,27.00 °C
ACT_INVERTERSTATUS A13,1771291837.4457908,0x18FF01F7,1,0 state
ACT_INVERTERREADY A13,1771291837.4457908,0x18FF01F7,1,0 state
ACT_ERRORSTATUS A13,1771291837.4457908,0x18FF01F7,1,0 state
ACT_SPEED A13,1771291837.4457908,0x18FF01F7,1,0.00 rpm
ACT_TORQUE A13,1771291837.4457908,0x18FF01F7,1,0.00 Nm
ACT_POWER A13,1771291837.4457908,0x18FF01F7,1,0.00 kw
ACT_MOTORTEMPERATURE A13,1771291837.4457908,0x18FF01F7,1,27.00 °C
ACT_INVERTERSTATUS B13,1771291837.450802,0x18FF02F7,1,0 state
ACT_INVERTERREADY B13,1771291837.450802,0x18FF02F7,1,0 state
ACT_ERRORSTATUS B13,1771291837.450802,0x18FF02F7,1,0 state
ACT_SPEED B13,1771291837.450802,0x18FF02F7,1,0.00 rpm
ACT_TORQUE B13,1771291837.450802,0x18FF02F7,1,0.00 Nm
ACT_POWER B13,1771291837.450802,0x18FF02F7,1,0.00 kw
ACT_MOTORTEMPERATURE B13,1771291837.450802,0x18FF02F7,1,28.00 °C
DEVICESTATE M13,1771291837.541121,0x18FF00F7,1,0 state
ERRORLAMP M13,1771291837.541121,0x18FF00F7,1,0 state
DEVICENUMBER M13,1771291837.541121,0x18FF00F7,1,14 state
CLAMP15_STATUS M13,1771291837.541121,0x18FF00F7,1,1 state
PRECHARGED M13,1771291837.541121,0x18FF00F7,1,1 state
STATUS_ BIT_FLEX_IN_OUT_SIGNAL1 M13,1771291837.541121,0x18FF00F7,1,3 state
STATUS_ BIT_FLEX_IN_OUT_SIGNAL2 M13,1771291837.541121,0x18FF00F7,1,3 state
ERROR CODE  M13,1771291837.541121,0x18FF00F7,1,0 state
ACT_DCBUSVOLTAGE M13,1771291837.541121,0x18FF00F7,1,1.25 V
ACT_DCBUSPOWER M13,1771291837.541121,0x18FF00F7,1,0.00 kw
ACT_DEVICETEMPERATURE M13,1771291837.541121,0x18FF00F7,1,27.00 °C
ACT_INVERTERSTATUS A13,1771291837.5460987,0x18FF01F7,1,0 state
ACT_INVERTERREADY A13,1771291837.5460987,0x18FF01F7,1,0 state
ACT_ERRORSTATUS A13,1771291837.5460987,0x18FF01F7,1,0 state
ACT_SPEED A13,1771291837.5460987,0x18FF01F7,1,0.00 rpm
ACT_TORQUE A13,1771291837.5460987,0x18FF01F7,1,0.00 Nm
ACT_POWER A13,1771291837.5460987,0x18FF01F7,1,0.00 kw
ACT_MOTORTEMPERATURE A13,1771291837.5460987,0x18FF01F7,1,27.00 °C
ACT_INVERTERSTATUS B13,1771291837.550998,0x18FF02F7,1,0 state
ACT_INVERTERREADY B13,1771291837.550998,0x18FF02F7,1,0 state
ACT_ERRORSTATUS B13,1771291837.550998,0x18FF02F7,1,0 state
ACT_SPEED B13,1771291837.550998,0x18FF02F7,1,0.00 rpm
ACT_TORQUE B13,1771291837.550998,0x18FF02F7,1,0.00 Nm
ACT_POWER B13,1771291837.550998,0x18FF02F7,1,0.00 kw
ACT_MOTORTEMPERATURE B13,1771291837.550998,0x18FF02F7,1,28.00 °C
DEVICESTATE M13,1771291837.6412525,0x18FF00F7,1,0 state
ERRORLAMP M13,1771291837.6412525,0x18FF00F7,1,0 state
DEVICENUMBER M13,1771291837.6412525,0x18FF00F7,1,14 state
CLAMP15_STATUS M13,1771291837.6412525,0x18FF00F7,1,1 state
PRECHARGED M13,1771291837.6412525,0x18FF00F7,1,1 state
STATUS_ BIT_FLEX_IN_OUT_SIGNAL1 M13,1771291837.6412525,0x18FF00F7,1,3 state
STATUS_ BIT_FLEX_IN_OUT_SIGNAL2 M13,1771291837.6412525,0x18FF00F7,1,3 state
ERROR CODE  M13,1771291837.6412525,0x18FF00F7,1,0 state
ACT_DCBUSVOLTAGE M13,1771291837.6412525,0x18FF00F7,1,1.25 V
ACT_DCBUSPOWER M13,1771291837.6412525,0x18FF00F7,1,0.00 kw
ACT_DEVICETEMPERATURE M13,1771291837.6412525,0x18FF00F7,1,27.00 °C
ACT_INVERTERSTATUS A13,1771291837.6459365,0x18FF01F7,1,0 state
ACT_INVERTERREADY A13,1771291837.6459365,0x18FF01F7,1,0 state
ACT_ERRORSTATUS A13,1771291837.6459365,0x18FF01F7,1,0 state
ACT_SPEED A13,1771291837.6459365,0x18FF01F7,1,0.00 rpm
ACT_TORQUE A13,1771291837.6459365,0x18FF01F7,1,0.00 Nm
ACT_POWER A13,1771291837.6459365,0x18FF01F7,1,0.00 kw
ACT_MOTORTEMPERATURE A13,1771291837.6459365,0x18FF01F7,1,27.00 °C
ACT_INVERTERSTATUS B13,1771291837.6507423,0x18FF02F7,1,0 state
ACT_INVERTERREADY B13,1771291837.6507423,0x18FF02F7,1,0 state
ACT_ERRORSTATUS B13,1771291837.6507423,0x18FF02F7,1,0 state
ACT_SPEED B13,1771291837.6507423,0x18FF02F7,1,0.00 rpm
ACT_TORQUE B13,1771291837.6507423,0x18FF02F7,1,0.00 Nm
ACT_POWER B13,1771291837.6507423,0x18FF02F7,1,0.00 kw
ACT_MOTORTEMPERATURE B13,1771291837.6507423,0x18FF02F7,1,28.00 °C
DEVICESTATE M13,1771291837.7410975,0x18FF00F7,1,0 state
ERRORLAMP M13,1771291837.7410975,0x18FF00F7,1,0 state
DEVICENUMBER M13,1771291837.7410975,0x18FF00F7,1,14 state
CLAMP15_STATUS M13,1771291837.7410975,0x18FF00F7,1,1 state
PRECHARGED M13,1771291837.7410975,0x18FF00F7,1,1 state
STATUS_ BIT_FLEX_IN_OUT_SIGNAL1 M13,1771291837.7410975,0x18FF00F7,1,3 state
STATUS_ BIT_FLEX_IN_OUT_SIGNAL2 M13,1771291837.7410975,0x18FF00F7,1,3 state
ERROR CODE  M13,1771291837.7410975,0x18FF00F7,1,0 state
ACT_DCBUSVOLTAGE M13,1771291837.7410975,0x18FF00F7,1,1.25 V
ACT_DCBUSPOWER M13,1771291837.7410975,0x18FF00F7,1,0.00 kw
ACT_DEVICETEMPERATURE M13,1771291837.7410975,0x18FF00F7,1,27.00 °C
ACT_INVERTERSTATUS A13,1771291837.746139,0x18FF01F7,1,0 state
ACT_INVERTERREADY A13,1771291837.746139,0x18FF01F7,1,0 state
ACT_ERRORSTATUS A13,1771291837.746139,0x18FF01F7,1,0 state
ACT_SPEED A13,1771291837.746139,0x18FF01F7,1,0.00 rpm
ACT_TORQUE A13,1771291837.746139,0x18FF01F7,1,0.00 Nm
ACT_POWER A13,1771291837.746139,0x18FF01F7,1,0.00 kw
ACT_MOTORTEMPERATURE A13,1771291837.746139,0x18FF01F7,1,27.00 °C
ACT_INVERTERSTATUS B13,1771291837.7507212,0x18FF02F7,1,0 state
ACT_INVERTERREADY B13,1771291837.7507212,0x18FF02F7,1,0 state
ACT_ERRORSTATUS B13,1771291837.7507212,0x18FF02F7,1,0 state
ACT_SPEED B13,1771291837.7507212,0x18FF02F7,1,0.00 rpm
ACT_TORQUE B13,1771291837.7507212,0x18FF02F7,1,0.00 Nm
ACT_POWER B13,1771291837.7507212,0x18FF02F7,1,0.00 kw
ACT_MOTORTEMPERATURE B13,1771291837.7507212,0x18FF02F7,1,28.00 °C
DEVICESTATE M13,1771291837.8408976,0x18FF00F7,1,0 state
ERRORLAMP M13,1771291837.8408976,0x18FF00F7,1,0 state
DEVICENUMBER M13,1771291837.8408976,0x18FF00F7,1,14 state
CLAMP15_STATUS M13,1771291837.8408976,0x18FF00F7,1,1 state
PRECHARGED M13,1771291837.8408976,0x18FF00F7,1,1 state
STATUS_ BIT_FLEX_IN_OUT_SIGNAL1 M13,1771291837.8408976,0x18FF00F7,1,3 state
STATUS_ BIT_FLEX_IN_OUT_SIGNAL2 M13,1771291837.8408976,0x18FF00F7,1,3 state
ERROR CODE  M13,1771291837.8408976,0x18FF00F7,1,0 state
ACT_DCBUSVOLTAGE M13,1771291837.8408976,0x18FF00F7,1,1.25 V
ACT_DCBUSPOWER M13,1771291837.8408976,0x18FF00F7,1,0.00 kw
ACT_DEVICETEMPERATURE M13,1771291837.8408976,0x18FF00F7,1,27.00 °C
ACT_INVERTERSTATUS A13,1771291837.8460317,0x18FF01F7,1,0 state
ACT_INVERTERREADY A13,1771291837.8460317,0x18FF01F7,1,0 state
ACT_ERRORSTATUS A13,1771291837.8460317,0x18FF01F7,1,0 state
ACT_SPEED A13,1771291837.8460317,0x18FF01F7,1,0.00 rpm
ACT_TORQUE A13,1771291837.8460317,0x18FF01F7,1,0.00 Nm
ACT_POWER A13,1771291837.8460317,0x18FF01F7,1,0.00 kw
ACT_MOTORTEMPERATURE A13,1771291837.8460317,0x18FF01F7,1,27.00 °C
ACT_INVERTERSTATUS B13,1771291837.8509562,0x18FF02F7,1,0 state
ACT_INVERTERREADY B13,1771291837.8509562,0x18FF02F7,1,0 state
ACT_ERRORSTATUS B13,1771291837.8509562,0x18FF02F7,1,0 state
ACT_SPEED B13,1771291837.8509562,0x18FF02F7,1,0.00 rpm
ACT_TORQUE B13,1771291837.8509562,0x18FF02F7,1,0.00 Nm
ACT_POWER B13,1771291837.8509562,0x18FF02F7,1,0.00 kw
ACT_MOTORTEMPERATURE B13,1771291837.8509562,0x18FF02F7,1,28.00 °C
DEVICESTATE M13,1771291837.940966,0x18FF00F7,1,0 state
ERRORLAMP M13,1771291837.940966,0x18FF00F7,1,0 state
DEVICENUMBER M13,1771291837.940966,0x18FF00F7,1,14 state
CLAMP15_STATUS M13,1771291837.940966,0x18FF00F7,1,1 state
PRECHARGED M13,1771291837.940966,0x18FF00F7,1,1 state
STATUS_ BIT_FLEX_IN_OUT_SIGNAL1 M13,1771291837.940966,0x18FF00F7,1,3 state
STATUS_ BIT_FLEX_IN_OUT_SIGNAL2 M13,1771291837.940966,0x18FF00F7,1,3 state
ERROR CODE  M13,1771291837.940966,0x18FF00F7,1,0 state
ACT_DCBUSVOLTAGE M13,1771291837.940966,0x18FF00F7,1,1.25 V
ACT_DCBUSPOWER M13,1771291837.940966,0x18FF00F7,1,0.00 kw
ACT_DEVICETEMPERATURE M13,1771291837.940966,0x18FF00F7,1,27.00 °C
ACT_INVERTERSTATUS A13,1771291837.9459167,0x18FF01F7,1,0 state
ACT_INVERTERREADY A13,1771291837.9459167,0x18FF01F7,1,0 state
ACT_ERRORSTATUS A13,1771291837.9459167,0x18FF01F7,1,0 state
ACT_SPEED A13,1771291837.9459167,0x18FF01F7,1,0.00 rpm
ACT_TORQUE A13,1771291837.9459167,0x18FF01F7,1,0.00 Nm
ACT_POWER A13,1771291837.9459167,0x18FF01F7,1,0.00 kw
ACT_MOTORTEMPERATURE A13,1771291837.9459167,0x18FF01F7,1,27.00 °C
ACT_INVERTERSTATUS B13,1771291837.9508893,0x18FF02F7,1,0 state
ACT_INVERTERREADY B13,1771291837.9508893,0x18FF02F7,1,0 state
ACT_ERRORSTATUS B13,1771291837.9508893,0x18FF02F7,1,0 state
ACT_SPEED B13,1771291837.9508893,0x18FF02F7,1,0.00 rpm
ACT_TORQUE B13,1771291837.9508893,0x18FF02F7,1,0.00 Nm
ACT_POWER B13,1771291837.9508893,0x18FF02F7,1,0.00 kw
ACT_MOTORTEMPERATURE B13,1771291837.9508893,0x18FF02F7,1,28.00 °C
DEVICESTATE M13,1771291838.0410693,0x18FF00F7,1,0 state
ERRORLAMP M13,1771291838.0410693,0x18FF00F7,1,0 state
DEVICENUMBER M13,1771291838.0410693,0x18FF00F7,1,14 state
CLAMP15_STATUS M13,1771291838.0410693,0x18FF00F7,1,1 state
PRECHARGED M13,1771291838.0410693,0x18FF00F7,1,1 state
STATUS_ BIT_FLEX_IN_OUT_SIGNAL1 M13,1771291838.0410693,0x18FF00F7,1,3 state
STATUS_ BIT_FLEX_IN_OUT_SIGNAL2 M13,1771291838.0410693,0x18FF00F7,1,3 state
ERROR CODE  M13,1771291838.0410693,0x18FF00F7,1,0 state
ACT_DCBUSVOLTAGE M13,1771291838.0410693,0x18FF00F7,1,1.25 V
ACT_DCBUSPOWER M13,1771291838.0410693,0x18FF00F7,1,0.00 kw
ACT_DEVICETEMPERATURE M13,1771291838.0410693,0x18FF00F7,1,27.00 °C
ACT_INVERTERSTATUS A13,1771291838.046138,0x18FF01F7,1,0 state
ACT_INVERTERREADY A13,1771291838.046138,0x18FF01F7,1,0 state
ACT_ERRORSTATUS A13,1771291838.046138,0x18FF01F7,1,0 state
ACT_SPEED A13,1771291838.046138,0x18FF01F7,1,0.00 rpm
ACT_TORQUE A13,1771291838.046138,0x18FF01F7,1,0.00 Nm
ACT_POWER A13,1771291838.046138,0x18FF01F7,1,0.00 kw
ACT_MOTORTEMPERATURE A13,1771291838.046138,0x18FF01F7,1,27.00 °C
ACT_INVERTERSTATUS B13,1771291838.0508127,0x18FF02F7,1,0 state
ACT_INVERTERREADY B13,1771291838.0508127,0x18FF02F7,1,0 state
ACT_ERRORSTATUS B13,1771291838.0508127,0x18FF02F7,1,0 state
ACT_SPEED B13,1771291838.0508127,0x18FF02F7,1,0.00 rpm
ACT_TORQUE B13,1771291838.0508127,0x18FF02F7,1,0.00 Nm
ACT_POWER B13,1771291838.0508127,0x18FF02F7,1,0.00 kw
ACT_MOTORTEMPERATURE B13,1771291838.0508127,0x18FF02F7,1,28.00 °C
DEVICESTATE M13,1771291838.1409967,0x18FF00F7,1,0 state
ERRORLAMP M13,1771291838.1409967,0x18FF00F7,1,0 state
DEVICENUMBER M13,1771291838.1409967,0x18FF00F7,1,14 state
CLAMP15_STATUS M13,1771291838.1409967,0x18FF00F7,1,1 state
PRECHARGED M13,1771291838.1409967,0x18FF00F7,1,1 state
STATUS_ BIT_FLEX_IN_OUT_SIGNAL1 M13,1771291838.1409967,0x18FF00F7,1,3 state
STATUS_ BIT_FLEX_IN_OUT_SIGNAL2 M13,1771291838.1409967,0x18FF00F7,1,3 state
ERROR CODE  M13,1771291838.1409967,0x18FF00F7,1,0 state
ACT_DCBUSVOLTAGE M13,1771291838.1409967,0x18FF00F7,1,1.25 V
ACT_DCBUSPOWER M13,1771291838.1409967,0x18FF00F7,1,0.00 kw
ACT_DEVICETEMPERATURE M13,1771291838.1409967,0x18FF00F7,1,27.00 °C
ACT_INVERTERSTATUS A13,1771291838.1459658,0x18FF01F7,1,0 state
ACT_INVERTERREADY A13,1771291838.1459658,0x18FF01F7,1,0 state
ACT_ERRORSTATUS A13,1771291838.1459658,0x18FF01F7,1,0 state
ACT_SPEED A13,1771291838.1459658,0x18FF01F7,1,0.00 rpm
ACT_TORQUE A13,1771291838.1459658,0x18FF01F7,1,0.00 Nm
ACT_POWER A13,1771291838.1459658,0x18FF01F7,1,0.00 kw
ACT_MOTORTEMPERATURE A13,1771291838.1459658,0x18FF01F7,1,27.00 °C
ACT_INVERTERSTATUS B13,1771291838.1510053,0x18FF02F7,1,0 state
ACT_INVERTERREADY B13,1771291838.1510053,0x18FF02F7,1,0 state
ACT_ERRORSTATUS B13,1771291838.1510053,0x18FF02F7,1,0 state
ACT_SPEED B13,1771291838.1510053,0x18FF02F7,1,0.00 rpm
ACT_TORQUE B13,1771291838.1510053,0x18FF02F7,1,0.00 Nm
ACT_POWER B13,1771291838.1510053,0x18FF02F7,1,0.00 kw
ACT_MOTORTEMPERATURE B13,1771291838.1510053,0x18FF02F7,1,28.00 °C
DEVICESTATE M13,1771291838.2413592,0x18FF00F7,1,0 state
ERRORLAMP M13,1771291838.2413592,0x18FF00F7,1,0 state
DEVICENUMBER M13,1771291838.2413592,0x18FF00F7,1,14 state
CLAMP15_STATUS M13,1771291838.2413592,0x18FF00F7,1,1 state
PRECHARGED M13,1771291838.2413592,0x18FF00F7,1,1 state
STATUS_ BIT_FLEX_IN_OUT_SIGNAL1 M13,1771291838.2413592,0x18FF00F7,1,3 state
STATUS_ BIT_FLEX_IN_OUT_SIGNAL2 M13,1771291838.2413592,0x18FF00F7,1,3 state
ERROR CODE  M13,1771291838.2413592,0x18FF00F7,1,0 state
ACT_DCBUSVOLTAGE M13,1771291838.2413592,0x18FF00F7,1,1.25 V
ACT_DCBUSPOWER M13,1771291838.2413592,0x18FF00F7,1,0.00 kw
ACT_DEVICETEMPERATURE M13,1771291838.2413592,0x18FF00F7,1,27.00 °C
ACT_INVERTERSTATUS A13,1771291838.2460406,0x18FF01F7,1,0 state
ACT_INVERTERREADY A13,1771291838.2460406,0x18FF01F7,1,0 state
ACT_ERRORSTATUS A13,1771291838.2460406,0x18FF01F7,1,0 state
ACT_SPEED A13,1771291838.2460406,0x18FF01F7,1,0.00 rpm
ACT_TORQUE A13,1771291838.2460406,0x18FF01F7,1,0.00 Nm
ACT_POWER A13,1771291838.2460406,0x18FF01F7,1,0.00 kw
ACT_MOTORTEMPERATURE A13,1771291838.2460406,0x18FF01F7,1,27.00 °C
ACT_INVERTERSTATUS B13,1771291838.2507408,0x18FF02F7,1,0 state
ACT_INVERTERREADY B13,1771291838.2507408,0x18FF02F7,1,0 state
ACT_ERRORSTATUS B13,1771291838.2507408,0x18FF02F7,1,0 state
ACT_SPEED B13,1771291838.2507408,0x18FF02F7,1,0.00 rpm
ACT_TORQUE B13,1771291838.2507408,0x18FF02F7,1,0.00 Nm
ACT_POWER B13,1771291838.2507408,0x18FF02F7,1,0.00 kw
ACT_MOTORTEMPERATURE B13,1771291838.2507408,0x18FF02F7,1,28.00 °C
DEVICESTATE M13,1771291838.3408785,0x18FF00F7,1,0 state
ERRORLAMP M13,1771291838.3408785,0x18FF00F7,1,0 state
DEVICENUMBER M13,1771291838.3408785,0x18FF00F7,1,14 state
CLAMP15_STATUS M13,1771291838.3408785,0x18FF00F7,1,1 state
PRECHARGED M13,1771291838.3408785,0x18FF00F7,1,1 state
STATUS_ BIT_FLEX_IN_OUT_SIGNAL1 M13,1771291838.3408785,0x18FF00F7,1,3 state
STATUS_ BIT_FLEX_IN_OUT_SIGNAL2 M13,1771291838.3408785,0x18FF00F7,1,3 state
ERROR CODE  M13,1771291838.3408785,0x18FF00F7,1,0 state
ACT_DCBUSVOLTAGE M13,1771291838.3408785,0x18FF00F7,1,1.25 V
ACT_DCBUSPOWER M13,1771291838.3408785,0x18FF00F7,1,0.00 kw
ACT_DEVICETEMPERATURE M13,1771291838.3408785,0x18FF00F7,1,27.00 °C
ACT_INVERTERSTATUS A13,1771291838.345936,0x18FF01F7,1,0 state
ACT_INVERTERREADY A13,1771291838.345936,0x18FF01F7,1,0 state
ACT_ERRORSTATUS A13,1771291838.345936,0x18FF01F7,1,0 state
ACT_SPEED A13,1771291838.345936,0x18FF01F7,1,0.00 rpm
ACT_TORQUE A13,1771291838.345936,0x18FF01F7,1,0.00 Nm
ACT_POWER A13,1771291838.345936,0x18FF01F7,1,0.00 kw
ACT_MOTORTEMPERATURE A13,1771291838.345936,0x18FF01F7,1,27.00 °C
ACT_INVERTERSTATUS B13,1771291838.3510227,0x18FF02F7,1,0 state
ACT_INVERTERREADY B13,1771291838.3510227,0x18FF02F7,1,0 state
ACT_ERRORSTATUS B13,1771291838.3510227,0x18FF02F7,1,0 state
ACT_SPEED B13,1771291838.3510227,0x18FF02F7,1,0.00 rpm
ACT_TORQUE B13,1771291838.3510227,0x18FF02F7,1,0.00 Nm
ACT_POWER B13,1771291838.3510227,0x18FF02F7,1,0.00 kw
ACT_MOTORTEMPERATURE B13,1771291838.3510227,0x18FF02F7,1,28.00 °C
DEVICESTATE M13,1771291838.4412978,0x18FF00F7,1,0 state
ERRORLAMP M13,1771291838.4412978,0x18FF00F7,1,0 state
DEVICENUMBER M13,1771291838.4412978,0x18FF00F7,1,14 state
CLAMP15_STATUS M13,1771291838.4412978,0x18FF00F7,1,1 state
PRECHARGED M13,1771291838.4412978,0x18FF00F7,1,1 state
STATUS_ BIT_FLEX_IN_OUT_SIGNAL1 M13,1771291838.4412978,0x18FF00F7,1,3 state
STATUS_ BIT_FLEX_IN_OUT_SIGNAL2 M13,1771291838.4412978,0x18FF00F7,1,3 state
ERROR CODE  M13,1771291838.4412978,0x18FF00F7,1,0 state
ACT_DCBUSVOLTAGE M13,1771291838.4412978,0x18FF00F7,1,1.25 V
ACT_DCBUSPOWER M13,1771291838.4412978,0x18FF00F7,1,0.00 kw
ACT_DEVICETEMPERATURE M13,1771291838.4412978,0x18FF00F7,1,27.00 °C
ACT_INVERTERSTATUS A13,1771291838.4462066,0x18FF01F7,1,0 state
ACT_INVERTERREADY A13,1771291838.4462066,0x18FF01F7,1,0 state
ACT_ERRORSTATUS A13,1771291838.4462066,0x18FF01F7,1,0 state
ACT_SPEED A13,1771291838.4462066,0x18FF01F7,1,0.00 rpm
ACT_TORQUE A13,1771291838.4462066,0x18FF01F7,1,0.00 Nm
ACT_POWER A13,1771291838.4462066,0x18FF01F7,1,0.00 kw
ACT_MOTORTEMPERATURE A13,1771291838.4462066,0x18FF01F7,1,27.00 °C
ACT_INVERTERSTATUS B13,1771291838.451287,0x18FF02F7,1,0 state
ACT_INVERTERREADY B13,1771291838.451287,0x18FF02F7,1,0 state
ACT_ERRORSTATUS B13,1771291838.451287,0x18FF02F7,1,0 state
ACT_SPEED B13,1771291838.451287,0x18FF02F7,1,0.00 rpm
ACT_TORQUE B13,1771291838.451287,0x18FF02F7,1,0.00 Nm
ACT_POWER B13,1771291838.451287,0x18FF02F7,1,0.00 kw
ACT_MOTORTEMPERATURE B13,1771291838.451287,0x18FF02F7,1,28.00 °C
DEVICESTATE M13,1771291838.5410867,0x18FF00F7,1,0 state
ERRORLAMP M13,1771291838.5410867,0x18FF00F7,1,0 state
DEVICENUMBER M13,1771291838.5410867,0x18FF00F7,1,14 state
CLAMP15_STATUS M13,1771291838.5410867,0x18FF00F7,1,1 state
PRECHARGED M13,1771291838.5410867,0x18FF00F7,1,1 state
STATUS_ BIT_FLEX_IN_OUT_SIGNAL1 M13,1771291838.5410867,0x18FF00F7,1,3 state
STATUS_ BIT_FLEX_IN_OUT_SIGNAL2 M13,1771291838.5410867,0x18FF00F7,1,3 state
ERROR CODE  M13,1771291838.5410867,0x18FF00F7,1,0 state
ACT_DCBUSVOLTAGE M13,1771291838.5410867,0x18FF00F7,1,1.25 V
ACT_DCBUSPOWER M13,1771291838.5410867,0x18FF00F7,1,0.00 kw
ACT_DEVICETEMPERATURE M13,1771291838.5410867,0x18FF00F7,1,27.00 °C
ACT_INVERTERSTATUS A13,1771291838.5460703,0x18FF01F7,1,0 state
ACT_INVERTERREADY A13,1771291838.5460703,0x18FF01F7,1,0 state
ACT_ERRORSTATUS A13,1771291838.5460703,0x18FF01F7,1,0 state
ACT_SPEED A13,1771291838.5460703,0x18FF01F7,1,0.00 rpm
ACT_TORQUE A13,1771291838.5460703,0x18FF01F7,1,0.00 Nm
ACT_POWER A13,1771291838.5460703,0x18FF01F7,1,0.00 kw
ACT_MOTORTEMPERATURE A13,1771291838.5460703,0x18FF01F7,1,27.00 °C
ACT_INVERTERSTATUS B13,1771291838.5509417,0x18FF02F7,1,0 state
ACT_INVERTERREADY B13,1771291838.5509417,0x18FF02F7,1,0 state
ACT_ERRORSTATUS B13,1771291838.5509417,0x18FF02F7,1,0 state
ACT_SPEED B13,1771291838.5509417,0x18FF02F7,1,0.00 rpm
ACT_TORQUE B13,1771291838.5509417,0x18FF02F7,1,0.00 Nm
ACT_POWER B13,1771291838.5509417,0x18FF02F7,1,0.00 kw
ACT_MOTORTEMPERATURE B13,1771291838.5509417,0x18FF02F7,1,28.00 °C
DEVICESTATE M13,1771291838.6413062,0x18FF00F7,1,0 state
ERRORLAMP M13,1771291838.6413062,0x18FF00F7,1,0 state
DEVICENUMBER M13,1771291838.6413062,0x18FF00F7,1,14 state
CLAMP15_STATUS M13,1771291838.6413062,0x18FF00F7,1,1 state
PRECHARGED M13,1771291838.6413062,0x18FF00F7,1,1 state
STATUS_ BIT_FLEX_IN_OUT_SIGNAL1 M13,1771291838.6413062,0x18FF00F7,1,3 state
STATUS_ BIT_FLEX_IN_OUT_SIGNAL2 M13,1771291838.6413062,0x18FF00F7,1,3 state
ERROR CODE  M13,1771291838.6413062,0x18FF00F7,1,0 state
ACT_DCBUSVOLTAGE M13,1771291838.6413062,0x18FF00F7,1,1.25 V
ACT_DCBUSPOWER M13,1771291838.6413062,0x18FF00F7,1,0.00 kw
ACT_DEVICETEMPERATURE M13,1771291838.6413062,0x18FF00F7,1,27.00 °C
ACT_INVERTERSTATUS A13,1771291838.6461325,0x18FF01F7,1,0 state
ACT_INVERTERREADY A13,1771291838.6461325,0x18FF01F7,1,0 state
ACT_ERRORSTATUS A13,1771291838.6461325,0x18FF01F7,1,0 state
ACT_SPEED A13,1771291838.6461325,0x18FF01F7,1,0.00 rpm
ACT_TORQUE A13,1771291838.6461325,0x18FF01F7,1,0.00 Nm
ACT_POWER A13,1771291838.6461325,0x18FF01F7,1,0.00 kw
ACT_MOTORTEMPERATURE A13,1771291838.6461325,0x18FF01F7,1,27.00 °C
ACT_INVERTERSTATUS B13,1771291838.650769,0x18FF02F7,1,0 state
ACT_INVERTERREADY B13,1771291838.650769,0x18FF02F7,1,0 state
ACT_ERRORSTATUS B13,1771291838.650769,0x18FF02F7,1,0 state
ACT_SPEED B13,1771291838.650769,0x18FF02F7,1,0.00 rpm
ACT_TORQUE B13,1771291838.650769,0x18FF02F7,1,0.00 Nm
ACT_POWER B13,1771291838.650769,0x18FF02F7,1,0.00 kw
ACT_MOTORTEMPERATURE B13,1771291838.650769,0x18FF02F7,1,28.00 °C
DEVICESTATE M13,1771291838.7408707,0x18FF00F7,1,0 state
ERRORLAMP M13,1771291838.7408707,0x18FF00F7,1,0 state
DEVICENUMBER M13,1771291838.7408707,0x18FF00F7,1,14 state
CLAMP15_STATUS M13,1771291838.7408707,0x18FF00F7,1,1 state
PRECHARGED M13,1771291838.7408707,0x18FF00F7,1,1 state
STATUS_ BIT_FLEX_IN_OUT_SIGNAL1 M13,1771291838.7408707,0x18FF00F7,1,3 state
STATUS_ BIT_FLEX_IN_OUT_SIGNAL2 M13,1771291838.7408707,0x18FF00F7,1,3 state
ERROR CODE  M13,1771291838.7408707,0x18FF00F7,1,0 state
ACT_DCBUSVOLTAGE M13,1771291838.7408707,0x18FF00F7,1,1.25 V
ACT_DCBUSPOWER M13,1771291838.7408707,0x18FF00F7,1,0.00 kw
ACT_DEVICETEMPERATURE M13,1771291838.7408707,0x18FF00F7,1,27.00 °C
ACT_INVERTERSTATUS A13,1771291838.7458675,0x18FF01F7,1,0 state
ACT_INVERTERREADY A13,1771291838.7458675,0x18FF01F7,1,0 state
ACT_ERRORSTATUS A13,1771291838.7458675,0x18FF01F7,1,0 state
ACT_SPEED A13,1771291838.7458675,0x18FF01F7,1,0.00 rpm
ACT_TORQUE A13,1771291838.7458675,0x18FF01F7,1,0.00 Nm
ACT_POWER A13,1771291838.7458675,0x18FF01F7,1,0.00 kw
ACT_MOTORTEMPERATURE A13,1771291838.7458675,0x18FF01F7,1,27.00 °C
ACT_INVERTERSTATUS B13,1771291838.750875,0x18FF02F7,1,0 state
ACT_INVERTERREADY B13,1771291838.750875,0x18FF02F7,1,0 state
ACT_ERRORSTATUS B13,1771291838.750875,0x18FF02F7,1,0 state
ACT_SPEED B13,1771291838.750875,0x18FF02F7,1,0.00 rpm
ACT_TORQUE B13,1771291838.750875,0x18FF02F7,1,0.00 Nm
ACT_POWER B13,1771291838.750875,0x18FF02F7,1,0.00 kw
ACT_MOTORTEMPERATURE B13,1771291838.750875,0x18FF02F7,1,28.00 °C
DEVICESTATE M13,1771291838.8411214,0x18FF00F7,1,0 state
ERRORLAMP M13,1771291838.8411214,0x18FF00F7,1,0 state
DEVICENUMBER M13,1771291838.8411214,0x18FF00F7,1,14 state
CLAMP15_STATUS M13,1771291838.8411214,0x18FF00F7,1,1 state
PRECHARGED M13,1771291838.8411214,0x18FF00F7,1,1 state
STATUS_ BIT_FLEX_IN_OUT_SIGNAL1 M13,1771291838.8411214,0x18FF00F7,1,3 state
STATUS_ BIT_FLEX_IN_OUT_SIGNAL2 M13,1771291838.8411214,0x18FF00F7,1,3 state
ERROR CODE  M13,1771291838.8411214,0x18FF00F7,1,0 state
ACT_DCBUSVOLTAGE M13,1771291838.8411214,0x18FF00F7,1,1.25 V
ACT_DCBUSPOWER M13,1771291838.8411214,0x18FF00F7,1,0.00 kw
ACT_DEVICETEMPERATURE M13,1771291838.8411214,0x18FF00F7,1,27.00 °C
ACT_INVERTERSTATUS A13,1771291838.846121,0x18FF01F7,1,0 state
ACT_INVERTERREADY A13,1771291838.846121,0x18FF01F7,1,0 state
ACT_ERRORSTATUS A13,1771291838.846121,0x18FF01F7,1,0 state
ACT_SPEED A13,1771291838.846121,0x18FF01F7,1,0.00 rpm
ACT_TORQUE A13,1771291838.846121,0x18FF01F7,1,0.00 Nm
ACT_POWER A13,1771291838.846121,0x18FF01F7,1,0.00 kw
ACT_MOTORTEMPERATURE A13,1771291838.846121,0x18FF01F7,1,27.00 °C
ACT_INVERTERSTATUS B13,1771291838.8509011,0x18FF02F7,1,0 state
ACT_INVERTERREADY B13,1771291838.8509011,0x18FF02F7,1,0 state
ACT_ERRORSTATUS B13,1771291838.8509011,0x18FF02F7,1,0 state
ACT_SPEED B13,1771291838.8509011,0x18FF02F7,1,0.00 rpm
ACT_TORQUE B13,1771291838.8509011,0x18FF02F7,1,0.00 Nm
ACT_POWER B13,1771291838.8509011,0x18FF02F7,1,0.00 kw
ACT_MOTORTEMPERATURE B13,1771291838.8509011,0x18FF02F7,1,28.00 °C
DEVICESTATE M13,1771291838.9409142,0x18FF00F7,1,0 state
ERRORLAMP M13,1771291838.9409142,0x18FF00F7,1,0 state
DEVICENUMBER M13,1771291838.9409142,0x18FF00F7,1,14 state
CLAMP15_STATUS M13,1771291838.9409142,0x18FF00F7,1,1 state
PRECHARGED M13,1771291838.9409142,0x18FF00F7,1,1 state
STATUS_ BIT_FLEX_IN_OUT_SIGNAL1 M13,1771291838.9409142,0x18FF00F7,1,3 state
STATUS_ BIT_FLEX_IN_OUT_SIGNAL2 M13,1771291838.9409142,0x18FF00F7,1,3 state
ERROR CODE  M13,1771291838.9409142,0x18FF00F7,1,0 state
ACT_DCBUSVOLTAGE M13,1771291838.9409142,0x18FF00F7,1,1.25 V
ACT_DCBUSPOWER M13,1771291838.9409142,0x18FF00F7,1,0.00 kw
ACT_DEVICETEMPERATURE M13,1771291838.9409142,0x18FF00F7,1,27.00 °C
ACT_INVERTERSTATUS A13,1771291838.9461408,0x18FF01F7,1,0 state
ACT_INVERTERREADY A13,1771291838.9461408,0x18FF01F7,1,0 state
ACT_ERRORSTATUS A13,1771291838.9461408,0x18FF01F7,1,0 state
ACT_SPEED A13,1771291838.9461408,0x18FF01F7,1,0.00 rpm
ACT_TORQUE A13,1771291838.9461408,0x18FF01F7,1,0.00 Nm
ACT_POWER A13,1771291838.9461408,0x18FF01F7,1,0.00 kw
ACT_MOTORTEMPERATURE A13,1771291838.9461408,0x18FF01F7,1,27.00 °C
ACT_INVERTERSTATUS B13,1771291838.9508276,0x18FF02F7,1,0 state
ACT_INVERTERREADY B13,1771291838.9508276,0x18FF02F7,1,0 state
ACT_ERRORSTATUS B13,1771291838.9508276,0x18FF02F7,1,0 state
ACT_SPEED B13,1771291838.9508276,0x18FF02F7,1,0.00 rpm
ACT_TORQUE B13,1771291838.9508276,0x18FF02F7,1,0.00 Nm
ACT_POWER B13,1771291838.9508276,0x18FF02F7,1,0.00 kw
ACT_MOTORTEMPERATURE B13,1771291838.9508276,0x18FF02F7,1,28.00 °C
DEVICESTATE M13,1771291839.0412004,0x18FF00F7,1,0 state
ERRORLAMP M13,1771291839.0412004,0x18FF00F7,1,0 state
DEVICENUMBER M13,1771291839.0412004,0x18FF00F7,1,14 state
CLAMP15_STATUS M13,1771291839.0412004,0x18FF00F7,1,1 state
PRECHARGED M13,1771291839.0412004,0x18FF00F7,1,1 state
STATUS_ BIT_FLEX_IN_OUT_SIGNAL1 M13,1771291839.0412004,0x18FF00F7,1,3 state
STATUS_ BIT_FLEX_IN_OUT_SIGNAL2 M13,1771291839.0412004,0x18FF00F7,1,3 state
ERROR CODE  M13,1771291839.0412004,0x18FF00F7,1,0 state
ACT_DCBUSVOLTAGE M13,1771291839.0412004,0x18FF00F7,1,1.25 V
ACT_DCBUSPOWER M13,1771291839.0412004,0x18FF00F7,1,0.00 kw
ACT_DEVICETEMPERATURE M13,1771291839.0412004,0x18FF00F7,1,27.00 °C
ACT_INVERTERSTATUS A13,1771291839.0456622,0x18FF01F7,1,0 state
ACT_INVERTERREADY A13,1771291839.0456622,0x18FF01F7,1,0 state
ACT_ERRORSTATUS A13,1771291839.0456622,0x18FF01F7,1,0 state
ACT_SPEED A13,1771291839.0456622,0x18FF01F7,1,0.00 rpm
ACT_TORQUE A13,1771291839.0456622,0x18FF01F7,1,0.00 Nm
ACT_POWER A13,1771291839.0456622,0x18FF01F7,1,0.00 kw
ACT_MOTORTEMPERATURE A13,1771291839.0456622,0x18FF01F7,1,27.00 °C
ACT_INVERTERSTATUS B13,1771291839.0506918,0x18FF02F7,1,0 state
ACT_INVERTERREADY B13,1771291839.0506918,0x18FF02F7,1,0 state
ACT_ERRORSTATUS B13,1771291839.0506918,0x18FF02F7,1,0 state
ACT_SPEED B13,1771291839.0506918,0x18FF02F7,1,0.00 rpm
ACT_TORQUE B13,1771291839.0506918,0x18FF02F7,1,0.00 Nm
ACT_POWER B13,1771291839.0506918,0x18FF02F7,1,0.00 kw
ACT_MOTORTEMPERATURE B13,1771291839.0506918,0x18FF02F7,1,28.00 °C
DEVICESTATE M13,1771291839.1412177,0x18FF00F7,1,0 state
ERRORLAMP M13,1771291839.1412177,0x18FF00F7,1,0 state
DEVICENUMBER M13,1771291839.1412177,0x18FF00F7,1,14 state
CLAMP15_STATUS M13,1771291839.1412177,0x18FF00F7,1,1 state
PRECHARGED M13,1771291839.1412177,0x18FF00F7,1,1 state
STATUS_ BIT_FLEX_IN_OUT_SIGNAL1 M13,1771291839.1412177,0x18FF00F7,1,3 state
STATUS_ BIT_FLEX_IN_OUT_SIGNAL2 M13,1771291839.1412177,0x18FF00F7,1,3 state
ERROR CODE  M13,1771291839.1412177,0x18FF00F7,1,0 state
ACT_DCBUSVOLTAGE M13,1771291839.1412177,0x18FF00F7,1,1.25 V
ACT_DCBUSPOWER M13,1771291839.1412177,0x18FF00F7,1,0.00 kw
ACT_DEVICETEMPERATURE M13,1771291839.1412177,0x18FF00F7,1,27.00 °C
ACT_INVERTERSTATUS A13,1771291839.1458895,0x18FF01F7,1,0 state
ACT_INVERTERREADY A13,1771291839.1458895,0x18FF01F7,1,0 state
ACT_ERRORSTATUS A13,1771291839.1458895,0x18FF01F7,1,0 state
ACT_SPEED A13,1771291839.1458895,0x18FF01F7,1,0.00 rpm
ACT_TORQUE A13,1771291839.1458895,0x18FF01F7,1,0.00 Nm
ACT_POWER A13,1771291839.1458895,0x18FF01F7,1,0.00 kw
ACT_MOTORTEMPERATURE A13,1771291839.1458895,0x18FF01F7,1,27.00 °C
ACT_INVERTERSTATUS B13,1771291839.1509104,0x18FF02F7,1,0 state
ACT_INVERTERREADY B13,1771291839.1509104,0x18FF02F7,1,0 state
ACT_ERRORSTATUS B13,1771291839.1509104,0x18FF02F7,1,0 state
ACT_SPEED B13,1771291839.1509104,0x18FF02F7,1,0.00 rpm
ACT_TORQUE B13,1771291839.1509104,0x18FF02F7,1,0.00 Nm
ACT_POWER B13,1771291839.1509104,0x18FF02F7,1,0.00 kw
ACT_MOTORTEMPERATURE B13,1771291839.1509104,0x18FF02F7,1,28.00 °C
DEVICESTATE M13,1771291839.2413173,0x18FF00F7,1,0 state
ERRORLAMP M13,1771291839.2413173,0x18FF00F7,1,0 state
DEVICENUMBER M13,1771291839.2413173,0x18FF00F7,1,14 state
CLAMP15_STATUS M13,1771291839.2413173,0x18FF00F7,1,1 state
PRECHARGED M13,1771291839.2413173,0x18FF00F7,1,1 state
STATUS_ BIT_FLEX_IN_OUT_SIGNAL1 M13,1771291839.2413173,0x18FF00F7,1,3 state
STATUS_ BIT_FLEX_IN_OUT_SIGNAL2 M13,1771291839.2413173,0x18FF00F7,1,3 state
ERROR CODE  M13,1771291839.2413173,0x18FF00F7,1,0 state
ACT_DCBUSVOLTAGE M13,1771291839.2413173,0x18FF00F7,1,1.25 V
ACT_DCBUSPOWER M13,1771291839.2413173,0x18FF00F7,1,0.00 kw
ACT_DEVICETEMPERATURE M13,1771291839.2413173,0x18FF00F7,1,27.00 °C
ACT_INVERTERSTATUS A13,1771291839.2457054,0x18FF01F7,1,0 state
ACT_INVERTERREADY A13,1771291839.2457054,0x18FF01F7,1,0 state
ACT_ERRORSTATUS A13,1771291839.2457054,0x18FF01F7,1,0 state
ACT_SPEED A13,1771291839.2457054,0x18FF01F7,1,0.00 rpm
ACT_TORQUE A13,1771291839.2457054,0x18FF01F7,1,0.00 Nm
ACT_POWER A13,1771291839.2457054,0x18FF01F7,1,0.00 kw
ACT_MOTORTEMPERATURE A13,1771291839.2457054,0x18FF01F7,1,27.00 °C
ACT_INVERTERSTATUS B13,1771291839.2507198,0x18FF02F7,1,0 state
ACT_INVERTERREADY B13,1771291839.2507198,0x18FF02F7,1,0 state
ACT_ERRORSTATUS B13,1771291839.2507198,0x18FF02F7,1,0 state
ACT_SPEED B13,1771291839.2507198,0x18FF02F7,1,0.00 rpm
ACT_TORQUE B13,1771291839.2507198,0x18FF02F7,1,0.00 Nm
ACT_POWER B13,1771291839.2507198,0x18FF02F7,1,0.00 kw
ACT_MOTORTEMPERATURE B13,1771291839.2507198,0x18FF02F7,1,28.00 °C
DEVICESTATE M13,1771291839.3407886,0x18FF00F7,1,0 state
ERRORLAMP M13,1771291839.3407886,0x18FF00F7,1,0 state
DEVICENUMBER M13,1771291839.3407886,0x18FF00F7,1,14 state
CLAMP15_STATUS M13,1771291839.3407886,0x18FF00F7,1,1 state
PRECHARGED M13,1771291839.3407886,0x18FF00F7,1,1 state
STATUS_ BIT_FLEX_IN_OUT_SIGNAL1 M13,1771291839.3407886,0x18FF00F7,1,3 state
STATUS_ BIT_FLEX_IN_OUT_SIGNAL2 M13,1771291839.3407886,0x18FF00F7,1,3 state
ERROR CODE  M13,1771291839.3407886,0x18FF00F7,1,0 state
ACT_DCBUSVOLTAGE M13,1771291839.3407886,0x18FF00F7,1,1.25 V
ACT_DCBUSPOWER M13,1771291839.3407886,0x18FF00F7,1,0.00 kw
ACT_DEVICETEMPERATURE M13,1771291839.3407886,0x18FF00F7,1,27.00 °C
ACT_INVERTERSTATUS A13,1771291839.3458116,0x18FF01F7,1,0 state
ACT_INVERTERREADY A13,1771291839.3458116,0x18FF01F7,1,0 state
ACT_ERRORSTATUS A13,1771291839.3458116,0x18FF01F7,1,0 state
ACT_SPEED A13,1771291839.3458116,0x18FF01F7,1,0.00 rpm
ACT_TORQUE A13,1771291839.3458116,0x18FF01F7,1,0.00 Nm
ACT_POWER A13,1771291839.3458116,0x18FF01F7,1,0.00 kw
ACT_MOTORTEMPERATURE A13,1771291839.3458116,0x18FF01F7,1,27.00 °C
ACT_INVERTERSTATUS B13,1771291839.3507802,0x18FF02F7,1,0 state
ACT_INVERTERREADY B13,1771291839.3507802,0x18FF02F7,1,0 state
ACT_ERRORSTATUS B13,1771291839.3507802,0x18FF02F7,1,0 state
ACT_SPEED B13,1771291839.3507802,0x18FF02F7,1,0.00 rpm
ACT_TORQUE B13,1771291839.3507802,0x18FF02F7,1,0.00 Nm
ACT_POWER B13,1771291839.3507802,0x18FF02F7,1,0.00 kw
ACT_MOTORTEMPERATURE B13,1771291839.3507802,0x18FF02F7,1,28.00 °C
DEVICESTATE M13,1771291839.4410255,0x18FF00F7,1,0 state
ERRORLAMP M13,1771291839.4410255,0x18FF00F7,1,0 state
DEVICENUMBER M13,1771291839.4410255,0x18FF00F7,1,14 state
CLAMP15_STATUS M13,1771291839.4410255,0x18FF00F7,1,1 state
PRECHARGED M13,1771291839.4410255,0x18FF00F7,1,1 state
STATUS_ BIT_FLEX_IN_OUT_SIGNAL1 M13,1771291839.4410255,0x18FF00F7,1,3 state
STATUS_ BIT_FLEX_IN_OUT_SIGNAL2 M13,1771291839.4410255,0x18FF00F7,1,3 state
ERROR CODE  M13,1771291839.4410255,0x18FF00F7,1,0 state
ACT_DCBUSVOLTAGE M13,1771291839.4410255,0x18FF00F7,1,1.25 V
ACT_DCBUSPOWER M13,1771291839.4410255,0x18FF00F7,1,0.00 kw
ACT_DEVICETEMPERATURE M13,1771291839.4410255,0x18FF00F7,1,27.00 °C
ACT_INVERTERSTATUS A13,1771291839.4462237,0x18FF01F7,1,0 state
ACT_INVERTERREADY A13,1771291839.4462237,0x18FF01F7,1,0 state
ACT_ERRORSTATUS A13,1771291839.4462237,0x18FF01F7,1,0 state
ACT_SPEED A13,1771291839.4462237,0x18FF01F7,1,0.00 rpm
ACT_TORQUE A13,1771291839.4462237,0x18FF01F7,1,0.00 Nm
ACT_POWER A13,1771291839.4462237,0x18FF01F7,1,0.00 kw
ACT_MOTORTEMPERATURE A13,1771291839.4462237,0x18FF01F7,1,27.00 °C
ACT_INVERTERSTATUS B13,1771291839.4507241,0x18FF02F7,1,0 state
ACT_INVERTERREADY B13,1771291839.4507241,0x18FF02F7,1,0 state
ACT_ERRORSTATUS B13,1771291839.4507241,0x18FF02F7,1,0 state
ACT_SPEED B13,1771291839.4507241,0x18FF02F7,1,0.00 rpm
ACT_TORQUE B13,1771291839.4507241,0x18FF02F7,1,0.00 Nm
ACT_POWER B13,1771291839.4507241,0x18FF02F7,1,0.00 kw
ACT_MOTORTEMPERATURE B13,1771291839.4507241,0x18FF02F7,1,28.00 °C
DEVICESTATE M13,1771291839.541131,0x18FF00F7,1,0 state
ERRORLAMP M13,1771291839.541131,0x18FF00F7,1,0 state
DEVICENUMBER M13,1771291839.541131,0x18FF00F7,1,14 state
CLAMP15_STATUS M13,1771291839.541131,0x18FF00F7,1,1 state
PRECHARGED M13,1771291839.541131,0x18FF00F7,1,1 state
STATUS_ BIT_FLEX_IN_OUT_SIGNAL1 M13,1771291839.541131,0x18FF00F7,1,3 state
STATUS_ BIT_FLEX_IN_OUT_SIGNAL2 M13,1771291839.541131,0x18FF00F7,1,3 state
ERROR CODE  M13,1771291839.541131,0x18FF00F7,1,0 state
ACT_DCBUSVOLTAGE M13,1771291839.541131,0x18FF00F7,1,1.25 V
ACT_DCBUSPOWER M13,1771291839.541131,0x18FF00F7,1,0.00 kw
ACT_DEVICETEMPERATURE M13,1771291839.541131,0x18FF00F7,1,27.00 °C
ACT_INVERTERSTATUS A13,1771291839.5462496,0x18FF01F7,1,0 state
ACT_INVERTERREADY A13,1771291839.5462496,0x18FF01F7,1,0 state
ACT_ERRORSTATUS A13,1771291839.5462496,0x18FF01F7,1,0 state
ACT_SPEED A13,1771291839.5462496,0x18FF01F7,1,0.00 rpm
ACT_TORQUE A13,1771291839.5462496,0x18FF01F7,1,0.00 Nm
ACT_POWER A13,1771291839.5462496,0x18FF01F7,1,0.00 kw
ACT_MOTORTEMPERATURE A13,1771291839.5462496,0x18FF01F7,1,27.00 °C
ACT_INVERTERSTATUS B13,1771291839.5506577,0x18FF02F7,1,0 state
ACT_INVERTERREADY B13,1771291839.5506577,0x18FF02F7,1,0 state
ACT_ERRORSTATUS B13,1771291839.5506577,0x18FF02F7,1,0 state
ACT_SPEED B13,1771291839.5506577,0x18FF02F7,1,0.00 rpm
ACT_TORQUE B13,1771291839.5506577,0x18FF02F7,1,0.00 Nm
ACT_POWER B13,1771291839.5506577,0x18FF02F7,1,0.00 kw
ACT_MOTORTEMPERATURE B13,1771291839.5506577,0x18FF02F7,1,28.00 °C
DEVICESTATE M13,1771291839.6412961,0x18FF00F7,1,0 state
ERRORLAMP M13,1771291839.6412961,0x18FF00F7,1,0 state
DEVICENUMBER M13,1771291839.6412961,0x18FF00F7,1,14 state
CLAMP15_STATUS M13,1771291839.6412961,0x18FF00F7,1,1 state
PRECHARGED M13,1771291839.6412961,0x18FF00F7,1,1 state
STATUS_ BIT_FLEX_IN_OUT_SIGNAL1 M13,1771291839.6412961,0x18FF00F7,1,3 state
STATUS_ BIT_FLEX_IN_OUT_SIGNAL2 M13,1771291839.6412961,0x18FF00F7,1,3 state
ERROR CODE  M13,1771291839.6412961,0x18FF00F7,1,0 state
ACT_DCBUSVOLTAGE M13,1771291839.6412961,0x18FF00F7,1,1.25 V
ACT_DCBUSPOWER M13,1771291839.6412961,0x18FF00F7,1,0.00 kw
ACT_DEVICETEMPERATURE M13,1771291839.6412961,0x18FF00F7,1,27.00 °C
ACT_INVERTERSTATUS A13,1771291839.6459901,0x18FF01F7,1,0 state
ACT_INVERTERREADY A13,1771291839.6459901,0x18FF01F7,1,0 state
ACT_ERRORSTATUS A13,1771291839.6459901,0x18FF01F7,1,0 state
ACT_SPEED A13,1771291839.6459901,0x18FF01F7,1,0.00 rpm
ACT_TORQUE A13,1771291839.6459901,0x18FF01F7,1,0.00 Nm
ACT_POWER A13,1771291839.6459901,0x18FF01F7,1,0.00 kw
ACT_MOTORTEMPERATURE A13,1771291839.6459901,0x18FF01F7,1,27.00 °C
ACT_INVERTERSTATUS B13,1771291839.6508803,0x18FF02F7,1,0 state
ACT_INVERTERREADY B13,1771291839.6508803,0x18FF02F7,1,0 state
ACT_ERRORSTATUS B13,1771291839.6508803,0x18FF02F7,1,0 state
ACT_SPEED B13,1771291839.6508803,0x18FF02F7,1,0.00 rpm
ACT_TORQUE B13,1771291839.6508803,0x18FF02F7,1,0.00 Nm
ACT_POWER B13,1771291839.6508803,0x18FF02F7,1,0.00 kw
ACT_MOTORTEMPERATURE B13,1771291839.6508803,0x18FF02F7,1,28.00 °C
DEVICESTATE M13,1771291839.7411647,0x18FF00F7,1,0 state
ERRORLAMP M13,1771291839.7411647,0x18FF00F7,1,0 state
DEVICENUMBER M13,1771291839.7411647,0x18FF00F7,1,14 state
CLAMP15_STATUS M13,1771291839.7411647,0x18FF00F7,1,1 state
PRECHARGED M13,1771291839.7411647,0x18FF00F7,1,1 state
STATUS_ BIT_FLEX_IN_OUT_SIGNAL1 M13,1771291839.7411647,0x18FF00F7,1,3 state
STATUS_ BIT_FLEX_IN_OUT_SIGNAL2 M13,1771291839.7411647,0x18FF00F7,1,3 state
ERROR CODE  M13,1771291839.7411647,0x18FF00F7,1,0 state
ACT_DCBUSVOLTAGE M13,1771291839.7411647,0x18FF00F7,1,1.25 V
ACT_DCBUSPOWER M13,1771291839.7411647,0x18FF00F7,1,0.00 kw
ACT_DEVICETEMPERATURE M13,1771291839.7411647,0x18FF00F7,1,27.00 °C
ACT_INVERTERSTATUS A13,1771291839.745793,0x18FF01F7,1,0 state
ACT_INVERTERREADY A13,1771291839.745793,0x18FF01F7,1,0 state
ACT_ERRORSTATUS A13,1771291839.745793,0x18FF01F7,1,0 state
ACT_SPEED A13,1771291839.745793,0x18FF01F7,1,0.00 rpm
ACT_TORQUE A13,1771291839.745793,0x18FF01F7,1,0.00 Nm
ACT_POWER A13,1771291839.745793,0x18FF01F7,1,0.00 kw
ACT_MOTORTEMPERATURE A13,1771291839.745793,0x18FF01F7,1,27.00 °C
ACT_INVERTERSTATUS B13,1771291839.7507796,0x18FF02F7,1,0 state
ACT_INVERTERREADY B13,1771291839.7507796,0x18FF02F7,1,0 state
ACT_ERRORSTATUS B13,1771291839.7507796,0x18FF02F7,1,0 state
ACT_SPEED B13,1771291839.7507796,0x18FF02F7,1,0.00 rpm
ACT_TORQUE B13,1771291839.7507796,0x18FF02F7,1,0.00 Nm
ACT_POWER B13,1771291839.7507796,0x18FF02F7,1,0.00 kw
ACT_MOTORTEMPERATURE B13,1771291839.7507796,0x18FF02F7,1,28.00 °C
DEVICESTATE M13,1771291839.8408444,0x18FF00F7,1,0 state
ERRORLAMP M13,1771291839.8408444,0x18FF00F7,1,0 state
DEVICENUMBER M13,1771291839.8408444,0x18FF00F7,1,14 state
CLAMP15_STATUS M13,1771291839.8408444,0x18FF00F7,1,1 state
PRECHARGED M13,1771291839.8408444,0x18FF00F7,1,1 state
STATUS_ BIT_FLEX_IN_OUT_SIGNAL1 M13,1771291839.8408444,0x18FF00F7,1,3 state
STATUS_ BIT_FLEX_IN_OUT_SIGNAL2 M13,1771291839.8408444,0x18FF00F7,1,3 state
ERROR CODE  M13,1771291839.8408444,0x18FF00F7,1,0 state
ACT_DCBUSVOLTAGE M13,1771291839.8408444,0x18FF00F7,1,1.25 V
ACT_DCBUSPOWER M13,1771291839.8408444,0x18FF00F7,1,0.00 kw
ACT_DEVICETEMPERATURE M13,1771291839.8408444,0x18FF00F7,1,27.00 °C
ACT_INVERTERSTATUS A13,1771291839.8459237,0x18FF01F7,1,0 state
ACT_INVERTERREADY A13,1771291839.8459237,0x18FF01F7,1,0 state
ACT_ERRORSTATUS A13,1771291839.8459237,0x18FF01F7,1,0 state
ACT_SPEED A13,1771291839.8459237,0x18FF01F7,1,0.00 rpm
ACT_TORQUE A13,1771291839.8459237,0x18FF01F7,1,0.00 Nm
ACT_POWER A13,1771291839.8459237,0x18FF01F7,1,0.00 kw
ACT_MOTORTEMPERATURE A13,1771291839.8459237,0x18FF01F7,1,27.00 °C
ACT_INVERTERSTATUS B13,1771291839.8509297,0x18FF02F7,1,0 state
ACT_INVERTERREADY B13,1771291839.8509297,0x18FF02F7,1,0 state
ACT_ERRORSTATUS B13,1771291839.8509297,0x18FF02F7,1,0 state
ACT_SPEED B13,1771291839.8509297,0x18FF02F7,1,0.00 rpm
ACT_TORQUE B13,1771291839.8509297,0x18FF02F7,1,0.00 Nm
ACT_POWER B13,1771291839.8509297,0x18FF02F7,1,0.00 kw
ACT_MOTORTEMPERATURE B13,1771291839.8509297,0x18FF02F7,1,28.00 °C
DEVICESTATE M13,1771291839.9406757,0x18FF00F7,1,0 state
ERRORLAMP M13,1771291839.9406757,0x18FF00F7,1,0 state
DEVICENUMBER M13,1771291839.9406757,0x18FF00F7,1,14 state
CLAMP15_STATUS M13,1771291839.9406757,0x18FF00F7,1,1 state
PRECHARGED M13,1771291839.9406757,0x18FF00F7,1,1 state
STATUS_ BIT_FLEX_IN_OUT_SIGNAL1 M13,1771291839.9406757,0x18FF00F7,1,3 state
STATUS_ BIT_FLEX_IN_OUT_SIGNAL2 M13,1771291839.9406757,0x18FF00F7,1,3 state
ERROR CODE  M13,1771291839.9406757,0x18FF00F7,1,0 state
ACT_DCBUSVOLTAGE M13,1771291839.9406757,0x18FF00F7,1,1.25 V
ACT_DCBUSPOWER M13,1771291839.9406757,0x18FF00F7,1,0.00 kw
ACT_DEVICETEMPERATURE M13,1771291839.9406757,0x18FF00F7,1,27.00 °C
ACT_INVERTERSTATUS A13,1771291839.9456365,0x18FF01F7,1,0 state
ACT_INVERTERREADY A13,1771291839.9456365,0x18FF01F7,1,0 state
ACT_ERRORSTATUS A13,1771291839.9456365,0x18FF01F7,1,0 state
ACT_SPEED A13,1771291839.9456365,0x18FF01F7,1,0.00 rpm
ACT_TORQUE A13,1771291839.9456365,0x18FF01F7,1,0.00 Nm
ACT_POWER A13,1771291839.9456365,0x18FF01F7,1,0.00 kw
ACT_MOTORTEMPERATURE A13,1771291839.9456365,0x18FF01F7,1,27.00 °C
ACT_INVERTERSTATUS B13,1771291839.9506497,0x18FF02F7,1,0 state
ACT_INVERTERREADY B13,1771291839.9506497,0x18FF02F7,1,0 state
ACT_ERRORSTATUS B13,1771291839.9506497,0x18FF02F7,1,0 state
ACT_SPEED B13,1771291839.9506497,0x18FF02F7,1,0.00 rpm
ACT_TORQUE B13,1771291839.9506497,0x18FF02F7,1,0.00 Nm
ACT_POWER B13,1771291839.9506497,0x18FF02F7,1,0.00 kw
ACT_MOTORTEMPERATURE B13,1771291839.9506497,0x18FF02F7,1,28.00 °C
DEVICESTATE M13,1771291840.0410693,0x18FF00F7,1,0 state
ERRORLAMP M13,1771291840.0410693,0x18FF00F7,1,0 state
DEVICENUMBER M13,1771291840.0410693,0x18FF00F7,1,14 state
CLAMP15_STATUS M13,1771291840.0410693,0x18FF00F7,1,1 state
PRECHARGED M13,1771291840.0410693,0x18FF00F7,1,1 state
STATUS_ BIT_FLEX_IN_OUT_SIGNAL1 M13,1771291840.0410693,0x18FF00F7,1,3 state
STATUS_ BIT_FLEX_IN_OUT_SIGNAL2 M13,1771291840.0410693,0x18FF00F7,1,3 state
ERROR CODE  M13,1771291840.0410693,0x18FF00F7,1,0 state
ACT_DCBUSVOLTAGE M13,1771291840.0410693,0x18FF00F7,1,1.25 V
ACT_DCBUSPOWER M13,1771291840.0410693,0x18FF00F7,1,0.00 kw
ACT_DEVICETEMPERATURE M13,1771291840.0410693,0x18FF00F7,1,27.00 °C
ACT_INVERTERSTATUS A13,1771291840.0456953,0x18FF01F7,1,0 state
ACT_INVERTERREADY A13,1771291840.0456953,0x18FF01F7,1,0 state
ACT_ERRORSTATUS A13,1771291840.0456953,0x18FF01F7,1,0 state
ACT_SPEED A13,1771291840.0456953,0x18FF01F7,1,0.00 rpm
ACT_TORQUE A13,1771291840.0456953,0x18FF01F7,1,0.00 Nm
ACT_POWER A13,1771291840.0456953,0x18FF01F7,1,0.00 kw
ACT_MOTORTEMPERATURE A13,1771291840.0456953,0x18FF01F7,1,27.00 °C
ACT_INVERTERSTATUS B13,1771291840.050653,0x18FF02F7,1,0 state
ACT_INVERTERREADY B13,1771291840.050653,0x18FF02F7,1,0 state
ACT_ERRORSTATUS B13,1771291840.050653,0x18FF02F7,1,0 state
ACT_SPEED B13,1771291840.050653,0x18FF02F7,1,0.00 rpm
ACT_TORQUE B13,1771291840.050653,0x18FF02F7,1,0.00 Nm
ACT_POWER B13,1771291840.050653,0x18FF02F7,1,0.00 kw
ACT_MOTORTEMPERATURE B13,1771291840.050653,0x18FF02F7,1,28.00 °C
DEVICESTATE M13,1771291840.1409688,0x18FF00F7,1,0 state
ERRORLAMP M13,1771291840.1409688,0x18FF00F7,1,0 state
DEVICENUMBER M13,1771291840.1409688,0x18FF00F7,1,14 state
CLAMP15_STATUS M13,1771291840.1409688,0x18FF00F7,1,1 state
PRECHARGED M13,1771291840.1409688,0x18FF00F7,1,1 state
STATUS_ BIT_FLEX_IN_OUT_SIGNAL1 M13,1771291840.1409688,0x18FF00F7,1,3 state
STATUS_ BIT_FLEX_IN_OUT_SIGNAL2 M13,1771291840.1409688,0x18FF00F7,1,3 state
ERROR CODE  M13,1771291840.1409688,0x18FF00F7,1,0 state
ACT_DCBUSVOLTAGE M13,1771291840.1409688,0x18FF00F7,1,1.25 V
ACT_DCBUSPOWER M13,1771291840.1409688,0x18FF00F7,1,0.00 kw
ACT_DEVICETEMPERATURE M13,1771291840.1409688,0x18FF00F7,1,27.00 °C
ACT_INVERTERSTATUS A13,1771291840.146009,0x18FF01F7,1,0 state
ACT_INVERTERREADY A13,1771291840.146009,0x18FF01F7,1,0 state
ACT_ERRORSTATUS A13,1771291840.146009,0x18FF01F7,1,0 state
ACT_SPEED A13,1771291840.146009,0x18FF01F7,1,0.00 rpm
ACT_TORQUE A13,1771291840.146009,0x18FF01F7,1,0.00 Nm
ACT_POWER A13,1771291840.146009,0x18FF01F7,1,0.00 kw
ACT_MOTORTEMPERATURE A13,1771291840.146009,0x18FF01F7,1,27.00 °C
ACT_INVERTERSTATUS B13,1771291840.15098,0x18FF02F7,1,0 state
ACT_INVERTERREADY B13,1771291840.15098,0x18FF02F7,1,0 state
ACT_ERRORSTATUS B13,1771291840.15098,0x18FF02F7,1,0 state
ACT_SPEED B13,1771291840.15098,0x18FF02F7,1,0.00 rpm
ACT_TORQUE B13,1771291840.15098,0x18FF02F7,1,0.00 Nm
ACT_POWER B13,1771291840.15098,0x18FF02F7,1,0.00 kw
ACT_MOTORTEMPERATURE B13,1771291840.15098,0x18FF02F7,1,28.00 °C
DEVICESTATE M13,1771291840.241085,0x18FF00F7,1,0 state
ERRORLAMP M13,1771291840.241085,0x18FF00F7,1,0 state
DEVICENUMBER M13,1771291840.241085,0x18FF00F7,1,14 state
CLAMP15_STATUS M13,1771291840.241085,0x18FF00F7,1,1 state
PRECHARGED M13,1771291840.241085,0x18FF00F7,1,1 state
STATUS_ BIT_FLEX_IN_OUT_SIGNAL1 M13,1771291840.241085,0x18FF00F7,1,3 state
STATUS_ BIT_FLEX_IN_OUT_SIGNAL2 M13,1771291840.241085,0x18FF00F7,1,3 state
ERROR CODE  M13,1771291840.241085,0x18FF00F7,1,0 state
ACT_DCBUSVOLTAGE M13,1771291840.241085,0x18FF00F7,1,1.25 V
ACT_DCBUSPOWER M13,1771291840.241085,0x18FF00F7,1,0.00 kw
ACT_DEVICETEMPERATURE M13,1771291840.241085,0x18FF00F7,1,27.00 °C
ACT_INVERTERSTATUS A13,1771291840.2461917,0x18FF01F7,1,0 state
ACT_INVERTERREADY A13,1771291840.2461917,0x18FF01F7,1,0 state
ACT_ERRORSTATUS A13,1771291840.2461917,0x18FF01F7,1,0 state
ACT_SPEED A13,1771291840.2461917,0x18FF01F7,1,0.00 rpm
ACT_TORQUE A13,1771291840.2461917,0x18FF01F7,1,0.00 Nm
ACT_POWER A13,1771291840.2461917,0x18FF01F7,1,0.00 kw
ACT_MOTORTEMPERATURE A13,1771291840.2461917,0x18FF01F7,1,27.00 °C
ACT_INVERTERSTATUS B13,1771291840.250954,0x18FF02F7,1,0 state
ACT_INVERTERREADY B13,1771291840.250954,0x18FF02F7,1,0 state
ACT_ERRORSTATUS B13,1771291840.250954,0x18FF02F7,1,0 state
ACT_SPEED B13,1771291840.250954,0x18FF02F7,1,0.00 rpm
ACT_TORQUE B13,1771291840.250954,0x18FF02F7,1,0.00 Nm
ACT_POWER B13,1771291840.250954,0x18FF02F7,1,0.00 kw
ACT_MOTORTEMPERATURE B13,1771291840.250954,0x18FF02F7,1,28.00 °C
DEVICESTATE M13,1771291840.3410969,0x18FF00F7,1,0 state
ERRORLAMP M13,1771291840.3410969,0x18FF00F7,1,0 state
DEVICENUMBER M13,1771291840.3410969,0x18FF00F7,1,14 state
CLAMP15_STATUS M13,1771291840.3410969,0x18FF00F7,1,1 state
PRECHARGED M13,1771291840.3410969,0x18FF00F7,1,1 state
STATUS_ BIT_FLEX_IN_OUT_SIGNAL1 M13,1771291840.3410969,0x18FF00F7,1,3 state
STATUS_ BIT_FLEX_IN_OUT_SIGNAL2 M13,1771291840.3410969,0x18FF00F7,1,3 state
ERROR CODE  M13,1771291840.3410969,0x18FF00F7,1,0 state
ACT_DCBUSVOLTAGE M13,1771291840.3410969,0x18FF00F7,1,1.25 V
ACT_DCBUSPOWER M13,1771291840.3410969,0x18FF00F7,1,0.00 kw
ACT_DEVICETEMPERATURE M13,1771291840.3410969,0x18FF00F7,1,27.00 °C
ACT_INVERTERSTATUS A13,1771291840.3461163,0x18FF01F7,1,0 state
ACT_INVERTERREADY A13,1771291840.3461163,0x18FF01F7,1,0 state
ACT_ERRORSTATUS A13,1771291840.3461163,0x18FF01F7,1,0 state
ACT_SPEED A13,1771291840.3461163,0x18FF01F7,1,0.00 rpm
ACT_TORQUE A13,1771291840.3461163,0x18FF01F7,1,0.00 Nm
ACT_POWER A13,1771291840.3461163,0x18FF01F7,1,0.00 kw
ACT_MOTORTEMPERATURE A13,1771291840.3461163,0x18FF01F7,1,27.00 °C
ACT_INVERTERSTATUS B13,1771291840.350856,0x18FF02F7,1,0 state
ACT_INVERTERREADY B13,1771291840.350856,0x18FF02F7,1,0 state
ACT_ERRORSTATUS B13,1771291840.350856,0x18FF02F7,1,0 state
ACT_SPEED B13,1771291840.350856,0x18FF02F7,1,0.00 rpm
ACT_TORQUE B13,1771291840.350856,0x18FF02F7,1,0.00 Nm
ACT_POWER B13,1771291840.350856,0x18FF02F7,1,0.00 kw
ACT_MOTORTEMPERATURE B13,1771291840.350856,0x18FF02F7,1,28.00 °C
DEVICESTATE M13,1771291840.4408782,0x18FF00F7,1,0 state
ERRORLAMP M13,1771291840.4408782,0x18FF00F7,1,0 state
DEVICENUMBER M13,1771291840.4408782,0x18FF00F7,1,14 state
CLAMP15_STATUS M13,1771291840.4408782,0x18FF00F7,1,1 state
PRECHARGED M13,1771291840.4408782,0x18FF00F7,1,1 state
STATUS_ BIT_FLEX_IN_OUT_SIGNAL1 M13,1771291840.4408782,0x18FF00F7,1,3 state
STATUS_ BIT_FLEX_IN_OUT_SIGNAL2 M13,1771291840.4408782,0x18FF00F7,1,3 state
ERROR CODE  M13,1771291840.4408782,0x18FF00F7,1,0 state
ACT_DCBUSVOLTAGE M13,1771291840.4408782,0x18FF00F7,1,1.25 V
ACT_DCBUSPOWER M13,1771291840.4408782,0x18FF00F7,1,0.00 kw
ACT_DEVICETEMPERATURE M13,1771291840.4408782,0x18FF00F7,1,27.00 °C
ACT_INVERTERSTATUS A13,1771291840.4460247,0x18FF01F7,1,0 state
ACT_INVERTERREADY A13,1771291840.4460247,0x18FF01F7,1,0 state
ACT_ERRORSTATUS A13,1771291840.4460247,0x18FF01F7,1,0 state
ACT_SPEED A13,1771291840.4460247,0x18FF01F7,1,0.00 rpm
ACT_TORQUE A13,1771291840.4460247,0x18FF01F7,1,0.00 Nm
ACT_POWER A13,1771291840.4460247,0x18FF01F7,1,0.00 kw
ACT_MOTORTEMPERATURE A13,1771291840.4460247,0x18FF01F7,1,27.00 °C
ACT_INVERTERSTATUS B13,1771291840.4510643,0x18FF02F7,1,0 state
ACT_INVERTERREADY B13,1771291840.4510643,0x18FF02F7,1,0 state
ACT_ERRORSTATUS B13,1771291840.4510643,0x18FF02F7,1,0 state
ACT_SPEED B13,1771291840.4510643,0x18FF02F7,1,0.00 rpm
ACT_TORQUE B13,1771291840.4510643,0x18FF02F7,1,0.00 Nm
ACT_POWER B13,1771291840.4510643,0x18FF02F7,1,0.00 kw
ACT_MOTORTEMPERATURE B13,1771291840.4510643,0x18FF02F7,1,28.00 °C
DEVICESTATE M13,1771291840.5410032,0x18FF00F7,1,0 state
ERRORLAMP M13,1771291840.5410032,0x18FF00F7,1,0 state
DEVICENUMBER M13,1771291840.5410032,0x18FF00F7,1,14 state
CLAMP15_STATUS M13,1771291840.5410032,0x18FF00F7,1,1 state
PRECHARGED M13,1771291840.5410032,0x18FF00F7,1,1 state
STATUS_ BIT_FLEX_IN_OUT_SIGNAL1 M13,1771291840.5410032,0x18FF00F7,1,3 state
STATUS_ BIT_FLEX_IN_OUT_SIGNAL2 M13,1771291840.5410032,0x18FF00F7,1,3 state
ERROR CODE  M13,1771291840.5410032,0x18FF00F7,1,0 state
ACT_DCBUSVOLTAGE M13,1771291840.5410032,0x18FF00F7,1,1.25 V
ACT_DCBUSPOWER M13,1771291840.5410032,0x18FF00F7,1,0.00 kw
ACT_DEVICETEMPERATURE M13,1771291840.5410032,0x18FF00F7,1,27.00 °C
ACT_INVERTERSTATUS A13,1771291840.546043,0x18FF01F7,1,0 state
ACT_INVERTERREADY A13,1771291840.546043,0x18FF01F7,1,0 state
ACT_ERRORSTATUS A13,1771291840.546043,0x18FF01F7,1,0 state
ACT_SPEED A13,1771291840.546043,0x18FF01F7,1,0.00 rpm
ACT_TORQUE A13,1771291840.546043,0x18FF01F7,1,0.00 Nm
ACT_POWER A13,1771291840.546043,0x18FF01F7,1,0.00 kw
ACT_MOTORTEMPERATURE A13,1771291840.546043,0x18FF01F7,1,27.00 °C
ACT_INVERTERSTATUS B13,1771291840.5509398,0x18FF02F7,1,0 state
ACT_INVERTERREADY B13,1771291840.5509398,0x18FF02F7,1,0 state
ACT_ERRORSTATUS B13,1771291840.5509398,0x18FF02F7,1,0 state
ACT_SPEED B13,1771291840.5509398,0x18FF02F7,1,0.00 rpm
ACT_TORQUE B13,1771291840.5509398,0x18FF02F7,1,0.00 Nm
ACT_POWER B13,1771291840.5509398,0x18FF02F7,1,0.00 kw
ACT_MOTORTEMPERATURE B13,1771291840.5509398,0x18FF02F7,1,28.00 °C
DEVICESTATE M13,1771291840.641029,0x18FF00F7,1,0 state
ERRORLAMP M13,1771291840.641029,0x18FF00F7,1,0 state
DEVICENUMBER M13,1771291840.641029,0x18FF00F7,1,14 state
CLAMP15_STATUS M13,1771291840.641029,0x18FF00F7,1,1 state
PRECHARGED M13,1771291840.641029,0x18FF00F7,1,1 state
STATUS_ BIT_FLEX_IN_OUT_SIGNAL1 M13,1771291840.641029,0x18FF00F7,1,3 state
STATUS_ BIT_FLEX_IN_OUT_SIGNAL2 M13,1771291840.641029,0x18FF00F7,1,3 state
ERROR CODE  M13,1771291840.641029,0x18FF00F7,1,0 state
ACT_DCBUSVOLTAGE M13,1771291840.641029,0x18FF00F7,1,1.25 V
ACT_DCBUSPOWER M13,1771291840.641029,0x18FF00F7,1,0.00 kw
ACT_DEVICETEMPERATURE M13,1771291840.641029,0x18FF00F7,1,27.00 °C
ACT_INVERTERSTATUS A13,1771291840.646168,0x18FF01F7,1,0 state
ACT_INVERTERREADY A13,1771291840.646168,0x18FF01F7,1,0 state
ACT_ERRORSTATUS A13,1771291840.646168,0x18FF01F7,1,0 state
ACT_SPEED A13,1771291840.646168,0x18FF01F7,1,0.00 rpm
ACT_TORQUE A13,1771291840.646168,0x18FF01F7,1,0.00 Nm
ACT_POWER A13,1771291840.646168,0x18FF01F7,1,0.00 kw
ACT_MOTORTEMPERATURE A13,1771291840.646168,0x18FF01F7,1,27.00 °C
ACT_INVERTERSTATUS B13,1771291840.6509259,0x18FF02F7,1,0 state
ACT_INVERTERREADY B13,1771291840.6509259,0x18FF02F7,1,0 state
ACT_ERRORSTATUS B13,1771291840.6509259,0x18FF02F7,1,0 state
ACT_SPEED B13,1771291840.6509259,0x18FF02F7,1,0.00 rpm
ACT_TORQUE B13,1771291840.6509259,0x18FF02F7,1,0.00 Nm
ACT_POWER B13,1771291840.6509259,0x18FF02F7,1,0.00 kw
ACT_MOTORTEMPERATURE B13,1771291840.6509259,0x18FF02F7,1,28.00 °C
DEVICESTATE M13,1771291840.7407806,0x18FF00F7,1,0 state
ERRORLAMP M13,1771291840.7407806,0x18FF00F7,1,0 state
DEVICENUMBER M13,1771291840.7407806,0x18FF00F7,1,14 state
CLAMP15_STATUS M13,1771291840.7407806,0x18FF00F7,1,1 state
PRECHARGED M13,1771291840.7407806,0x18FF00F7,1,1 state
STATUS_ BIT_FLEX_IN_OUT_SIGNAL1 M13,1771291840.7407806,0x18FF00F7,1,3 state
STATUS_ BIT_FLEX_IN_OUT_SIGNAL2 M13,1771291840.7407806,0x18FF00F7,1,3 state
ERROR CODE  M13,1771291840.7407806,0x18FF00F7,1,0 state
ACT_DCBUSVOLTAGE M13,1771291840.7407806,0x18FF00F7,1,1.25 V
ACT_DCBUSPOWER M13,1771291840.7407806,0x18FF00F7,1,0.00 kw
ACT_DEVICETEMPERATURE M13,1771291840.7407806,0x18FF00F7,1,27.00 °C
ACT_INVERTERSTATUS A13,1771291840.745779,0x18FF01F7,1,0 state
ACT_INVERTERREADY A13,1771291840.745779,0x18FF01F7,1,0 state
ACT_ERRORSTATUS A13,1771291840.745779,0x18FF01F7,1,0 state
ACT_SPEED A13,1771291840.745779,0x18FF01F7,1,0.00 rpm
ACT_TORQUE A13,1771291840.745779,0x18FF01F7,1,0.00 Nm
ACT_POWER A13,1771291840.745779,0x18FF01F7,1,0.00 kw
ACT_MOTORTEMPERATURE A13,1771291840.745779,0x18FF01F7,1,27.00 °C
ACT_INVERTERSTATUS B13,1771291840.7507057,0x18FF02F7,1,0 state
ACT_INVERTERREADY B13,1771291840.7507057,0x18FF02F7,1,0 state
ACT_ERRORSTATUS B13,1771291840.7507057,0x18FF02F7,1,0 state
ACT_SPEED B13,1771291840.7507057,0x18FF02F7,1,0.00 rpm
ACT_TORQUE B13,1771291840.7507057,0x18FF02F7,1,0.00 Nm
ACT_POWER B13,1771291840.7507057,0x18FF02F7,1,0.00 kw
ACT_MOTORTEMPERATURE B13,1771291840.7507057,0x18FF02F7,1,28.00 °C
DEVICESTATE M13,1771291840.8407075,0x18FF00F7,1,0 state
ERRORLAMP M13,1771291840.8407075,0x18FF00F7,1,0 state
DEVICENUMBER M13,1771291840.8407075,0x18FF00F7,1,14 state
CLAMP15_STATUS M13,1771291840.8407075,0x18FF00F7,1,1 state
PRECHARGED M13,1771291840.8407075,0x18FF00F7,1,1 state
STATUS_ BIT_FLEX_IN_OUT_SIGNAL1 M13,1771291840.8407075,0x18FF00F7,1,3 state
STATUS_ BIT_FLEX_IN_OUT_SIGNAL2 M13,1771291840.8407075,0x18FF00F7,1,3 state
ERROR CODE  M13,1771291840.8407075,0x18FF00F7,1,0 state
ACT_DCBUSVOLTAGE M13,1771291840.8407075,0x18FF00F7,1,1.25 V
ACT_DCBUSPOWER M13,1771291840.8407075,0x18FF00F7,1,0.00 kw
ACT_DEVICETEMPERATURE M13,1771291840.8407075,0x18FF00F7,1,27.00 °C
ACT_INVERTERSTATUS A13,1771291840.8457859,0x18FF01F7,1,0 state
ACT_INVERTERREADY A13,1771291840.8457859,0x18FF01F7,1,0 state
ACT_ERRORSTATUS A13,1771291840.8457859,0x18FF01F7,1,0 state
ACT_SPEED A13,1771291840.8457859,0x18FF01F7,1,0.00 rpm
ACT_TORQUE A13,1771291840.8457859,0x18FF01F7,1,0.00 Nm
ACT_POWER A13,1771291840.8457859,0x18FF01F7,1,0.00 kw
ACT_MOTORTEMPERATURE A13,1771291840.8457859,0x18FF01F7,1,27.00 °C
ACT_INVERTERSTATUS B13,1771291840.8509696,0x18FF02F7,1,0 state
ACT_INVERTERREADY B13,1771291840.8509696,0x18FF02F7,1,0 state
ACT_ERRORSTATUS B13,1771291840.8509696,0x18FF02F7,1,0 state
ACT_SPEED B13,1771291840.8509696,0x18FF02F7,1,0.00 rpm
ACT_TORQUE B13,1771291840.8509696,0x18FF02F7,1,0.00 Nm
ACT_POWER B13,1771291840.8509696,0x18FF02F7,1,0.00 kw
ACT_MOTORTEMPERATURE B13,1771291840.8509696,0x18FF02F7,1,28.00 °C
DEVICESTATE M13,1771291840.9407427,0x18FF00F7,1,0 state
ERRORLAMP M13,1771291840.9407427,0x18FF00F7,1,0 state
DEVICENUMBER M13,1771291840.9407427,0x18FF00F7,1,14 state
CLAMP15_STATUS M13,1771291840.9407427,0x18FF00F7,1,1 state
PRECHARGED M13,1771291840.9407427,0x18FF00F7,1,1 state
STATUS_ BIT_FLEX_IN_OUT_SIGNAL1 M13,1771291840.9407427,0x18FF00F7,1,3 state
STATUS_ BIT_FLEX_IN_OUT_SIGNAL2 M13,1771291840.9407427,0x18FF00F7,1,3 state
ERROR CODE  M13,1771291840.9407427,0x18FF00F7,1,0 state
ACT_DCBUSVOLTAGE M13,1771291840.9407427,0x18FF00F7,1,1.25 V
ACT_DCBUSPOWER M13,1771291840.9407427,0x18FF00F7,1,0.00 kw
ACT_DEVICETEMPERATURE M13,1771291840.9407427,0x18FF00F7,1,27.00 °C
ACT_INVERTERSTATUS A13,1771291840.9458025,0x18FF01F7,1,0 state
ACT_INVERTERREADY A13,1771291840.9458025,0x18FF01F7,1,0 state
ACT_ERRORSTATUS A13,1771291840.9458025,0x18FF01F7,1,0 state
ACT_SPEED A13,1771291840.9458025,0x18FF01F7,1,0.00 rpm
ACT_TORQUE A13,1771291840.9458025,0x18FF01F7,1,0.00 Nm
ACT_POWER A13,1771291840.9458025,0x18FF01F7,1,0.00 kw
ACT_MOTORTEMPERATURE A13,1771291840.9458025,0x18FF01F7,1,27.00 °C
ACT_INVERTERSTATUS B13,1771291840.950657,0x18FF02F7,1,0 state
ACT_INVERTERREADY B13,1771291840.950657,0x18FF02F7,1,0 state
ACT_ERRORSTATUS B13,1771291840.950657,0x18FF02F7,1,0 state
ACT_SPEED B13,1771291840.950657,0x18FF02F7,1,0.00 rpm
ACT_TORQUE B13,1771291840.950657,0x18FF02F7,1,0.00 Nm
ACT_POWER B13,1771291840.950657,0x18FF02F7,1,0.00 kw
ACT_MOTORTEMPERATURE B13,1771291840.950657,0x18FF02F7,1,28.00 °C
DEVICESTATE M13,1771291841.040795,0x18FF00F7,1,0 state
ERRORLAMP M13,1771291841.040795,0x18FF00F7,1,0 state
DEVICENUMBER M13,1771291841.040795,0x18FF00F7,1,14 state
CLAMP15_STATUS M13,1771291841.040795,0x18FF00F7,1,1 state
PRECHARGED M13,1771291841.040795,0x18FF00F7,1,1 state
STATUS_ BIT_FLEX_IN_OUT_SIGNAL1 M13,1771291841.040795,0x18FF00F7,1,3 state
STATUS_ BIT_FLEX_IN_OUT_SIGNAL2 M13,1771291841.040795,0x18FF00F7,1,3 state
ERROR CODE  M13,1771291841.040795,0x18FF00F7,1,0 state
ACT_DCBUSVOLTAGE M13,1771291841.040795,0x18FF00F7,1,1.25 V
ACT_DCBUSPOWER M13,1771291841.040795,0x18FF00F7,1,0.00 kw
ACT_DEVICETEMPERATURE M13,1771291841.040795,0x18FF00F7,1,27.00 °C
ACT_INVERTERSTATUS A13,1771291841.0460029,0x18FF01F7,1,0 state
ACT_INVERTERREADY A13,1771291841.0460029,0x18FF01F7,1,0 state
ACT_ERRORSTATUS A13,1771291841.0460029,0x18FF01F7,1,0 state
ACT_SPEED A13,1771291841.0460029,0x18FF01F7,1,0.00 rpm
ACT_TORQUE A13,1771291841.0460029,0x18FF01F7,1,0.00 Nm
ACT_POWER A13,1771291841.0460029,0x18FF01F7,1,0.00 kw
ACT_MOTORTEMPERATURE A13,1771291841.0460029,0x18FF01F7,1,27.00 °C
ACT_INVERTERSTATUS B13,1771291841.050908,0x18FF02F7,1,0 state
ACT_INVERTERREADY B13,1771291841.050908,0x18FF02F7,1,0 state
ACT_ERRORSTATUS B13,1771291841.050908,0x18FF02F7,1,0 state
ACT_SPEED B13,1771291841.050908,0x18FF02F7,1,0.00 rpm
ACT_TORQUE B13,1771291841.050908,0x18FF02F7,1,0.00 Nm
ACT_POWER B13,1771291841.050908,0x18FF02F7,1,0.00 kw
ACT_MOTORTEMPERATURE B13,1771291841.050908,0x18FF02F7,1,28.00 °C
DEVICESTATE M13,1771291841.1407702,0x18FF00F7,1,0 state
ERRORLAMP M13,1771291841.1407702,0x18FF00F7,1,0 state
DEVICENUMBER M13,1771291841.1407702,0x18FF00F7,1,14 state
CLAMP15_STATUS M13,1771291841.1407702,0x18FF00F7,1,1 state
PRECHARGED M13,1771291841.1407702,0x18FF00F7,1,1 state
STATUS_ BIT_FLEX_IN_OUT_SIGNAL1 M13,1771291841.1407702,0x18FF00F7,1,3 state
STATUS_ BIT_FLEX_IN_OUT_SIGNAL2 M13,1771291841.1407702,0x18FF00F7,1,3 state
ERROR CODE  M13,1771291841.1407702,0x18FF00F7,1,0 state
ACT_DCBUSVOLTAGE M13,1771291841.1407702,0x18FF00F7,1,1.25 V
ACT_DCBUSPOWER M13,1771291841.1407702,0x18FF00F7,1,0.00 kw
ACT_DEVICETEMPERATURE M13,1771291841.1407702,0x18FF00F7,1,27.00 °C
ACT_INVERTERSTATUS A13,1771291841.1460276,0x18FF01F7,1,0 state
ACT_INVERTERREADY A13,1771291841.1460276,0x18FF01F7,1,0 state
ACT_ERRORSTATUS A13,1771291841.1460276,0x18FF01F7,1,0 state
ACT_SPEED A13,1771291841.1460276,0x18FF01F7,1,0.00 rpm
ACT_TORQUE A13,1771291841.1460276,0x18FF01F7,1,0.00 Nm
ACT_POWER A13,1771291841.1460276,0x18FF01F7,1,0.00 kw
ACT_MOTORTEMPERATURE A13,1771291841.1460276,0x18FF01F7,1,27.00 °C
ACT_INVERTERSTATUS B13,1771291841.1508496,0x18FF02F7,1,0 state
ACT_INVERTERREADY B13,1771291841.1508496,0x18FF02F7,1,0 state
ACT_ERRORSTATUS B13,1771291841.1508496,0x18FF02F7,1,0 state
ACT_SPEED B13,1771291841.1508496,0x18FF02F7,1,0.00 rpm
ACT_TORQUE B13,1771291841.1508496,0x18FF02F7,1,0.00 Nm
ACT_POWER B13,1771291841.1508496,0x18FF02F7,1,0.00 kw
ACT_MOTORTEMPERATURE B13,1771291841.1508496,0x18FF02F7,1,28.00 °C
DEVICESTATE M13,1771291841.2406769,0x18FF00F7,1,0 state
ERRORLAMP M13,1771291841.2406769,0x18FF00F7,1,0 state
DEVICENUMBER M13,1771291841.2406769,0x18FF00F7,1,14 state
CLAMP15_STATUS M13,1771291841.2406769,0x18FF00F7,1,1 state
PRECHARGED M13,1771291841.2406769,0x18FF00F7,1,1 state
STATUS_ BIT_FLEX_IN_OUT_SIGNAL1 M13,1771291841.2406769,0x18FF00F7,1,3 state
STATUS_ BIT_FLEX_IN_OUT_SIGNAL2 M13,1771291841.2406769,0x18FF00F7,1,3 state
ERROR CODE  M13,1771291841.2406769,0x18FF00F7,1,0 state
ACT_DCBUSVOLTAGE M13,1771291841.2406769,0x18FF00F7,1,1.25 V
ACT_DCBUSPOWER M13,1771291841.2406769,0x18FF00F7,1,0.00 kw
ACT_DEVICETEMPERATURE M13,1771291841.2406769,0x18FF00F7,1,27.00 °C
ACT_INVERTERSTATUS A13,1771291841.2458766,0x18FF01F7,1,0 state
ACT_INVERTERREADY A13,1771291841.2458766,0x18FF01F7,1,0 state
ACT_ERRORSTATUS A13,1771291841.2458766,0x18FF01F7,1,0 state
ACT_SPEED A13,1771291841.2458766,0x18FF01F7,1,0.00 rpm
ACT_TORQUE A13,1771291841.2458766,0x18FF01F7,1,0.00 Nm
ACT_POWER A13,1771291841.2458766,0x18FF01F7,1,0.00 kw
ACT_MOTORTEMPERATURE A13,1771291841.2458766,0x18FF01F7,1,27.00 °C
ACT_INVERTERSTATUS B13,1771291841.25082,0x18FF02F7,1,0 state
ACT_INVERTERREADY B13,1771291841.25082,0x18FF02F7,1,0 state
ACT_ERRORSTATUS B13,1771291841.25082,0x18FF02F7,1,0 state
ACT_SPEED B13,1771291841.25082,0x18FF02F7,1,0.00 rpm
ACT_TORQUE B13,1771291841.25082,0x18FF02F7,1,0.00 Nm
ACT_POWER B13,1771291841.25082,0x18FF02F7,1,0.00 kw
ACT_MOTORTEMPERATURE B13,1771291841.25082,0x18FF02F7,1,28.00 °C
DEVICESTATE M13,1771291841.3409803,0x18FF00F7,1,0 state
ERRORLAMP M13,1771291841.3409803,0x18FF00F7,1,0 state
DEVICENUMBER M13,1771291841.3409803,0x18FF00F7,1,14 state
CLAMP15_STATUS M13,1771291841.3409803,0x18FF00F7,1,1 state
PRECHARGED M13,1771291841.3409803,0x18FF00F7,1,1 state
STATUS_ BIT_FLEX_IN_OUT_SIGNAL1 M13,1771291841.3409803,0x18FF00F7,1,3 state
STATUS_ BIT_FLEX_IN_OUT_SIGNAL2 M13,1771291841.3409803,0x18FF00F7,1,3 state
ERROR CODE  M13,1771291841.3409803,0x18FF00F7,1,0 state
ACT_DCBUSVOLTAGE M13,1771291841.3409803,0x18FF00F7,1,1.25 V
ACT_DCBUSPOWER M13,1771291841.3409803,0x18FF00F7,1,0.00 kw
ACT_DEVICETEMPERATURE M13,1771291841.3409803,0x18FF00F7,1,27.00 °C
ACT_INVERTERSTATUS A13,1771291841.3457086,0x18FF01F7,1,0 state
ACT_INVERTERREADY A13,1771291841.3457086,0x18FF01F7,1,0 state
ACT_ERRORSTATUS A13,1771291841.3457086,0x18FF01F7,1,0 state
ACT_SPEED A13,1771291841.3457086,0x18FF01F7,1,0.00 rpm
ACT_TORQUE A13,1771291841.3457086,0x18FF01F7,1,0.00 Nm
ACT_POWER A13,1771291841.3457086,0x18FF01F7,1,0.00 kw
ACT_MOTORTEMPERATURE A13,1771291841.3457086,0x18FF01F7,1,27.00 °C
ACT_INVERTERSTATUS B13,1771291841.3506885,0x18FF02F7,1,0 state
ACT_INVERTERREADY B13,1771291841.3506885,0x18FF02F7,1,0 state
ACT_ERRORSTATUS B13,1771291841.3506885,0x18FF02F7,1,0 state
ACT_SPEED B13,1771291841.3506885,0x18FF02F7,1,0.00 rpm
ACT_TORQUE B13,1771291841.3506885,0x18FF02F7,1,0.00 Nm
ACT_POWER B13,1771291841.3506885,0x18FF02F7,1,0.00 kw
ACT_MOTORTEMPERATURE B13,1771291841.3506885,0x18FF02F7,1,28.00 °C
DEVICESTATE M13,1771291841.4411263,0x18FF00F7,1,0 state
ERRORLAMP M13,1771291841.4411263,0x18FF00F7,1,0 state
DEVICENUMBER M13,1771291841.4411263,0x18FF00F7,1,14 state
CLAMP15_STATUS M13,1771291841.4411263,0x18FF00F7,1,1 state
PRECHARGED M13,1771291841.4411263,0x18FF00F7,1,1 state
STATUS_ BIT_FLEX_IN_OUT_SIGNAL1 M13,1771291841.4411263,0x18FF00F7,1,3 state
STATUS_ BIT_FLEX_IN_OUT_SIGNAL2 M13,1771291841.4411263,0x18FF00F7,1,3 state
ERROR CODE  M13,1771291841.4411263,0x18FF00F7,1,0 state
ACT_DCBUSVOLTAGE M13,1771291841.4411263,0x18FF00F7,1,1.25 V
ACT_DCBUSPOWER M13,1771291841.4411263,0x18FF00F7,1,0.00 kw
ACT_DEVICETEMPERATURE M13,1771291841.4411263,0x18FF00F7,1,27.00 °C
ACT_INVERTERSTATUS A13,1771291841.4461284,0x18FF01F7,1,0 state
ACT_INVERTERREADY A13,1771291841.4461284,0x18FF01F7,1,0 state
ACT_ERRORSTATUS A13,1771291841.4461284,0x18FF01F7,1,0 state
ACT_SPEED A13,1771291841.4461284,0x18FF01F7,1,0.00 rpm
ACT_TORQUE A13,1771291841.4461284,0x18FF01F7,1,0.00 Nm
ACT_POWER A13,1771291841.4461284,0x18FF01F7,1,0.00 kw
ACT_MOTORTEMPERATURE A13,1771291841.4461284,0x18FF01F7,1,27.00 °C
ACT_INVERTERSTATUS B13,1771291841.4506238,0x18FF02F7,1,0 state
ACT_INVERTERREADY B13,1771291841.4506238,0x18FF02F7,1,0 state
ACT_ERRORSTATUS B13,1771291841.4506238,0x18FF02F7,1,0 state
ACT_SPEED B13,1771291841.4506238,0x18FF02F7,1,0.00 rpm
ACT_TORQUE B13,1771291841.4506238,0x18FF02F7,1,0.00 Nm
ACT_POWER B13,1771291841.4506238,0x18FF02F7,1,0.00 kw
ACT_MOTORTEMPERATURE B13,1771291841.4506238,0x18FF02F7,1,28.00 °C
DEVICESTATE M13,1771291841.5408006,0x18FF00F7,1,0 state
ERRORLAMP M13,1771291841.5408006,0x18FF00F7,1,0 state
DEVICENUMBER M13,1771291841.5408006,0x18FF00F7,1,14 state
CLAMP15_STATUS M13,1771291841.5408006,0x18FF00F7,1,1 state
PRECHARGED M13,1771291841.5408006,0x18FF00F7,1,1 state
STATUS_ BIT_FLEX_IN_OUT_SIGNAL1 M13,1771291841.5408006,0x18FF00F7,1,3 state
STATUS_ BIT_FLEX_IN_OUT_SIGNAL2 M13,1771291841.5408006,0x18FF00F7,1,3 state
ERROR CODE  M13,1771291841.5408006,0x18FF00F7,1,0 state
ACT_DCBUSVOLTAGE M13,1771291841.5408006,0x18FF00F7,1,1.25 V
ACT_DCBUSPOWER M13,1771291841.5408006,0x18FF00F7,1,0.00 kw
ACT_DEVICETEMPERATURE M13,1771291841.5408006,0x18FF00F7,1,27.00 °C
ACT_INVERTERSTATUS A13,1771291841.5461955,0x18FF01F7,1,0 state
ACT_INVERTERREADY A13,1771291841.5461955,0x18FF01F7,1,0 state
ACT_ERRORSTATUS A13,1771291841.5461955,0x18FF01F7,1,0 state
ACT_SPEED A13,1771291841.5461955,0x18FF01F7,1,0.00 rpm
ACT_TORQUE A13,1771291841.5461955,0x18FF01F7,1,0.00 Nm
ACT_POWER A13,1771291841.5461955,0x18FF01F7,1,0.00 kw
ACT_MOTORTEMPERATURE A13,1771291841.5461955,0x18FF01F7,1,27.00 °C
ACT_INVERTERSTATUS B13,1771291841.5508857,0x18FF02F7,1,0 state
ACT_INVERTERREADY B13,1771291841.5508857,0x18FF02F7,1,0 state
ACT_ERRORSTATUS B13,1771291841.5508857,0x18FF02F7,1,0 state
ACT_SPEED B13,1771291841.5508857,0x18FF02F7,1,0.00 rpm
ACT_TORQUE B13,1771291841.5508857,0x18FF02F7,1,0.00 Nm
ACT_POWER B13,1771291841.5508857,0x18FF02F7,1,0.00 kw
ACT_MOTORTEMPERATURE B13,1771291841.5508857,0x18FF02F7,1,28.00 °C
DEVICESTATE M13,1771291841.6407788,0x18FF00F7,1,0 state
ERRORLAMP M13,1771291841.6407788,0x18FF00F7,1,0 state
DEVICENUMBER M13,1771291841.6407788,0x18FF00F7,1,14 state
CLAMP15_STATUS M13,1771291841.6407788,0x18FF00F7,1,1 state
PRECHARGED M13,1771291841.6407788,0x18FF00F7,1,1 state
STATUS_ BIT_FLEX_IN_OUT_SIGNAL1 M13,1771291841.6407788,0x18FF00F7,1,3 state
STATUS_ BIT_FLEX_IN_OUT_SIGNAL2 M13,1771291841.6407788,0x18FF00F7,1,3 state
ERROR CODE  M13,1771291841.6407788,0x18FF00F7,1,0 state
ACT_DCBUSVOLTAGE M13,1771291841.6407788,0x18FF00F7,1,1.25 V
ACT_DCBUSPOWER M13,1771291841.6407788,0x18FF00F7,1,0.00 kw
ACT_DEVICETEMPERATURE M13,1771291841.6407788,0x18FF00F7,1,27.00 °C
ACT_INVERTERSTATUS A13,1771291841.6459165,0x18FF01F7,1,0 state
ACT_INVERTERREADY A13,1771291841.6459165,0x18FF01F7,1,0 state
ACT_ERRORSTATUS A13,1771291841.6459165,0x18FF01F7,1,0 state
ACT_SPEED A13,1771291841.6459165,0x18FF01F7,1,0.00 rpm
ACT_TORQUE A13,1771291841.6459165,0x18FF01F7,1,0.00 Nm
ACT_POWER A13,1771291841.6459165,0x18FF01F7,1,0.00 kw
ACT_MOTORTEMPERATURE A13,1771291841.6459165,0x18FF01F7,1,27.00 °C
ACT_INVERTERSTATUS B13,1771291841.6508121,0x18FF02F7,1,0 state
ACT_INVERTERREADY B13,1771291841.6508121,0x18FF02F7,1,0 state
ACT_ERRORSTATUS B13,1771291841.6508121,0x18FF02F7,1,0 state
ACT_SPEED B13,1771291841.6508121,0x18FF02F7,1,0.00 rpm
ACT_TORQUE B13,1771291841.6508121,0x18FF02F7,1,0.00 Nm
ACT_POWER B13,1771291841.6508121,0x18FF02F7,1,0.00 kw
ACT_MOTORTEMPERATURE B13,1771291841.6508121,0x18FF02F7,1,28.00 °C
DEVICESTATE M13,1771291841.7409136,0x18FF00F7,1,0 state
ERRORLAMP M13,1771291841.7409136,0x18FF00F7,1,0 state
DEVICENUMBER M13,1771291841.7409136,0x18FF00F7,1,14 state
CLAMP15_STATUS M13,1771291841.7409136,0x18FF00F7,1,1 state
PRECHARGED M13,1771291841.7409136,0x18FF00F7,1,1 state
STATUS_ BIT_FLEX_IN_OUT_SIGNAL1 M13,1771291841.7409136,0x18FF00F7,1,3 state
STATUS_ BIT_FLEX_IN_OUT_SIGNAL2 M13,1771291841.7409136,0x18FF00F7,1,3 state
ERROR CODE  M13,1771291841.7409136,0x18FF00F7,1,0 state
ACT_DCBUSVOLTAGE M13,1771291841.7409136,0x18FF00F7,1,1.25 V
ACT_DCBUSPOWER M13,1771291841.7409136,0x18FF00F7,1,0.00 kw
ACT_DEVICETEMPERATURE M13,1771291841.7409136,0x18FF00F7,1,27.00 °C
ACT_INVERTERSTATUS A13,1771291841.746163,0x18FF01F7,1,0 state
ACT_INVERTERREADY A13,1771291841.746163,0x18FF01F7,1,0 state
ACT_ERRORSTATUS A13,1771291841.746163,0x18FF01F7,1,0 state
ACT_SPEED A13,1771291841.746163,0x18FF01F7,1,0.00 rpm
ACT_TORQUE A13,1771291841.746163,0x18FF01F7,1,0.00 Nm
ACT_POWER A13,1771291841.746163,0x18FF01F7,1,0.00 kw
ACT_MOTORTEMPERATURE A13,1771291841.746163,0x18FF01F7,1,27.00 °C
ACT_INVERTERSTATUS B13,1771291841.7506793,0x18FF02F7,1,0 state
ACT_INVERTERREADY B13,1771291841.7506793,0x18FF02F7,1,0 state
ACT_ERRORSTATUS B13,1771291841.7506793,0x18FF02F7,1,0 state
ACT_SPEED B13,1771291841.7506793,0x18FF02F7,1,0.00 rpm
ACT_TORQUE B13,1771291841.7506793,0x18FF02F7,1,0.00 Nm
ACT_POWER B13,1771291841.7506793,0x18FF02F7,1,0.00 kw
ACT_MOTORTEMPERATURE B13,1771291841.7506793,0x18FF02F7,1,28.00 °C
DEVICESTATE M13,1771291841.8410168,0x18FF00F7,1,0 state
ERRORLAMP M13,1771291841.8410168,0x18FF00F7,1,0 state
DEVICENUMBER M13,1771291841.8410168,0x18FF00F7,1,14 state
CLAMP15_STATUS M13,1771291841.8410168,0x18FF00F7,1,1 state
PRECHARGED M13,1771291841.8410168,0x18FF00F7,1,1 state
STATUS_ BIT_FLEX_IN_OUT_SIGNAL1 M13,1771291841.8410168,0x18FF00F7,1,3 state
STATUS_ BIT_FLEX_IN_OUT_SIGNAL2 M13,1771291841.8410168,0x18FF00F7,1,3 state
ERROR CODE  M13,1771291841.8410168,0x18FF00F7,1,0 state
ACT_DCBUSVOLTAGE M13,1771291841.8410168,0x18FF00F7,1,1.25 V
ACT_DCBUSPOWER M13,1771291841.8410168,0x18FF00F7,1,0.00 kw
ACT_DEVICETEMPERATURE M13,1771291841.8410168,0x18FF00F7,1,27.00 °C
ACT_INVERTERSTATUS A13,1771291841.8456028,0x18FF01F7,1,0 state
ACT_INVERTERREADY A13,1771291841.8456028,0x18FF01F7,1,0 state
ACT_ERRORSTATUS A13,1771291841.8456028,0x18FF01F7,1,0 state
ACT_SPEED A13,1771291841.8456028,0x18FF01F7,1,0.00 rpm
ACT_TORQUE A13,1771291841.8456028,0x18FF01F7,1,0.00 Nm
ACT_POWER A13,1771291841.8456028,0x18FF01F7,1,0.00 kw
ACT_MOTORTEMPERATURE A13,1771291841.8456028,0x18FF01F7,1,27.00 °C
ACT_INVERTERSTATUS B13,1771291841.8505793,0x18FF02F7,1,0 state
ACT_INVERTERREADY B13,1771291841.8505793,0x18FF02F7,1,0 state
ACT_ERRORSTATUS B13,1771291841.8505793,0x18FF02F7,1,0 state
ACT_SPEED B13,1771291841.8505793,0x18FF02F7,1,0.00 rpm
ACT_TORQUE B13,1771291841.8505793,0x18FF02F7,1,0.00 Nm
ACT_POWER B13,1771291841.8505793,0x18FF02F7,1,0.00 kw
ACT_MOTORTEMPERATURE B13,1771291841.8505793,0x18FF02F7,1,28.00 °C
DEVICESTATE M13,1771291841.9410834,0x18FF00F7,1,0 state
ERRORLAMP M13,1771291841.9410834,0x18FF00F7,1,0 state
DEVICENUMBER M13,1771291841.9410834,0x18FF00F7,1,14 state
CLAMP15_STATUS M13,1771291841.9410834,0x18FF00F7,1,1 state
PRECHARGED M13,1771291841.9410834,0x18FF00F7,1,1 state
STATUS_ BIT_FLEX_IN_OUT_SIGNAL1 M13,1771291841.9410834,0x18FF00F7,1,3 state
STATUS_ BIT_FLEX_IN_OUT_SIGNAL2 M13,1771291841.9410834,0x18FF00F7,1,3 state
ERROR CODE  M13,1771291841.9410834,0x18FF00F7,1,0 state
ACT_DCBUSVOLTAGE M13,1771291841.9410834,0x18FF00F7,1,1.25 V
ACT_DCBUSPOWER M13,1771291841.9410834,0x18FF00F7,1,0.00 kw
ACT_DEVICETEMPERATURE M13,1771291841.9410834,0x18FF00F7,1,27.00 °C
ACT_INVERTERSTATUS A13,1771291841.9460177,0x18FF01F7,1,0 state
ACT_INVERTERREADY A13,1771291841.9460177,0x18FF01F7,1,0 state
ACT_ERRORSTATUS A13,1771291841.9460177,0x18FF01F7,1,0 state
ACT_SPEED A13,1771291841.9460177,0x18FF01F7,1,0.00 rpm
ACT_TORQUE A13,1771291841.9460177,0x18FF01F7,1,0.00 Nm
ACT_POWER A13,1771291841.9460177,0x18FF01F7,1,0.00 kw
ACT_MOTORTEMPERATURE A13,1771291841.9460177,0x18FF01F7,1,27.00 °C
ACT_INVERTERSTATUS B13,1771291841.9505734,0x18FF02F7,1,0 state
ACT_INVERTERREADY B13,1771291841.9505734,0x18FF02F7,1,0 state
ACT_ERRORSTATUS B13,1771291841.9505734,0x18FF02F7,1,0 state
ACT_SPEED B13,1771291841.9505734,0x18FF02F7,1,0.00 rpm
ACT_TORQUE B13,1771291841.9505734,0x18FF02F7,1,0.00 Nm
ACT_POWER B13,1771291841.9505734,0x18FF02F7,1,0.00 kw
ACT_MOTORTEMPERATURE B13,1771291841.9505734,0x18FF02F7,1,28.00 °C
DEVICESTATE M13,1771291842.0407562,0x18FF00F7,1,0 state
ERRORLAMP M13,1771291842.0407562,0x18FF00F7,1,0 state
DEVICENUMBER M13,1771291842.0407562,0x18FF00F7,1,14 state
CLAMP15_STATUS M13,1771291842.0407562,0x18FF00F7,1,1 state
PRECHARGED M13,1771291842.0407562,0x18FF00F7,1,1 state
STATUS_ BIT_FLEX_IN_OUT_SIGNAL1 M13,1771291842.0407562,0x18FF00F7,1,3 state
STATUS_ BIT_FLEX_IN_OUT_SIGNAL2 M13,1771291842.0407562,0x18FF00F7,1,3 state
ERROR CODE  M13,1771291842.0407562,0x18FF00F7,1,0 state
ACT_DCBUSVOLTAGE M13,1771291842.0407562,0x18FF00F7,1,1.25 V
ACT_DCBUSPOWER M13,1771291842.0407562,0x18FF00F7,1,0.00 kw
ACT_DEVICETEMPERATURE M13,1771291842.0407562,0x18FF00F7,1,27.00 °C
ACT_INVERTERSTATUS A13,1771291842.0458663,0x18FF01F7,1,0 state
ACT_INVERTERREADY A13,1771291842.0458663,0x18FF01F7,1,0 state
ACT_ERRORSTATUS A13,1771291842.0458663,0x18FF01F7,1,0 state
ACT_SPEED A13,1771291842.0458663,0x18FF01F7,1,0.00 rpm
ACT_TORQUE A13,1771291842.0458663,0x18FF01F7,1,0.00 Nm
ACT_POWER A13,1771291842.0458663,0x18FF01F7,1,0.00 kw
ACT_MOTORTEMPERATURE A13,1771291842.0458663,0x18FF01F7,1,27.00 °C
ACT_INVERTERSTATUS B13,1771291842.0508313,0x18FF02F7,1,0 state
ACT_INVERTERREADY B13,1771291842.0508313,0x18FF02F7,1,0 state
ACT_ERRORSTATUS B13,1771291842.0508313,0x18FF02F7,1,0 state
ACT_SPEED B13,1771291842.0508313,0x18FF02F7,1,0.00 rpm
ACT_TORQUE B13,1771291842.0508313,0x18FF02F7,1,0.00 Nm
ACT_POWER B13,1771291842.0508313,0x18FF02F7,1,0.00 kw
ACT_MOTORTEMPERATURE B13,1771291842.0508313,0x18FF02F7,1,28.00 °C
DEVICESTATE M13,1771291842.1406884,0x18FF00F7,1,0 state
ERRORLAMP M13,1771291842.1406884,0x18FF00F7,1,0 state
DEVICENUMBER M13,1771291842.1406884,0x18FF00F7,1,14 state
CLAMP15_STATUS M13,1771291842.1406884,0x18FF00F7,1,1 state
PRECHARGED M13,1771291842.1406884,0x18FF00F7,1,1 state
STATUS_ BIT_FLEX_IN_OUT_SIGNAL1 M13,1771291842.1406884,0x18FF00F7,1,3 state
STATUS_ BIT_FLEX_IN_OUT_SIGNAL2 M13,1771291842.1406884,0x18FF00F7,1,3 state
ERROR CODE  M13,1771291842.1406884,0x18FF00F7,1,0 state
ACT_DCBUSVOLTAGE M13,1771291842.1406884,0x18FF00F7,1,1.25 V
ACT_DCBUSPOWER M13,1771291842.1406884,0x18FF00F7,1,0.00 kw
ACT_DEVICETEMPERATURE M13,1771291842.1406884,0x18FF00F7,1,27.00 °C
ACT_INVERTERSTATUS A13,1771291842.1456602,0x18FF01F7,1,0 state
ACT_INVERTERREADY A13,1771291842.1456602,0x18FF01F7,1,0 state
ACT_ERRORSTATUS A13,1771291842.1456602,0x18FF01F7,1,0 state
ACT_SPEED A13,1771291842.1456602,0x18FF01F7,1,0.00 rpm
ACT_TORQUE A13,1771291842.1456602,0x18FF01F7,1,0.00 Nm
ACT_POWER A13,1771291842.1456602,0x18FF01F7,1,0.00 kw
ACT_MOTORTEMPERATURE A13,1771291842.1456602,0x18FF01F7,1,27.00 °C
ACT_INVERTERSTATUS B13,1771291842.150707,0x18FF02F7,1,0 state
ACT_INVERTERREADY B13,1771291842.150707,0x18FF02F7,1,0 state
ACT_ERRORSTATUS B13,1771291842.150707,0x18FF02F7,1,0 state
ACT_SPEED B13,1771291842.150707,0x18FF02F7,1,0.00 rpm
ACT_TORQUE B13,1771291842.150707,0x18FF02F7,1,0.00 Nm
ACT_POWER B13,1771291842.150707,0x18FF02F7,1,0.00 kw
ACT_MOTORTEMPERATURE B13,1771291842.150707,0x18FF02F7,1,28.00 °C
DEVICESTATE M13,1771291842.2408028,0x18FF00F7,1,0 state
ERRORLAMP M13,1771291842.2408028,0x18FF00F7,1,0 state
DEVICENUMBER M13,1771291842.2408028,0x18FF00F7,1,14 state
CLAMP15_STATUS M13,1771291842.2408028,0x18FF00F7,1,1 state
PRECHARGED M13,1771291842.2408028,0x18FF00F7,1,1 state
STATUS_ BIT_FLEX_IN_OUT_SIGNAL1 M13,1771291842.2408028,0x18FF00F7,1,3 state
STATUS_ BIT_FLEX_IN_OUT_SIGNAL2 M13,1771291842.2408028,0x18FF00F7,1,3 state
ERROR CODE  M13,1771291842.2408028,0x18FF00F7,1,0 state
ACT_DCBUSVOLTAGE M13,1771291842.2408028,0x18FF00F7,1,1.25 V
ACT_DCBUSPOWER M13,1771291842.2408028,0x18FF00F7,1,0.00 kw
ACT_DEVICETEMPERATURE M13,1771291842.2408028,0x18FF00F7,1,27.00 °C
ACT_INVERTERSTATUS A13,1771291842.2458801,0x18FF01F7,1,0 state
ACT_INVERTERREADY A13,1771291842.2458801,0x18FF01F7,1,0 state
ACT_ERRORSTATUS A13,1771291842.2458801,0x18FF01F7,1,0 state
ACT_SPEED A13,1771291842.2458801,0x18FF01F7,1,0.00 rpm
ACT_TORQUE A13,1771291842.2458801,0x18FF01F7,1,0.00 Nm
ACT_POWER A13,1771291842.2458801,0x18FF01F7,1,0.00 kw
ACT_MOTORTEMPERATURE A13,1771291842.2458801,0x18FF01F7,1,27.00 °C
ACT_INVERTERSTATUS B13,1771291842.2510135,0x18FF02F7,1,0 state
ACT_INVERTERREADY B13,1771291842.2510135,0x18FF02F7,1,0 state
ACT_ERRORSTATUS B13,1771291842.2510135,0x18FF02F7,1,0 state
ACT_SPEED B13,1771291842.2510135,0x18FF02F7,1,0.00 rpm
ACT_TORQUE B13,1771291842.2510135,0x18FF02F7,1,0.00 Nm
ACT_POWER B13,1771291842.2510135,0x18FF02F7,1,0.00 kw
ACT_MOTORTEMPERATURE B13,1771291842.2510135,0x18FF02F7,1,28.00 °C
DEVICESTATE M13,1771291842.3407025,0x18FF00F7,1,0 state
ERRORLAMP M13,1771291842.3407025,0x18FF00F7,1,0 state
DEVICENUMBER M13,1771291842.3407025,0x18FF00F7,1,14 state
CLAMP15_STATUS M13,1771291842.3407025,0x18FF00F7,1,1 state
PRECHARGED M13,1771291842.3407025,0x18FF00F7,1,1 state
STATUS_ BIT_FLEX_IN_OUT_SIGNAL1 M13,1771291842.3407025,0x18FF00F7,1,3 state
STATUS_ BIT_FLEX_IN_OUT_SIGNAL2 M13,1771291842.3407025,0x18FF00F7,1,3 state
ERROR CODE  M13,1771291842.3407025,0x18FF00F7,1,0 state
ACT_DCBUSVOLTAGE M13,1771291842.3407025,0x18FF00F7,1,1.25 V
ACT_DCBUSPOWER M13,1771291842.3407025,0x18FF00F7,1,0.00 kw
ACT_DEVICETEMPERATURE M13,1771291842.3407025,0x18FF00F7,1,27.00 °C
ACT_INVERTERSTATUS A13,1771291842.3457541,0x18FF01F7,1,0 state
ACT_INVERTERREADY A13,1771291842.3457541,0x18FF01F7,1,0 state
ACT_ERRORSTATUS A13,1771291842.3457541,0x18FF01F7,1,0 state
ACT_SPEED A13,1771291842.3457541,0x18FF01F7,1,0.00 rpm
ACT_TORQUE A13,1771291842.3457541,0x18FF01F7,1,0.00 Nm
ACT_POWER A13,1771291842.3457541,0x18FF01F7,1,0.00 kw
ACT_MOTORTEMPERATURE A13,1771291842.3457541,0x18FF01F7,1,27.00 °C
ACT_INVERTERSTATUS B13,1771291842.3507543,0x18FF02F7,1,0 state
ACT_INVERTERREADY B13,1771291842.3507543,0x18FF02F7,1,0 state
ACT_ERRORSTATUS B13,1771291842.3507543,0x18FF02F7,1,0 state
ACT_SPEED B13,1771291842.3507543,0x18FF02F7,1,0.00 rpm
ACT_TORQUE B13,1771291842.3507543,0x18FF02F7,1,0.00 Nm
ACT_POWER B13,1771291842.3507543,0x18FF02F7,1,0.00 kw
ACT_MOTORTEMPERATURE B13,1771291842.3507543,0x18FF02F7,1,28.00 °C
DEVICESTATE M13,1771291842.4410965,0x18FF00F7,1,0 state
ERRORLAMP M13,1771291842.4410965,0x18FF00F7,1,0 state
DEVICENUMBER M13,1771291842.4410965,0x18FF00F7,1,14 state
CLAMP15_STATUS M13,1771291842.4410965,0x18FF00F7,1,1 state
PRECHARGED M13,1771291842.4410965,0x18FF00F7,1,1 state
STATUS_ BIT_FLEX_IN_OUT_SIGNAL1 M13,1771291842.4410965,0x18FF00F7,1,3 state
STATUS_ BIT_FLEX_IN_OUT_SIGNAL2 M13,1771291842.4410965,0x18FF00F7,1,3 state
ERROR CODE  M13,1771291842.4410965,0x18FF00F7,1,0 state
ACT_DCBUSVOLTAGE M13,1771291842.4410965,0x18FF00F7,1,1.25 V
ACT_DCBUSPOWER M13,1771291842.4410965,0x18FF00F7,1,0.00 kw
ACT_DEVICETEMPERATURE M13,1771291842.4410965,0x18FF00F7,1,27.00 °C
ACT_INVERTERSTATUS A13,1771291842.445813,0x18FF01F7,1,0 state
ACT_INVERTERREADY A13,1771291842.445813,0x18FF01F7,1,0 state
ACT_ERRORSTATUS A13,1771291842.445813,0x18FF01F7,1,0 state
ACT_SPEED A13,1771291842.445813,0x18FF01F7,1,0.00 rpm
ACT_TORQUE A13,1771291842.445813,0x18FF01F7,1,0.00 Nm
ACT_POWER A13,1771291842.445813,0x18FF01F7,1,0.00 kw
ACT_MOTORTEMPERATURE A13,1771291842.445813,0x18FF01F7,1,27.00 °C
ACT_INVERTERSTATUS B13,1771291842.4508214,0x18FF02F7,1,0 state
ACT_INVERTERREADY B13,1771291842.4508214,0x18FF02F7,1,0 state
ACT_ERRORSTATUS B13,1771291842.4508214,0x18FF02F7,1,0 state
ACT_SPEED B13,1771291842.4508214,0x18FF02F7,1,0.00 rpm
ACT_TORQUE B13,1771291842.4508214,0x18FF02F7,1,0.00 Nm
ACT_POWER B13,1771291842.4508214,0x18FF02F7,1,0.00 kw
ACT_MOTORTEMPERATURE B13,1771291842.4508214,0x18FF02F7,1,28.00 °C
DEVICESTATE M13,1771291842.541166,0x18FF00F7,1,0 state
ERRORLAMP M13,1771291842.541166,0x18FF00F7,1,0 state
DEVICENUMBER M13,1771291842.541166,0x18FF00F7,1,14 state
CLAMP15_STATUS M13,1771291842.541166,0x18FF00F7,1,1 state
PRECHARGED M13,1771291842.541166,0x18FF00F7,1,1 state
STATUS_ BIT_FLEX_IN_OUT_SIGNAL1 M13,1771291842.541166,0x18FF00F7,1,3 state
STATUS_ BIT_FLEX_IN_OUT_SIGNAL2 M13,1771291842.541166,0x18FF00F7,1,3 state
ERROR CODE  M13,1771291842.541166,0x18FF00F7,1,0 state
ACT_DCBUSVOLTAGE M13,1771291842.541166,0x18FF00F7,1,1.25 V
ACT_DCBUSPOWER M13,1771291842.541166,0x18FF00F7,1,0.00 kw
ACT_DEVICETEMPERATURE M13,1771291842.541166,0x18FF00F7,1,27.00 °C
ACT_INVERTERSTATUS A13,1771291842.5461063,0x18FF01F7,1,0 state
ACT_INVERTERREADY A13,1771291842.5461063,0x18FF01F7,1,0 state
ACT_ERRORSTATUS A13,1771291842.5461063,0x18FF01F7,1,0 state
ACT_SPEED A13,1771291842.5461063,0x18FF01F7,1,0.00 rpm
ACT_TORQUE A13,1771291842.5461063,0x18FF01F7,1,0.00 Nm
ACT_POWER A13,1771291842.5461063,0x18FF01F7,1,0.00 kw
ACT_MOTORTEMPERATURE A13,1771291842.5461063,0x18FF01F7,1,27.00 °C
ACT_INVERTERSTATUS B13,1771291842.550565,0x18FF02F7,1,0 state
ACT_INVERTERREADY B13,1771291842.550565,0x18FF02F7,1,0 state
ACT_ERRORSTATUS B13,1771291842.550565,0x18FF02F7,1,0 state
ACT_SPEED B13,1771291842.550565,0x18FF02F7,1,0.00 rpm
ACT_TORQUE B13,1771291842.550565,0x18FF02F7,1,0.00 Nm
ACT_POWER B13,1771291842.550565,0x18FF02F7,1,0.00 kw
ACT_MOTORTEMPERATURE B13,1771291842.550565,0x18FF02F7,1,28.00 °C
DEVICESTATE M13,1771291842.6409235,0x18FF00F7,1,0 state
ERRORLAMP M13,1771291842.6409235,0x18FF00F7,1,0 state
DEVICENUMBER M13,1771291842.6409235,0x18FF00F7,1,14 state
CLAMP15_STATUS M13,1771291842.6409235,0x18FF00F7,1,1 state
PRECHARGED M13,1771291842.6409235,0x18FF00F7,1,1 state
STATUS_ BIT_FLEX_IN_OUT_SIGNAL1 M13,1771291842.6409235,0x18FF00F7,1,3 state
STATUS_ BIT_FLEX_IN_OUT_SIGNAL2 M13,1771291842.6409235,0x18FF00F7,1,3 state
ERROR CODE  M13,1771291842.6409235,0x18FF00F7,1,0 state
ACT_DCBUSVOLTAGE M13,1771291842.6409235,0x18FF00F7,1,1.25 V
ACT_DCBUSPOWER M13,1771291842.6409235,0x18FF00F7,1,0.00 kw
ACT_DEVICETEMPERATURE M13,1771291842.6409235,0x18FF00F7,1,27.00 °C
ACT_INVERTERSTATUS A13,1771291842.6461015,0x18FF01F7,1,0 state
ACT_INVERTERREADY A13,1771291842.6461015,0x18FF01F7,1,0 state
ACT_ERRORSTATUS A13,1771291842.6461015,0x18FF01F7,1,0 state
ACT_SPEED A13,1771291842.6461015,0x18FF01F7,1,0.00 rpm
ACT_TORQUE A13,1771291842.6461015,0x18FF01F7,1,0.00 Nm
ACT_POWER A13,1771291842.6461015,0x18FF01F7,1,0.00 kw
ACT_MOTORTEMPERATURE A13,1771291842.6461015,0x18FF01F7,1,27.00 °C
ACT_INVERTERSTATUS B13,1771291842.6508183,0x18FF02F7,1,0 state
ACT_INVERTERREADY B13,1771291842.6508183,0x18FF02F7,1,0 state
ACT_ERRORSTATUS B13,1771291842.6508183,0x18FF02F7,1,0 state
ACT_SPEED B13,1771291842.6508183,0x18FF02F7,1,0.00 rpm
ACT_TORQUE B13,1771291842.6508183,0x18FF02F7,1,0.00 Nm
ACT_POWER B13,1771291842.6508183,0x18FF02F7,1,0.00 kw
ACT_MOTORTEMPERATURE B13,1771291842.6508183,0x18FF02F7,1,28.00 °C
DEVICESTATE M13,1771291842.7411532,0x18FF00F7,1,0 state
ERRORLAMP M13,1771291842.7411532,0x18FF00F7,1,0 state
DEVICENUMBER M13,1771291842.7411532,0x18FF00F7,1,14 state
CLAMP15_STATUS M13,1771291842.7411532,0x18FF00F7,1,1 state
PRECHARGED M13,1771291842.7411532,0x18FF00F7,1,1 state
STATUS_ BIT_FLEX_IN_OUT_SIGNAL1 M13,1771291842.7411532,0x18FF00F7,1,3 state
STATUS_ BIT_FLEX_IN_OUT_SIGNAL2 M13,1771291842.7411532,0x18FF00F7,1,3 state
ERROR CODE  M13,1771291842.7411532,0x18FF00F7,1,0 state
ACT_DCBUSVOLTAGE M13,1771291842.7411532,0x18FF00F7,1,1.25 V
ACT_DCBUSPOWER M13,1771291842.7411532,0x18FF00F7,1,0.00 kw
ACT_DEVICETEMPERATURE M13,1771291842.7411532,0x18FF00F7,1,27.00 °C
ACT_INVERTERSTATUS A13,1771291842.7460585,0x18FF01F7,1,0 state
ACT_INVERTERREADY A13,1771291842.7460585,0x18FF01F7,1,0 state
ACT_ERRORSTATUS A13,1771291842.7460585,0x18FF01F7,1,0 state
ACT_SPEED A13,1771291842.7460585,0x18FF01F7,1,0.00 rpm
ACT_TORQUE A13,1771291842.7460585,0x18FF01F7,1,0.00 Nm
ACT_POWER A13,1771291842.7460585,0x18FF01F7,1,0.00 kw
ACT_MOTORTEMPERATURE A13,1771291842.7460585,0x18FF01F7,1,27.00 °C
ACT_INVERTERSTATUS B13,1771291842.750919,0x18FF02F7,1,0 state
ACT_INVERTERREADY B13,1771291842.750919,0x18FF02F7,1,0 state
ACT_ERRORSTATUS B13,1771291842.750919,0x18FF02F7,1,0 state
ACT_SPEED B13,1771291842.750919,0x18FF02F7,1,0.00 rpm
ACT_TORQUE B13,1771291842.750919,0x18FF02F7,1,0.00 Nm
ACT_POWER B13,1771291842.750919,0x18FF02F7,1,0.00 kw
ACT_MOTORTEMPERATURE B13,1771291842.750919,0x18FF02F7,1,28.00 °C
DEVICESTATE M13,1771291842.8406327,0x18FF00F7,1,0 state
ERRORLAMP M13,1771291842.8406327,0x18FF00F7,1,0 state
DEVICENUMBER M13,1771291842.8406327,0x18FF00F7,1,14 state
CLAMP15_STATUS M13,1771291842.8406327,0x18FF00F7,1,1 state
PRECHARGED M13,1771291842.8406327,0x18FF00F7,1,1 state
STATUS_ BIT_FLEX_IN_OUT_SIGNAL1 M13,1771291842.8406327,0x18FF00F7,1,3 state
STATUS_ BIT_FLEX_IN_OUT_SIGNAL2 M13,1771291842.8406327,0x18FF00F7,1,3 state
ERROR CODE  M13,1771291842.8406327,0x18FF00F7,1,0 state
ACT_DCBUSVOLTAGE M13,1771291842.8406327,0x18FF00F7,1,1.25 V
ACT_DCBUSPOWER M13,1771291842.8406327,0x18FF00F7,1,0.00 kw
ACT_DEVICETEMPERATURE M13,1771291842.8406327,0x18FF00F7,1,27.00 °C
ACT_INVERTERSTATUS A13,1771291842.8459246,0x18FF01F7,1,0 state
ACT_INVERTERREADY A13,1771291842.8459246,0x18FF01F7,1,0 state
ACT_ERRORSTATUS A13,1771291842.8459246,0x18FF01F7,1,0 state
ACT_SPEED A13,1771291842.8459246,0x18FF01F7,1,0.00 rpm
ACT_TORQUE A13,1771291842.8459246,0x18FF01F7,1,0.00 Nm
ACT_POWER A13,1771291842.8459246,0x18FF01F7,1,0.00 kw
ACT_MOTORTEMPERATURE A13,1771291842.8459246,0x18FF01F7,1,27.00 °C
ACT_INVERTERSTATUS B13,1771291842.850819,0x18FF02F7,1,0 state
ACT_INVERTERREADY B13,1771291842.850819,0x18FF02F7,1,0 state
ACT_ERRORSTATUS B13,1771291842.850819,0x18FF02F7,1,0 state
ACT_SPEED B13,1771291842.850819,0x18FF02F7,1,0.00 rpm
ACT_TORQUE B13,1771291842.850819,0x18FF02F7,1,0.00 Nm
ACT_POWER B13,1771291842.850819,0x18FF02F7,1,0.00 kw
ACT_MOTORTEMPERATURE B13,1771291842.850819,0x18FF02F7,1,28.00 °C
DEVICESTATE M13,1771291842.9410124,0x18FF00F7,1,0 state
ERRORLAMP M13,1771291842.9410124,0x18FF00F7,1,0 state
DEVICENUMBER M13,1771291842.9410124,0x18FF00F7,1,14 state
CLAMP15_STATUS M13,1771291842.9410124,0x18FF00F7,1,1 state
PRECHARGED M13,1771291842.9410124,0x18FF00F7,1,1 state
STATUS_ BIT_FLEX_IN_OUT_SIGNAL1 M13,1771291842.9410124,0x18FF00F7,1,3 state
STATUS_ BIT_FLEX_IN_OUT_SIGNAL2 M13,1771291842.9410124,0x18FF00F7,1,3 state
ERROR CODE  M13,1771291842.9410124,0x18FF00F7,1,0 state
ACT_DCBUSVOLTAGE M13,1771291842.9410124,0x18FF00F7,1,1.25 V
ACT_DCBUSPOWER M13,1771291842.9410124,0x18FF00F7,1,0.00 kw
ACT_DEVICETEMPERATURE M13,1771291842.9410124,0x18FF00F7,1,27.00 °C
ACT_INVERTERSTATUS A13,1771291842.9459827,0x18FF01F7,1,0 state
ACT_INVERTERREADY A13,1771291842.9459827,0x18FF01F7,1,0 state
ACT_ERRORSTATUS A13,1771291842.9459827,0x18FF01F7,1,0 state
ACT_SPEED A13,1771291842.9459827,0x18FF01F7,1,0.00 rpm
ACT_TORQUE A13,1771291842.9459827,0x18FF01F7,1,0.00 Nm
ACT_POWER A13,1771291842.9459827,0x18FF01F7,1,0.00 kw
ACT_MOTORTEMPERATURE A13,1771291842.9459827,0x18FF01F7,1,27.00 °C
ACT_INVERTERSTATUS B13,1771291842.9509084,0x18FF02F7,1,0 state
ACT_INVERTERREADY B13,1771291842.9509084,0x18FF02F7,1,0 state
ACT_ERRORSTATUS B13,1771291842.9509084,0x18FF02F7,1,0 state
ACT_SPEED B13,1771291842.9509084,0x18FF02F7,1,0.00 rpm
ACT_TORQUE B13,1771291842.9509084,0x18FF02F7,1,0.00 Nm
ACT_POWER B13,1771291842.9509084,0x18FF02F7,1,0.00 kw
ACT_MOTORTEMPERATURE B13,1771291842.9509084,0x18FF02F7,1,28.00 °C
DEVICESTATE M13,1771291843.0406811,0x18FF00F7,1,0 state
ERRORLAMP M13,1771291843.0406811,0x18FF00F7,1,0 state
DEVICENUMBER M13,1771291843.0406811,0x18FF00F7,1,14 state
CLAMP15_STATUS M13,1771291843.0406811,0x18FF00F7,1,1 state
PRECHARGED M13,1771291843.0406811,0x18FF00F7,1,1 state
STATUS_ BIT_FLEX_IN_OUT_SIGNAL1 M13,1771291843.0406811,0x18FF00F7,1,3 state
STATUS_ BIT_FLEX_IN_OUT_SIGNAL2 M13,1771291843.0406811,0x18FF00F7,1,3 state
ERROR CODE  M13,1771291843.0406811,0x18FF00F7,1,0 state
ACT_DCBUSVOLTAGE M13,1771291843.0406811,0x18FF00F7,1,1.25 V
ACT_DCBUSPOWER M13,1771291843.0406811,0x18FF00F7,1,0.00 kw
ACT_DEVICETEMPERATURE M13,1771291843.0406811,0x18FF00F7,1,27.00 °C
ACT_INVERTERSTATUS A13,1771291843.0457351,0x18FF01F7,1,0 state
ACT_INVERTERREADY A13,1771291843.0457351,0x18FF01F7,1,0 state
ACT_ERRORSTATUS A13,1771291843.0457351,0x18FF01F7,1,0 state
ACT_SPEED A13,1771291843.0457351,0x18FF01F7,1,0.00 rpm
ACT_TORQUE A13,1771291843.0457351,0x18FF01F7,1,0.00 Nm
ACT_POWER A13,1771291843.0457351,0x18FF01F7,1,0.00 kw
ACT_MOTORTEMPERATURE A13,1771291843.0457351,0x18FF01F7,1,27.00 °C
ACT_INVERTERSTATUS B13,1771291843.0507045,0x18FF02F7,1,0 state
ACT_INVERTERREADY B13,1771291843.0507045,0x18FF02F7,1,0 state
ACT_ERRORSTATUS B13,1771291843.0507045,0x18FF02F7,1,0 state
ACT_SPEED B13,1771291843.0507045,0x18FF02F7,1,0.00 rpm
ACT_TORQUE B13,1771291843.0507045,0x18FF02F7,1,0.00 Nm
ACT_POWER B13,1771291843.0507045,0x18FF02F7,1,0.00 kw
ACT_MOTORTEMPERATURE B13,1771291843.0507045,0x18FF02F7,1,28.00 °C
DEVICESTATE M13,1771291843.1407876,0x18FF00F7,1,0 state
ERRORLAMP M13,1771291843.1407876,0x18FF00F7,1,0 state
DEVICENUMBER M13,1771291843.1407876,0x18FF00F7,1,14 state
CLAMP15_STATUS M13,1771291843.1407876,0x18FF00F7,1,1 state
PRECHARGED M13,1771291843.1407876,0x18FF00F7,1,1 state
STATUS_ BIT_FLEX_IN_OUT_SIGNAL1 M13,1771291843.1407876,0x18FF00F7,1,3 state
STATUS_ BIT_FLEX_IN_OUT_SIGNAL2 M13,1771291843.1407876,0x18FF00F7,1,3 state
ERROR CODE  M13,1771291843.1407876,0x18FF00F7,1,0 state
ACT_DCBUSVOLTAGE M13,1771291843.1407876,0x18FF00F7,1,1.25 V
ACT_DCBUSPOWER M13,1771291843.1407876,0x18FF00F7,1,0.00 kw
ACT_DEVICETEMPERATURE M13,1771291843.1407876,0x18FF00F7,1,27.00 °C
ACT_INVERTERSTATUS A13,1771291843.145884,0x18FF01F7,1,0 state
ACT_INVERTERREADY A13,1771291843.145884,0x18FF01F7,1,0 state
ACT_ERRORSTATUS A13,1771291843.145884,0x18FF01F7,1,0 state
ACT_SPEED A13,1771291843.145884,0x18FF01F7,1,0.00 rpm
ACT_TORQUE A13,1771291843.145884,0x18FF01F7,1,0.00 Nm
ACT_POWER A13,1771291843.145884,0x18FF01F7,1,0.00 kw
ACT_MOTORTEMPERATURE A13,1771291843.145884,0x18FF01F7,1,27.00 °C
ACT_INVERTERSTATUS B13,1771291843.1508737,0x18FF02F7,1,0 state
ACT_INVERTERREADY B13,1771291843.1508737,0x18FF02F7,1,0 state
ACT_ERRORSTATUS B13,1771291843.1508737,0x18FF02F7,1,0 state
ACT_SPEED B13,1771291843.1508737,0x18FF02F7,1,0.00 rpm
ACT_TORQUE B13,1771291843.1508737,0x18FF02F7,1,0.00 Nm
ACT_POWER B13,1771291843.1508737,0x18FF02F7,1,0.00 kw
ACT_MOTORTEMPERATURE B13,1771291843.1508737,0x18FF02F7,1,28.00 °C
DEVICESTATE M13,1771291843.2406714,0x18FF00F7,1,0 state
ERRORLAMP M13,1771291843.2406714,0x18FF00F7,1,0 state
DEVICENUMBER M13,1771291843.2406714,0x18FF00F7,1,14 state
CLAMP15_STATUS M13,1771291843.2406714,0x18FF00F7,1,1 state
PRECHARGED M13,1771291843.2406714,0x18FF00F7,1,1 state
STATUS_ BIT_FLEX_IN_OUT_SIGNAL1 M13,1771291843.2406714,0x18FF00F7,1,3 state
STATUS_ BIT_FLEX_IN_OUT_SIGNAL2 M13,1771291843.2406714,0x18FF00F7,1,3 state
ERROR CODE  M13,1771291843.2406714,0x18FF00F7,1,0 state
ACT_DCBUSVOLTAGE M13,1771291843.2406714,0x18FF00F7,1,1.25 V
ACT_DCBUSPOWER M13,1771291843.2406714,0x18FF00F7,1,0.00 kw
ACT_DEVICETEMPERATURE M13,1771291843.2406714,0x18FF00F7,1,27.00 °C
ACT_INVERTERSTATUS A13,1771291843.2459564,0x18FF01F7,1,0 state
ACT_INVERTERREADY A13,1771291843.2459564,0x18FF01F7,1,0 state
ACT_ERRORSTATUS A13,1771291843.2459564,0x18FF01F7,1,0 state
ACT_SPEED A13,1771291843.2459564,0x18FF01F7,1,0.00 rpm
ACT_TORQUE A13,1771291843.2459564,0x18FF01F7,1,0.00 Nm
ACT_POWER A13,1771291843.2459564,0x18FF01F7,1,0.00 kw
ACT_MOTORTEMPERATURE A13,1771291843.2459564,0x18FF01F7,1,27.00 °C
ACT_INVERTERSTATUS B13,1771291843.2506366,0x18FF02F7,1,0 state
ACT_INVERTERREADY B13,1771291843.2506366,0x18FF02F7,1,0 state
ACT_ERRORSTATUS B13,1771291843.2506366,0x18FF02F7,1,0 state
ACT_SPEED B13,1771291843.2506366,0x18FF02F7,1,0.00 rpm
ACT_TORQUE B13,1771291843.2506366,0x18FF02F7,1,0.00 Nm
ACT_POWER B13,1771291843.2506366,0x18FF02F7,1,0.00 kw
ACT_MOTORTEMPERATURE B13,1771291843.2506366,0x18FF02F7,1,28.00 °C
DEVICESTATE M13,1771291843.341003,0x18FF00F7,1,0 state
ERRORLAMP M13,1771291843.341003,0x18FF00F7,1,0 state
DEVICENUMBER M13,1771291843.341003,0x18FF00F7,1,14 state
CLAMP15_STATUS M13,1771291843.341003,0x18FF00F7,1,1 state
PRECHARGED M13,1771291843.341003,0x18FF00F7,1,1 state
STATUS_ BIT_FLEX_IN_OUT_SIGNAL1 M13,1771291843.341003,0x18FF00F7,1,3 state
STATUS_ BIT_FLEX_IN_OUT_SIGNAL2 M13,1771291843.341003,0x18FF00F7,1,3 state
ERROR CODE  M13,1771291843.341003,0x18FF00F7,1,0 state
ACT_DCBUSVOLTAGE M13,1771291843.341003,0x18FF00F7,1,1.25 V
ACT_DCBUSPOWER M13,1771291843.341003,0x18FF00F7,1,0.00 kw
ACT_DEVICETEMPERATURE M13,1771291843.341003,0x18FF00F7,1,27.00 °C
ACT_INVERTERSTATUS A13,1771291843.3459623,0x18FF01F7,1,0 state
ACT_INVERTERREADY A13,1771291843.3459623,0x18FF01F7,1,0 state
ACT_ERRORSTATUS A13,1771291843.3459623,0x18FF01F7,1,0 state
ACT_SPEED A13,1771291843.3459623,0x18FF01F7,1,0.00 rpm
ACT_TORQUE A13,1771291843.3459623,0x18FF01F7,1,0.00 Nm
ACT_POWER A13,1771291843.3459623,0x18FF01F7,1,0.00 kw
ACT_MOTORTEMPERATURE A13,1771291843.3459623,0x18FF01F7,1,27.00 °C
ACT_INVERTERSTATUS B13,1771291843.3506153,0x18FF02F7,1,0 state
ACT_INVERTERREADY B13,1771291843.3506153,0x18FF02F7,1,0 state
ACT_ERRORSTATUS B13,1771291843.3506153,0x18FF02F7,1,0 state
ACT_SPEED B13,1771291843.3506153,0x18FF02F7,1,0.00 rpm
ACT_TORQUE B13,1771291843.3506153,0x18FF02F7,1,0.00 Nm
ACT_POWER B13,1771291843.3506153,0x18FF02F7,1,0.00 kw
ACT_MOTORTEMPERATURE B13,1771291843.3506153,0x18FF02F7,1,28.00 °C
DEVICESTATE M13,1771291843.4406965,0x18FF00F7,1,0 state
ERRORLAMP M13,1771291843.4406965,0x18FF00F7,1,0 state
DEVICENUMBER M13,1771291843.4406965,0x18FF00F7,1,14 state
CLAMP15_STATUS M13,1771291843.4406965,0x18FF00F7,1,1 state
PRECHARGED M13,1771291843.4406965,0x18FF00F7,1,1 state
STATUS_ BIT_FLEX_IN_OUT_SIGNAL1 M13,1771291843.4406965,0x18FF00F7,1,3 state
STATUS_ BIT_FLEX_IN_OUT_SIGNAL2 M13,1771291843.4406965,0x18FF00F7,1,3 state
ERROR CODE  M13,1771291843.4406965,0x18FF00F7,1,0 state
ACT_DCBUSVOLTAGE M13,1771291843.4406965,0x18FF00F7,1,1.25 V
ACT_DCBUSPOWER M13,1771291843.4406965,0x18FF00F7,1,0.00 kw
ACT_DEVICETEMPERATURE M13,1771291843.4406965,0x18FF00F7,1,27.00 °C
ACT_INVERTERSTATUS A13,1771291843.4457066,0x18FF01F7,1,0 state
ACT_INVERTERREADY A13,1771291843.4457066,0x18FF01F7,1,0 state
ACT_ERRORSTATUS A13,1771291843.4457066,0x18FF01F7,1,0 state
ACT_SPEED A13,1771291843.4457066,0x18FF01F7,1,0.00 rpm
ACT_TORQUE A13,1771291843.4457066,0x18FF01F7,1,0.00 Nm
ACT_POWER A13,1771291843.4457066,0x18FF01F7,1,0.00 kw
ACT_MOTORTEMPERATURE A13,1771291843.4457066,0x18FF01F7,1,27.00 °C
ACT_INVERTERSTATUS B13,1771291843.4507935,0x18FF02F7,1,0 state
ACT_INVERTERREADY B13,1771291843.4507935,0x18FF02F7,1,0 state
ACT_ERRORSTATUS B13,1771291843.4507935,0x18FF02F7,1,0 state
ACT_SPEED B13,1771291843.4507935,0x18FF02F7,1,0.00 rpm
ACT_TORQUE B13,1771291843.4507935,0x18FF02F7,1,0.00 Nm
ACT_POWER B13,1771291843.4507935,0x18FF02F7,1,0.00 kw
ACT_MOTORTEMPERATURE B13,1771291843.4507935,0x18FF02F7,1,28.00 °C
DEVICESTATE M13,1771291843.540928,0x18FF00F7,1,0 state
ERRORLAMP M13,1771291843.540928,0x18FF00F7,1,0 state
DEVICENUMBER M13,1771291843.540928,0x18FF00F7,1,14 state
CLAMP15_STATUS M13,1771291843.540928,0x18FF00F7,1,1 state
PRECHARGED M13,1771291843.540928,0x18FF00F7,1,1 state
STATUS_ BIT_FLEX_IN_OUT_SIGNAL1 M13,1771291843.540928,0x18FF00F7,1,3 state
STATUS_ BIT_FLEX_IN_OUT_SIGNAL2 M13,1771291843.540928,0x18FF00F7,1,3 state
ERROR CODE  M13,1771291843.540928,0x18FF00F7,1,0 state
ACT_DCBUSVOLTAGE M13,1771291843.540928,0x18FF00F7,1,1.25 V
ACT_DCBUSPOWER M13,1771291843.540928,0x18FF00F7,1,0.00 kw
ACT_DEVICETEMPERATURE M13,1771291843.540928,0x18FF00F7,1,27.00 °C
ACT_INVERTERSTATUS A13,1771291843.5457888,0x18FF01F7,1,0 state
ACT_INVERTERREADY A13,1771291843.5457888,0x18FF01F7,1,0 state
ACT_ERRORSTATUS A13,1771291843.5457888,0x18FF01F7,1,0 state
ACT_SPEED A13,1771291843.5457888,0x18FF01F7,1,0.00 rpm
ACT_TORQUE A13,1771291843.5457888,0x18FF01F7,1,0.00 Nm
ACT_POWER A13,1771291843.5457888,0x18FF01F7,1,0.00 kw
ACT_MOTORTEMPERATURE A13,1771291843.5457888,0x18FF01F7,1,27.00 °C
ACT_INVERTERSTATUS B13,1771291843.5506754,0x18FF02F7,1,0 state
ACT_INVERTERREADY B13,1771291843.5506754,0x18FF02F7,1,0 state
ACT_ERRORSTATUS B13,1771291843.5506754,0x18FF02F7,1,0 state
ACT_SPEED B13,1771291843.5506754,0x18FF02F7,1,0.00 rpm
ACT_TORQUE B13,1771291843.5506754,0x18FF02F7,1,0.00 Nm
ACT_POWER B13,1771291843.5506754,0x18FF02F7,1,0.00 kw
ACT_MOTORTEMPERATURE B13,1771291843.5506754,0x18FF02F7,1,28.00 °C
DEVICESTATE M13,1771291843.6406322,0x18FF00F7,1,0 state
ERRORLAMP M13,1771291843.6406322,0x18FF00F7,1,0 state
DEVICENUMBER M13,1771291843.6406322,0x18FF00F7,1,14 state
CLAMP15_STATUS M13,1771291843.6406322,0x18FF00F7,1,1 state
PRECHARGED M13,1771291843.6406322,0x18FF00F7,1,1 state
STATUS_ BIT_FLEX_IN_OUT_SIGNAL1 M13,1771291843.6406322,0x18FF00F7,1,3 state
STATUS_ BIT_FLEX_IN_OUT_SIGNAL2 M13,1771291843.6406322,0x18FF00F7,1,3 state
ERROR CODE  M13,1771291843.6406322,0x18FF00F7,1,0 state
ACT_DCBUSVOLTAGE M13,1771291843.6406322,0x18FF00F7,1,1.25 V
ACT_DCBUSPOWER M13,1771291843.6406322,0x18FF00F7,1,0.00 kw
ACT_DEVICETEMPERATURE M13,1771291843.6406322,0x18FF00F7,1,27.00 °C
ACT_INVERTERSTATUS A13,1771291843.6457276,0x18FF01F7,1,0 state
ACT_INVERTERREADY A13,1771291843.6457276,0x18FF01F7,1,0 state
ACT_ERRORSTATUS A13,1771291843.6457276,0x18FF01F7,1,0 state
ACT_SPEED A13,1771291843.6457276,0x18FF01F7,1,0.00 rpm
ACT_TORQUE A13,1771291843.6457276,0x18FF01F7,1,0.00 Nm
ACT_POWER A13,1771291843.6457276,0x18FF01F7,1,0.00 kw
ACT_MOTORTEMPERATURE A13,1771291843.6457276,0x18FF01F7,1,27.00 °C
ACT_INVERTERSTATUS B13,1771291843.6506646,0x18FF02F7,1,0 state
ACT_INVERTERREADY B13,1771291843.6506646,0x18FF02F7,1,0 state
ACT_ERRORSTATUS B13,1771291843.6506646,0x18FF02F7,1,0 state
ACT_SPEED B13,1771291843.6506646,0x18FF02F7,1,0.00 rpm
ACT_TORQUE B13,1771291843.6506646,0x18FF02F7,1,0.00 Nm
ACT_POWER B13,1771291843.6506646,0x18FF02F7,1,0.00 kw
ACT_MOTORTEMPERATURE B13,1771291843.6506646,0x18FF02F7,1,28.00 °C
DEVICESTATE M13,1771291843.7405934,0x18FF00F7,1,0 state
ERRORLAMP M13,1771291843.7405934,0x18FF00F7,1,0 state
DEVICENUMBER M13,1771291843.7405934,0x18FF00F7,1,14 state
CLAMP15_STATUS M13,1771291843.7405934,0x18FF00F7,1,1 state
PRECHARGED M13,1771291843.7405934,0x18FF00F7,1,1 state
STATUS_ BIT_FLEX_IN_OUT_SIGNAL1 M13,1771291843.7405934,0x18FF00F7,1,3 state
STATUS_ BIT_FLEX_IN_OUT_SIGNAL2 M13,1771291843.7405934,0x18FF00F7,1,3 state
ERROR CODE  M13,1771291843.7405934,0x18FF00F7,1,0 state
ACT_DCBUSVOLTAGE M13,1771291843.7405934,0x18FF00F7,1,1.25 V
ACT_DCBUSPOWER M13,1771291843.7405934,0x18FF00F7,1,0.00 kw
ACT_DEVICETEMPERATURE M13,1771291843.7405934,0x18FF00F7,1,27.00 °C
ACT_INVERTERSTATUS A13,1771291843.7457376,0x18FF01F7,1,0 state
ACT_INVERTERREADY A13,1771291843.7457376,0x18FF01F7,1,0 state
ACT_ERRORSTATUS A13,1771291843.7457376,0x18FF01F7,1,0 state
ACT_SPEED A13,1771291843.7457376,0x18FF01F7,1,0.00 rpm
ACT_TORQUE A13,1771291843.7457376,0x18FF01F7,1,0.00 Nm
ACT_POWER A13,1771291843.7457376,0x18FF01F7,1,0.00 kw
ACT_MOTORTEMPERATURE A13,1771291843.7457376,0x18FF01F7,1,27.00 °C
ACT_INVERTERSTATUS B13,1771291843.750811,0x18FF02F7,1,0 state
ACT_INVERTERREADY B13,1771291843.750811,0x18FF02F7,1,0 state
ACT_ERRORSTATUS B13,1771291843.750811,0x18FF02F7,1,0 state
ACT_SPEED B13,1771291843.750811,0x18FF02F7,1,0.00 rpm
ACT_TORQUE B13,1771291843.750811,0x18FF02F7,1,0.00 Nm
ACT_POWER B13,1771291843.750811,0x18FF02F7,1,0.00 kw
ACT_MOTORTEMPERATURE B13,1771291843.750811,0x18FF02F7,1,28.00 °C
DEVICESTATE M13,1771291843.8406386,0x18FF00F7,1,0 state
ERRORLAMP M13,1771291843.8406386,0x18FF00F7,1,0 state
DEVICENUMBER M13,1771291843.8406386,0x18FF00F7,1,14 state
CLAMP15_STATUS M13,1771291843.8406386,0x18FF00F7,1,1 state
PRECHARGED M13,1771291843.8406386,0x18FF00F7,1,1 state
STATUS_ BIT_FLEX_IN_OUT_SIGNAL1 M13,1771291843.8406386,0x18FF00F7,1,3 state
STATUS_ BIT_FLEX_IN_OUT_SIGNAL2 M13,1771291843.8406386,0x18FF00F7,1,3 state
ERROR CODE  M13,1771291843.8406386,0x18FF00F7,1,0 state
ACT_DCBUSVOLTAGE M13,1771291843.8406386,0x18FF00F7,1,1.25 V
ACT_DCBUSPOWER M13,1771291843.8406386,0x18FF00F7,1,0.00 kw
ACT_DEVICETEMPERATURE M13,1771291843.8406386,0x18FF00F7,1,27.00 °C
ACT_INVERTERSTATUS A13,1771291843.8456707,0x18FF01F7,1,0 state
ACT_INVERTERREADY A13,1771291843.8456707,0x18FF01F7,1,0 state
ACT_ERRORSTATUS A13,1771291843.8456707,0x18FF01F7,1,0 state
ACT_SPEED A13,1771291843.8456707,0x18FF01F7,1,0.00 rpm
ACT_TORQUE A13,1771291843.8456707,0x18FF01F7,1,0.00 Nm
ACT_POWER A13,1771291843.8456707,0x18FF01F7,1,0.00 kw
ACT_MOTORTEMPERATURE A13,1771291843.8456707,0x18FF01F7,1,27.00 °C
ACT_INVERTERSTATUS B13,1771291843.8506315,0x18FF02F7,1,0 state
ACT_INVERTERREADY B13,1771291843.8506315,0x18FF02F7,1,0 state
ACT_ERRORSTATUS B13,1771291843.8506315,0x18FF02F7,1,0 state
ACT_SPEED B13,1771291843.8506315,0x18FF02F7,1,0.00 rpm
ACT_TORQUE B13,1771291843.8506315,0x18FF02F7,1,0.00 Nm
ACT_POWER B13,1771291843.8506315,0x18FF02F7,1,0.00 kw
ACT_MOTORTEMPERATURE B13,1771291843.8506315,0x18FF02F7,1,28.00 °C
DEVICESTATE M13,1771291843.94091,0x18FF00F7,1,0 state
ERRORLAMP M13,1771291843.94091,0x18FF00F7,1,0 state
DEVICENUMBER M13,1771291843.94091,0x18FF00F7,1,14 state
CLAMP15_STATUS M13,1771291843.94091,0x18FF00F7,1,1 state
PRECHARGED M13,1771291843.94091,0x18FF00F7,1,1 state
STATUS_ BIT_FLEX_IN_OUT_SIGNAL1 M13,1771291843.94091,0x18FF00F7,1,3 state
STATUS_ BIT_FLEX_IN_OUT_SIGNAL2 M13,1771291843.94091,0x18FF00F7,1,3 state
ERROR CODE  M13,1771291843.94091,0x18FF00F7,1,0 state
ACT_DCBUSVOLTAGE M13,1771291843.94091,0x18FF00F7,1,1.25 V
ACT_DCBUSPOWER M13,1771291843.94091,0x18FF00F7,1,0.00 kw
ACT_DEVICETEMPERATURE M13,1771291843.94091,0x18FF00F7,1,27.00 °C
ACT_INVERTERSTATUS A13,1771291843.9458358,0x18FF01F7,1,0 state
ACT_INVERTERREADY A13,1771291843.9458358,0x18FF01F7,1,0 state
ACT_ERRORSTATUS A13,1771291843.9458358,0x18FF01F7,1,0 state
ACT_SPEED A13,1771291843.9458358,0x18FF01F7,1,0.00 rpm
ACT_TORQUE A13,1771291843.9458358,0x18FF01F7,1,0.00 Nm
ACT_POWER A13,1771291843.9458358,0x18FF01F7,1,0.00 kw
ACT_MOTORTEMPERATURE A13,1771291843.9458358,0x18FF01F7,1,27.00 °C
ACT_INVERTERSTATUS B13,1771291843.9508097,0x18FF02F7,1,0 state
ACT_INVERTERREADY B13,1771291843.9508097,0x18FF02F7,1,0 state
ACT_ERRORSTATUS B13,1771291843.9508097,0x18FF02F7,1,0 state
ACT_SPEED B13,1771291843.9508097,0x18FF02F7,1,0.00 rpm
ACT_TORQUE B13,1771291843.9508097,0x18FF02F7,1,0.00 Nm
ACT_POWER B13,1771291843.9508097,0x18FF02F7,1,0.00 kw
ACT_MOTORTEMPERATURE B13,1771291843.9508097,0x18FF02F7,1,28.00 °C
DEVICESTATE M13,1771291844.0410745,0x18FF00F7,1,0 state
ERRORLAMP M13,1771291844.0410745,0x18FF00F7,1,0 state
DEVICENUMBER M13,1771291844.0410745,0x18FF00F7,1,14 state
CLAMP15_STATUS M13,1771291844.0410745,0x18FF00F7,1,1 state
PRECHARGED M13,1771291844.0410745,0x18FF00F7,1,1 state
STATUS_ BIT_FLEX_IN_OUT_SIGNAL1 M13,1771291844.0410745,0x18FF00F7,1,3 state
STATUS_ BIT_FLEX_IN_OUT_SIGNAL2 M13,1771291844.0410745,0x18FF00F7,1,3 state
ERROR CODE  M13,1771291844.0410745,0x18FF00F7,1,0 state
ACT_DCBUSVOLTAGE M13,1771291844.0410745,0x18FF00F7,1,1.25 V
ACT_DCBUSPOWER M13,1771291844.0410745,0x18FF00F7,1,0.00 kw
ACT_DEVICETEMPERATURE M13,1771291844.0410745,0x18FF00F7,1,27.00 °C
ACT_INVERTERSTATUS A13,1771291844.0459218,0x18FF01F7,1,0 state
ACT_INVERTERREADY A13,1771291844.0459218,0x18FF01F7,1,0 state
ACT_ERRORSTATUS A13,1771291844.0459218,0x18FF01F7,1,0 state
ACT_SPEED A13,1771291844.0459218,0x18FF01F7,1,0.00 rpm
ACT_TORQUE A13,1771291844.0459218,0x18FF01F7,1,0.00 Nm
ACT_POWER A13,1771291844.0459218,0x18FF01F7,1,0.00 kw
ACT_MOTORTEMPERATURE A13,1771291844.0459218,0x18FF01F7,1,27.00 °C
ACT_INVERTERSTATUS B13,1771291844.0508823,0x18FF02F7,1,0 state
ACT_INVERTERREADY B13,1771291844.0508823,0x18FF02F7,1,0 state
ACT_ERRORSTATUS B13,1771291844.0508823,0x18FF02F7,1,0 state
ACT_SPEED B13,1771291844.0508823,0x18FF02F7,1,0.00 rpm
ACT_TORQUE B13,1771291844.0508823,0x18FF02F7,1,0.00 Nm
ACT_POWER B13,1771291844.0508823,0x18FF02F7,1,0.00 kw
ACT_MOTORTEMPERATURE B13,1771291844.0508823,0x18FF02F7,1,28.00 °C
DEVICESTATE M13,1771291844.141015,0x18FF00F7,1,0 state
ERRORLAMP M13,1771291844.141015,0x18FF00F7,1,0 state
DEVICENUMBER M13,1771291844.141015,0x18FF00F7,1,14 state
CLAMP15_STATUS M13,1771291844.141015,0x18FF00F7,1,1 state
PRECHARGED M13,1771291844.141015,0x18FF00F7,1,1 state
STATUS_ BIT_FLEX_IN_OUT_SIGNAL1 M13,1771291844.141015,0x18FF00F7,1,3 state
STATUS_ BIT_FLEX_IN_OUT_SIGNAL2 M13,1771291844.141015,0x18FF00F7,1,3 state
ERROR CODE  M13,1771291844.141015,0x18FF00F7,1,0 state
ACT_DCBUSVOLTAGE M13,1771291844.141015,0x18FF00F7,1,1.25 V
ACT_DCBUSPOWER M13,1771291844.141015,0x18FF00F7,1,0.00 kw
ACT_DEVICETEMPERATURE M13,1771291844.141015,0x18FF00F7,1,27.00 °C
ACT_INVERTERSTATUS A13,1771291844.145591,0x18FF01F7,1,0 state
ACT_INVERTERREADY A13,1771291844.145591,0x18FF01F7,1,0 state
ACT_ERRORSTATUS A13,1771291844.145591,0x18FF01F7,1,0 state
ACT_SPEED A13,1771291844.145591,0x18FF01F7,1,0.00 rpm
ACT_TORQUE A13,1771291844.145591,0x18FF01F7,1,0.00 Nm
ACT_POWER A13,1771291844.145591,0x18FF01F7,1,0.00 kw
ACT_MOTORTEMPERATURE A13,1771291844.145591,0x18FF01F7,1,27.00 °C
ACT_INVERTERSTATUS B13,1771291844.1505742,0x18FF02F7,1,0 state
ACT_INVERTERREADY B13,1771291844.1505742,0x18FF02F7,1,0 state
ACT_ERRORSTATUS B13,1771291844.1505742,0x18FF02F7,1,0 state
ACT_SPEED B13,1771291844.1505742,0x18FF02F7,1,0.00 rpm
ACT_TORQUE B13,1771291844.1505742,0x18FF02F7,1,0.00 Nm
ACT_POWER B13,1771291844.1505742,0x18FF02F7,1,0.00 kw
ACT_MOTORTEMPERATURE B13,1771291844.1505742,0x18FF02F7,1,28.00 °C
DEVICESTATE M13,1771291844.2410362,0x18FF00F7,1,0 state
ERRORLAMP M13,1771291844.2410362,0x18FF00F7,1,0 state
DEVICENUMBER M13,1771291844.2410362,0x18FF00F7,1,14 state
CLAMP15_STATUS M13,1771291844.2410362,0x18FF00F7,1,1 state
PRECHARGED M13,1771291844.2410362,0x18FF00F7,1,1 state
STATUS_ BIT_FLEX_IN_OUT_SIGNAL1 M13,1771291844.2410362,0x18FF00F7,1,3 state
STATUS_ BIT_FLEX_IN_OUT_SIGNAL2 M13,1771291844.2410362,0x18FF00F7,1,3 state
ERROR CODE  M13,1771291844.2410362,0x18FF00F7,1,0 state
ACT_DCBUSVOLTAGE M13,1771291844.2410362,0x18FF00F7,1,1.25 V
ACT_DCBUSPOWER M13,1771291844.2410362,0x18FF00F7,1,0.00 kw
ACT_DEVICETEMPERATURE M13,1771291844.2410362,0x18FF00F7,1,27.00 °C
ACT_INVERTERSTATUS A13,1771291844.2458098,0x18FF01F7,1,0 state
ACT_INVERTERREADY A13,1771291844.2458098,0x18FF01F7,1,0 state
ACT_ERRORSTATUS A13,1771291844.2458098,0x18FF01F7,1,0 state
ACT_SPEED A13,1771291844.2458098,0x18FF01F7,1,0.00 rpm
ACT_TORQUE A13,1771291844.2458098,0x18FF01F7,1,0.00 Nm
ACT_POWER A13,1771291844.2458098,0x18FF01F7,1,0.00 kw
ACT_MOTORTEMPERATURE A13,1771291844.2458098,0x18FF01F7,1,27.00 °C
ACT_INVERTERSTATUS B13,1771291844.2506728,0x18FF02F7,1,0 state
ACT_INVERTERREADY B13,1771291844.2506728,0x18FF02F7,1,0 state
ACT_ERRORSTATUS B13,1771291844.2506728,0x18FF02F7,1,0 state
ACT_SPEED B13,1771291844.2506728,0x18FF02F7,1,0.00 rpm
ACT_TORQUE B13,1771291844.2506728,0x18FF02F7,1,0.00 Nm
ACT_POWER B13,1771291844.2506728,0x18FF02F7,1,0.00 kw
ACT_MOTORTEMPERATURE B13,1771291844.2506728,0x18FF02F7,1,28.00 °C
DEVICESTATE M13,1771291844.3408425,0x18FF00F7,1,0 state
ERRORLAMP M13,1771291844.3408425,0x18FF00F7,1,0 state
DEVICENUMBER M13,1771291844.3408425,0x18FF00F7,1,14 state
CLAMP15_STATUS M13,1771291844.3408425,0x18FF00F7,1,1 state
PRECHARGED M13,1771291844.3408425,0x18FF00F7,1,1 state
STATUS_ BIT_FLEX_IN_OUT_SIGNAL1 M13,1771291844.3408425,0x18FF00F7,1,3 state
STATUS_ BIT_FLEX_IN_OUT_SIGNAL2 M13,1771291844.3408425,0x18FF00F7,1,3 state
ERROR CODE  M13,1771291844.3408425,0x18FF00F7,1,0 state
ACT_DCBUSVOLTAGE M13,1771291844.3408425,0x18FF00F7,1,1.25 V
ACT_DCBUSPOWER M13,1771291844.3408425,0x18FF00F7,1,0.00 kw
ACT_DEVICETEMPERATURE M13,1771291844.3408425,0x18FF00F7,1,27.00 °C
ACT_INVERTERSTATUS A13,1771291844.3460126,0x18FF01F7,1,0 state
ACT_INVERTERREADY A13,1771291844.3460126,0x18FF01F7,1,0 state
ACT_ERRORSTATUS A13,1771291844.3460126,0x18FF01F7,1,0 state
ACT_SPEED A13,1771291844.3460126,0x18FF01F7,1,0.00 rpm
ACT_TORQUE A13,1771291844.3460126,0x18FF01F7,1,0.00 Nm
ACT_POWER A13,1771291844.3460126,0x18FF01F7,1,0.00 kw
ACT_MOTORTEMPERATURE A13,1771291844.3460126,0x18FF01F7,1,27.00 °C
ACT_INVERTERSTATUS B13,1771291844.3505435,0x18FF02F7,1,0 state
ACT_INVERTERREADY B13,1771291844.3505435,0x18FF02F7,1,0 state
ACT_ERRORSTATUS B13,1771291844.3505435,0x18FF02F7,1,0 state
ACT_SPEED B13,1771291844.3505435,0x18FF02F7,1,0.00 rpm
ACT_TORQUE B13,1771291844.3505435,0x18FF02F7,1,0.00 Nm
ACT_POWER B13,1771291844.3505435,0x18FF02F7,1,0.00 kw
ACT_MOTORTEMPERATURE B13,1771291844.3505435,0x18FF02F7,1,28.00 °C
DEVICESTATE M13,1771291844.4408267,0x18FF00F7,1,0 state
ERRORLAMP M13,1771291844.4408267,0x18FF00F7,1,0 state
DEVICENUMBER M13,1771291844.4408267,0x18FF00F7,1,14 state
CLAMP15_STATUS M13,1771291844.4408267,0x18FF00F7,1,1 state
PRECHARGED M13,1771291844.4408267,0x18FF00F7,1,1 state
STATUS_ BIT_FLEX_IN_OUT_SIGNAL1 M13,1771291844.4408267,0x18FF00F7,1,3 state
STATUS_ BIT_FLEX_IN_OUT_SIGNAL2 M13,1771291844.4408267,0x18FF00F7,1,3 state
ERROR CODE  M13,1771291844.4408267,0x18FF00F7,1,0 state
ACT_DCBUSVOLTAGE M13,1771291844.4408267,0x18FF00F7,1,1.25 V
ACT_DCBUSPOWER M13,1771291844.4408267,0x18FF00F7,1,0.00 kw
ACT_DEVICETEMPERATURE M13,1771291844.4408267,0x18FF00F7,1,27.00 °C
ACT_INVERTERSTATUS A13,1771291844.4460278,0x18FF01F7,1,0 state
ACT_INVERTERREADY A13,1771291844.4460278,0x18FF01F7,1,0 state
ACT_ERRORSTATUS A13,1771291844.4460278,0x18FF01F7,1,0 state
ACT_SPEED A13,1771291844.4460278,0x18FF01F7,1,0.00 rpm
ACT_TORQUE A13,1771291844.4460278,0x18FF01F7,1,0.00 Nm
ACT_POWER A13,1771291844.4460278,0x18FF01F7,1,0.00 kw
ACT_MOTORTEMPERATURE A13,1771291844.4460278,0x18FF01F7,1,27.00 °C
ACT_INVERTERSTATUS B13,1771291844.4507601,0x18FF02F7,1,0 state
ACT_INVERTERREADY B13,1771291844.4507601,0x18FF02F7,1,0 state
ACT_ERRORSTATUS B13,1771291844.4507601,0x18FF02F7,1,0 state
ACT_SPEED B13,1771291844.4507601,0x18FF02F7,1,0.00 rpm
ACT_TORQUE B13,1771291844.4507601,0x18FF02F7,1,0.00 Nm
ACT_POWER B13,1771291844.4507601,0x18FF02F7,1,0.00 kw
ACT_MOTORTEMPERATURE B13,1771291844.4507601,0x18FF02F7,1,28.00 °C
DEVICESTATE M13,1771291844.5406585,0x18FF00F7,1,0 state
ERRORLAMP M13,1771291844.5406585,0x18FF00F7,1,0 state
DEVICENUMBER M13,1771291844.5406585,0x18FF00F7,1,14 state
CLAMP15_STATUS M13,1771291844.5406585,0x18FF00F7,1,1 state
PRECHARGED M13,1771291844.5406585,0x18FF00F7,1,1 state
STATUS_ BIT_FLEX_IN_OUT_SIGNAL1 M13,1771291844.5406585,0x18FF00F7,1,3 state
STATUS_ BIT_FLEX_IN_OUT_SIGNAL2 M13,1771291844.5406585,0x18FF00F7,1,3 state
ERROR CODE  M13,1771291844.5406585,0x18FF00F7,1,0 state
ACT_DCBUSVOLTAGE M13,1771291844.5406585,0x18FF00F7,1,1.25 V
ACT_DCBUSPOWER M13,1771291844.5406585,0x18FF00F7,1,0.00 kw
ACT_DEVICETEMPERATURE M13,1771291844.5406585,0x18FF00F7,1,27.00 °C
ACT_INVERTERSTATUS A13,1771291844.545697,0x18FF01F7,1,0 state
ACT_INVERTERREADY A13,1771291844.545697,0x18FF01F7,1,0 state
ACT_ERRORSTATUS A13,1771291844.545697,0x18FF01F7,1,0 state
ACT_SPEED A13,1771291844.545697,0x18FF01F7,1,0.00 rpm
ACT_TORQUE A13,1771291844.545697,0x18FF01F7,1,0.00 Nm
ACT_POWER A13,1771291844.545697,0x18FF01F7,1,0.00 kw
ACT_MOTORTEMPERATURE A13,1771291844.545697,0x18FF01F7,1,27.00 °C
ACT_INVERTERSTATUS B13,1771291844.5507066,0x18FF02F7,1,0 state
ACT_INVERTERREADY B13,1771291844.5507066,0x18FF02F7,1,0 state
ACT_ERRORSTATUS B13,1771291844.5507066,0x18FF02F7,1,0 state
ACT_SPEED B13,1771291844.5507066,0x18FF02F7,1,0.00 rpm
ACT_TORQUE B13,1771291844.5507066,0x18FF02F7,1,0.00 Nm
ACT_POWER B13,1771291844.5507066,0x18FF02F7,1,0.00 kw
ACT_MOTORTEMPERATURE B13,1771291844.5507066,0x18FF02F7,1,28.00 °C
DEVICESTATE M13,1771291844.6407366,0x18FF00F7,1,0 state
ERRORLAMP M13,1771291844.6407366,0x18FF00F7,1,0 state
DEVICENUMBER M13,1771291844.6407366,0x18FF00F7,1,14 state
CLAMP15_STATUS M13,1771291844.6407366,0x18FF00F7,1,1 state
PRECHARGED M13,1771291844.6407366,0x18FF00F7,1,1 state
STATUS_ BIT_FLEX_IN_OUT_SIGNAL1 M13,1771291844.6407366,0x18FF00F7,1,3 state
STATUS_ BIT_FLEX_IN_OUT_SIGNAL2 M13,1771291844.6407366,0x18FF00F7,1,3 state
ERROR CODE  M13,1771291844.6407366,0x18FF00F7,1,0 state
ACT_DCBUSVOLTAGE M13,1771291844.6407366,0x18FF00F7,1,1.25 V
ACT_DCBUSPOWER M13,1771291844.6407366,0x18FF00F7,1,0.00 kw
ACT_DEVICETEMPERATURE M13,1771291844.6407366,0x18FF00F7,1,27.00 °C
ACT_INVERTERSTATUS A13,1771291844.6457675,0x18FF01F7,1,0 state
ACT_INVERTERREADY A13,1771291844.6457675,0x18FF01F7,1,0 state
ACT_ERRORSTATUS A13,1771291844.6457675,0x18FF01F7,1,0 state
ACT_SPEED A13,1771291844.6457675,0x18FF01F7,1,0.00 rpm
ACT_TORQUE A13,1771291844.6457675,0x18FF01F7,1,0.00 Nm
ACT_POWER A13,1771291844.6457675,0x18FF01F7,1,0.00 kw
ACT_MOTORTEMPERATURE A13,1771291844.6457675,0x18FF01F7,1,27.00 °C
ACT_INVERTERSTATUS B13,1771291844.6505582,0x18FF02F7,1,0 state
ACT_INVERTERREADY B13,1771291844.6505582,0x18FF02F7,1,0 state
ACT_ERRORSTATUS B13,1771291844.6505582,0x18FF02F7,1,0 state
ACT_SPEED B13,1771291844.6505582,0x18FF02F7,1,0.00 rpm
ACT_TORQUE B13,1771291844.6505582,0x18FF02F7,1,0.00 Nm
ACT_POWER B13,1771291844.6505582,0x18FF02F7,1,0.00 kw
ACT_MOTORTEMPERATURE B13,1771291844.6505582,0x18FF02F7,1,28.00 °C
DEVICESTATE M13,1771291844.7406108,0x18FF00F7,1,0 state
ERRORLAMP M13,1771291844.7406108,0x18FF00F7,1,0 state
DEVICENUMBER M13,1771291844.7406108,0x18FF00F7,1,14 state
CLAMP15_STATUS M13,1771291844.7406108,0x18FF00F7,1,1 state
PRECHARGED M13,1771291844.7406108,0x18FF00F7,1,1 state
STATUS_ BIT_FLEX_IN_OUT_SIGNAL1 M13,1771291844.7406108,0x18FF00F7,1,3 state
STATUS_ BIT_FLEX_IN_OUT_SIGNAL2 M13,1771291844.7406108,0x18FF00F7,1,3 state
ERROR CODE  M13,1771291844.7406108,0x18FF00F7,1,0 state
ACT_DCBUSVOLTAGE M13,1771291844.7406108,0x18FF00F7,1,1.25 V
ACT_DCBUSPOWER M13,1771291844.7406108,0x18FF00F7,1,0.00 kw
ACT_DEVICETEMPERATURE M13,1771291844.7406108,0x18FF00F7,1,27.00 °C
ACT_INVERTERSTATUS A13,1771291844.7457926,0x18FF01F7,1,0 state
ACT_INVERTERREADY A13,1771291844.7457926,0x18FF01F7,1,0 state
ACT_ERRORSTATUS A13,1771291844.7457926,0x18FF01F7,1,0 state
ACT_SPEED A13,1771291844.7457926,0x18FF01F7,1,0.00 rpm
ACT_TORQUE A13,1771291844.7457926,0x18FF01F7,1,0.00 Nm
ACT_POWER A13,1771291844.7457926,0x18FF01F7,1,0.00 kw
ACT_MOTORTEMPERATURE A13,1771291844.7457926,0x18FF01F7,1,27.00 °C
ACT_INVERTERSTATUS B13,1771291844.7509604,0x18FF02F7,1,0 state
ACT_INVERTERREADY B13,1771291844.7509604,0x18FF02F7,1,0 state
ACT_ERRORSTATUS B13,1771291844.7509604,0x18FF02F7,1,0 state
ACT_SPEED B13,1771291844.7509604,0x18FF02F7,1,0.00 rpm
ACT_TORQUE B13,1771291844.7509604,0x18FF02F7,1,0.00 Nm
ACT_POWER B13,1771291844.7509604,0x18FF02F7,1,0.00 kw
ACT_MOTORTEMPERATURE B13,1771291844.7509604,0x18FF02F7,1,28.00 °C
DEVICESTATE M13,1771291844.8406055,0x18FF00F7,1,0 state
ERRORLAMP M13,1771291844.8406055,0x18FF00F7,1,0 state
DEVICENUMBER M13,1771291844.8406055,0x18FF00F7,1,14 state
CLAMP15_STATUS M13,1771291844.8406055,0x18FF00F7,1,1 state
PRECHARGED M13,1771291844.8406055,0x18FF00F7,1,1 state
STATUS_ BIT_FLEX_IN_OUT_SIGNAL1 M13,1771291844.8406055,0x18FF00F7,1,3 state
STATUS_ BIT_FLEX_IN_OUT_SIGNAL2 M13,1771291844.8406055,0x18FF00F7,1,3 state
ERROR CODE  M13,1771291844.8406055,0x18FF00F7,1,0 state
ACT_DCBUSVOLTAGE M13,1771291844.8406055,0x18FF00F7,1,1.25 V
ACT_DCBUSPOWER M13,1771291844.8406055,0x18FF00F7,1,0.00 kw
ACT_DEVICETEMPERATURE M13,1771291844.8406055,0x18FF00F7,1,27.00 °C
ACT_INVERTERSTATUS A13,1771291844.8457935,0x18FF01F7,1,0 state
ACT_INVERTERREADY A13,1771291844.8457935,0x18FF01F7,1,0 state
ACT_ERRORSTATUS A13,1771291844.8457935,0x18FF01F7,1,0 state
ACT_SPEED A13,1771291844.8457935,0x18FF01F7,1,0.00 rpm
ACT_TORQUE A13,1771291844.8457935,0x18FF01F7,1,0.00 Nm
ACT_POWER A13,1771291844.8457935,0x18FF01F7,1,0.00 kw
ACT_MOTORTEMPERATURE A13,1771291844.8457935,0x18FF01F7,1,27.00 °C
ACT_INVERTERSTATUS B13,1771291844.8507311,0x18FF02F7,1,0 state
ACT_INVERTERREADY B13,1771291844.8507311,0x18FF02F7,1,0 state
ACT_ERRORSTATUS B13,1771291844.8507311,0x18FF02F7,1,0 state
ACT_SPEED B13,1771291844.8507311,0x18FF02F7,1,0.00 rpm
ACT_TORQUE B13,1771291844.8507311,0x18FF02F7,1,0.00 Nm
ACT_POWER B13,1771291844.8507311,0x18FF02F7,1,0.00 kw
ACT_MOTORTEMPERATURE B13,1771291844.8507311,0x18FF02F7,1,28.00 °C
DEVICESTATE M13,1771291844.9409456,0x18FF00F7,1,0 state
ERRORLAMP M13,1771291844.9409456,0x18FF00F7,1,0 state
DEVICENUMBER M13,1771291844.9409456,0x18FF00F7,1,14 state
CLAMP15_STATUS M13,1771291844.9409456,0x18FF00F7,1,1 state
PRECHARGED M13,1771291844.9409456,0x18FF00F7,1,1 state
STATUS_ BIT_FLEX_IN_OUT_SIGNAL1 M13,1771291844.9409456,0x18FF00F7,1,3 state
STATUS_ BIT_FLEX_IN_OUT_SIGNAL2 M13,1771291844.9409456,0x18FF00F7,1,3 state
ERROR CODE  M13,1771291844.9409456,0x18FF00F7,1,0 state
ACT_DCBUSVOLTAGE M13,1771291844.9409456,0x18FF00F7,1,1.25 V
ACT_DCBUSPOWER M13,1771291844.9409456,0x18FF00F7,1,0.00 kw
ACT_DEVICETEMPERATURE M13,1771291844.9409456,0x18FF00F7,1,27.00 °C
ACT_INVERTERSTATUS A13,1771291844.9458792,0x18FF01F7,1,0 state
ACT_INVERTERREADY A13,1771291844.9458792,0x18FF01F7,1,0 state
ACT_ERRORSTATUS A13,1771291844.9458792,0x18FF01F7,1,0 state
ACT_SPEED A13,1771291844.9458792,0x18FF01F7,1,0.00 rpm
ACT_TORQUE A13,1771291844.9458792,0x18FF01F7,1,0.00 Nm
ACT_POWER A13,1771291844.9458792,0x18FF01F7,1,0.00 kw
ACT_MOTORTEMPERATURE A13,1771291844.9458792,0x18FF01F7,1,27.00 °C
ACT_INVERTERSTATUS B13,1771291844.9505374,0x18FF02F7,1,0 state
ACT_INVERTERREADY B13,1771291844.9505374,0x18FF02F7,1,0 state
ACT_ERRORSTATUS B13,1771291844.9505374,0x18FF02F7,1,0 state
ACT_SPEED B13,1771291844.9505374,0x18FF02F7,1,0.00 rpm
ACT_TORQUE B13,1771291844.9505374,0x18FF02F7,1,0.00 Nm
ACT_POWER B13,1771291844.9505374,0x18FF02F7,1,0.00 kw
ACT_MOTORTEMPERATURE B13,1771291844.9505374,0x18FF02F7,1,28.00 °C
DEVICESTATE M13,1771291845.0407462,0x18FF00F7,1,0 state
ERRORLAMP M13,1771291845.0407462,0x18FF00F7,1,0 state
DEVICENUMBER M13,1771291845.0407462,0x18FF00F7,1,14 state
CLAMP15_STATUS M13,1771291845.0407462,0x18FF00F7,1,1 state
PRECHARGED M13,1771291845.0407462,0x18FF00F7,1,1 state
STATUS_ BIT_FLEX_IN_OUT_SIGNAL1 M13,1771291845.0407462,0x18FF00F7,1,3 state
STATUS_ BIT_FLEX_IN_OUT_SIGNAL2 M13,1771291845.0407462,0x18FF00F7,1,3 state
ERROR CODE  M13,1771291845.0407462,0x18FF00F7,1,0 state
ACT_DCBUSVOLTAGE M13,1771291845.0407462,0x18FF00F7,1,1.25 V
ACT_DCBUSPOWER M13,1771291845.0407462,0x18FF00F7,1,0.00 kw
ACT_DEVICETEMPERATURE M13,1771291845.0407462,0x18FF00F7,1,27.00 °C
ACT_INVERTERSTATUS A13,1771291845.0468733,0x18FF01F7,1,0 state
ACT_INVERTERREADY A13,1771291845.0468733,0x18FF01F7,1,0 state
ACT_ERRORSTATUS A13,1771291845.0468733,0x18FF01F7,1,0 state
ACT_SPEED A13,1771291845.0468733,0x18FF01F7,1,0.00 rpm
ACT_TORQUE A13,1771291845.0468733,0x18FF01F7,1,0.00 Nm
ACT_POWER A13,1771291845.0468733,0x18FF01F7,1,0.00 kw
ACT_MOTORTEMPERATURE A13,1771291845.0468733,0x18FF01F7,1,27.00 °C
ACT_INVERTERSTATUS B13,1771291845.050618,0x18FF02F7,1,0 state
ACT_INVERTERREADY B13,1771291845.050618,0x18FF02F7,1,0 state
ACT_ERRORSTATUS B13,1771291845.050618,0x18FF02F7,1,0 state
ACT_SPEED B13,1771291845.050618,0x18FF02F7,1,0.00 rpm
ACT_TORQUE B13,1771291845.050618,0x18FF02F7,1,0.00 Nm
ACT_POWER B13,1771291845.050618,0x18FF02F7,1,0.00 kw
ACT_MOTORTEMPERATURE B13,1771291845.050618,0x18FF02F7,1,28.00 °C
DEVICESTATE M13,1771291845.1406786,0x18FF00F7,1,0 state
ERRORLAMP M13,1771291845.1406786,0x18FF00F7,1,0 state
DEVICENUMBER M13,1771291845.1406786,0x18FF00F7,1,14 state
CLAMP15_STATUS M13,1771291845.1406786,0x18FF00F7,1,1 state
PRECHARGED M13,1771291845.1406786,0x18FF00F7,1,1 state
STATUS_ BIT_FLEX_IN_OUT_SIGNAL1 M13,1771291845.1406786,0x18FF00F7,1,3 state
STATUS_ BIT_FLEX_IN_OUT_SIGNAL2 M13,1771291845.1406786,0x18FF00F7,1,3 state
ERROR CODE  M13,1771291845.1406786,0x18FF00F7,1,0 state
ACT_DCBUSVOLTAGE M13,1771291845.1406786,0x18FF00F7,1,1.25 V
ACT_DCBUSPOWER M13,1771291845.1406786,0x18FF00F7,1,0.00 kw
ACT_DEVICETEMPERATURE M13,1771291845.1406786,0x18FF00F7,1,27.00 °C
ACT_INVERTERSTATUS A13,1771291845.1458428,0x18FF01F7,1,0 state
ACT_INVERTERREADY A13,1771291845.1458428,0x18FF01F7,1,0 state
ACT_ERRORSTATUS A13,1771291845.1458428,0x18FF01F7,1,0 state
ACT_SPEED A13,1771291845.1458428,0x18FF01F7,1,0.00 rpm
ACT_TORQUE A13,1771291845.1458428,0x18FF01F7,1,0.00 Nm
ACT_POWER A13,1771291845.1458428,0x18FF01F7,1,0.00 kw
ACT_MOTORTEMPERATURE A13,1771291845.1458428,0x18FF01F7,1,27.00 °C
ACT_INVERTERSTATUS B13,1771291845.1508877,0x18FF02F7,1,0 state
ACT_INVERTERREADY B13,1771291845.1508877,0x18FF02F7,1,0 state
ACT_ERRORSTATUS B13,1771291845.1508877,0x18FF02F7,1,0 state
ACT_SPEED B13,1771291845.1508877,0x18FF02F7,1,0.00 rpm
ACT_TORQUE B13,1771291845.1508877,0x18FF02F7,1,0.00 Nm
ACT_POWER B13,1771291845.1508877,0x18FF02F7,1,0.00 kw
ACT_MOTORTEMPERATURE B13,1771291845.1508877,0x18FF02F7,1,28.00 °C
DEVICESTATE M13,1771291845.2409275,0x18FF00F7,1,0 state
ERRORLAMP M13,1771291845.2409275,0x18FF00F7,1,0 state
DEVICENUMBER M13,1771291845.2409275,0x18FF00F7,1,14 state
CLAMP15_STATUS M13,1771291845.2409275,0x18FF00F7,1,1 state
PRECHARGED M13,1771291845.2409275,0x18FF00F7,1,1 state
STATUS_ BIT_FLEX_IN_OUT_SIGNAL1 M13,1771291845.2409275,0x18FF00F7,1,3 state
STATUS_ BIT_FLEX_IN_OUT_SIGNAL2 M13,1771291845.2409275,0x18FF00F7,1,3 state
ERROR CODE  M13,1771291845.2409275,0x18FF00F7,1,0 state
ACT_DCBUSVOLTAGE M13,1771291845.2409275,0x18FF00F7,1,1.25 V
ACT_DCBUSPOWER M13,1771291845.2409275,0x18FF00F7,1,0.00 kw
ACT_DEVICETEMPERATURE M13,1771291845.2409275,0x18FF00F7,1,27.00 °C
ACT_INVERTERSTATUS A13,1771291845.2458966,0x18FF01F7,1,0 state
ACT_INVERTERREADY A13,1771291845.2458966,0x18FF01F7,1,0 state
ACT_ERRORSTATUS A13,1771291845.2458966,0x18FF01F7,1,0 state
ACT_SPEED A13,1771291845.2458966,0x18FF01F7,1,0.00 rpm
ACT_TORQUE A13,1771291845.2458966,0x18FF01F7,1,0.00 Nm
ACT_POWER A13,1771291845.2458966,0x18FF01F7,1,0.00 kw
ACT_MOTORTEMPERATURE A13,1771291845.2458966,0x18FF01F7,1,27.00 °C
ACT_INVERTERSTATUS B13,1771291845.2508576,0x18FF02F7,1,0 state
ACT_INVERTERREADY B13,1771291845.2508576,0x18FF02F7,1,0 state
ACT_ERRORSTATUS B13,1771291845.2508576,0x18FF02F7,1,0 state
ACT_SPEED B13,1771291845.2508576,0x18FF02F7,1,0.00 rpm
ACT_TORQUE B13,1771291845.2508576,0x18FF02F7,1,0.00 Nm
ACT_POWER B13,1771291845.2508576,0x18FF02F7,1,0.00 kw
ACT_MOTORTEMPERATURE B13,1771291845.2508576,0x18FF02F7,1,28.00 °C
DEVICESTATE M13,1771291845.3409498,0x18FF00F7,1,0 state
ERRORLAMP M13,1771291845.3409498,0x18FF00F7,1,0 state
DEVICENUMBER M13,1771291845.3409498,0x18FF00F7,1,14 state
CLAMP15_STATUS M13,1771291845.3409498,0x18FF00F7,1,1 state
PRECHARGED M13,1771291845.3409498,0x18FF00F7,1,1 state
STATUS_ BIT_FLEX_IN_OUT_SIGNAL1 M13,1771291845.3409498,0x18FF00F7,1,3 state
STATUS_ BIT_FLEX_IN_OUT_SIGNAL2 M13,1771291845.3409498,0x18FF00F7,1,3 state
ERROR CODE  M13,1771291845.3409498,0x18FF00F7,1,0 state
ACT_DCBUSVOLTAGE M13,1771291845.3409498,0x18FF00F7,1,1.25 V
ACT_DCBUSPOWER M13,1771291845.3409498,0x18FF00F7,1,0.00 kw
ACT_DEVICETEMPERATURE M13,1771291845.3409498,0x18FF00F7,1,27.00 °C
ACT_INVERTERSTATUS A13,1771291845.3454654,0x18FF01F7,1,0 state
ACT_INVERTERREADY A13,1771291845.3454654,0x18FF01F7,1,0 state
ACT_ERRORSTATUS A13,1771291845.3454654,0x18FF01F7,1,0 state
ACT_SPEED A13,1771291845.3454654,0x18FF01F7,1,0.00 rpm
ACT_TORQUE A13,1771291845.3454654,0x18FF01F7,1,0.00 Nm
ACT_POWER A13,1771291845.3454654,0x18FF01F7,1,0.00 kw
ACT_MOTORTEMPERATURE A13,1771291845.3454654,0x18FF01F7,1,27.00 °C
ACT_INVERTERSTATUS B13,1771291845.3505926,0x18FF02F7,1,0 state
ACT_INVERTERREADY B13,1771291845.3505926,0x18FF02F7,1,0 state
ACT_ERRORSTATUS B13,1771291845.3505926,0x18FF02F7,1,0 state
ACT_SPEED B13,1771291845.3505926,0x18FF02F7,1,0.00 rpm
ACT_TORQUE B13,1771291845.3505926,0x18FF02F7,1,0.00 Nm
ACT_POWER B13,1771291845.3505926,0x18FF02F7,1,0.00 kw
ACT_MOTORTEMPERATURE B13,1771291845.3505926,0x18FF02F7,1,28.00 °C
DEVICESTATE M13,1771291845.4408922,0x18FF00F7,1,0 state
ERRORLAMP M13,1771291845.4408922,0x18FF00F7,1,0 state
DEVICENUMBER M13,1771291845.4408922,0x18FF00F7,1,14 state
CLAMP15_STATUS M13,1771291845.4408922,0x18FF00F7,1,1 state
PRECHARGED M13,1771291845.4408922,0x18FF00F7,1,1 state
STATUS_ BIT_FLEX_IN_OUT_SIGNAL1 M13,1771291845.4408922,0x18FF00F7,1,3 state
STATUS_ BIT_FLEX_IN_OUT_SIGNAL2 M13,1771291845.4408922,0x18FF00F7,1,3 state
ERROR CODE  M13,1771291845.4408922,0x18FF00F7,1,0 state
ACT_DCBUSVOLTAGE M13,1771291845.4408922,0x18FF00F7,1,1.25 V
ACT_DCBUSPOWER M13,1771291845.4408922,0x18FF00F7,1,0.00 kw
ACT_DEVICETEMPERATURE M13,1771291845.4408922,0x18FF00F7,1,27.00 °C
ACT_INVERTERSTATUS A13,1771291845.445792,0x18FF01F7,1,0 state
ACT_INVERTERREADY A13,1771291845.445792,0x18FF01F7,1,0 state
ACT_ERRORSTATUS A13,1771291845.445792,0x18FF01F7,1,0 state
ACT_SPEED A13,1771291845.445792,0x18FF01F7,1,0.00 rpm
ACT_TORQUE A13,1771291845.445792,0x18FF01F7,1,0.00 Nm
ACT_POWER A13,1771291845.445792,0x18FF01F7,1,0.00 kw
ACT_MOTORTEMPERATURE A13,1771291845.445792,0x18FF01F7,1,27.00 °C
ACT_INVERTERSTATUS B13,1771291845.4507759,0x18FF02F7,1,0 state
ACT_INVERTERREADY B13,1771291845.4507759,0x18FF02F7,1,0 state
ACT_ERRORSTATUS B13,1771291845.4507759,0x18FF02F7,1,0 state
ACT_SPEED B13,1771291845.4507759,0x18FF02F7,1,0.00 rpm
ACT_TORQUE B13,1771291845.4507759,0x18FF02F7,1,0.00 Nm
ACT_POWER B13,1771291845.4507759,0x18FF02F7,1,0.00 kw
ACT_MOTORTEMPERATURE B13,1771291845.4507759,0x18FF02F7,1,28.00 °C
DEVICESTATE M13,1771291845.540788,0x18FF00F7,1,0 state
ERRORLAMP M13,1771291845.540788,0x18FF00F7,1,0 state
DEVICENUMBER M13,1771291845.540788,0x18FF00F7,1,14 state
CLAMP15_STATUS M13,1771291845.540788,0x18FF00F7,1,1 state
PRECHARGED M13,1771291845.540788,0x18FF00F7,1,1 state
STATUS_ BIT_FLEX_IN_OUT_SIGNAL1 M13,1771291845.540788,0x18FF00F7,1,3 state
STATUS_ BIT_FLEX_IN_OUT_SIGNAL2 M13,1771291845.540788,0x18FF00F7,1,3 state
ERROR CODE  M13,1771291845.540788,0x18FF00F7,1,0 state
ACT_DCBUSVOLTAGE M13,1771291845.540788,0x18FF00F7,1,1.25 V
ACT_DCBUSPOWER M13,1771291845.540788,0x18FF00F7,1,0.00 kw
ACT_DEVICETEMPERATURE M13,1771291845.540788,0x18FF00F7,1,27.00 °C
ACT_INVERTERSTATUS A13,1771291845.5460505,0x18FF01F7,1,0 state
ACT_INVERTERREADY A13,1771291845.5460505,0x18FF01F7,1,0 state
ACT_ERRORSTATUS A13,1771291845.5460505,0x18FF01F7,1,0 state
ACT_SPEED A13,1771291845.5460505,0x18FF01F7,1,0.00 rpm
ACT_TORQUE A13,1771291845.5460505,0x18FF01F7,1,0.00 Nm
ACT_POWER A13,1771291845.5460505,0x18FF01F7,1,0.00 kw
ACT_MOTORTEMPERATURE A13,1771291845.5460505,0x18FF01F7,1,27.00 °C
ACT_INVERTERSTATUS B13,1771291845.5506096,0x18FF02F7,1,0 state
ACT_INVERTERREADY B13,1771291845.5506096,0x18FF02F7,1,0 state
ACT_ERRORSTATUS B13,1771291845.5506096,0x18FF02F7,1,0 state
ACT_SPEED B13,1771291845.5506096,0x18FF02F7,1,0.00 rpm
ACT_TORQUE B13,1771291845.5506096,0x18FF02F7,1,0.00 Nm
ACT_POWER B13,1771291845.5506096,0x18FF02F7,1,0.00 kw
ACT_MOTORTEMPERATURE B13,1771291845.5506096,0x18FF02F7,1,28.00 °C
DEVICESTATE M13,1771291845.640911,0x18FF00F7,1,0 state
ERRORLAMP M13,1771291845.640911,0x18FF00F7,1,0 state
DEVICENUMBER M13,1771291845.640911,0x18FF00F7,1,14 state
CLAMP15_STATUS M13,1771291845.640911,0x18FF00F7,1,1 state
PRECHARGED M13,1771291845.640911,0x18FF00F7,1,1 state
STATUS_ BIT_FLEX_IN_OUT_SIGNAL1 M13,1771291845.640911,0x18FF00F7,1,3 state
STATUS_ BIT_FLEX_IN_OUT_SIGNAL2 M13,1771291845.640911,0x18FF00F7,1,3 state
ERROR CODE  M13,1771291845.640911,0x18FF00F7,1,0 state
ACT_DCBUSVOLTAGE M13,1771291845.640911,0x18FF00F7,1,1.25 V
ACT_DCBUSPOWER M13,1771291845.640911,0x18FF00F7,1,0.00 kw
ACT_DEVICETEMPERATURE M13,1771291845.640911,0x18FF00F7,1,27.00 °C
ACT_INVERTERSTATUS A13,1771291845.6459897,0x18FF01F7,1,0 state
ACT_INVERTERREADY A13,1771291845.6459897,0x18FF01F7,1,0 state
ACT_ERRORSTATUS A13,1771291845.6459897,0x18FF01F7,1,0 state
ACT_SPEED A13,1771291845.6459897,0x18FF01F7,1,0.00 rpm
ACT_TORQUE A13,1771291845.6459897,0x18FF01F7,1,0.00 Nm
ACT_POWER A13,1771291845.6459897,0x18FF01F7,1,0.00 kw
ACT_MOTORTEMPERATURE A13,1771291845.6459897,0x18FF01F7,1,27.00 °C
ACT_INVERTERSTATUS B13,1771291845.6505127,0x18FF02F7,1,0 state
ACT_INVERTERREADY B13,1771291845.6505127,0x18FF02F7,1,0 state
ACT_ERRORSTATUS B13,1771291845.6505127,0x18FF02F7,1,0 state
ACT_SPEED B13,1771291845.6505127,0x18FF02F7,1,0.00 rpm
ACT_TORQUE B13,1771291845.6505127,0x18FF02F7,1,0.00 Nm
ACT_POWER B13,1771291845.6505127,0x18FF02F7,1,0.00 kw
ACT_MOTORTEMPERATURE B13,1771291845.6505127,0x18FF02F7,1,28.00 °C
DEVICESTATE M13,1771291845.7407563,0x18FF00F7,1,0 state
ERRORLAMP M13,1771291845.7407563,0x18FF00F7,1,0 state
DEVICENUMBER M13,1771291845.7407563,0x18FF00F7,1,14 state
CLAMP15_STATUS M13,1771291845.7407563,0x18FF00F7,1,1 state
PRECHARGED M13,1771291845.7407563,0x18FF00F7,1,1 state
STATUS_ BIT_FLEX_IN_OUT_SIGNAL1 M13,1771291845.7407563,0x18FF00F7,1,3 state
STATUS_ BIT_FLEX_IN_OUT_SIGNAL2 M13,1771291845.7407563,0x18FF00F7,1,3 state
ERROR CODE  M13,1771291845.7407563,0x18FF00F7,1,0 state
ACT_DCBUSVOLTAGE M13,1771291845.7407563,0x18FF00F7,1,1.25 V
ACT_DCBUSPOWER M13,1771291845.7407563,0x18FF00F7,1,0.00 kw
ACT_DEVICETEMPERATURE M13,1771291845.7407563,0x18FF00F7,1,27.00 °C
ACT_INVERTERSTATUS A13,1771291845.7459302,0x18FF01F7,1,0 state
ACT_INVERTERREADY A13,1771291845.7459302,0x18FF01F7,1,0 state
ACT_ERRORSTATUS A13,1771291845.7459302,0x18FF01F7,1,0 state
ACT_SPEED A13,1771291845.7459302,0x18FF01F7,1,0.00 rpm
ACT_TORQUE A13,1771291845.7459302,0x18FF01F7,1,0.00 Nm
ACT_POWER A13,1771291845.7459302,0x18FF01F7,1,0.00 kw
ACT_MOTORTEMPERATURE A13,1771291845.7459302,0x18FF01F7,1,27.00 °C
ACT_INVERTERSTATUS B13,1771291845.7507436,0x18FF02F7,1,0 state
ACT_INVERTERREADY B13,1771291845.7507436,0x18FF02F7,1,0 state
ACT_ERRORSTATUS B13,1771291845.7507436,0x18FF02F7,1,0 state
ACT_SPEED B13,1771291845.7507436,0x18FF02F7,1,0.00 rpm
ACT_TORQUE B13,1771291845.7507436,0x18FF02F7,1,0.00 Nm
ACT_POWER B13,1771291845.7507436,0x18FF02F7,1,0.00 kw
ACT_MOTORTEMPERATURE B13,1771291845.7507436,0x18FF02F7,1,28.00 °C
DEVICESTATE M13,1771291845.8406405,0x18FF00F7,1,0 state
ERRORLAMP M13,1771291845.8406405,0x18FF00F7,1,0 state
DEVICENUMBER M13,1771291845.8406405,0x18FF00F7,1,14 state
CLAMP15_STATUS M13,1771291845.8406405,0x18FF00F7,1,1 state
PRECHARGED M13,1771291845.8406405,0x18FF00F7,1,1 state
STATUS_ BIT_FLEX_IN_OUT_SIGNAL1 M13,1771291845.8406405,0x18FF00F7,1,3 state
STATUS_ BIT_FLEX_IN_OUT_SIGNAL2 M13,1771291845.8406405,0x18FF00F7,1,3 state
ERROR CODE  M13,1771291845.8406405,0x18FF00F7,1,0 state
ACT_DCBUSVOLTAGE M13,1771291845.8406405,0x18FF00F7,1,1.25 V
ACT_DCBUSPOWER M13,1771291845.8406405,0x18FF00F7,1,0.00 kw
ACT_DEVICETEMPERATURE M13,1771291845.8406405,0x18FF00F7,1,27.00 °C
ACT_INVERTERSTATUS A13,1771291845.8458397,0x18FF01F7,1,0 state
ACT_INVERTERREADY A13,1771291845.8458397,0x18FF01F7,1,0 state
ACT_ERRORSTATUS A13,1771291845.8458397,0x18FF01F7,1,0 state
ACT_SPEED A13,1771291845.8458397,0x18FF01F7,1,0.00 rpm
ACT_TORQUE A13,1771291845.8458397,0x18FF01F7,1,0.00 Nm
ACT_POWER A13,1771291845.8458397,0x18FF01F7,1,0.00 kw
ACT_MOTORTEMPERATURE A13,1771291845.8458397,0x18FF01F7,1,27.00 °C
ACT_INVERTERSTATUS B13,1771291845.8507032,0x18FF02F7,1,0 state
ACT_INVERTERREADY B13,1771291845.8507032,0x18FF02F7,1,0 state
ACT_ERRORSTATUS B13,1771291845.8507032,0x18FF02F7,1,0 state
ACT_SPEED B13,1771291845.8507032,0x18FF02F7,1,0.00 rpm
ACT_TORQUE B13,1771291845.8507032,0x18FF02F7,1,0.00 Nm
ACT_POWER B13,1771291845.8507032,0x18FF02F7,1,0.00 kw
ACT_MOTORTEMPERATURE B13,1771291845.8507032,0x18FF02F7,1,28.00 °C
DEVICESTATE M13,1771291845.9406853,0x18FF00F7,1,0 state
ERRORLAMP M13,1771291845.9406853,0x18FF00F7,1,0 state
DEVICENUMBER M13,1771291845.9406853,0x18FF00F7,1,14 state
CLAMP15_STATUS M13,1771291845.9406853,0x18FF00F7,1,1 state
PRECHARGED M13,1771291845.9406853,0x18FF00F7,1,1 state
STATUS_ BIT_FLEX_IN_OUT_SIGNAL1 M13,1771291845.9406853,0x18FF00F7,1,3 state
STATUS_ BIT_FLEX_IN_OUT_SIGNAL2 M13,1771291845.9406853,0x18FF00F7,1,3 state
ERROR CODE  M13,1771291845.9406853,0x18FF00F7,1,0 state
ACT_DCBUSVOLTAGE M13,1771291845.9406853,0x18FF00F7,1,1.25 V
ACT_DCBUSPOWER M13,1771291845.9406853,0x18FF00F7,1,0.00 kw
ACT_DEVICETEMPERATURE M13,1771291845.9406853,0x18FF00F7,1,27.00 °C
ACT_INVERTERSTATUS A13,1771291845.9460075,0x18FF01F7,1,0 state
ACT_INVERTERREADY A13,1771291845.9460075,0x18FF01F7,1,0 state
ACT_ERRORSTATUS A13,1771291845.9460075,0x18FF01F7,1,0 state
ACT_SPEED A13,1771291845.9460075,0x18FF01F7,1,0.00 rpm
ACT_TORQUE A13,1771291845.9460075,0x18FF01F7,1,0.00 Nm
ACT_POWER A13,1771291845.9460075,0x18FF01F7,1,0.00 kw
ACT_MOTORTEMPERATURE A13,1771291845.9460075,0x18FF01F7,1,27.00 °C
ACT_INVERTERSTATUS B13,1771291845.9507225,0x18FF02F7,1,0 state
ACT_INVERTERREADY B13,1771291845.9507225,0x18FF02F7,1,0 state
ACT_ERRORSTATUS B13,1771291845.9507225,0x18FF02F7,1,0 state
ACT_SPEED B13,1771291845.9507225,0x18FF02F7,1,0.00 rpm
ACT_TORQUE B13,1771291845.9507225,0x18FF02F7,1,0.00 Nm
ACT_POWER B13,1771291845.9507225,0x18FF02F7,1,0.00 kw
ACT_MOTORTEMPERATURE B13,1771291845.9507225,0x18FF02F7,1,28.00 °C
DEVICESTATE M13,1771291846.0409667,0x18FF00F7,1,0 state
ERRORLAMP M13,1771291846.0409667,0x18FF00F7,1,0 state
DEVICENUMBER M13,1771291846.0409667,0x18FF00F7,1,14 state
CLAMP15_STATUS M13,1771291846.0409667,0x18FF00F7,1,1 state
PRECHARGED M13,1771291846.0409667,0x18FF00F7,1,1 state
STATUS_ BIT_FLEX_IN_OUT_SIGNAL1 M13,1771291846.0409667,0x18FF00F7,1,3 state
STATUS_ BIT_FLEX_IN_OUT_SIGNAL2 M13,1771291846.0409667,0x18FF00F7,1,3 state
ERROR CODE  M13,1771291846.0409667,0x18FF00F7,1,0 state
ACT_DCBUSVOLTAGE M13,1771291846.0409667,0x18FF00F7,1,1.25 V
ACT_DCBUSPOWER M13,1771291846.0409667,0x18FF00F7,1,0.00 kw
ACT_DEVICETEMPERATURE M13,1771291846.0409667,0x18FF00F7,1,27.00 °C
ACT_INVERTERSTATUS A13,1771291846.0457025,0x18FF01F7,1,0 state
ACT_INVERTERREADY A13,1771291846.0457025,0x18FF01F7,1,0 state
ACT_ERRORSTATUS A13,1771291846.0457025,0x18FF01F7,1,0 state
ACT_SPEED A13,1771291846.0457025,0x18FF01F7,1,0.00 rpm
ACT_TORQUE A13,1771291846.0457025,0x18FF01F7,1,0.00 Nm
ACT_POWER A13,1771291846.0457025,0x18FF01F7,1,0.00 kw
ACT_MOTORTEMPERATURE A13,1771291846.0457025,0x18FF01F7,1,27.00 °C
ACT_INVERTERSTATUS B13,1771291846.0504344,0x18FF02F7,1,0 state
ACT_INVERTERREADY B13,1771291846.0504344,0x18FF02F7,1,0 state
ACT_ERRORSTATUS B13,1771291846.0504344,0x18FF02F7,1,0 state
ACT_SPEED B13,1771291846.0504344,0x18FF02F7,1,0.00 rpm
ACT_TORQUE B13,1771291846.0504344,0x18FF02F7,1,0.00 Nm
ACT_POWER B13,1771291846.0504344,0x18FF02F7,1,0.00 kw
ACT_MOTORTEMPERATURE B13,1771291846.0504344,0x18FF02F7,1,28.00 °C
DEVICESTATE M13,1771291846.1409316,0x18FF00F7,1,0 state
ERRORLAMP M13,1771291846.1409316,0x18FF00F7,1,0 state
DEVICENUMBER M13,1771291846.1409316,0x18FF00F7,1,14 state
CLAMP15_STATUS M13,1771291846.1409316,0x18FF00F7,1,1 state
PRECHARGED M13,1771291846.1409316,0x18FF00F7,1,1 state
STATUS_ BIT_FLEX_IN_OUT_SIGNAL1 M13,1771291846.1409316,0x18FF00F7,1,3 state
STATUS_ BIT_FLEX_IN_OUT_SIGNAL2 M13,1771291846.1409316,0x18FF00F7,1,3 state
ERROR CODE  M13,1771291846.1409316,0x18FF00F7,1,0 state
ACT_DCBUSVOLTAGE M13,1771291846.1409316,0x18FF00F7,1,1.25 V
ACT_DCBUSPOWER M13,1771291846.1409316,0x18FF00F7,1,0.00 kw
ACT_DEVICETEMPERATURE M13,1771291846.1409316,0x18FF00F7,1,27.00 °C
ACT_INVERTERSTATUS A13,1771291846.1454635,0x18FF01F7,1,0 state
ACT_INVERTERREADY A13,1771291846.1454635,0x18FF01F7,1,0 state
ACT_ERRORSTATUS A13,1771291846.1454635,0x18FF01F7,1,0 state
ACT_SPEED A13,1771291846.1454635,0x18FF01F7,1,0.00 rpm
ACT_TORQUE A13,1771291846.1454635,0x18FF01F7,1,0.00 Nm
ACT_POWER A13,1771291846.1454635,0x18FF01F7,1,0.00 kw
ACT_MOTORTEMPERATURE A13,1771291846.1454635,0x18FF01F7,1,27.00 °C
ACT_INVERTERSTATUS B13,1771291846.1506636,0x18FF02F7,1,0 state
ACT_INVERTERREADY B13,1771291846.1506636,0x18FF02F7,1,0 state
ACT_ERRORSTATUS B13,1771291846.1506636,0x18FF02F7,1,0 state
ACT_SPEED B13,1771291846.1506636,0x18FF02F7,1,0.00 rpm
ACT_TORQUE B13,1771291846.1506636,0x18FF02F7,1,0.00 Nm
ACT_POWER B13,1771291846.1506636,0x18FF02F7,1,0.00 kw
ACT_MOTORTEMPERATURE B13,1771291846.1506636,0x18FF02F7,1,28.00 °C
DEVICESTATE M13,1771291846.2406595,0x18FF00F7,1,0 state
ERRORLAMP M13,1771291846.2406595,0x18FF00F7,1,0 state
DEVICENUMBER M13,1771291846.2406595,0x18FF00F7,1,14 state
CLAMP15_STATUS M13,1771291846.2406595,0x18FF00F7,1,1 state
PRECHARGED M13,1771291846.2406595,0x18FF00F7,1,1 state
STATUS_ BIT_FLEX_IN_OUT_SIGNAL1 M13,1771291846.2406595,0x18FF00F7,1,3 state
STATUS_ BIT_FLEX_IN_OUT_SIGNAL2 M13,1771291846.2406595,0x18FF00F7,1,3 state
ERROR CODE  M13,1771291846.2406595,0x18FF00F7,1,0 state
ACT_DCBUSVOLTAGE M13,1771291846.2406595,0x18FF00F7,1,1.25 V
ACT_DCBUSPOWER M13,1771291846.2406595,0x18FF00F7,1,0.00 kw
ACT_DEVICETEMPERATURE M13,1771291846.2406595,0x18FF00F7,1,27.00 °C
ACT_INVERTERSTATUS A13,1771291846.2456877,0x18FF01F7,1,0 state
ACT_INVERTERREADY A13,1771291846.2456877,0x18FF01F7,1,0 state
ACT_ERRORSTATUS A13,1771291846.2456877,0x18FF01F7,1,0 state
ACT_SPEED A13,1771291846.2456877,0x18FF01F7,1,0.00 rpm
ACT_TORQUE A13,1771291846.2456877,0x18FF01F7,1,0.00 Nm
ACT_POWER A13,1771291846.2456877,0x18FF01F7,1,0.00 kw
ACT_MOTORTEMPERATURE A13,1771291846.2456877,0x18FF01F7,1,27.00 °C
ACT_INVERTERSTATUS B13,1771291846.2506135,0x18FF02F7,1,0 state
ACT_INVERTERREADY B13,1771291846.2506135,0x18FF02F7,1,0 state
ACT_ERRORSTATUS B13,1771291846.2506135,0x18FF02F7,1,0 state
ACT_SPEED B13,1771291846.2506135,0x18FF02F7,1,0.00 rpm
ACT_TORQUE B13,1771291846.2506135,0x18FF02F7,1,0.00 Nm
ACT_POWER B13,1771291846.2506135,0x18FF02F7,1,0.00 kw
ACT_MOTORTEMPERATURE B13,1771291846.2506135,0x18FF02F7,1,28.00 °C
DEVICESTATE M13,1771291846.3407502,0x18FF00F7,1,0 state
ERRORLAMP M13,1771291846.3407502,0x18FF00F7,1,0 state
DEVICENUMBER M13,1771291846.3407502,0x18FF00F7,1,14 state
CLAMP15_STATUS M13,1771291846.3407502,0x18FF00F7,1,1 state
PRECHARGED M13,1771291846.3407502,0x18FF00F7,1,1 state
STATUS_ BIT_FLEX_IN_OUT_SIGNAL1 M13,1771291846.3407502,0x18FF00F7,1,3 state
STATUS_ BIT_FLEX_IN_OUT_SIGNAL2 M13,1771291846.3407502,0x18FF00F7,1,3 state
ERROR CODE  M13,1771291846.3407502,0x18FF00F7,1,0 state
ACT_DCBUSVOLTAGE M13,1771291846.3407502,0x18FF00F7,1,1.25 V
ACT_DCBUSPOWER M13,1771291846.3407502,0x18FF00F7,1,0.00 kw
ACT_DEVICETEMPERATURE M13,1771291846.3407502,0x18FF00F7,1,27.00 °C
ACT_INVERTERSTATUS A13,1771291846.345977,0x18FF01F7,1,0 state
ACT_INVERTERREADY A13,1771291846.345977,0x18FF01F7,1,0 state
ACT_ERRORSTATUS A13,1771291846.345977,0x18FF01F7,1,0 state
ACT_SPEED A13,1771291846.345977,0x18FF01F7,1,0.00 rpm
ACT_TORQUE A13,1771291846.345977,0x18FF01F7,1,0.00 Nm
ACT_POWER A13,1771291846.345977,0x18FF01F7,1,0.00 kw
ACT_MOTORTEMPERATURE A13,1771291846.345977,0x18FF01F7,1,27.00 °C
ACT_INVERTERSTATUS B13,1771291846.3506353,0x18FF02F7,1,0 state
ACT_INVERTERREADY B13,1771291846.3506353,0x18FF02F7,1,0 state
ACT_ERRORSTATUS B13,1771291846.3506353,0x18FF02F7,1,0 state
ACT_SPEED B13,1771291846.3506353,0x18FF02F7,1,0.00 rpm
ACT_TORQUE B13,1771291846.3506353,0x18FF02F7,1,0.00 Nm
ACT_POWER B13,1771291846.3506353,0x18FF02F7,1,0.00 kw
ACT_MOTORTEMPERATURE B13,1771291846.3506353,0x18FF02F7,1,28.00 °C
DEVICESTATE M13,1771291846.4407392,0x18FF00F7,1,0 state
ERRORLAMP M13,1771291846.4407392,0x18FF00F7,1,0 state
DEVICENUMBER M13,1771291846.4407392,0x18FF00F7,1,14 state
CLAMP15_STATUS M13,1771291846.4407392,0x18FF00F7,1,1 state
PRECHARGED M13,1771291846.4407392,0x18FF00F7,1,1 state
STATUS_ BIT_FLEX_IN_OUT_SIGNAL1 M13,1771291846.4407392,0x18FF00F7,1,3 state
STATUS_ BIT_FLEX_IN_OUT_SIGNAL2 M13,1771291846.4407392,0x18FF00F7,1,3 state
ERROR CODE  M13,1771291846.4407392,0x18FF00F7,1,0 state
ACT_DCBUSVOLTAGE M13,1771291846.4407392,0x18FF00F7,1,1.25 V
ACT_DCBUSPOWER M13,1771291846.4407392,0x18FF00F7,1,0.00 kw
ACT_DEVICETEMPERATURE M13,1771291846.4407392,0x18FF00F7,1,27.00 °C
ACT_INVERTERSTATUS A13,1771291846.4459455,0x18FF01F7,1,0 state
ACT_INVERTERREADY A13,1771291846.4459455,0x18FF01F7,1,0 state
ACT_ERRORSTATUS A13,1771291846.4459455,0x18FF01F7,1,0 state
ACT_SPEED A13,1771291846.4459455,0x18FF01F7,1,0.00 rpm
ACT_TORQUE A13,1771291846.4459455,0x18FF01F7,1,0.00 Nm
ACT_POWER A13,1771291846.4459455,0x18FF01F7,1,0.00 kw
ACT_MOTORTEMPERATURE A13,1771291846.4459455,0x18FF01F7,1,27.00 °C
ACT_INVERTERSTATUS B13,1771291846.450781,0x18FF02F7,1,0 state
ACT_INVERTERREADY B13,1771291846.450781,0x18FF02F7,1,0 state
ACT_ERRORSTATUS B13,1771291846.450781,0x18FF02F7,1,0 state
ACT_SPEED B13,1771291846.450781,0x18FF02F7,1,0.00 rpm
ACT_TORQUE B13,1771291846.450781,0x18FF02F7,1,0.00 Nm
ACT_POWER B13,1771291846.450781,0x18FF02F7,1,0.00 kw
ACT_MOTORTEMPERATURE B13,1771291846.450781,0x18FF02F7,1,28.00 °C
DEVICESTATE M13,1771291846.5406208,0x18FF00F7,1,0 state
ERRORLAMP M13,1771291846.5406208,0x18FF00F7,1,0 state
DEVICENUMBER M13,1771291846.5406208,0x18FF00F7,1,14 state
CLAMP15_STATUS M13,1771291846.5406208,0x18FF00F7,1,1 state
PRECHARGED M13,1771291846.5406208,0x18FF00F7,1,1 state
STATUS_ BIT_FLEX_IN_OUT_SIGNAL1 M13,1771291846.5406208,0x18FF00F7,1,3 state
STATUS_ BIT_FLEX_IN_OUT_SIGNAL2 M13,1771291846.5406208,0x18FF00F7,1,3 state
ERROR CODE  M13,1771291846.5406208,0x18FF00F7,1,0 state
ACT_DCBUSVOLTAGE M13,1771291846.5406208,0x18FF00F7,1,1.25 V
ACT_DCBUSPOWER M13,1771291846.5406208,0x18FF00F7,1,0.00 kw
ACT_DEVICETEMPERATURE M13,1771291846.5406208,0x18FF00F7,1,27.00 °C
ACT_INVERTERSTATUS A13,1771291846.5458293,0x18FF01F7,1,0 state
ACT_INVERTERREADY A13,1771291846.5458293,0x18FF01F7,1,0 state
ACT_ERRORSTATUS A13,1771291846.5458293,0x18FF01F7,1,0 state
ACT_SPEED A13,1771291846.5458293,0x18FF01F7,1,0.00 rpm
ACT_TORQUE A13,1771291846.5458293,0x18FF01F7,1,0.00 Nm
ACT_POWER A13,1771291846.5458293,0x18FF01F7,1,0.00 kw
ACT_MOTORTEMPERATURE A13,1771291846.5458293,0x18FF01F7,1,27.00 °C
ACT_INVERTERSTATUS B13,1771291846.55043,0x18FF02F7,1,0 state
ACT_INVERTERREADY B13,1771291846.55043,0x18FF02F7,1,0 state
ACT_ERRORSTATUS B13,1771291846.55043,0x18FF02F7,1,0 state
ACT_SPEED B13,1771291846.55043,0x18FF02F7,1,0.00 rpm
ACT_TORQUE B13,1771291846.55043,0x18FF02F7,1,0.00 Nm
ACT_POWER B13,1771291846.55043,0x18FF02F7,1,0.00 kw
ACT_MOTORTEMPERATURE B13,1771291846.55043,0x18FF02F7,1,28.00 °C
DEVICESTATE M13,1771291846.6409478,0x18FF00F7,1,0 state
ERRORLAMP M13,1771291846.6409478,0x18FF00F7,1,0 state
DEVICENUMBER M13,1771291846.6409478,0x18FF00F7,1,14 state
CLAMP15_STATUS M13,1771291846.6409478,0x18FF00F7,1,1 state
PRECHARGED M13,1771291846.6409478,0x18FF00F7,1,1 state
STATUS_ BIT_FLEX_IN_OUT_SIGNAL1 M13,1771291846.6409478,0x18FF00F7,1,3 state
STATUS_ BIT_FLEX_IN_OUT_SIGNAL2 M13,1771291846.6409478,0x18FF00F7,1,3 state
ERROR CODE  M13,1771291846.6409478,0x18FF00F7,1,0 state
ACT_DCBUSVOLTAGE M13,1771291846.6409478,0x18FF00F7,1,1.25 V
ACT_DCBUSPOWER M13,1771291846.6409478,0x18FF00F7,1,0.00 kw
ACT_DEVICETEMPERATURE M13,1771291846.6409478,0x18FF00F7,1,27.00 °C
ACT_INVERTERSTATUS A13,1771291846.6458871,0x18FF01F7,1,0 state
ACT_INVERTERREADY A13,1771291846.6458871,0x18FF01F7,1,0 state
ACT_ERRORSTATUS A13,1771291846.6458871,0x18FF01F7,1,0 state
ACT_SPEED A13,1771291846.6458871,0x18FF01F7,1,0.00 rpm
ACT_TORQUE A13,1771291846.6458871,0x18FF01F7,1,0.00 Nm
ACT_POWER A13,1771291846.6458871,0x18FF01F7,1,0.00 kw
ACT_MOTORTEMPERATURE A13,1771291846.6458871,0x18FF01F7,1,27.00 °C
ACT_INVERTERSTATUS B13,1771291846.6507816,0x18FF02F7,1,0 state
ACT_INVERTERREADY B13,1771291846.6507816,0x18FF02F7,1,0 state
ACT_ERRORSTATUS B13,1771291846.6507816,0x18FF02F7,1,0 state
ACT_SPEED B13,1771291846.6507816,0x18FF02F7,1,0.00 rpm
ACT_TORQUE B13,1771291846.6507816,0x18FF02F7,1,0.00 Nm
ACT_POWER B13,1771291846.6507816,0x18FF02F7,1,0.00 kw
ACT_MOTORTEMPERATURE B13,1771291846.6507816,0x18FF02F7,1,28.00 °C
DEVICESTATE M13,1771291846.740753,0x18FF00F7,1,0 state
ERRORLAMP M13,1771291846.740753,0x18FF00F7,1,0 state
DEVICENUMBER M13,1771291846.740753,0x18FF00F7,1,14 state
CLAMP15_STATUS M13,1771291846.740753,0x18FF00F7,1,1 state
PRECHARGED M13,1771291846.740753,0x18FF00F7,1,1 state
STATUS_ BIT_FLEX_IN_OUT_SIGNAL1 M13,1771291846.740753,0x18FF00F7,1,3 state
STATUS_ BIT_FLEX_IN_OUT_SIGNAL2 M13,1771291846.740753,0x18FF00F7,1,3 state
ERROR CODE  M13,1771291846.740753,0x18FF00F7,1,0 state
ACT_DCBUSVOLTAGE M13,1771291846.740753,0x18FF00F7,1,1.25 V
ACT_DCBUSPOWER M13,1771291846.740753,0x18FF00F7,1,0.00 kw
ACT_DEVICETEMPERATURE M13,1771291846.740753,0x18FF00F7,1,27.00 °C
ACT_INVERTERSTATUS A13,1771291846.7459815,0x18FF01F7,1,0 state
ACT_INVERTERREADY A13,1771291846.7459815,0x18FF01F7,1,0 state
ACT_ERRORSTATUS A13,1771291846.7459815,0x18FF01F7,1,0 state
ACT_SPEED A13,1771291846.7459815,0x18FF01F7,1,0.00 rpm
ACT_TORQUE A13,1771291846.7459815,0x18FF01F7,1,0.00 Nm
ACT_POWER A13,1771291846.7459815,0x18FF01F7,1,0.00 kw
ACT_MOTORTEMPERATURE A13,1771291846.7459815,0x18FF01F7,1,27.00 °C
ACT_INVERTERSTATUS B13,1771291846.7507684,0x18FF02F7,1,0 state
ACT_INVERTERREADY B13,1771291846.7507684,0x18FF02F7,1,0 state
ACT_ERRORSTATUS B13,1771291846.7507684,0x18FF02F7,1,0 state
ACT_SPEED B13,1771291846.7507684,0x18FF02F7,1,0.00 rpm
ACT_TORQUE B13,1771291846.7507684,0x18FF02F7,1,0.00 Nm
ACT_POWER B13,1771291846.7507684,0x18FF02F7,1,0.00 kw
ACT_MOTORTEMPERATURE B13,1771291846.7507684,0x18FF02F7,1,28.00 °C
DEVICESTATE M13,1771291846.8409276,0x18FF00F7,1,0 state
ERRORLAMP M13,1771291846.8409276,0x18FF00F7,1,0 state
DEVICENUMBER M13,1771291846.8409276,0x18FF00F7,1,14 state
CLAMP15_STATUS M13,1771291846.8409276,0x18FF00F7,1,1 state
PRECHARGED M13,1771291846.8409276,0x18FF00F7,1,1 state
STATUS_ BIT_FLEX_IN_OUT_SIGNAL1 M13,1771291846.8409276,0x18FF00F7,1,3 state
STATUS_ BIT_FLEX_IN_OUT_SIGNAL2 M13,1771291846.8409276,0x18FF00F7,1,3 state
ERROR CODE  M13,1771291846.8409276,0x18FF00F7,1,0 state
ACT_DCBUSVOLTAGE M13,1771291846.8409276,0x18FF00F7,1,1.25 V
ACT_DCBUSPOWER M13,1771291846.8409276,0x18FF00F7,1,0.00 kw
ACT_DEVICETEMPERATURE M13,1771291846.8409276,0x18FF00F7,1,27.00 °C
ACT_INVERTERSTATUS A13,1771291846.845854,0x18FF01F7,1,0 state
ACT_INVERTERREADY A13,1771291846.845854,0x18FF01F7,1,0 state
ACT_ERRORSTATUS A13,1771291846.845854,0x18FF01F7,1,0 state
ACT_SPEED A13,1771291846.845854,0x18FF01F7,1,0.00 rpm
ACT_TORQUE A13,1771291846.845854,0x18FF01F7,1,0.00 Nm
ACT_POWER A13,1771291846.845854,0x18FF01F7,1,0.00 kw
ACT_MOTORTEMPERATURE A13,1771291846.845854,0x18FF01F7,1,27.00 °C
ACT_INVERTERSTATUS B13,1771291846.8504803,0x18FF02F7,1,0 state
ACT_INVERTERREADY B13,1771291846.8504803,0x18FF02F7,1,0 state
ACT_ERRORSTATUS B13,1771291846.8504803,0x18FF02F7,1,0 state
ACT_SPEED B13,1771291846.8504803,0x18FF02F7,1,0.00 rpm
ACT_TORQUE B13,1771291846.8504803,0x18FF02F7,1,0.00 Nm
ACT_POWER B13,1771291846.8504803,0x18FF02F7,1,0.00 kw
ACT_MOTORTEMPERATURE B13,1771291846.8504803,0x18FF02F7,1,28.00 °C
DEVICESTATE M13,1771291846.9408553,0x18FF00F7,1,0 state
ERRORLAMP M13,1771291846.9408553,0x18FF00F7,1,0 state
DEVICENUMBER M13,1771291846.9408553,0x18FF00F7,1,14 state
CLAMP15_STATUS M13,1771291846.9408553,0x18FF00F7,1,1 state
PRECHARGED M13,1771291846.9408553,0x18FF00F7,1,1 state
STATUS_ BIT_FLEX_IN_OUT_SIGNAL1 M13,1771291846.9408553,0x18FF00F7,1,3 state
STATUS_ BIT_FLEX_IN_OUT_SIGNAL2 M13,1771291846.9408553,0x18FF00F7,1,3 state
ERROR CODE  M13,1771291846.9408553,0x18FF00F7,1,0 state
ACT_DCBUSVOLTAGE M13,1771291846.9408553,0x18FF00F7,1,1.25 V
ACT_DCBUSPOWER M13,1771291846.9408553,0x18FF00F7,1,0.00 kw
ACT_DEVICETEMPERATURE M13,1771291846.9408553,0x18FF00F7,1,27.00 °C
ACT_INVERTERSTATUS A13,1771291846.9458838,0x18FF01F7,1,0 state
ACT_INVERTERREADY A13,1771291846.9458838,0x18FF01F7,1,0 state
ACT_ERRORSTATUS A13,1771291846.9458838,0x18FF01F7,1,0 state
ACT_SPEED A13,1771291846.9458838,0x18FF01F7,1,0.00 rpm
ACT_TORQUE A13,1771291846.9458838,0x18FF01F7,1,0.00 Nm
ACT_POWER A13,1771291846.9458838,0x18FF01F7,1,0.00 kw
ACT_MOTORTEMPERATURE A13,1771291846.9458838,0x18FF01F7,1,27.00 °C
ACT_INVERTERSTATUS B13,1771291846.9507089,0x18FF02F7,1,0 state
ACT_INVERTERREADY B13,1771291846.9507089,0x18FF02F7,1,0 state
ACT_ERRORSTATUS B13,1771291846.9507089,0x18FF02F7,1,0 state
ACT_SPEED B13,1771291846.9507089,0x18FF02F7,1,0.00 rpm
ACT_TORQUE B13,1771291846.9507089,0x18FF02F7,1,0.00 Nm
ACT_POWER B13,1771291846.9507089,0x18FF02F7,1,0.00 kw
ACT_MOTORTEMPERATURE B13,1771291846.9507089,0x18FF02F7,1,28.00 °C
DEVICESTATE M13,1771291847.0410433,0x18FF00F7,1,0 state
ERRORLAMP M13,1771291847.0410433,0x18FF00F7,1,0 state
DEVICENUMBER M13,1771291847.0410433,0x18FF00F7,1,14 state
CLAMP15_STATUS M13,1771291847.0410433,0x18FF00F7,1,1 state
PRECHARGED M13,1771291847.0410433,0x18FF00F7,1,1 state
STATUS_ BIT_FLEX_IN_OUT_SIGNAL1 M13,1771291847.0410433,0x18FF00F7,1,3 state
STATUS_ BIT_FLEX_IN_OUT_SIGNAL2 M13,1771291847.0410433,0x18FF00F7,1,3 state
ERROR CODE  M13,1771291847.0410433,0x18FF00F7,1,0 state
ACT_DCBUSVOLTAGE M13,1771291847.0410433,0x18FF00F7,1,1.25 V
ACT_DCBUSPOWER M13,1771291847.0410433,0x18FF00F7,1,0.00 kw
ACT_DEVICETEMPERATURE M13,1771291847.0410433,0x18FF00F7,1,27.00 °C
ACT_INVERTERSTATUS A13,1771291847.0458834,0x18FF01F7,1,0 state
ACT_INVERTERREADY A13,1771291847.0458834,0x18FF01F7,1,0 state
ACT_ERRORSTATUS A13,1771291847.0458834,0x18FF01F7,1,0 state
ACT_SPEED A13,1771291847.0458834,0x18FF01F7,1,0.00 rpm
ACT_TORQUE A13,1771291847.0458834,0x18FF01F7,1,0.00 Nm
ACT_POWER A13,1771291847.0458834,0x18FF01F7,1,0.00 kw
ACT_MOTORTEMPERATURE A13,1771291847.0458834,0x18FF01F7,1,27.00 °C
ACT_INVERTERSTATUS B13,1771291847.050868,0x18FF02F7,1,0 state
ACT_INVERTERREADY B13,1771291847.050868,0x18FF02F7,1,0 state
ACT_ERRORSTATUS B13,1771291847.050868,0x18FF02F7,1,0 state
ACT_SPEED B13,1771291847.050868,0x18FF02F7,1,0.00 rpm
ACT_TORQUE B13,1771291847.050868,0x18FF02F7,1,0.00 Nm
ACT_POWER B13,1771291847.050868,0x18FF02F7,1,0.00 kw
ACT_MOTORTEMPERATURE B13,1771291847.050868,0x18FF02F7,1,28.00 °C
DEVICESTATE M13,1771291847.1408587,0x18FF00F7,1,0 state
ERRORLAMP M13,1771291847.1408587,0x18FF00F7,1,0 state
DEVICENUMBER M13,1771291847.1408587,0x18FF00F7,1,14 state
CLAMP15_STATUS M13,1771291847.1408587,0x18FF00F7,1,1 state
PRECHARGED M13,1771291847.1408587,0x18FF00F7,1,1 state
STATUS_ BIT_FLEX_IN_OUT_SIGNAL1 M13,1771291847.1408587,0x18FF00F7,1,3 state
STATUS_ BIT_FLEX_IN_OUT_SIGNAL2 M13,1771291847.1408587,0x18FF00F7,1,3 state
ERROR CODE  M13,1771291847.1408587,0x18FF00F7,1,0 state
ACT_DCBUSVOLTAGE M13,1771291847.1408587,0x18FF00F7,1,1.25 V
ACT_DCBUSPOWER M13,1771291847.1408587,0x18FF00F7,1,0.00 kw
ACT_DEVICETEMPERATURE M13,1771291847.1408587,0x18FF00F7,1,27.00 °C
ACT_INVERTERSTATUS A13,1771291847.1460214,0x18FF01F7,1,0 state
ACT_INVERTERREADY A13,1771291847.1460214,0x18FF01F7,1,0 state
ACT_ERRORSTATUS A13,1771291847.1460214,0x18FF01F7,1,0 state
ACT_SPEED A13,1771291847.1460214,0x18FF01F7,1,0.00 rpm
ACT_TORQUE A13,1771291847.1460214,0x18FF01F7,1,0.00 Nm
ACT_POWER A13,1771291847.1460214,0x18FF01F7,1,0.00 kw
ACT_MOTORTEMPERATURE A13,1771291847.1460214,0x18FF01F7,1,27.00 °C
ACT_INVERTERSTATUS B13,1771291847.1504962,0x18FF02F7,1,0 state
ACT_INVERTERREADY B13,1771291847.1504962,0x18FF02F7,1,0 state
ACT_ERRORSTATUS B13,1771291847.1504962,0x18FF02F7,1,0 state
ACT_SPEED B13,1771291847.1504962,0x18FF02F7,1,0.00 rpm
ACT_TORQUE B13,1771291847.1504962,0x18FF02F7,1,0.00 Nm
ACT_POWER B13,1771291847.1504962,0x18FF02F7,1,0.00 kw
ACT_MOTORTEMPERATURE B13,1771291847.1504962,0x18FF02F7,1,28.00 °C
DEVICESTATE M13,1771291847.2405386,0x18FF00F7,1,0 state
ERRORLAMP M13,1771291847.2405386,0x18FF00F7,1,0 state
DEVICENUMBER M13,1771291847.2405386,0x18FF00F7,1,14 state
CLAMP15_STATUS M13,1771291847.2405386,0x18FF00F7,1,1 state
PRECHARGED M13,1771291847.2405386,0x18FF00F7,1,1 state
STATUS_ BIT_FLEX_IN_OUT_SIGNAL1 M13,1771291847.2405386,0x18FF00F7,1,3 state
STATUS_ BIT_FLEX_IN_OUT_SIGNAL2 M13,1771291847.2405386,0x18FF00F7,1,3 state
ERROR CODE  M13,1771291847.2405386,0x18FF00F7,1,0 state
ACT_DCBUSVOLTAGE M13,1771291847.2405386,0x18FF00F7,1,1.25 V
ACT_DCBUSPOWER M13,1771291847.2405386,0x18FF00F7,1,0.00 kw
ACT_DEVICETEMPERATURE M13,1771291847.2405386,0x18FF00F7,1,27.00 °C
ACT_INVERTERSTATUS A13,1771291847.2456994,0x18FF01F7,1,0 state
ACT_INVERTERREADY A13,1771291847.2456994,0x18FF01F7,1,0 state
ACT_ERRORSTATUS A13,1771291847.2456994,0x18FF01F7,1,0 state
ACT_SPEED A13,1771291847.2456994,0x18FF01F7,1,0.00 rpm
ACT_TORQUE A13,1771291847.2456994,0x18FF01F7,1,0.00 Nm
ACT_POWER A13,1771291847.2456994,0x18FF01F7,1,0.00 kw
ACT_MOTORTEMPERATURE A13,1771291847.2456994,0x18FF01F7,1,27.00 °C
ACT_INVERTERSTATUS B13,1771291847.2506316,0x18FF02F7,1,0 state
ACT_INVERTERREADY B13,1771291847.2506316,0x18FF02F7,1,0 state
ACT_ERRORSTATUS B13,1771291847.2506316,0x18FF02F7,1,0 state
ACT_SPEED B13,1771291847.2506316,0x18FF02F7,1,0.00 rpm
ACT_TORQUE B13,1771291847.2506316,0x18FF02F7,1,0.00 Nm
ACT_POWER B13,1771291847.2506316,0x18FF02F7,1,0.00 kw
ACT_MOTORTEMPERATURE B13,1771291847.2506316,0x18FF02F7,1,28.00 °C
DEVICESTATE M13,1771291847.3408265,0x18FF00F7,1,0 state
ERRORLAMP M13,1771291847.3408265,0x18FF00F7,1,0 state
DEVICENUMBER M13,1771291847.3408265,0x18FF00F7,1,14 state
CLAMP15_STATUS M13,1771291847.3408265,0x18FF00F7,1,1 state
PRECHARGED M13,1771291847.3408265,0x18FF00F7,1,1 state
STATUS_ BIT_FLEX_IN_OUT_SIGNAL1 M13,1771291847.3408265,0x18FF00F7,1,3 state
STATUS_ BIT_FLEX_IN_OUT_SIGNAL2 M13,1771291847.3408265,0x18FF00F7,1,3 state
ERROR CODE  M13,1771291847.3408265,0x18FF00F7,1,0 state
ACT_DCBUSVOLTAGE M13,1771291847.3408265,0x18FF00F7,1,1.25 V
ACT_DCBUSPOWER M13,1771291847.3408265,0x18FF00F7,1,0.00 kw
ACT_DEVICETEMPERATURE M13,1771291847.3408265,0x18FF00F7,1,27.00 °C
ACT_INVERTERSTATUS A13,1771291847.3458836,0x18FF01F7,1,0 state
ACT_INVERTERREADY A13,1771291847.3458836,0x18FF01F7,1,0 state
ACT_ERRORSTATUS A13,1771291847.3458836,0x18FF01F7,1,0 state
ACT_SPEED A13,1771291847.3458836,0x18FF01F7,1,0.00 rpm
ACT_TORQUE A13,1771291847.3458836,0x18FF01F7,1,0.00 Nm
ACT_POWER A13,1771291847.3458836,0x18FF01F7,1,0.00 kw
ACT_MOTORTEMPERATURE A13,1771291847.3458836,0x18FF01F7,1,27.00 °C
ACT_INVERTERSTATUS B13,1771291847.3503964,0x18FF02F7,1,0 state
ACT_INVERTERREADY B13,1771291847.3503964,0x18FF02F7,1,0 state
ACT_ERRORSTATUS B13,1771291847.3503964,0x18FF02F7,1,0 state
ACT_SPEED B13,1771291847.3503964,0x18FF02F7,1,0.00 rpm
ACT_TORQUE B13,1771291847.3503964,0x18FF02F7,1,0.00 Nm
ACT_POWER B13,1771291847.3503964,0x18FF02F7,1,0.00 kw
ACT_MOTORTEMPERATURE B13,1771291847.3503964,0x18FF02F7,1,28.00 °C
DEVICESTATE M13,1771291847.440569,0x18FF00F7,1,0 state
ERRORLAMP M13,1771291847.440569,0x18FF00F7,1,0 state
DEVICENUMBER M13,1771291847.440569,0x18FF00F7,1,14 state
CLAMP15_STATUS M13,1771291847.440569,0x18FF00F7,1,1 state
PRECHARGED M13,1771291847.440569,0x18FF00F7,1,1 state
STATUS_ BIT_FLEX_IN_OUT_SIGNAL1 M13,1771291847.440569,0x18FF00F7,1,3 state
STATUS_ BIT_FLEX_IN_OUT_SIGNAL2 M13,1771291847.440569,0x18FF00F7,1,3 state
ERROR CODE  M13,1771291847.440569,0x18FF00F7,1,0 state
ACT_DCBUSVOLTAGE M13,1771291847.440569,0x18FF00F7,1,1.25 V
ACT_DCBUSPOWER M13,1771291847.440569,0x18FF00F7,1,0.00 kw
ACT_DEVICETEMPERATURE M13,1771291847.440569,0x18FF00F7,1,27.00 °C
ACT_INVERTERSTATUS A13,1771291847.4456282,0x18FF01F7,1,0 state
ACT_INVERTERREADY A13,1771291847.4456282,0x18FF01F7,1,0 state
ACT_ERRORSTATUS A13,1771291847.4456282,0x18FF01F7,1,0 state
ACT_SPEED A13,1771291847.4456282,0x18FF01F7,1,0.00 rpm
ACT_TORQUE A13,1771291847.4456282,0x18FF01F7,1,0.00 Nm
ACT_POWER A13,1771291847.4456282,0x18FF01F7,1,0.00 kw
ACT_MOTORTEMPERATURE A13,1771291847.4456282,0x18FF01F7,1,27.00 °C
ACT_INVERTERSTATUS B13,1771291847.4505732,0x18FF02F7,1,0 state
ACT_INVERTERREADY B13,1771291847.4505732,0x18FF02F7,1,0 state
ACT_ERRORSTATUS B13,1771291847.4505732,0x18FF02F7,1,0 state
ACT_SPEED B13,1771291847.4505732,0x18FF02F7,1,0.00 rpm
ACT_TORQUE B13,1771291847.4505732,0x18FF02F7,1,0.00 Nm
ACT_POWER B13,1771291847.4505732,0x18FF02F7,1,0.00 kw
ACT_MOTORTEMPERATURE B13,1771291847.4505732,0x18FF02F7,1,28.00 °C
DEVICESTATE M13,1771291847.5407217,0x18FF00F7,1,0 state
ERRORLAMP M13,1771291847.5407217,0x18FF00F7,1,0 state
DEVICENUMBER M13,1771291847.5407217,0x18FF00F7,1,14 state
CLAMP15_STATUS M13,1771291847.5407217,0x18FF00F7,1,1 state
PRECHARGED M13,1771291847.5407217,0x18FF00F7,1,1 state
STATUS_ BIT_FLEX_IN_OUT_SIGNAL1 M13,1771291847.5407217,0x18FF00F7,1,3 state
STATUS_ BIT_FLEX_IN_OUT_SIGNAL2 M13,1771291847.5407217,0x18FF00F7,1,3 state
ERROR CODE  M13,1771291847.5407217,0x18FF00F7,1,0 state
ACT_DCBUSVOLTAGE M13,1771291847.5407217,0x18FF00F7,1,1.25 V
ACT_DCBUSPOWER M13,1771291847.5407217,0x18FF00F7,1,0.00 kw
ACT_DEVICETEMPERATURE M13,1771291847.5407217,0x18FF00F7,1,27.00 °C
ACT_INVERTERSTATUS A13,1771291847.5461411,0x18FF01F7,1,0 state
ACT_INVERTERREADY A13,1771291847.5461411,0x18FF01F7,1,0 state
ACT_ERRORSTATUS A13,1771291847.5461411,0x18FF01F7,1,0 state
ACT_SPEED A13,1771291847.5461411,0x18FF01F7,1,0.00 rpm
ACT_TORQUE A13,1771291847.5461411,0x18FF01F7,1,0.00 Nm
ACT_POWER A13,1771291847.5461411,0x18FF01F7,1,0.00 kw
ACT_MOTORTEMPERATURE A13,1771291847.5461411,0x18FF01F7,1,27.00 °C
ACT_INVERTERSTATUS B13,1771291847.5506108,0x18FF02F7,1,0 state
ACT_INVERTERREADY B13,1771291847.5506108,0x18FF02F7,1,0 state
ACT_ERRORSTATUS B13,1771291847.5506108,0x18FF02F7,1,0 state
ACT_SPEED B13,1771291847.5506108,0x18FF02F7,1,0.00 rpm
ACT_TORQUE B13,1771291847.5506108,0x18FF02F7,1,0.00 Nm
ACT_POWER B13,1771291847.5506108,0x18FF02F7,1,0.00 kw
ACT_MOTORTEMPERATURE B13,1771291847.5506108,0x18FF02F7,1,28.00 °C
DEVICESTATE M13,1771291847.6407037,0x18FF00F7,1,0 state
ERRORLAMP M13,1771291847.6407037,0x18FF00F7,1,0 state
DEVICENUMBER M13,1771291847.6407037,0x18FF00F7,1,14 state
CLAMP15_STATUS M13,1771291847.6407037,0x18FF00F7,1,1 state
PRECHARGED M13,1771291847.6407037,0x18FF00F7,1,1 state
STATUS_ BIT_FLEX_IN_OUT_SIGNAL1 M13,1771291847.6407037,0x18FF00F7,1,3 state
STATUS_ BIT_FLEX_IN_OUT_SIGNAL2 M13,1771291847.6407037,0x18FF00F7,1,3 state
ERROR CODE  M13,1771291847.6407037,0x18FF00F7,1,0 state
ACT_DCBUSVOLTAGE M13,1771291847.6407037,0x18FF00F7,1,1.25 V
ACT_DCBUSPOWER M13,1771291847.6407037,0x18FF00F7,1,0.00 kw
ACT_DEVICETEMPERATURE M13,1771291847.6407037,0x18FF00F7,1,27.00 °C
ACT_INVERTERSTATUS A13,1771291847.6456583,0x18FF01F7,1,0 state
ACT_INVERTERREADY A13,1771291847.6456583,0x18FF01F7,1,0 state
ACT_ERRORSTATUS A13,1771291847.6456583,0x18FF01F7,1,0 state
ACT_SPEED A13,1771291847.6456583,0x18FF01F7,1,0.00 rpm
ACT_TORQUE A13,1771291847.6456583,0x18FF01F7,1,0.00 Nm
ACT_POWER A13,1771291847.6456583,0x18FF01F7,1,0.00 kw
ACT_MOTORTEMPERATURE A13,1771291847.6456583,0x18FF01F7,1,27.00 °C
ACT_INVERTERSTATUS B13,1771291847.6505663,0x18FF02F7,1,0 state
ACT_INVERTERREADY B13,1771291847.6505663,0x18FF02F7,1,0 state
ACT_ERRORSTATUS B13,1771291847.6505663,0x18FF02F7,1,0 state
ACT_SPEED B13,1771291847.6505663,0x18FF02F7,1,0.00 rpm
ACT_TORQUE B13,1771291847.6505663,0x18FF02F7,1,0.00 Nm
ACT_POWER B13,1771291847.6505663,0x18FF02F7,1,0.00 kw
ACT_MOTORTEMPERATURE B13,1771291847.6505663,0x18FF02F7,1,28.00 °C
DEVICESTATE M13,1771291847.7407203,0x18FF00F7,1,0 state
ERRORLAMP M13,1771291847.7407203,0x18FF00F7,1,0 state
DEVICENUMBER M13,1771291847.7407203,0x18FF00F7,1,14 state
CLAMP15_STATUS M13,1771291847.7407203,0x18FF00F7,1,1 state
PRECHARGED M13,1771291847.7407203,0x18FF00F7,1,1 state
STATUS_ BIT_FLEX_IN_OUT_SIGNAL1 M13,1771291847.7407203,0x18FF00F7,1,3 state
STATUS_ BIT_FLEX_IN_OUT_SIGNAL2 M13,1771291847.7407203,0x18FF00F7,1,3 state
ERROR CODE  M13,1771291847.7407203,0x18FF00F7,1,0 state
ACT_DCBUSVOLTAGE M13,1771291847.7407203,0x18FF00F7,1,1.25 V
ACT_DCBUSPOWER M13,1771291847.7407203,0x18FF00F7,1,0.00 kw
ACT_DEVICETEMPERATURE M13,1771291847.7407203,0x18FF00F7,1,27.00 °C
ACT_INVERTERSTATUS A13,1771291847.7459254,0x18FF01F7,1,0 state
ACT_INVERTERREADY A13,1771291847.7459254,0x18FF01F7,1,0 state
ACT_ERRORSTATUS A13,1771291847.7459254,0x18FF01F7,1,0 state
ACT_SPEED A13,1771291847.7459254,0x18FF01F7,1,0.00 rpm
ACT_TORQUE A13,1771291847.7459254,0x18FF01F7,1,0.00 Nm
ACT_POWER A13,1771291847.7459254,0x18FF01F7,1,0.00 kw
ACT_MOTORTEMPERATURE A13,1771291847.7459254,0x18FF01F7,1,27.00 °C
ACT_INVERTERSTATUS B13,1771291847.7506506,0x18FF02F7,1,0 state
ACT_INVERTERREADY B13,1771291847.7506506,0x18FF02F7,1,0 state
ACT_ERRORSTATUS B13,1771291847.7506506,0x18FF02F7,1,0 state
ACT_SPEED B13,1771291847.7506506,0x18FF02F7,1,0.00 rpm
ACT_TORQUE B13,1771291847.7506506,0x18FF02F7,1,0.00 Nm
ACT_POWER B13,1771291847.7506506,0x18FF02F7,1,0.00 kw
ACT_MOTORTEMPERATURE B13,1771291847.7506506,0x18FF02F7,1,28.00 °C
DEVICESTATE M13,1771291847.8405786,0x18FF00F7,1,0 state
ERRORLAMP M13,1771291847.8405786,0x18FF00F7,1,0 state
DEVICENUMBER M13,1771291847.8405786,0x18FF00F7,1,14 state
CLAMP15_STATUS M13,1771291847.8405786,0x18FF00F7,1,1 state
PRECHARGED M13,1771291847.8405786,0x18FF00F7,1,1 state
STATUS_ BIT_FLEX_IN_OUT_SIGNAL1 M13,1771291847.8405786,0x18FF00F7,1,3 state
STATUS_ BIT_FLEX_IN_OUT_SIGNAL2 M13,1771291847.8405786,0x18FF00F7,1,3 state
ERROR CODE  M13,1771291847.8405786,0x18FF00F7,1,0 state
ACT_DCBUSVOLTAGE M13,1771291847.8405786,0x18FF00F7,1,1.25 V
ACT_DCBUSPOWER M13,1771291847.8405786,0x18FF00F7,1,0.00 kw
ACT_DEVICETEMPERATURE M13,1771291847.8405786,0x18FF00F7,1,27.00 °C
ACT_INVERTERSTATUS A13,1771291847.8456156,0x18FF01F7,1,0 state
ACT_INVERTERREADY A13,1771291847.8456156,0x18FF01F7,1,0 state
ACT_ERRORSTATUS A13,1771291847.8456156,0x18FF01F7,1,0 state
ACT_SPEED A13,1771291847.8456156,0x18FF01F7,1,0.00 rpm
ACT_TORQUE A13,1771291847.8456156,0x18FF01F7,1,0.00 Nm
ACT_POWER A13,1771291847.8456156,0x18FF01F7,1,0.00 kw
ACT_MOTORTEMPERATURE A13,1771291847.8456156,0x18FF01F7,1,27.00 °C
ACT_INVERTERSTATUS B13,1771291847.8506482,0x18FF02F7,1,0 state
ACT_INVERTERREADY B13,1771291847.8506482,0x18FF02F7,1,0 state
ACT_ERRORSTATUS B13,1771291847.8506482,0x18FF02F7,1,0 state
ACT_SPEED B13,1771291847.8506482,0x18FF02F7,1,0.00 rpm
ACT_TORQUE B13,1771291847.8506482,0x18FF02F7,1,0.00 Nm
ACT_POWER B13,1771291847.8506482,0x18FF02F7,1,0.00 kw
ACT_MOTORTEMPERATURE B13,1771291847.8506482,0x18FF02F7,1,28.00 °C
DEVICESTATE M13,1771291847.9409301,0x18FF00F7,1,0 state
ERRORLAMP M13,1771291847.9409301,0x18FF00F7,1,0 state
DEVICENUMBER M13,1771291847.9409301,0x18FF00F7,1,14 state
CLAMP15_STATUS M13,1771291847.9409301,0x18FF00F7,1,1 state
PRECHARGED M13,1771291847.9409301,0x18FF00F7,1,1 state
STATUS_ BIT_FLEX_IN_OUT_SIGNAL1 M13,1771291847.9409301,0x18FF00F7,1,3 state
STATUS_ BIT_FLEX_IN_OUT_SIGNAL2 M13,1771291847.9409301,0x18FF00F7,1,3 state
ERROR CODE  M13,1771291847.9409301,0x18FF00F7,1,0 state
ACT_DCBUSVOLTAGE M13,1771291847.9409301,0x18FF00F7,1,1.25 V
ACT_DCBUSPOWER M13,1771291847.9409301,0x18FF00F7,1,0.00 kw
ACT_DEVICETEMPERATURE M13,1771291847.9409301,0x18FF00F7,1,27.00 °C
ACT_INVERTERSTATUS A13,1771291847.9454618,0x18FF01F7,1,0 state
ACT_INVERTERREADY A13,1771291847.9454618,0x18FF01F7,1,0 state
ACT_ERRORSTATUS A13,1771291847.9454618,0x18FF01F7,1,0 state
ACT_SPEED A13,1771291847.9454618,0x18FF01F7,1,0.00 rpm
ACT_TORQUE A13,1771291847.9454618,0x18FF01F7,1,0.00 Nm
ACT_POWER A13,1771291847.9454618,0x18FF01F7,1,0.00 kw
ACT_MOTORTEMPERATURE A13,1771291847.9454618,0x18FF01F7,1,27.00 °C
ACT_INVERTERSTATUS B13,1771291847.9505486,0x18FF02F7,1,0 state
ACT_INVERTERREADY B13,1771291847.9505486,0x18FF02F7,1,0 state
ACT_ERRORSTATUS B13,1771291847.9505486,0x18FF02F7,1,0 state
ACT_SPEED B13,1771291847.9505486,0x18FF02F7,1,0.00 rpm
ACT_TORQUE B13,1771291847.9505486,0x18FF02F7,1,0.00 Nm
ACT_POWER B13,1771291847.9505486,0x18FF02F7,1,0.00 kw
ACT_MOTORTEMPERATURE B13,1771291847.9505486,0x18FF02F7,1,28.00 °C
DEVICESTATE M13,1771291848.0405,0x18FF00F7,1,0 state
ERRORLAMP M13,1771291848.0405,0x18FF00F7,1,0 state
DEVICENUMBER M13,1771291848.0405,0x18FF00F7,1,14 state
CLAMP15_STATUS M13,1771291848.0405,0x18FF00F7,1,1 state
PRECHARGED M13,1771291848.0405,0x18FF00F7,1,1 state
STATUS_ BIT_FLEX_IN_OUT_SIGNAL1 M13,1771291848.0405,0x18FF00F7,1,3 state
STATUS_ BIT_FLEX_IN_OUT_SIGNAL2 M13,1771291848.0405,0x18FF00F7,1,3 state
ERROR CODE  M13,1771291848.0405,0x18FF00F7,1,0 state
ACT_DCBUSVOLTAGE M13,1771291848.0405,0x18FF00F7,1,1.25 V
ACT_DCBUSPOWER M13,1771291848.0405,0x18FF00F7,1,0.00 kw
ACT_DEVICETEMPERATURE M13,1771291848.0405,0x18FF00F7,1,27.00 °C
ACT_INVERTERSTATUS A13,1771291848.0455804,0x18FF01F7,1,0 state
ACT_INVERTERREADY A13,1771291848.0455804,0x18FF01F7,1,0 state
ACT_ERRORSTATUS A13,1771291848.0455804,0x18FF01F7,1,0 state
ACT_SPEED A13,1771291848.0455804,0x18FF01F7,1,0.00 rpm
ACT_TORQUE A13,1771291848.0455804,0x18FF01F7,1,0.00 Nm
ACT_POWER A13,1771291848.0455804,0x18FF01F7,1,0.00 kw
ACT_MOTORTEMPERATURE A13,1771291848.0455804,0x18FF01F7,1,27.00 °C
ACT_INVERTERSTATUS B13,1771291848.0505428,0x18FF02F7,1,0 state
ACT_INVERTERREADY B13,1771291848.0505428,0x18FF02F7,1,0 state
ACT_ERRORSTATUS B13,1771291848.0505428,0x18FF02F7,1,0 state
ACT_SPEED B13,1771291848.0505428,0x18FF02F7,1,0.00 rpm
ACT_TORQUE B13,1771291848.0505428,0x18FF02F7,1,0.00 Nm
ACT_POWER B13,1771291848.0505428,0x18FF02F7,1,0.00 kw
ACT_MOTORTEMPERATURE B13,1771291848.0505428,0x18FF02F7,1,28.00 °C
DEVICESTATE M13,1771291848.1408322,0x18FF00F7,1,0 state
ERRORLAMP M13,1771291848.1408322,0x18FF00F7,1,0 state
DEVICENUMBER M13,1771291848.1408322,0x18FF00F7,1,14 state
CLAMP15_STATUS M13,1771291848.1408322,0x18FF00F7,1,1 state
PRECHARGED M13,1771291848.1408322,0x18FF00F7,1,1 state
STATUS_ BIT_FLEX_IN_OUT_SIGNAL1 M13,1771291848.1408322,0x18FF00F7,1,3 state
STATUS_ BIT_FLEX_IN_OUT_SIGNAL2 M13,1771291848.1408322,0x18FF00F7,1,3 state
ERROR CODE  M13,1771291848.1408322,0x18FF00F7,1,0 state
ACT_DCBUSVOLTAGE M13,1771291848.1408322,0x18FF00F7,1,1.25 V
ACT_DCBUSPOWER M13,1771291848.1408322,0x18FF00F7,1,0.00 kw
ACT_DEVICETEMPERATURE M13,1771291848.1408322,0x18FF00F7,1,27.00 °C
ACT_INVERTERSTATUS A13,1771291848.145384,0x18FF01F7,1,0 state
ACT_INVERTERREADY A13,1771291848.145384,0x18FF01F7,1,0 state
ACT_ERRORSTATUS A13,1771291848.145384,0x18FF01F7,1,0 state
ACT_SPEED A13,1771291848.145384,0x18FF01F7,1,0.00 rpm
ACT_TORQUE A13,1771291848.145384,0x18FF01F7,1,0.00 Nm
ACT_POWER A13,1771291848.145384,0x18FF01F7,1,0.00 kw
ACT_MOTORTEMPERATURE A13,1771291848.145384,0x18FF01F7,1,27.00 °C
ACT_INVERTERSTATUS B13,1771291848.1504135,0x18FF02F7,1,0 state
ACT_INVERTERREADY B13,1771291848.1504135,0x18FF02F7,1,0 state
ACT_ERRORSTATUS B13,1771291848.1504135,0x18FF02F7,1,0 state
ACT_SPEED B13,1771291848.1504135,0x18FF02F7,1,0.00 rpm
ACT_TORQUE B13,1771291848.1504135,0x18FF02F7,1,0.00 Nm
ACT_POWER B13,1771291848.1504135,0x18FF02F7,1,0.00 kw
ACT_MOTORTEMPERATURE B13,1771291848.1504135,0x18FF02F7,1,28.00 °C
DEVICESTATE M13,1771291848.24093,0x18FF00F7,1,0 state
ERRORLAMP M13,1771291848.24093,0x18FF00F7,1,0 state
DEVICENUMBER M13,1771291848.24093,0x18FF00F7,1,14 state
CLAMP15_STATUS M13,1771291848.24093,0x18FF00F7,1,1 state
PRECHARGED M13,1771291848.24093,0x18FF00F7,1,1 state
STATUS_ BIT_FLEX_IN_OUT_SIGNAL1 M13,1771291848.24093,0x18FF00F7,1,3 state
STATUS_ BIT_FLEX_IN_OUT_SIGNAL2 M13,1771291848.24093,0x18FF00F7,1,3 state
ERROR CODE  M13,1771291848.24093,0x18FF00F7,1,0 state
ACT_DCBUSVOLTAGE M13,1771291848.24093,0x18FF00F7,1,1.25 V
ACT_DCBUSPOWER M13,1771291848.24093,0x18FF00F7,1,0.00 kw
ACT_DEVICETEMPERATURE M13,1771291848.24093,0x18FF00F7,1,27.00 °C
ACT_INVERTERSTATUS A13,1771291848.2456603,0x18FF01F7,1,0 state
ACT_INVERTERREADY A13,1771291848.2456603,0x18FF01F7,1,0 state
ACT_ERRORSTATUS A13,1771291848.2456603,0x18FF01F7,1,0 state
ACT_SPEED A13,1771291848.2456603,0x18FF01F7,1,0.00 rpm
ACT_TORQUE A13,1771291848.2456603,0x18FF01F7,1,0.00 Nm
ACT_POWER A13,1771291848.2456603,0x18FF01F7,1,0.00 kw
ACT_MOTORTEMPERATURE A13,1771291848.2456603,0x18FF01F7,1,27.00 °C
ACT_INVERTERSTATUS B13,1771291848.2505713,0x18FF02F7,1,0 state
ACT_INVERTERREADY B13,1771291848.2505713,0x18FF02F7,1,0 state
ACT_ERRORSTATUS B13,1771291848.2505713,0x18FF02F7,1,0 state
ACT_SPEED B13,1771291848.2505713,0x18FF02F7,1,0.00 rpm
ACT_TORQUE B13,1771291848.2505713,0x18FF02F7,1,0.00 Nm
ACT_POWER B13,1771291848.2505713,0x18FF02F7,1,0.00 kw
ACT_MOTORTEMPERATURE B13,1771291848.2505713,0x18FF02F7,1,28.00 °C
DEVICESTATE M13,1771291848.340634,0x18FF00F7,1,0 state
ERRORLAMP M13,1771291848.340634,0x18FF00F7,1,0 state
DEVICENUMBER M13,1771291848.340634,0x18FF00F7,1,14 state
CLAMP15_STATUS M13,1771291848.340634,0x18FF00F7,1,1 state
PRECHARGED M13,1771291848.340634,0x18FF00F7,1,1 state
STATUS_ BIT_FLEX_IN_OUT_SIGNAL1 M13,1771291848.340634,0x18FF00F7,1,3 state
STATUS_ BIT_FLEX_IN_OUT_SIGNAL2 M13,1771291848.340634,0x18FF00F7,1,3 state
ERROR CODE  M13,1771291848.340634,0x18FF00F7,1,0 state
ACT_DCBUSVOLTAGE M13,1771291848.340634,0x18FF00F7,1,1.25 V
ACT_DCBUSPOWER M13,1771291848.340634,0x18FF00F7,1,0.00 kw
ACT_DEVICETEMPERATURE M13,1771291848.340634,0x18FF00F7,1,27.00 °C
ACT_INVERTERSTATUS A13,1771291848.345825,0x18FF01F7,1,0 state
ACT_INVERTERREADY A13,1771291848.345825,0x18FF01F7,1,0 state
ACT_ERRORSTATUS A13,1771291848.345825,0x18FF01F7,1,0 state
ACT_SPEED A13,1771291848.345825,0x18FF01F7,1,0.00 rpm
ACT_TORQUE A13,1771291848.345825,0x18FF01F7,1,0.00 Nm
ACT_POWER A13,1771291848.345825,0x18FF01F7,1,0.00 kw
ACT_MOTORTEMPERATURE A13,1771291848.345825,0x18FF01F7,1,27.00 °C
ACT_INVERTERSTATUS B13,1771291848.3508186,0x18FF02F7,1,0 state
ACT_INVERTERREADY B13,1771291848.3508186,0x18FF02F7,1,0 state
ACT_ERRORSTATUS B13,1771291848.3508186,0x18FF02F7,1,0 state
ACT_SPEED B13,1771291848.3508186,0x18FF02F7,1,0.00 rpm
ACT_TORQUE B13,1771291848.3508186,0x18FF02F7,1,0.00 Nm
ACT_POWER B13,1771291848.3508186,0x18FF02F7,1,0.00 kw
ACT_MOTORTEMPERATURE B13,1771291848.3508186,0x18FF02F7,1,28.00 °C
DEVICESTATE M13,1771291848.4407194,0x18FF00F7,1,0 state
ERRORLAMP M13,1771291848.4407194,0x18FF00F7,1,0 state
DEVICENUMBER M13,1771291848.4407194,0x18FF00F7,1,14 state
CLAMP15_STATUS M13,1771291848.4407194,0x18FF00F7,1,1 state
PRECHARGED M13,1771291848.4407194,0x18FF00F7,1,1 state
STATUS_ BIT_FLEX_IN_OUT_SIGNAL1 M13,1771291848.4407194,0x18FF00F7,1,3 state
STATUS_ BIT_FLEX_IN_OUT_SIGNAL2 M13,1771291848.4407194,0x18FF00F7,1,3 state
ERROR CODE  M13,1771291848.4407194,0x18FF00F7,1,0 state
ACT_DCBUSVOLTAGE M13,1771291848.4407194,0x18FF00F7,1,1.25 V
ACT_DCBUSPOWER M13,1771291848.4407194,0x18FF00F7,1,0.00 kw
ACT_DEVICETEMPERATURE M13,1771291848.4407194,0x18FF00F7,1,27.00 °C
ACT_INVERTERSTATUS A13,1771291848.445879,0x18FF01F7,1,0 state
ACT_INVERTERREADY A13,1771291848.445879,0x18FF01F7,1,0 state
ACT_ERRORSTATUS A13,1771291848.445879,0x18FF01F7,1,0 state
ACT_SPEED A13,1771291848.445879,0x18FF01F7,1,0.00 rpm
ACT_TORQUE A13,1771291848.445879,0x18FF01F7,1,0.00 Nm
ACT_POWER A13,1771291848.445879,0x18FF01F7,1,0.00 kw
ACT_MOTORTEMPERATURE A13,1771291848.445879,0x18FF01F7,1,27.00 °C
ACT_INVERTERSTATUS B13,1771291848.4507627,0x18FF02F7,1,0 state
ACT_INVERTERREADY B13,1771291848.4507627,0x18FF02F7,1,0 state
ACT_ERRORSTATUS B13,1771291848.4507627,0x18FF02F7,1,0 state
ACT_SPEED B13,1771291848.4507627,0x18FF02F7,1,0.00 rpm
ACT_TORQUE B13,1771291848.4507627,0x18FF02F7,1,0.00 Nm
ACT_POWER B13,1771291848.4507627,0x18FF02F7,1,0.00 kw
ACT_MOTORTEMPERATURE B13,1771291848.4507627,0x18FF02F7,1,28.00 °C
DEVICESTATE M13,1771291848.5405533,0x18FF00F7,1,0 state
ERRORLAMP M13,1771291848.5405533,0x18FF00F7,1,0 state
DEVICENUMBER M13,1771291848.5405533,0x18FF00F7,1,14 state
CLAMP15_STATUS M13,1771291848.5405533,0x18FF00F7,1,1 state
PRECHARGED M13,1771291848.5405533,0x18FF00F7,1,1 state
STATUS_ BIT_FLEX_IN_OUT_SIGNAL1 M13,1771291848.5405533,0x18FF00F7,1,3 state
STATUS_ BIT_FLEX_IN_OUT_SIGNAL2 M13,1771291848.5405533,0x18FF00F7,1,3 state
ERROR CODE  M13,1771291848.5405533,0x18FF00F7,1,0 state
ACT_DCBUSVOLTAGE M13,1771291848.5405533,0x18FF00F7,1,1.25 V
ACT_DCBUSPOWER M13,1771291848.5405533,0x18FF00F7,1,0.00 kw
ACT_DEVICETEMPERATURE M13,1771291848.5405533,0x18FF00F7,1,27.00 °C
ACT_INVERTERSTATUS A13,1771291848.5456214,0x18FF01F7,1,0 state
ACT_INVERTERREADY A13,1771291848.5456214,0x18FF01F7,1,0 state
ACT_ERRORSTATUS A13,1771291848.5456214,0x18FF01F7,1,0 state
ACT_SPEED A13,1771291848.5456214,0x18FF01F7,1,0.00 rpm
ACT_TORQUE A13,1771291848.5456214,0x18FF01F7,1,0.00 Nm
ACT_POWER A13,1771291848.5456214,0x18FF01F7,1,0.00 kw
ACT_MOTORTEMPERATURE A13,1771291848.5456214,0x18FF01F7,1,27.00 °C
ACT_INVERTERSTATUS B13,1771291848.5506864,0x18FF02F7,1,0 state
ACT_INVERTERREADY B13,1771291848.5506864,0x18FF02F7,1,0 state
ACT_ERRORSTATUS B13,1771291848.5506864,0x18FF02F7,1,0 state
ACT_SPEED B13,1771291848.5506864,0x18FF02F7,1,0.00 rpm
ACT_TORQUE B13,1771291848.5506864,0x18FF02F7,1,0.00 Nm
ACT_POWER B13,1771291848.5506864,0x18FF02F7,1,0.00 kw
ACT_MOTORTEMPERATURE B13,1771291848.5506864,0x18FF02F7,1,28.00 °C
DEVICESTATE M13,1771291848.6407323,0x18FF00F7,1,0 state
ERRORLAMP M13,1771291848.6407323,0x18FF00F7,1,0 state
DEVICENUMBER M13,1771291848.6407323,0x18FF00F7,1,14 state
CLAMP15_STATUS M13,1771291848.6407323,0x18FF00F7,1,1 state
PRECHARGED M13,1771291848.6407323,0x18FF00F7,1,1 state
STATUS_ BIT_FLEX_IN_OUT_SIGNAL1 M13,1771291848.6407323,0x18FF00F7,1,3 state
STATUS_ BIT_FLEX_IN_OUT_SIGNAL2 M13,1771291848.6407323,0x18FF00F7,1,3 state
ERROR CODE  M13,1771291848.6407323,0x18FF00F7,1,0 state
ACT_DCBUSVOLTAGE M13,1771291848.6407323,0x18FF00F7,1,1.25 V
ACT_DCBUSPOWER M13,1771291848.6407323,0x18FF00F7,1,0.00 kw
ACT_DEVICETEMPERATURE M13,1771291848.6407323,0x18FF00F7,1,27.00 °C
ACT_INVERTERSTATUS A13,1771291848.6459103,0x18FF01F7,1,0 state
ACT_INVERTERREADY A13,1771291848.6459103,0x18FF01F7,1,0 state
ACT_ERRORSTATUS A13,1771291848.6459103,0x18FF01F7,1,0 state
ACT_SPEED A13,1771291848.6459103,0x18FF01F7,1,0.00 rpm
ACT_TORQUE A13,1771291848.6459103,0x18FF01F7,1,0.00 Nm
ACT_POWER A13,1771291848.6459103,0x18FF01F7,1,0.00 kw
ACT_MOTORTEMPERATURE A13,1771291848.6459103,0x18FF01F7,1,27.00 °C
ACT_INVERTERSTATUS B13,1771291848.650584,0x18FF02F7,1,0 state
ACT_INVERTERREADY B13,1771291848.650584,0x18FF02F7,1,0 state
ACT_ERRORSTATUS B13,1771291848.650584,0x18FF02F7,1,0 state
ACT_SPEED B13,1771291848.650584,0x18FF02F7,1,0.00 rpm
ACT_TORQUE B13,1771291848.650584,0x18FF02F7,1,0.00 Nm
ACT_POWER B13,1771291848.650584,0x18FF02F7,1,0.00 kw
ACT_MOTORTEMPERATURE B13,1771291848.650584,0x18FF02F7,1,28.00 °C
DEVICESTATE M13,1771291848.740664,0x18FF00F7,1,0 state
ERRORLAMP M13,1771291848.740664,0x18FF00F7,1,0 state
DEVICENUMBER M13,1771291848.740664,0x18FF00F7,1,14 state
CLAMP15_STATUS M13,1771291848.740664,0x18FF00F7,1,1 state
PRECHARGED M13,1771291848.740664,0x18FF00F7,1,1 state
STATUS_ BIT_FLEX_IN_OUT_SIGNAL1 M13,1771291848.740664,0x18FF00F7,1,3 state
STATUS_ BIT_FLEX_IN_OUT_SIGNAL2 M13,1771291848.740664,0x18FF00F7,1,3 state
ERROR CODE  M13,1771291848.740664,0x18FF00F7,1,0 state
ACT_DCBUSVOLTAGE M13,1771291848.740664,0x18FF00F7,1,1.25 V
ACT_DCBUSPOWER M13,1771291848.740664,0x18FF00F7,1,0.00 kw
ACT_DEVICETEMPERATURE M13,1771291848.740664,0x18FF00F7,1,27.00 °C
ACT_INVERTERSTATUS A13,1771291848.7458563,0x18FF01F7,1,0 state
ACT_INVERTERREADY A13,1771291848.7458563,0x18FF01F7,1,0 state
ACT_ERRORSTATUS A13,1771291848.7458563,0x18FF01F7,1,0 state
ACT_SPEED A13,1771291848.7458563,0x18FF01F7,1,0.00 rpm
ACT_TORQUE A13,1771291848.7458563,0x18FF01F7,1,0.00 Nm
ACT_POWER A13,1771291848.7458563,0x18FF01F7,1,0.00 kw
ACT_MOTORTEMPERATURE A13,1771291848.7458563,0x18FF01F7,1,27.00 °C
ACT_INVERTERSTATUS B13,1771291848.7507691,0x18FF02F7,1,0 state
ACT_INVERTERREADY B13,1771291848.7507691,0x18FF02F7,1,0 state
ACT_ERRORSTATUS B13,1771291848.7507691,0x18FF02F7,1,0 state
ACT_SPEED B13,1771291848.7507691,0x18FF02F7,1,0.00 rpm
ACT_TORQUE B13,1771291848.7507691,0x18FF02F7,1,0.00 Nm
ACT_POWER B13,1771291848.7507691,0x18FF02F7,1,0.00 kw
ACT_MOTORTEMPERATURE B13,1771291848.7507691,0x18FF02F7,1,28.00 °C
DEVICESTATE M13,1771291848.840816,0x18FF00F7,1,0 state
ERRORLAMP M13,1771291848.840816,0x18FF00F7,1,0 state
DEVICENUMBER M13,1771291848.840816,0x18FF00F7,1,14 state
CLAMP15_STATUS M13,1771291848.840816,0x18FF00F7,1,1 state
PRECHARGED M13,1771291848.840816,0x18FF00F7,1,1 state
STATUS_ BIT_FLEX_IN_OUT_SIGNAL1 M13,1771291848.840816,0x18FF00F7,1,3 state
STATUS_ BIT_FLEX_IN_OUT_SIGNAL2 M13,1771291848.840816,0x18FF00F7,1,3 state
ERROR CODE  M13,1771291848.840816,0x18FF00F7,1,0 state
ACT_DCBUSVOLTAGE M13,1771291848.840816,0x18FF00F7,1,1.25 V
ACT_DCBUSPOWER M13,1771291848.840816,0x18FF00F7,1,0.00 kw
ACT_DEVICETEMPERATURE M13,1771291848.840816,0x18FF00F7,1,27.00 °C
ACT_INVERTERSTATUS A13,1771291848.8457763,0x18FF01F7,1,0 state
ACT_INVERTERREADY A13,1771291848.8457763,0x18FF01F7,1,0 state
ACT_ERRORSTATUS A13,1771291848.8457763,0x18FF01F7,1,0 state
ACT_SPEED A13,1771291848.8457763,0x18FF01F7,1,0.00 rpm
ACT_TORQUE A13,1771291848.8457763,0x18FF01F7,1,0.00 Nm
ACT_POWER A13,1771291848.8457763,0x18FF01F7,1,0.00 kw
ACT_MOTORTEMPERATURE A13,1771291848.8457763,0x18FF01F7,1,27.00 °C
ACT_INVERTERSTATUS B13,1771291848.8507702,0x18FF02F7,1,0 state
ACT_INVERTERREADY B13,1771291848.8507702,0x18FF02F7,1,0 state
ACT_ERRORSTATUS B13,1771291848.8507702,0x18FF02F7,1,0 state
ACT_SPEED B13,1771291848.8507702,0x18FF02F7,1,0.00 rpm
ACT_TORQUE B13,1771291848.8507702,0x18FF02F7,1,0.00 Nm
ACT_POWER B13,1771291848.8507702,0x18FF02F7,1,0.00 kw
ACT_MOTORTEMPERATURE B13,1771291848.8507702,0x18FF02F7,1,28.00 °C
DEVICESTATE M13,1771291848.9405456,0x18FF00F7,1,0 state
ERRORLAMP M13,1771291848.9405456,0x18FF00F7,1,0 state
DEVICENUMBER M13,1771291848.9405456,0x18FF00F7,1,14 state
CLAMP15_STATUS M13,1771291848.9405456,0x18FF00F7,1,1 state
PRECHARGED M13,1771291848.9405456,0x18FF00F7,1,1 state
STATUS_ BIT_FLEX_IN_OUT_SIGNAL1 M13,1771291848.9405456,0x18FF00F7,1,3 state
STATUS_ BIT_FLEX_IN_OUT_SIGNAL2 M13,1771291848.9405456,0x18FF00F7,1,3 state
ERROR CODE  M13,1771291848.9405456,0x18FF00F7,1,0 state
ACT_DCBUSVOLTAGE M13,1771291848.9405456,0x18FF00F7,1,1.25 V
ACT_DCBUSPOWER M13,1771291848.9405456,0x18FF00F7,1,0.00 kw
ACT_DEVICETEMPERATURE M13,1771291848.9405456,0x18FF00F7,1,27.00 °C
ACT_INVERTERSTATUS A13,1771291848.9458306,0x18FF01F7,1,0 state
ACT_INVERTERREADY A13,1771291848.9458306,0x18FF01F7,1,0 state
ACT_ERRORSTATUS A13,1771291848.9458306,0x18FF01F7,1,0 state
ACT_SPEED A13,1771291848.9458306,0x18FF01F7,1,0.00 rpm
ACT_TORQUE A13,1771291848.9458306,0x18FF01F7,1,0.00 Nm
ACT_POWER A13,1771291848.9458306,0x18FF01F7,1,0.00 kw
ACT_MOTORTEMPERATURE A13,1771291848.9458306,0x18FF01F7,1,27.00 °C
ACT_INVERTERSTATUS B13,1771291848.9505556,0x18FF02F7,1,0 state
ACT_INVERTERREADY B13,1771291848.9505556,0x18FF02F7,1,0 state
ACT_ERRORSTATUS B13,1771291848.9505556,0x18FF02F7,1,0 state
ACT_SPEED B13,1771291848.9505556,0x18FF02F7,1,0.00 rpm
ACT_TORQUE B13,1771291848.9505556,0x18FF02F7,1,0.00 Nm
ACT_POWER B13,1771291848.9505556,0x18FF02F7,1,0.00 kw
ACT_MOTORTEMPERATURE B13,1771291848.9505556,0x18FF02F7,1,28.00 °C
DEVICESTATE M13,1771291849.0409138,0x18FF00F7,1,0 state
ERRORLAMP M13,1771291849.0409138,0x18FF00F7,1,0 state
DEVICENUMBER M13,1771291849.0409138,0x18FF00F7,1,14 state
CLAMP15_STATUS M13,1771291849.0409138,0x18FF00F7,1,1 state
PRECHARGED M13,1771291849.0409138,0x18FF00F7,1,1 state
STATUS_ BIT_FLEX_IN_OUT_SIGNAL1 M13,1771291849.0409138,0x18FF00F7,1,3 state
STATUS_ BIT_FLEX_IN_OUT_SIGNAL2 M13,1771291849.0409138,0x18FF00F7,1,3 state
ERROR CODE  M13,1771291849.0409138,0x18FF00F7,1,0 state
ACT_DCBUSVOLTAGE M13,1771291849.0409138,0x18FF00F7,1,1.25 V
ACT_DCBUSPOWER M13,1771291849.0409138,0x18FF00F7,1,0.00 kw
ACT_DEVICETEMPERATURE M13,1771291849.0409138,0x18FF00F7,1,27.00 °C
ACT_INVERTERSTATUS A13,1771291849.0459118,0x18FF01F7,1,0 state
ACT_INVERTERREADY A13,1771291849.0459118,0x18FF01F7,1,0 state
ACT_ERRORSTATUS A13,1771291849.0459118,0x18FF01F7,1,0 state
ACT_SPEED A13,1771291849.0459118,0x18FF01F7,1,0.00 rpm
ACT_TORQUE A13,1771291849.0459118,0x18FF01F7,1,0.00 Nm
ACT_POWER A13,1771291849.0459118,0x18FF01F7,1,0.00 kw
ACT_MOTORTEMPERATURE A13,1771291849.0459118,0x18FF01F7,1,27.00 °C
ACT_INVERTERSTATUS B13,1771291849.0509307,0x18FF02F7,1,0 state
ACT_INVERTERREADY B13,1771291849.0509307,0x18FF02F7,1,0 state
ACT_ERRORSTATUS B13,1771291849.0509307,0x18FF02F7,1,0 state
ACT_SPEED B13,1771291849.0509307,0x18FF02F7,1,0.00 rpm
ACT_TORQUE B13,1771291849.0509307,0x18FF02F7,1,0.00 Nm
ACT_POWER B13,1771291849.0509307,0x18FF02F7,1,0.00 kw
ACT_MOTORTEMPERATURE B13,1771291849.0509307,0x18FF02F7,1,28.00 °C
DEVICESTATE M13,1771291849.140548,0x18FF00F7,1,0 state
ERRORLAMP M13,1771291849.140548,0x18FF00F7,1,0 state
DEVICENUMBER M13,1771291849.140548,0x18FF00F7,1,14 state
CLAMP15_STATUS M13,1771291849.140548,0x18FF00F7,1,1 state
PRECHARGED M13,1771291849.140548,0x18FF00F7,1,1 state
STATUS_ BIT_FLEX_IN_OUT_SIGNAL1 M13,1771291849.140548,0x18FF00F7,1,3 state
STATUS_ BIT_FLEX_IN_OUT_SIGNAL2 M13,1771291849.140548,0x18FF00F7,1,3 state
ERROR CODE  M13,1771291849.140548,0x18FF00F7,1,0 state
ACT_DCBUSVOLTAGE M13,1771291849.140548,0x18FF00F7,1,1.25 V
ACT_DCBUSPOWER M13,1771291849.140548,0x18FF00F7,1,0.00 kw
ACT_DEVICETEMPERATURE M13,1771291849.140548,0x18FF00F7,1,27.00 °C
ACT_INVERTERSTATUS A13,1771291849.145718,0x18FF01F7,1,0 state
ACT_INVERTERREADY A13,1771291849.145718,0x18FF01F7,1,0 state
ACT_ERRORSTATUS A13,1771291849.145718,0x18FF01F7,1,0 state
ACT_SPEED A13,1771291849.145718,0x18FF01F7,1,0.00 rpm
ACT_TORQUE A13,1771291849.145718,0x18FF01F7,1,0.00 Nm
ACT_POWER A13,1771291849.145718,0x18FF01F7,1,0.00 kw
ACT_MOTORTEMPERATURE A13,1771291849.145718,0x18FF01F7,1,27.00 °C
ACT_INVERTERSTATUS B13,1771291849.1506267,0x18FF02F7,1,0 state
ACT_INVERTERREADY B13,1771291849.1506267,0x18FF02F7,1,0 state
ACT_ERRORSTATUS B13,1771291849.1506267,0x18FF02F7,1,0 state
ACT_SPEED B13,1771291849.1506267,0x18FF02F7,1,0.00 rpm
ACT_TORQUE B13,1771291849.1506267,0x18FF02F7,1,0.00 Nm
ACT_POWER B13,1771291849.1506267,0x18FF02F7,1,0.00 kw
ACT_MOTORTEMPERATURE B13,1771291849.1506267,0x18FF02F7,1,28.00 °C
DEVICESTATE M13,1771291849.2405875,0x18FF00F7,1,0 state
ERRORLAMP M13,1771291849.2405875,0x18FF00F7,1,0 state
DEVICENUMBER M13,1771291849.2405875,0x18FF00F7,1,14 state
CLAMP15_STATUS M13,1771291849.2405875,0x18FF00F7,1,1 state
PRECHARGED M13,1771291849.2405875,0x18FF00F7,1,1 state
STATUS_ BIT_FLEX_IN_OUT_SIGNAL1 M13,1771291849.2405875,0x18FF00F7,1,3 state
STATUS_ BIT_FLEX_IN_OUT_SIGNAL2 M13,1771291849.2405875,0x18FF00F7,1,3 state
ERROR CODE  M13,1771291849.2405875,0x18FF00F7,1,0 state
ACT_DCBUSVOLTAGE M13,1771291849.2405875,0x18FF00F7,1,1.25 V
ACT_DCBUSPOWER M13,1771291849.2405875,0x18FF00F7,1,0.00 kw
ACT_DEVICETEMPERATURE M13,1771291849.2405875,0x18FF00F7,1,27.00 °C
ACT_INVERTERSTATUS A13,1771291849.245747,0x18FF01F7,1,0 state
ACT_INVERTERREADY A13,1771291849.245747,0x18FF01F7,1,0 state
ACT_ERRORSTATUS A13,1771291849.245747,0x18FF01F7,1,0 state
ACT_SPEED A13,1771291849.245747,0x18FF01F7,1,0.00 rpm
ACT_TORQUE A13,1771291849.245747,0x18FF01F7,1,0.00 Nm
ACT_POWER A13,1771291849.245747,0x18FF01F7,1,0.00 kw
ACT_MOTORTEMPERATURE A13,1771291849.245747,0x18FF01F7,1,27.00 °C
ACT_INVERTERSTATUS B13,1771291849.2506845,0x18FF02F7,1,0 state
ACT_INVERTERREADY B13,1771291849.2506845,0x18FF02F7,1,0 state
ACT_ERRORSTATUS B13,1771291849.2506845,0x18FF02F7,1,0 state
ACT_SPEED B13,1771291849.2506845,0x18FF02F7,1,0.00 rpm
ACT_TORQUE B13,1771291849.2506845,0x18FF02F7,1,0.00 Nm
ACT_POWER B13,1771291849.2506845,0x18FF02F7,1,0.00 kw
ACT_MOTORTEMPERATURE B13,1771291849.2506845,0x18FF02F7,1,28.00 °C
DEVICESTATE M13,1771291849.3405042,0x18FF00F7,1,0 state
ERRORLAMP M13,1771291849.3405042,0x18FF00F7,1,0 state
DEVICENUMBER M13,1771291849.3405042,0x18FF00F7,1,14 state
CLAMP15_STATUS M13,1771291849.3405042,0x18FF00F7,1,1 state
PRECHARGED M13,1771291849.3405042,0x18FF00F7,1,1 state
STATUS_ BIT_FLEX_IN_OUT_SIGNAL1 M13,1771291849.3405042,0x18FF00F7,1,3 state
STATUS_ BIT_FLEX_IN_OUT_SIGNAL2 M13,1771291849.3405042,0x18FF00F7,1,3 state
ERROR CODE  M13,1771291849.3405042,0x18FF00F7,1,0 state
ACT_DCBUSVOLTAGE M13,1771291849.3405042,0x18FF00F7,1,1.25 V
ACT_DCBUSPOWER M13,1771291849.3405042,0x18FF00F7,1,0.00 kw
ACT_DEVICETEMPERATURE M13,1771291849.3405042,0x18FF00F7,1,27.00 °C
ACT_INVERTERSTATUS A13,1771291849.345661,0x18FF01F7,1,0 state
ACT_INVERTERREADY A13,1771291849.345661,0x18FF01F7,1,0 state
ACT_ERRORSTATUS A13,1771291849.345661,0x18FF01F7,1,0 state
ACT_SPEED A13,1771291849.345661,0x18FF01F7,1,0.00 rpm
ACT_TORQUE A13,1771291849.345661,0x18FF01F7,1,0.00 Nm
ACT_POWER A13,1771291849.345661,0x18FF01F7,1,0.00 kw
ACT_MOTORTEMPERATURE A13,1771291849.345661,0x18FF01F7,1,27.00 °C
ACT_INVERTERSTATUS B13,1771291849.3505657,0x18FF02F7,1,0 state
ACT_INVERTERREADY B13,1771291849.3505657,0x18FF02F7,1,0 state
ACT_ERRORSTATUS B13,1771291849.3505657,0x18FF02F7,1,0 state
ACT_SPEED B13,1771291849.3505657,0x18FF02F7,1,0.00 rpm
ACT_TORQUE B13,1771291849.3505657,0x18FF02F7,1,0.00 Nm
ACT_POWER B13,1771291849.3505657,0x18FF02F7,1,0.00 kw
ACT_MOTORTEMPERATURE B13,1771291849.3505657,0x18FF02F7,1,28.00 °C
DEVICESTATE M13,1771291849.4405816,0x18FF00F7,1,0 state
ERRORLAMP M13,1771291849.4405816,0x18FF00F7,1,0 state
DEVICENUMBER M13,1771291849.4405816,0x18FF00F7,1,14 state
CLAMP15_STATUS M13,1771291849.4405816,0x18FF00F7,1,1 state
PRECHARGED M13,1771291849.4405816,0x18FF00F7,1,1 state
STATUS_ BIT_FLEX_IN_OUT_SIGNAL1 M13,1771291849.4405816,0x18FF00F7,1,3 state
STATUS_ BIT_FLEX_IN_OUT_SIGNAL2 M13,1771291849.4405816,0x18FF00F7,1,3 state
ERROR CODE  M13,1771291849.4405816,0x18FF00F7,1,0 state
ACT_DCBUSVOLTAGE M13,1771291849.4405816,0x18FF00F7,1,1.25 V
ACT_DCBUSPOWER M13,1771291849.4405816,0x18FF00F7,1,0.00 kw
ACT_DEVICETEMPERATURE M13,1771291849.4405816,0x18FF00F7,1,27.00 °C
ACT_INVERTERSTATUS A13,1771291849.4456155,0x18FF01F7,1,0 state
ACT_INVERTERREADY A13,1771291849.4456155,0x18FF01F7,1,0 state
ACT_ERRORSTATUS A13,1771291849.4456155,0x18FF01F7,1,0 state
ACT_SPEED A13,1771291849.4456155,0x18FF01F7,1,0.00 rpm
ACT_TORQUE A13,1771291849.4456155,0x18FF01F7,1,0.00 Nm
ACT_POWER A13,1771291849.4456155,0x18FF01F7,1,0.00 kw
ACT_MOTORTEMPERATURE A13,1771291849.4456155,0x18FF01F7,1,27.00 °C
ACT_INVERTERSTATUS B13,1771291849.4506402,0x18FF02F7,1,0 state
ACT_INVERTERREADY B13,1771291849.4506402,0x18FF02F7,1,0 state
ACT_ERRORSTATUS B13,1771291849.4506402,0x18FF02F7,1,0 state
ACT_SPEED B13,1771291849.4506402,0x18FF02F7,1,0.00 rpm
ACT_TORQUE B13,1771291849.4506402,0x18FF02F7,1,0.00 Nm
ACT_POWER B13,1771291849.4506402,0x18FF02F7,1,0.00 kw
ACT_MOTORTEMPERATURE B13,1771291849.4506402,0x18FF02F7,1,28.00 °C
DEVICESTATE M13,1771291849.5404584,0x18FF00F7,1,0 state
ERRORLAMP M13,1771291849.5404584,0x18FF00F7,1,0 state
DEVICENUMBER M13,1771291849.5404584,0x18FF00F7,1,14 state
CLAMP15_STATUS M13,1771291849.5404584,0x18FF00F7,1,1 state
PRECHARGED M13,1771291849.5404584,0x18FF00F7,1,1 state
STATUS_ BIT_FLEX_IN_OUT_SIGNAL1 M13,1771291849.5404584,0x18FF00F7,1,3 state
STATUS_ BIT_FLEX_IN_OUT_SIGNAL2 M13,1771291849.5404584,0x18FF00F7,1,3 state
ERROR CODE  M13,1771291849.5404584,0x18FF00F7,1,0 state
ACT_DCBUSVOLTAGE M13,1771291849.5404584,0x18FF00F7,1,1.25 V
ACT_DCBUSPOWER M13,1771291849.5404584,0x18FF00F7,1,0.00 kw
ACT_DEVICETEMPERATURE M13,1771291849.5404584,0x18FF00F7,1,27.00 °C
ACT_INVERTERSTATUS A13,1771291849.5456007,0x18FF01F7,1,0 state
ACT_INVERTERREADY A13,1771291849.5456007,0x18FF01F7,1,0 state
ACT_ERRORSTATUS A13,1771291849.5456007,0x18FF01F7,1,0 state
ACT_SPEED A13,1771291849.5456007,0x18FF01F7,1,0.00 rpm
ACT_TORQUE A13,1771291849.5456007,0x18FF01F7,1,0.00 Nm
ACT_POWER A13,1771291849.5456007,0x18FF01F7,1,0.00 kw
ACT_MOTORTEMPERATURE A13,1771291849.5456007,0x18FF01F7,1,27.00 °C
ACT_INVERTERSTATUS B13,1771291849.550525,0x18FF02F7,1,0 state
ACT_INVERTERREADY B13,1771291849.550525,0x18FF02F7,1,0 state
ACT_ERRORSTATUS B13,1771291849.550525,0x18FF02F7,1,0 state
ACT_SPEED B13,1771291849.550525,0x18FF02F7,1,0.00 rpm
ACT_TORQUE B13,1771291849.550525,0x18FF02F7,1,0.00 Nm
ACT_POWER B13,1771291849.550525,0x18FF02F7,1,0.00 kw
ACT_MOTORTEMPERATURE B13,1771291849.550525,0x18FF02F7,1,28.00 °C
DEVICESTATE M13,1771291849.6409845,0x18FF00F7,1,0 state
ERRORLAMP M13,1771291849.6409845,0x18FF00F7,1,0 state
DEVICENUMBER M13,1771291849.6409845,0x18FF00F7,1,14 state
CLAMP15_STATUS M13,1771291849.6409845,0x18FF00F7,1,1 state
PRECHARGED M13,1771291849.6409845,0x18FF00F7,1,1 state
STATUS_ BIT_FLEX_IN_OUT_SIGNAL1 M13,1771291849.6409845,0x18FF00F7,1,3 state
STATUS_ BIT_FLEX_IN_OUT_SIGNAL2 M13,1771291849.6409845,0x18FF00F7,1,3 state
ERROR CODE  M13,1771291849.6409845,0x18FF00F7,1,0 state
ACT_DCBUSVOLTAGE M13,1771291849.6409845,0x18FF00F7,1,1.25 V
ACT_DCBUSPOWER M13,1771291849.6409845,0x18FF00F7,1,0.00 kw
ACT_DEVICETEMPERATURE M13,1771291849.6409845,0x18FF00F7,1,27.00 °C
ACT_INVERTERSTATUS A13,1771291849.6459215,0x18FF01F7,1,0 state
ACT_INVERTERREADY A13,1771291849.6459215,0x18FF01F7,1,0 state
ACT_ERRORSTATUS A13,1771291849.6459215,0x18FF01F7,1,0 state
ACT_SPEED A13,1771291849.6459215,0x18FF01F7,1,0.00 rpm
ACT_TORQUE A13,1771291849.6459215,0x18FF01F7,1,0.00 Nm
ACT_POWER A13,1771291849.6459215,0x18FF01F7,1,0.00 kw
ACT_MOTORTEMPERATURE A13,1771291849.6459215,0x18FF01F7,1,27.00 °C
ACT_INVERTERSTATUS B13,1771291849.6505299,0x18FF02F7,1,0 state
ACT_INVERTERREADY B13,1771291849.6505299,0x18FF02F7,1,0 state
ACT_ERRORSTATUS B13,1771291849.6505299,0x18FF02F7,1,0 state
ACT_SPEED B13,1771291849.6505299,0x18FF02F7,1,0.00 rpm
ACT_TORQUE B13,1771291849.6505299,0x18FF02F7,1,0.00 Nm
ACT_POWER B13,1771291849.6505299,0x18FF02F7,1,0.00 kw
ACT_MOTORTEMPERATURE B13,1771291849.6505299,0x18FF02F7,1,28.00 °C
DEVICESTATE M13,1771291849.740539,0x18FF00F7,1,0 state
ERRORLAMP M13,1771291849.740539,0x18FF00F7,1,0 state
DEVICENUMBER M13,1771291849.740539,0x18FF00F7,1,14 state
CLAMP15_STATUS M13,1771291849.740539,0x18FF00F7,1,1 state
PRECHARGED M13,1771291849.740539,0x18FF00F7,1,1 state
STATUS_ BIT_FLEX_IN_OUT_SIGNAL1 M13,1771291849.740539,0x18FF00F7,1,3 state
STATUS_ BIT_FLEX_IN_OUT_SIGNAL2 M13,1771291849.740539,0x18FF00F7,1,3 state
ERROR CODE  M13,1771291849.740539,0x18FF00F7,1,0 state
ACT_DCBUSVOLTAGE M13,1771291849.740539,0x18FF00F7,1,1.25 V
ACT_DCBUSPOWER M13,1771291849.740539,0x18FF00F7,1,0.00 kw
ACT_DEVICETEMPERATURE M13,1771291849.740539,0x18FF00F7,1,27.00 °C
ACT_INVERTERSTATUS A13,1771291849.7457056,0x18FF01F7,1,0 state
ACT_INVERTERREADY A13,1771291849.7457056,0x18FF01F7,1,0 state
ACT_ERRORSTATUS A13,1771291849.7457056,0x18FF01F7,1,0 state
ACT_SPEED A13,1771291849.7457056,0x18FF01F7,1,0.00 rpm
ACT_TORQUE A13,1771291849.7457056,0x18FF01F7,1,0.00 Nm
ACT_POWER A13,1771291849.7457056,0x18FF01F7,1,0.00 kw
ACT_MOTORTEMPERATURE A13,1771291849.7457056,0x18FF01F7,1,27.00 °C
ACT_INVERTERSTATUS B13,1771291849.7507277,0x18FF02F7,1,0 state
ACT_INVERTERREADY B13,1771291849.7507277,0x18FF02F7,1,0 state
ACT_ERRORSTATUS B13,1771291849.7507277,0x18FF02F7,1,0 state
ACT_SPEED B13,1771291849.7507277,0x18FF02F7,1,0.00 rpm
ACT_TORQUE B13,1771291849.7507277,0x18FF02F7,1,0.00 Nm
ACT_POWER B13,1771291849.7507277,0x18FF02F7,1,0.00 kw
ACT_MOTORTEMPERATURE B13,1771291849.7507277,0x18FF02F7,1,28.00 °C
DEVICESTATE M13,1771291849.840583,0x18FF00F7,1,0 state
ERRORLAMP M13,1771291849.840583,0x18FF00F7,1,0 state
DEVICENUMBER M13,1771291849.840583,0x18FF00F7,1,14 state
CLAMP15_STATUS M13,1771291849.840583,0x18FF00F7,1,1 state
PRECHARGED M13,1771291849.840583,0x18FF00F7,1,1 state
STATUS_ BIT_FLEX_IN_OUT_SIGNAL1 M13,1771291849.840583,0x18FF00F7,1,3 state
STATUS_ BIT_FLEX_IN_OUT_SIGNAL2 M13,1771291849.840583,0x18FF00F7,1,3 state
ERROR CODE  M13,1771291849.840583,0x18FF00F7,1,0 state
ACT_DCBUSVOLTAGE M13,1771291849.840583,0x18FF00F7,1,1.25 V
ACT_DCBUSPOWER M13,1771291849.840583,0x18FF00F7,1,0.00 kw
ACT_DEVICETEMPERATURE M13,1771291849.840583,0x18FF00F7,1,27.00 °C
ACT_INVERTERSTATUS A13,1771291849.8456128,0x18FF01F7,1,0 state
ACT_INVERTERREADY A13,1771291849.8456128,0x18FF01F7,1,0 state
ACT_ERRORSTATUS A13,1771291849.8456128,0x18FF01F7,1,0 state
ACT_SPEED A13,1771291849.8456128,0x18FF01F7,1,0.00 rpm
ACT_TORQUE A13,1771291849.8456128,0x18FF01F7,1,0.00 Nm
ACT_POWER A13,1771291849.8456128,0x18FF01F7,1,0.00 kw
ACT_MOTORTEMPERATURE A13,1771291849.8456128,0x18FF01F7,1,27.00 °C
ACT_INVERTERSTATUS B13,1771291849.8506415,0x18FF02F7,1,0 state
ACT_INVERTERREADY B13,1771291849.8506415,0x18FF02F7,1,0 state
ACT_ERRORSTATUS B13,1771291849.8506415,0x18FF02F7,1,0 state
ACT_SPEED B13,1771291849.8506415,0x18FF02F7,1,0.00 rpm
ACT_TORQUE B13,1771291849.8506415,0x18FF02F7,1,0.00 Nm
ACT_POWER B13,1771291849.8506415,0x18FF02F7,1,0.00 kw
ACT_MOTORTEMPERATURE B13,1771291849.8506415,0x18FF02F7,1,28.00 °C
DEVICESTATE M13,1771291849.9408348,0x18FF00F7,1,0 state
ERRORLAMP M13,1771291849.9408348,0x18FF00F7,1,0 state
DEVICENUMBER M13,1771291849.9408348,0x18FF00F7,1,14 state
CLAMP15_STATUS M13,1771291849.9408348,0x18FF00F7,1,1 state
PRECHARGED M13,1771291849.9408348,0x18FF00F7,1,1 state
STATUS_ BIT_FLEX_IN_OUT_SIGNAL1 M13,1771291849.9408348,0x18FF00F7,1,3 state
STATUS_ BIT_FLEX_IN_OUT_SIGNAL2 M13,1771291849.9408348,0x18FF00F7,1,3 state
ERROR CODE  M13,1771291849.9408348,0x18FF00F7,1,0 state
ACT_DCBUSVOLTAGE M13,1771291849.9408348,0x18FF00F7,1,1.25 V
ACT_DCBUSPOWER M13,1771291849.9408348,0x18FF00F7,1,0.00 kw
ACT_DEVICETEMPERATURE M13,1771291849.9408348,0x18FF00F7,1,27.00 °C
ACT_INVERTERSTATUS A13,1771291849.9454412,0x18FF01F7,1,0 state
ACT_INVERTERREADY A13,1771291849.9454412,0x18FF01F7,1,0 state
ACT_ERRORSTATUS A13,1771291849.9454412,0x18FF01F7,1,0 state
ACT_SPEED A13,1771291849.9454412,0x18FF01F7,1,0.00 rpm
ACT_TORQUE A13,1771291849.9454412,0x18FF01F7,1,0.00 Nm
ACT_POWER A13,1771291849.9454412,0x18FF01F7,1,0.00 kw
ACT_MOTORTEMPERATURE A13,1771291849.9454412,0x18FF01F7,1,27.00 °C
ACT_INVERTERSTATUS B13,1771291849.9505484,0x18FF02F7,1,0 state
ACT_INVERTERREADY B13,1771291849.9505484,0x18FF02F7,1,0 state
ACT_ERRORSTATUS B13,1771291849.9505484,0x18FF02F7,1,0 state
ACT_SPEED B13,1771291849.9505484,0x18FF02F7,1,0.00 rpm
ACT_TORQUE B13,1771291849.9505484,0x18FF02F7,1,0.00 Nm
ACT_POWER B13,1771291849.9505484,0x18FF02F7,1,0.00 kw
ACT_MOTORTEMPERATURE B13,1771291849.9505484,0x18FF02F7,1,28.00 °C
DEVICESTATE M13,1771291850.041194,0x18FF00F7,1,0 state
ERRORLAMP M13,1771291850.041194,0x18FF00F7,1,0 state
DEVICENUMBER M13,1771291850.041194,0x18FF00F7,1,14 state
CLAMP15_STATUS M13,1771291850.041194,0x18FF00F7,1,1 state
PRECHARGED M13,1771291850.041194,0x18FF00F7,1,1 state
STATUS_ BIT_FLEX_IN_OUT_SIGNAL1 M13,1771291850.041194,0x18FF00F7,1,3 state
STATUS_ BIT_FLEX_IN_OUT_SIGNAL2 M13,1771291850.041194,0x18FF00F7,1,3 state
ERROR CODE  M13,1771291850.041194,0x18FF00F7,1,0 state
ACT_DCBUSVOLTAGE M13,1771291850.041194,0x18FF00F7,1,1.25 V
ACT_DCBUSPOWER M13,1771291850.041194,0x18FF00F7,1,0.00 kw
ACT_DEVICETEMPERATURE M13,1771291850.041194,0x18FF00F7,1,27.00 °C
ACT_INVERTERSTATUS A13,1771291850.0458162,0x18FF01F7,1,0 state
ACT_INVERTERREADY A13,1771291850.0458162,0x18FF01F7,1,0 state
ACT_ERRORSTATUS A13,1771291850.0458162,0x18FF01F7,1,0 state
ACT_SPEED A13,1771291850.0458162,0x18FF01F7,1,0.00 rpm
ACT_TORQUE A13,1771291850.0458162,0x18FF01F7,1,0.00 Nm
ACT_POWER A13,1771291850.0458162,0x18FF01F7,1,0.00 kw
ACT_MOTORTEMPERATURE A13,1771291850.0458162,0x18FF01F7,1,27.00 °C
ACT_INVERTERSTATUS B13,1771291850.050409,0x18FF02F7,1,0 state
ACT_INVERTERREADY B13,1771291850.050409,0x18FF02F7,1,0 state
ACT_ERRORSTATUS B13,1771291850.050409,0x18FF02F7,1,0 state
ACT_SPEED B13,1771291850.050409,0x18FF02F7,1,0.00 rpm
ACT_TORQUE B13,1771291850.050409,0x18FF02F7,1,0.00 Nm
ACT_POWER B13,1771291850.050409,0x18FF02F7,1,0.00 kw
ACT_MOTORTEMPERATURE B13,1771291850.050409,0x18FF02F7,1,28.00 °C
DEVICESTATE M13,1771291850.1408932,0x18FF00F7,1,0 state
ERRORLAMP M13,1771291850.1408932,0x18FF00F7,1,0 state
DEVICENUMBER M13,1771291850.1408932,0x18FF00F7,1,14 state
CLAMP15_STATUS M13,1771291850.1408932,0x18FF00F7,1,1 state
PRECHARGED M13,1771291850.1408932,0x18FF00F7,1,1 state
STATUS_ BIT_FLEX_IN_OUT_SIGNAL1 M13,1771291850.1408932,0x18FF00F7,1,3 state
STATUS_ BIT_FLEX_IN_OUT_SIGNAL2 M13,1771291850.1408932,0x18FF00F7,1,3 state
ERROR CODE  M13,1771291850.1408932,0x18FF00F7,1,0 state
ACT_DCBUSVOLTAGE M13,1771291850.1408932,0x18FF00F7,1,1.25 V
ACT_DCBUSPOWER M13,1771291850.1408932,0x18FF00F7,1,0.00 kw
ACT_DEVICETEMPERATURE M13,1771291850.1408932,0x18FF00F7,1,27.00 °C
ACT_INVERTERSTATUS A13,1771291850.1453924,0x18FF01F7,1,0 state
ACT_INVERTERREADY A13,1771291850.1453924,0x18FF01F7,1,0 state
ACT_ERRORSTATUS A13,1771291850.1453924,0x18FF01F7,1,0 state
ACT_SPEED A13,1771291850.1453924,0x18FF01F7,1,0.00 rpm
ACT_TORQUE A13,1771291850.1453924,0x18FF01F7,1,0.00 Nm
ACT_POWER A13,1771291850.1453924,0x18FF01F7,1,0.00 kw
ACT_MOTORTEMPERATURE A13,1771291850.1453924,0x18FF01F7,1,27.00 °C
ACT_INVERTERSTATUS B13,1771291850.1505451,0x18FF02F7,1,0 state
ACT_INVERTERREADY B13,1771291850.1505451,0x18FF02F7,1,0 state
ACT_ERRORSTATUS B13,1771291850.1505451,0x18FF02F7,1,0 state
ACT_SPEED B13,1771291850.1505451,0x18FF02F7,1,0.00 rpm
ACT_TORQUE B13,1771291850.1505451,0x18FF02F7,1,0.00 Nm
ACT_POWER B13,1771291850.1505451,0x18FF02F7,1,0.00 kw
ACT_MOTORTEMPERATURE B13,1771291850.1505451,0x18FF02F7,1,28.00 °C
DEVICESTATE M13,1771291850.2406378,0x18FF00F7,1,0 state
ERRORLAMP M13,1771291850.2406378,0x18FF00F7,1,0 state
DEVICENUMBER M13,1771291850.2406378,0x18FF00F7,1,14 state
CLAMP15_STATUS M13,1771291850.2406378,0x18FF00F7,1,1 state
PRECHARGED M13,1771291850.2406378,0x18FF00F7,1,1 state
STATUS_ BIT_FLEX_IN_OUT_SIGNAL1 M13,1771291850.2406378,0x18FF00F7,1,3 state
STATUS_ BIT_FLEX_IN_OUT_SIGNAL2 M13,1771291850.2406378,0x18FF00F7,1,3 state
ERROR CODE  M13,1771291850.2406378,0x18FF00F7,1,0 state
ACT_DCBUSVOLTAGE M13,1771291850.2406378,0x18FF00F7,1,1.25 V
ACT_DCBUSPOWER M13,1771291850.2406378,0x18FF00F7,1,0.00 kw
ACT_DEVICETEMPERATURE M13,1771291850.2406378,0x18FF00F7,1,27.00 °C
ACT_INVERTERSTATUS A13,1771291850.245811,0x18FF01F7,1,0 state
ACT_INVERTERREADY A13,1771291850.245811,0x18FF01F7,1,0 state
ACT_ERRORSTATUS A13,1771291850.245811,0x18FF01F7,1,0 state
ACT_SPEED A13,1771291850.245811,0x18FF01F7,1,0.00 rpm
ACT_TORQUE A13,1771291850.245811,0x18FF01F7,1,0.00 Nm
ACT_POWER A13,1771291850.245811,0x18FF01F7,1,0.00 kw
ACT_MOTORTEMPERATURE A13,1771291850.245811,0x18FF01F7,1,27.00 °C
ACT_INVERTERSTATUS B13,1771291850.250826,0x18FF02F7,1,0 state
ACT_INVERTERREADY B13,1771291850.250826,0x18FF02F7,1,0 state
ACT_ERRORSTATUS B13,1771291850.250826,0x18FF02F7,1,0 state
ACT_SPEED B13,1771291850.250826,0x18FF02F7,1,0.00 rpm
ACT_TORQUE B13,1771291850.250826,0x18FF02F7,1,0.00 Nm
ACT_POWER B13,1771291850.250826,0x18FF02F7,1,0.00 kw
ACT_MOTORTEMPERATURE B13,1771291850.250826,0x18FF02F7,1,28.00 °C
DEVICESTATE M13,1771291850.3409398,0x18FF00F7,1,0 state
ERRORLAMP M13,1771291850.3409398,0x18FF00F7,1,0 state
DEVICENUMBER M13,1771291850.3409398,0x18FF00F7,1,14 state
CLAMP15_STATUS M13,1771291850.3409398,0x18FF00F7,1,1 state
PRECHARGED M13,1771291850.3409398,0x18FF00F7,1,1 state
STATUS_ BIT_FLEX_IN_OUT_SIGNAL1 M13,1771291850.3409398,0x18FF00F7,1,3 state
STATUS_ BIT_FLEX_IN_OUT_SIGNAL2 M13,1771291850.3409398,0x18FF00F7,1,3 state
ERROR CODE  M13,1771291850.3409398,0x18FF00F7,1,0 state
ACT_DCBUSVOLTAGE M13,1771291850.3409398,0x18FF00F7,1,1.25 V
ACT_DCBUSPOWER M13,1771291850.3409398,0x18FF00F7,1,0.00 kw
ACT_DEVICETEMPERATURE M13,1771291850.3409398,0x18FF00F7,1,27.00 °C
ACT_INVERTERSTATUS A13,1771291850.3457952,0x18FF01F7,1,0 state
ACT_INVERTERREADY A13,1771291850.3457952,0x18FF01F7,1,0 state
ACT_ERRORSTATUS A13,1771291850.3457952,0x18FF01F7,1,0 state
ACT_SPEED A13,1771291850.3457952,0x18FF01F7,1,0.00 rpm
ACT_TORQUE A13,1771291850.3457952,0x18FF01F7,1,0.00 Nm
ACT_POWER A13,1771291850.3457952,0x18FF01F7,1,0.00 kw
ACT_MOTORTEMPERATURE A13,1771291850.3457952,0x18FF01F7,1,27.00 °C
ACT_INVERTERSTATUS B13,1771291850.350618,0x18FF02F7,1,0 state
ACT_INVERTERREADY B13,1771291850.350618,0x18FF02F7,1,0 state
ACT_ERRORSTATUS B13,1771291850.350618,0x18FF02F7,1,0 state
ACT_SPEED B13,1771291850.350618,0x18FF02F7,1,0.00 rpm
ACT_TORQUE B13,1771291850.350618,0x18FF02F7,1,0.00 Nm
ACT_POWER B13,1771291850.350618,0x18FF02F7,1,0.00 kw
ACT_MOTORTEMPERATURE B13,1771291850.350618,0x18FF02F7,1,28.00 °C
DEVICESTATE M13,1771291850.440648,0x18FF00F7,1,0 state
ERRORLAMP M13,1771291850.440648,0x18FF00F7,1,0 state
DEVICENUMBER M13,1771291850.440648,0x18FF00F7,1,14 state
CLAMP15_STATUS M13,1771291850.440648,0x18FF00F7,1,1 state
PRECHARGED M13,1771291850.440648,0x18FF00F7,1,1 state
STATUS_ BIT_FLEX_IN_OUT_SIGNAL1 M13,1771291850.440648,0x18FF00F7,1,3 state
STATUS_ BIT_FLEX_IN_OUT_SIGNAL2 M13,1771291850.440648,0x18FF00F7,1,3 state
ERROR CODE  M13,1771291850.440648,0x18FF00F7,1,0 state
ACT_DCBUSVOLTAGE M13,1771291850.440648,0x18FF00F7,1,1.25 V
ACT_DCBUSPOWER M13,1771291850.440648,0x18FF00F7,1,0.00 kw
ACT_DEVICETEMPERATURE M13,1771291850.440648,0x18FF00F7,1,27.00 °C
ACT_INVERTERSTATUS A13,1771291850.445514,0x18FF01F7,1,0 state
ACT_INVERTERREADY A13,1771291850.445514,0x18FF01F7,1,0 state
ACT_ERRORSTATUS A13,1771291850.445514,0x18FF01F7,1,0 state
ACT_SPEED A13,1771291850.445514,0x18FF01F7,1,0.00 rpm
ACT_TORQUE A13,1771291850.445514,0x18FF01F7,1,0.00 Nm
ACT_POWER A13,1771291850.445514,0x18FF01F7,1,0.00 kw
ACT_MOTORTEMPERATURE A13,1771291850.445514,0x18FF01F7,1,27.00 °C
ACT_INVERTERSTATUS B13,1771291850.4505343,0x18FF02F7,1,0 state
ACT_INVERTERREADY B13,1771291850.4505343,0x18FF02F7,1,0 state
ACT_ERRORSTATUS B13,1771291850.4505343,0x18FF02F7,1,0 state
ACT_SPEED B13,1771291850.4505343,0x18FF02F7,1,0.00 rpm
ACT_TORQUE B13,1771291850.4505343,0x18FF02F7,1,0.00 Nm
ACT_POWER B13,1771291850.4505343,0x18FF02F7,1,0.00 kw
ACT_MOTORTEMPERATURE B13,1771291850.4505343,0x18FF02F7,1,28.00 °C
DEVICESTATE M13,1771291850.540934,0x18FF00F7,1,0 state
ERRORLAMP M13,1771291850.540934,0x18FF00F7,1,0 state
DEVICENUMBER M13,1771291850.540934,0x18FF00F7,1,14 state
CLAMP15_STATUS M13,1771291850.540934,0x18FF00F7,1,1 state
PRECHARGED M13,1771291850.540934,0x18FF00F7,1,1 state
STATUS_ BIT_FLEX_IN_OUT_SIGNAL1 M13,1771291850.540934,0x18FF00F7,1,3 state
STATUS_ BIT_FLEX_IN_OUT_SIGNAL2 M13,1771291850.540934,0x18FF00F7,1,3 state
ERROR CODE  M13,1771291850.540934,0x18FF00F7,1,0 state
ACT_DCBUSVOLTAGE M13,1771291850.540934,0x18FF00F7,1,1.25 V
ACT_DCBUSPOWER M13,1771291850.540934,0x18FF00F7,1,0.00 kw
ACT_DEVICETEMPERATURE M13,1771291850.540934,0x18FF00F7,1,27.00 °C
ACT_INVERTERSTATUS A13,1771291850.546277,0x18FF01F7,1,0 state
ACT_INVERTERREADY A13,1771291850.546277,0x18FF01F7,1,0 state
ACT_ERRORSTATUS A13,1771291850.546277,0x18FF01F7,1,0 state
ACT_SPEED A13,1771291850.546277,0x18FF01F7,1,0.00 rpm
ACT_TORQUE A13,1771291850.546277,0x18FF01F7,1,0.00 Nm
ACT_POWER A13,1771291850.546277,0x18FF01F7,1,0.00 kw
ACT_MOTORTEMPERATURE A13,1771291850.546277,0x18FF01F7,1,27.00 °C
ACT_INVERTERSTATUS B13,1771291850.550663,0x18FF02F7,1,0 state
ACT_INVERTERREADY B13,1771291850.550663,0x18FF02F7,1,0 state
ACT_ERRORSTATUS B13,1771291850.550663,0x18FF02F7,1,0 state
ACT_SPEED B13,1771291850.550663,0x18FF02F7,1,0.00 rpm
ACT_TORQUE B13,1771291850.550663,0x18FF02F7,1,0.00 Nm
ACT_POWER B13,1771291850.550663,0x18FF02F7,1,0.00 kw
ACT_MOTORTEMPERATURE B13,1771291850.550663,0x18FF02F7,1,28.00 °C
DEVICESTATE M13,1771291850.6409187,0x18FF00F7,1,0 state
ERRORLAMP M13,1771291850.6409187,0x18FF00F7,1,0 state
DEVICENUMBER M13,1771291850.6409187,0x18FF00F7,1,14 state
CLAMP15_STATUS M13,1771291850.6409187,0x18FF00F7,1,1 state
PRECHARGED M13,1771291850.6409187,0x18FF00F7,1,1 state
STATUS_ BIT_FLEX_IN_OUT_SIGNAL1 M13,1771291850.6409187,0x18FF00F7,1,3 state
STATUS_ BIT_FLEX_IN_OUT_SIGNAL2 M13,1771291850.6409187,0x18FF00F7,1,3 state
ERROR CODE  M13,1771291850.6409187,0x18FF00F7,1,0 state
ACT_DCBUSVOLTAGE M13,1771291850.6409187,0x18FF00F7,1,1.25 V
ACT_DCBUSPOWER M13,1771291850.6409187,0x18FF00F7,1,0.00 kw
ACT_DEVICETEMPERATURE M13,1771291850.6409187,0x18FF00F7,1,27.00 °C
ACT_INVERTERSTATUS A13,1771291850.6455343,0x18FF01F7,1,0 state
ACT_INVERTERREADY A13,1771291850.6455343,0x18FF01F7,1,0 state
ACT_ERRORSTATUS A13,1771291850.6455343,0x18FF01F7,1,0 state
ACT_SPEED A13,1771291850.6455343,0x18FF01F7,1,0.00 rpm
ACT_TORQUE A13,1771291850.6455343,0x18FF01F7,1,0.00 Nm
ACT_POWER A13,1771291850.6455343,0x18FF01F7,1,0.00 kw
ACT_MOTORTEMPERATURE A13,1771291850.6455343,0x18FF01F7,1,27.00 °C
ACT_INVERTERSTATUS B13,1771291850.6504817,0x18FF02F7,1,0 state
ACT_INVERTERREADY B13,1771291850.6504817,0x18FF02F7,1,0 state
ACT_ERRORSTATUS B13,1771291850.6504817,0x18FF02F7,1,0 state
ACT_SPEED B13,1771291850.6504817,0x18FF02F7,1,0.00 rpm
ACT_TORQUE B13,1771291850.6504817,0x18FF02F7,1,0.00 Nm
ACT_POWER B13,1771291850.6504817,0x18FF02F7,1,0.00 kw
ACT_MOTORTEMPERATURE B13,1771291850.6504817,0x18FF02F7,1,28.00 °C
DEVICESTATE M13,1771291850.7407632,0x18FF00F7,1,0 state
ERRORLAMP M13,1771291850.7407632,0x18FF00F7,1,0 state
DEVICENUMBER M13,1771291850.7407632,0x18FF00F7,1,14 state
CLAMP15_STATUS M13,1771291850.7407632,0x18FF00F7,1,1 state
PRECHARGED M13,1771291850.7407632,0x18FF00F7,1,1 state
STATUS_ BIT_FLEX_IN_OUT_SIGNAL1 M13,1771291850.7407632,0x18FF00F7,1,3 state
STATUS_ BIT_FLEX_IN_OUT_SIGNAL2 M13,1771291850.7407632,0x18FF00F7,1,3 state
ERROR CODE  M13,1771291850.7407632,0x18FF00F7,1,0 state
ACT_DCBUSVOLTAGE M13,1771291850.7407632,0x18FF00F7,1,1.25 V
ACT_DCBUSPOWER M13,1771291850.7407632,0x18FF00F7,1,0.00 kw
ACT_DEVICETEMPERATURE M13,1771291850.7407632,0x18FF00F7,1,27.00 °C
ACT_INVERTERSTATUS A13,1771291850.745855,0x18FF01F7,1,0 state
ACT_INVERTERREADY A13,1771291850.745855,0x18FF01F7,1,0 state
ACT_ERRORSTATUS A13,1771291850.745855,0x18FF01F7,1,0 state
ACT_SPEED A13,1771291850.745855,0x18FF01F7,1,0.00 rpm
ACT_TORQUE A13,1771291850.745855,0x18FF01F7,1,0.00 Nm
ACT_POWER A13,1771291850.745855,0x18FF01F7,1,0.00 kw
ACT_MOTORTEMPERATURE A13,1771291850.745855,0x18FF01F7,1,27.00 °C
ACT_INVERTERSTATUS B13,1771291850.750647,0x18FF02F7,1,0 state
ACT_INVERTERREADY B13,1771291850.750647,0x18FF02F7,1,0 state
ACT_ERRORSTATUS B13,1771291850.750647,0x18FF02F7,1,0 state
ACT_SPEED B13,1771291850.750647,0x18FF02F7,1,0.00 rpm
ACT_TORQUE B13,1771291850.750647,0x18FF02F7,1,0.00 Nm
ACT_POWER B13,1771291850.750647,0x18FF02F7,1,0.00 kw
ACT_MOTORTEMPERATURE B13,1771291850.750647,0x18FF02F7,1,28.00 °C
DEVICESTATE M13,1771291850.8405871,0x18FF00F7,1,0 state
ERRORLAMP M13,1771291850.8405871,0x18FF00F7,1,0 state
DEVICENUMBER M13,1771291850.8405871,0x18FF00F7,1,14 state
CLAMP15_STATUS M13,1771291850.8405871,0x18FF00F7,1,1 state
PRECHARGED M13,1771291850.8405871,0x18FF00F7,1,1 state
STATUS_ BIT_FLEX_IN_OUT_SIGNAL1 M13,1771291850.8405871,0x18FF00F7,1,3 state
STATUS_ BIT_FLEX_IN_OUT_SIGNAL2 M13,1771291850.8405871,0x18FF00F7,1,3 state
ERROR CODE  M13,1771291850.8405871,0x18FF00F7,1,0 state
ACT_DCBUSVOLTAGE M13,1771291850.8405871,0x18FF00F7,1,1.25 V
ACT_DCBUSPOWER M13,1771291850.8405871,0x18FF00F7,1,0.00 kw
ACT_DEVICETEMPERATURE M13,1771291850.8405871,0x18FF00F7,1,27.00 °C
ACT_INVERTERSTATUS A13,1771291850.8458214,0x18FF01F7,1,0 state
ACT_INVERTERREADY A13,1771291850.8458214,0x18FF01F7,1,0 state
ACT_ERRORSTATUS A13,1771291850.8458214,0x18FF01F7,1,0 state
ACT_SPEED A13,1771291850.8458214,0x18FF01F7,1,0.00 rpm
ACT_TORQUE A13,1771291850.8458214,0x18FF01F7,1,0.00 Nm
ACT_POWER A13,1771291850.8458214,0x18FF01F7,1,0.00 kw
ACT_MOTORTEMPERATURE A13,1771291850.8458214,0x18FF01F7,1,27.00 °C
ACT_INVERTERSTATUS B13,1771291850.8507175,0x18FF02F7,1,0 state
ACT_INVERTERREADY B13,1771291850.8507175,0x18FF02F7,1,0 state
ACT_ERRORSTATUS B13,1771291850.8507175,0x18FF02F7,1,0 state
ACT_SPEED B13,1771291850.8507175,0x18FF02F7,1,0.00 rpm
ACT_TORQUE B13,1771291850.8507175,0x18FF02F7,1,0.00 Nm
ACT_POWER B13,1771291850.8507175,0x18FF02F7,1,0.00 kw
ACT_MOTORTEMPERATURE B13,1771291850.8507175,0x18FF02F7,1,28.00 °C
DEVICESTATE M13,1771291850.9407651,0x18FF00F7,1,0 state
ERRORLAMP M13,1771291850.9407651,0x18FF00F7,1,0 state
DEVICENUMBER M13,1771291850.9407651,0x18FF00F7,1,14 state
CLAMP15_STATUS M13,1771291850.9407651,0x18FF00F7,1,1 state
PRECHARGED M13,1771291850.9407651,0x18FF00F7,1,1 state
STATUS_ BIT_FLEX_IN_OUT_SIGNAL1 M13,1771291850.9407651,0x18FF00F7,1,3 state
STATUS_ BIT_FLEX_IN_OUT_SIGNAL2 M13,1771291850.9407651,0x18FF00F7,1,3 state
ERROR CODE  M13,1771291850.9407651,0x18FF00F7,1,0 state
ACT_DCBUSVOLTAGE M13,1771291850.9407651,0x18FF00F7,1,1.25 V
ACT_DCBUSPOWER M13,1771291850.9407651,0x18FF00F7,1,0.00 kw
ACT_DEVICETEMPERATURE M13,1771291850.9407651,0x18FF00F7,1,27.00 °C
ACT_INVERTERSTATUS A13,1771291850.9456258,0x18FF01F7,1,0 state
ACT_INVERTERREADY A13,1771291850.9456258,0x18FF01F7,1,0 state
ACT_ERRORSTATUS A13,1771291850.9456258,0x18FF01F7,1,0 state
ACT_SPEED A13,1771291850.9456258,0x18FF01F7,1,0.00 rpm
ACT_TORQUE A13,1771291850.9456258,0x18FF01F7,1,0.00 Nm
ACT_POWER A13,1771291850.9456258,0x18FF01F7,1,0.00 kw
ACT_MOTORTEMPERATURE A13,1771291850.9456258,0x18FF01F7,1,27.00 °C
ACT_INVERTERSTATUS B13,1771291850.9505873,0x18FF02F7,1,0 state
ACT_INVERTERREADY B13,1771291850.9505873,0x18FF02F7,1,0 state
ACT_ERRORSTATUS B13,1771291850.9505873,0x18FF02F7,1,0 state
ACT_SPEED B13,1771291850.9505873,0x18FF02F7,1,0.00 rpm
ACT_TORQUE B13,1771291850.9505873,0x18FF02F7,1,0.00 Nm
ACT_POWER B13,1771291850.9505873,0x18FF02F7,1,0.00 kw
ACT_MOTORTEMPERATURE B13,1771291850.9505873,0x18FF02F7,1,28.00 °C
DEVICESTATE M13,1771291851.0408092,0x18FF00F7,1,0 state
ERRORLAMP M13,1771291851.0408092,0x18FF00F7,1,0 state
DEVICENUMBER M13,1771291851.0408092,0x18FF00F7,1,14 state
CLAMP15_STATUS M13,1771291851.0408092,0x18FF00F7,1,1 state
PRECHARGED M13,1771291851.0408092,0x18FF00F7,1,1 state
STATUS_ BIT_FLEX_IN_OUT_SIGNAL1 M13,1771291851.0408092,0x18FF00F7,1,3 state
STATUS_ BIT_FLEX_IN_OUT_SIGNAL2 M13,1771291851.0408092,0x18FF00F7,1,3 state
ERROR CODE  M13,1771291851.0408092,0x18FF00F7,1,0 state
ACT_DCBUSVOLTAGE M13,1771291851.0408092,0x18FF00F7,1,1.25 V
ACT_DCBUSPOWER M13,1771291851.0408092,0x18FF00F7,1,0.00 kw
ACT_DEVICETEMPERATURE M13,1771291851.0408092,0x18FF00F7,1,27.00 °C
ACT_INVERTERSTATUS A13,1771291851.0458925,0x18FF01F7,1,0 state
ACT_INVERTERREADY A13,1771291851.0458925,0x18FF01F7,1,0 state
ACT_ERRORSTATUS A13,1771291851.0458925,0x18FF01F7,1,0 state
ACT_SPEED A13,1771291851.0458925,0x18FF01F7,1,0.00 rpm
ACT_TORQUE A13,1771291851.0458925,0x18FF01F7,1,0.00 Nm
ACT_POWER A13,1771291851.0458925,0x18FF01F7,1,0.00 kw
ACT_MOTORTEMPERATURE A13,1771291851.0458925,0x18FF01F7,1,27.00 °C
ACT_INVERTERSTATUS B13,1771291851.05058,0x18FF02F7,1,0 state
ACT_INVERTERREADY B13,1771291851.05058,0x18FF02F7,1,0 state
ACT_ERRORSTATUS B13,1771291851.05058,0x18FF02F7,1,0 state
ACT_SPEED B13,1771291851.05058,0x18FF02F7,1,0.00 rpm
ACT_TORQUE B13,1771291851.05058,0x18FF02F7,1,0.00 Nm
ACT_POWER B13,1771291851.05058,0x18FF02F7,1,0.00 kw
ACT_MOTORTEMPERATURE B13,1771291851.05058,0x18FF02F7,1,28.00 °C
DEVICESTATE M13,1771291851.1407084,0x18FF00F7,1,0 state
ERRORLAMP M13,1771291851.1407084,0x18FF00F7,1,0 state
DEVICENUMBER M13,1771291851.1407084,0x18FF00F7,1,14 state
CLAMP15_STATUS M13,1771291851.1407084,0x18FF00F7,1,1 state
PRECHARGED M13,1771291851.1407084,0x18FF00F7,1,1 state
STATUS_ BIT_FLEX_IN_OUT_SIGNAL1 M13,1771291851.1407084,0x18FF00F7,1,3 state
STATUS_ BIT_FLEX_IN_OUT_SIGNAL2 M13,1771291851.1407084,0x18FF00F7,1,3 state
ERROR CODE  M13,1771291851.1407084,0x18FF00F7,1,0 state
ACT_DCBUSVOLTAGE M13,1771291851.1407084,0x18FF00F7,1,1.25 V
ACT_DCBUSPOWER M13,1771291851.1407084,0x18FF00F7,1,0.00 kw
ACT_DEVICETEMPERATURE M13,1771291851.1407084,0x18FF00F7,1,27.00 °C
ACT_INVERTERSTATUS A13,1771291851.1457431,0x18FF01F7,1,0 state
ACT_INVERTERREADY A13,1771291851.1457431,0x18FF01F7,1,0 state
ACT_ERRORSTATUS A13,1771291851.1457431,0x18FF01F7,1,0 state
ACT_SPEED A13,1771291851.1457431,0x18FF01F7,1,0.00 rpm
ACT_TORQUE A13,1771291851.1457431,0x18FF01F7,1,0.00 Nm
ACT_POWER A13,1771291851.1457431,0x18FF01F7,1,0.00 kw
ACT_MOTORTEMPERATURE A13,1771291851.1457431,0x18FF01F7,1,27.00 °C
ACT_INVERTERSTATUS B13,1771291851.150611,0x18FF02F7,1,0 state
ACT_INVERTERREADY B13,1771291851.150611,0x18FF02F7,1,0 state
ACT_ERRORSTATUS B13,1771291851.150611,0x18FF02F7,1,0 state
ACT_SPEED B13,1771291851.150611,0x18FF02F7,1,0.00 rpm
ACT_TORQUE B13,1771291851.150611,0x18FF02F7,1,0.00 Nm
ACT_POWER B13,1771291851.150611,0x18FF02F7,1,0.00 kw
ACT_MOTORTEMPERATURE B13,1771291851.150611,0x18FF02F7,1,28.00 °C
DEVICESTATE M13,1771291851.240663,0x18FF00F7,1,0 state
ERRORLAMP M13,1771291851.240663,0x18FF00F7,1,0 state
DEVICENUMBER M13,1771291851.240663,0x18FF00F7,1,14 state
CLAMP15_STATUS M13,1771291851.240663,0x18FF00F7,1,1 state
PRECHARGED M13,1771291851.240663,0x18FF00F7,1,1 state
STATUS_ BIT_FLEX_IN_OUT_SIGNAL1 M13,1771291851.240663,0x18FF00F7,1,3 state
STATUS_ BIT_FLEX_IN_OUT_SIGNAL2 M13,1771291851.240663,0x18FF00F7,1,3 state
ERROR CODE  M13,1771291851.240663,0x18FF00F7,1,0 state
ACT_DCBUSVOLTAGE M13,1771291851.240663,0x18FF00F7,1,1.25 V
ACT_DCBUSPOWER M13,1771291851.240663,0x18FF00F7,1,0.00 kw
ACT_DEVICETEMPERATURE M13,1771291851.240663,0x18FF00F7,1,27.00 °C
ACT_INVERTERSTATUS A13,1771291851.2458773,0x18FF01F7,1,0 state
ACT_INVERTERREADY A13,1771291851.2458773,0x18FF01F7,1,0 state
ACT_ERRORSTATUS A13,1771291851.2458773,0x18FF01F7,1,0 state
ACT_SPEED A13,1771291851.2458773,0x18FF01F7,1,0.00 rpm
ACT_TORQUE A13,1771291851.2458773,0x18FF01F7,1,0.00 Nm
ACT_POWER A13,1771291851.2458773,0x18FF01F7,1,0.00 kw
ACT_MOTORTEMPERATURE A13,1771291851.2458773,0x18FF01F7,1,27.00 °C
ACT_INVERTERSTATUS B13,1771291851.250716,0x18FF02F7,1,0 state
ACT_INVERTERREADY B13,1771291851.250716,0x18FF02F7,1,0 state
ACT_ERRORSTATUS B13,1771291851.250716,0x18FF02F7,1,0 state
ACT_SPEED B13,1771291851.250716,0x18FF02F7,1,0.00 rpm
ACT_TORQUE B13,1771291851.250716,0x18FF02F7,1,0.00 Nm
ACT_POWER B13,1771291851.250716,0x18FF02F7,1,0.00 kw
ACT_MOTORTEMPERATURE B13,1771291851.250716,0x18FF02F7,1,28.00 °C
DEVICESTATE M13,1771291851.340599,0x18FF00F7,1,0 state
ERRORLAMP M13,1771291851.340599,0x18FF00F7,1,0 state
DEVICENUMBER M13,1771291851.340599,0x18FF00F7,1,14 state
CLAMP15_STATUS M13,1771291851.340599,0x18FF00F7,1,1 state
PRECHARGED M13,1771291851.340599,0x18FF00F7,1,1 state
STATUS_ BIT_FLEX_IN_OUT_SIGNAL1 M13,1771291851.340599,0x18FF00F7,1,3 state
STATUS_ BIT_FLEX_IN_OUT_SIGNAL2 M13,1771291851.340599,0x18FF00F7,1,3 state
ERROR CODE  M13,1771291851.340599,0x18FF00F7,1,0 state
ACT_DCBUSVOLTAGE M13,1771291851.340599,0x18FF00F7,1,1.25 V
ACT_DCBUSPOWER M13,1771291851.340599,0x18FF00F7,1,0.00 kw
ACT_DEVICETEMPERATURE M13,1771291851.340599,0x18FF00F7,1,27.00 °C
ACT_INVERTERSTATUS A13,1771291851.3459299,0x18FF01F7,1,0 state
ACT_INVERTERREADY A13,1771291851.3459299,0x18FF01F7,1,0 state
ACT_ERRORSTATUS A13,1771291851.3459299,0x18FF01F7,1,0 state
ACT_SPEED A13,1771291851.3459299,0x18FF01F7,1,0.00 rpm
ACT_TORQUE A13,1771291851.3459299,0x18FF01F7,1,0.00 Nm
ACT_POWER A13,1771291851.3459299,0x18FF01F7,1,0.00 kw
ACT_MOTORTEMPERATURE A13,1771291851.3459299,0x18FF01F7,1,27.00 °C
ACT_INVERTERSTATUS B13,1771291851.3504176,0x18FF02F7,1,0 state
ACT_INVERTERREADY B13,1771291851.3504176,0x18FF02F7,1,0 state
ACT_ERRORSTATUS B13,1771291851.3504176,0x18FF02F7,1,0 state
ACT_SPEED B13,1771291851.3504176,0x18FF02F7,1,0.00 rpm
ACT_TORQUE B13,1771291851.3504176,0x18FF02F7,1,0.00 Nm
ACT_POWER B13,1771291851.3504176,0x18FF02F7,1,0.00 kw
ACT_MOTORTEMPERATURE B13,1771291851.3504176,0x18FF02F7,1,28.00 °C
DEVICESTATE M13,1771291851.4407616,0x18FF00F7,1,0 state
ERRORLAMP M13,1771291851.4407616,0x18FF00F7,1,0 state
DEVICENUMBER M13,1771291851.4407616,0x18FF00F7,1,14 state
CLAMP15_STATUS M13,1771291851.4407616,0x18FF00F7,1,1 state
PRECHARGED M13,1771291851.4407616,0x18FF00F7,1,1 state
STATUS_ BIT_FLEX_IN_OUT_SIGNAL1 M13,1771291851.4407616,0x18FF00F7,1,3 state
STATUS_ BIT_FLEX_IN_OUT_SIGNAL2 M13,1771291851.4407616,0x18FF00F7,1,3 state
ERROR CODE  M13,1771291851.4407616,0x18FF00F7,1,0 state
ACT_DCBUSVOLTAGE M13,1771291851.4407616,0x18FF00F7,1,1.25 V
ACT_DCBUSPOWER M13,1771291851.4407616,0x18FF00F7,1,0.00 kw
ACT_DEVICETEMPERATURE M13,1771291851.4407616,0x18FF00F7,1,27.00 °C
ACT_INVERTERSTATUS A13,1771291851.4459283,0x18FF01F7,1,0 state
ACT_INVERTERREADY A13,1771291851.4459283,0x18FF01F7,1,0 state
ACT_ERRORSTATUS A13,1771291851.4459283,0x18FF01F7,1,0 state
ACT_SPEED A13,1771291851.4459283,0x18FF01F7,1,0.00 rpm
ACT_TORQUE A13,1771291851.4459283,0x18FF01F7,1,0.00 Nm
ACT_POWER A13,1771291851.4459283,0x18FF01F7,1,0.00 kw
ACT_MOTORTEMPERATURE A13,1771291851.4459283,0x18FF01F7,1,27.00 °C
ACT_INVERTERSTATUS B13,1771291851.4507127,0x18FF02F7,1,0 state
ACT_INVERTERREADY B13,1771291851.4507127,0x18FF02F7,1,0 state
ACT_ERRORSTATUS B13,1771291851.4507127,0x18FF02F7,1,0 state
ACT_SPEED B13,1771291851.4507127,0x18FF02F7,1,0.00 rpm
ACT_TORQUE B13,1771291851.4507127,0x18FF02F7,1,0.00 Nm
ACT_POWER B13,1771291851.4507127,0x18FF02F7,1,0.00 kw
ACT_MOTORTEMPERATURE B13,1771291851.4507127,0x18FF02F7,1,28.00 °C
DEVICESTATE M13,1771291851.5412982,0x18FF00F7,1,0 state
ERRORLAMP M13,1771291851.5412982,0x18FF00F7,1,0 state
DEVICENUMBER M13,1771291851.5412982,0x18FF00F7,1,14 state
CLAMP15_STATUS M13,1771291851.5412982,0x18FF00F7,1,1 state
PRECHARGED M13,1771291851.5412982,0x18FF00F7,1,1 state
STATUS_ BIT_FLEX_IN_OUT_SIGNAL1 M13,1771291851.5412982,0x18FF00F7,1,3 state
STATUS_ BIT_FLEX_IN_OUT_SIGNAL2 M13,1771291851.5412982,0x18FF00F7,1,3 state
ERROR CODE  M13,1771291851.5412982,0x18FF00F7,1,0 state
ACT_DCBUSVOLTAGE M13,1771291851.5412982,0x18FF00F7,1,1.25 V
ACT_DCBUSPOWER M13,1771291851.5412982,0x18FF00F7,1,0.00 kw
ACT_DEVICETEMPERATURE M13,1771291851.5412982,0x18FF00F7,1,27.00 °C
ACT_INVERTERSTATUS A13,1771291851.5458615,0x18FF01F7,1,0 state
ACT_INVERTERREADY A13,1771291851.5458615,0x18FF01F7,1,0 state
ACT_ERRORSTATUS A13,1771291851.5458615,0x18FF01F7,1,0 state
ACT_SPEED A13,1771291851.5458615,0x18FF01F7,1,0.00 rpm
ACT_TORQUE A13,1771291851.5458615,0x18FF01F7,1,0.00 Nm
ACT_POWER A13,1771291851.5458615,0x18FF01F7,1,0.00 kw
ACT_MOTORTEMPERATURE A13,1771291851.5458615,0x18FF01F7,1,27.00 °C
ACT_INVERTERSTATUS B13,1771291851.5505924,0x18FF02F7,1,0 state
ACT_INVERTERREADY B13,1771291851.5505924,0x18FF02F7,1,0 state
ACT_ERRORSTATUS B13,1771291851.5505924,0x18FF02F7,1,0 state
ACT_SPEED B13,1771291851.5505924,0x18FF02F7,1,0.00 rpm
ACT_TORQUE B13,1771291851.5505924,0x18FF02F7,1,0.00 Nm
ACT_POWER B13,1771291851.5505924,0x18FF02F7,1,0.00 kw
ACT_MOTORTEMPERATURE B13,1771291851.5505924,0x18FF02F7,1,28.00 °C
DEVICESTATE M13,1771291851.6408517,0x18FF00F7,1,0 state
ERRORLAMP M13,1771291851.6408517,0x18FF00F7,1,0 state
DEVICENUMBER M13,1771291851.6408517,0x18FF00F7,1,14 state
CLAMP15_STATUS M13,1771291851.6408517,0x18FF00F7,1,1 state
PRECHARGED M13,1771291851.6408517,0x18FF00F7,1,1 state
STATUS_ BIT_FLEX_IN_OUT_SIGNAL1 M13,1771291851.6408517,0x18FF00F7,1,3 state
STATUS_ BIT_FLEX_IN_OUT_SIGNAL2 M13,1771291851.6408517,0x18FF00F7,1,3 state
ERROR CODE  M13,1771291851.6408517,0x18FF00F7,1,0 state
ACT_DCBUSVOLTAGE M13,1771291851.6408517,0x18FF00F7,1,1.25 V
ACT_DCBUSPOWER M13,1771291851.6408517,0x18FF00F7,1,0.00 kw
ACT_DEVICETEMPERATURE M13,1771291851.6408517,0x18FF00F7,1,27.00 °C
ACT_INVERTERSTATUS A13,1771291851.645246,0x18FF01F7,1,0 state
ACT_INVERTERREADY A13,1771291851.645246,0x18FF01F7,1,0 state
ACT_ERRORSTATUS A13,1771291851.645246,0x18FF01F7,1,0 state
ACT_SPEED A13,1771291851.645246,0x18FF01F7,1,0.00 rpm
ACT_TORQUE A13,1771291851.645246,0x18FF01F7,1,0.00 Nm
ACT_POWER A13,1771291851.645246,0x18FF01F7,1,0.00 kw
ACT_MOTORTEMPERATURE A13,1771291851.645246,0x18FF01F7,1,27.00 °C
ACT_INVERTERSTATUS B13,1771291851.6502893,0x18FF02F7,1,0 state
ACT_INVERTERREADY B13,1771291851.6502893,0x18FF02F7,1,0 state
ACT_ERRORSTATUS B13,1771291851.6502893,0x18FF02F7,1,0 state
ACT_SPEED B13,1771291851.6502893,0x18FF02F7,1,0.00 rpm
ACT_TORQUE B13,1771291851.6502893,0x18FF02F7,1,0.00 Nm
ACT_POWER B13,1771291851.6502893,0x18FF02F7,1,0.00 kw
ACT_MOTORTEMPERATURE B13,1771291851.6502893,0x18FF02F7,1,28.00 °C
DEVICESTATE M13,1771291851.740563,0x18FF00F7,1,0 state
ERRORLAMP M13,1771291851.740563,0x18FF00F7,1,0 state
DEVICENUMBER M13,1771291851.740563,0x18FF00F7,1,14 state
CLAMP15_STATUS M13,1771291851.740563,0x18FF00F7,1,1 state
PRECHARGED M13,1771291851.740563,0x18FF00F7,1,1 state
STATUS_ BIT_FLEX_IN_OUT_SIGNAL1 M13,1771291851.740563,0x18FF00F7,1,3 state
STATUS_ BIT_FLEX_IN_OUT_SIGNAL2 M13,1771291851.740563,0x18FF00F7,1,3 state
ERROR CODE  M13,1771291851.740563,0x18FF00F7,1,0 state
ACT_DCBUSVOLTAGE M13,1771291851.740563,0x18FF00F7,1,1.25 V
ACT_DCBUSPOWER M13,1771291851.740563,0x18FF00F7,1,0.00 kw
ACT_DEVICETEMPERATURE M13,1771291851.740563,0x18FF00F7,1,27.00 °C
ACT_INVERTERSTATUS A13,1771291851.7458546,0x18FF01F7,1,0 state
ACT_INVERTERREADY A13,1771291851.7458546,0x18FF01F7,1,0 state
ACT_ERRORSTATUS A13,1771291851.7458546,0x18FF01F7,1,0 state
ACT_SPEED A13,1771291851.7458546,0x18FF01F7,1,0.00 rpm
ACT_TORQUE A13,1771291851.7458546,0x18FF01F7,1,0.00 Nm
ACT_POWER A13,1771291851.7458546,0x18FF01F7,1,0.00 kw
ACT_MOTORTEMPERATURE A13,1771291851.7458546,0x18FF01F7,1,27.00 °C
ACT_INVERTERSTATUS B13,1771291851.7505248,0x18FF02F7,1,0 state
ACT_INVERTERREADY B13,1771291851.7505248,0x18FF02F7,1,0 state
ACT_ERRORSTATUS B13,1771291851.7505248,0x18FF02F7,1,0 state
ACT_SPEED B13,1771291851.7505248,0x18FF02F7,1,0.00 rpm
ACT_TORQUE B13,1771291851.7505248,0x18FF02F7,1,0.00 Nm
ACT_POWER B13,1771291851.7505248,0x18FF02F7,1,0.00 kw
ACT_MOTORTEMPERATURE B13,1771291851.7505248,0x18FF02F7,1,28.00 °C
DEVICESTATE M13,1771291851.8407788,0x18FF00F7,1,0 state
ERRORLAMP M13,1771291851.8407788,0x18FF00F7,1,0 state
DEVICENUMBER M13,1771291851.8407788,0x18FF00F7,1,14 state
CLAMP15_STATUS M13,1771291851.8407788,0x18FF00F7,1,1 state
PRECHARGED M13,1771291851.8407788,0x18FF00F7,1,1 state
STATUS_ BIT_FLEX_IN_OUT_SIGNAL1 M13,1771291851.8407788,0x18FF00F7,1,3 state
STATUS_ BIT_FLEX_IN_OUT_SIGNAL2 M13,1771291851.8407788,0x18FF00F7,1,3 state
ERROR CODE  M13,1771291851.8407788,0x18FF00F7,1,0 state
ACT_DCBUSVOLTAGE M13,1771291851.8407788,0x18FF00F7,1,1.25 V
ACT_DCBUSPOWER M13,1771291851.8407788,0x18FF00F7,1,0.00 kw
ACT_DEVICETEMPERATURE M13,1771291851.8407788,0x18FF00F7,1,27.00 °C
ACT_INVERTERSTATUS A13,1771291851.8454173,0x18FF01F7,1,0 state
ACT_INVERTERREADY A13,1771291851.8454173,0x18FF01F7,1,0 state
ACT_ERRORSTATUS A13,1771291851.8454173,0x18FF01F7,1,0 state
ACT_SPEED A13,1771291851.8454173,0x18FF01F7,1,0.00 rpm
ACT_TORQUE A13,1771291851.8454173,0x18FF01F7,1,0.00 Nm
ACT_POWER A13,1771291851.8454173,0x18FF01F7,1,0.00 kw
ACT_MOTORTEMPERATURE A13,1771291851.8454173,0x18FF01F7,1,27.00 °C
ACT_INVERTERSTATUS B13,1771291851.8504107,0x18FF02F7,1,0 state
ACT_INVERTERREADY B13,1771291851.8504107,0x18FF02F7,1,0 state
ACT_ERRORSTATUS B13,1771291851.8504107,0x18FF02F7,1,0 state
ACT_SPEED B13,1771291851.8504107,0x18FF02F7,1,0.00 rpm
ACT_TORQUE B13,1771291851.8504107,0x18FF02F7,1,0.00 Nm
ACT_POWER B13,1771291851.8504107,0x18FF02F7,1,0.00 kw
ACT_MOTORTEMPERATURE B13,1771291851.8504107,0x18FF02F7,1,28.00 °C
DEVICESTATE M13,1771291851.9407666,0x18FF00F7,1,0 state
ERRORLAMP M13,1771291851.9407666,0x18FF00F7,1,0 state
DEVICENUMBER M13,1771291851.9407666,0x18FF00F7,1,14 state
CLAMP15_STATUS M13,1771291851.9407666,0x18FF00F7,1,1 state
PRECHARGED M13,1771291851.9407666,0x18FF00F7,1,1 state
STATUS_ BIT_FLEX_IN_OUT_SIGNAL1 M13,1771291851.9407666,0x18FF00F7,1,3 state
STATUS_ BIT_FLEX_IN_OUT_SIGNAL2 M13,1771291851.9407666,0x18FF00F7,1,3 state
ERROR CODE  M13,1771291851.9407666,0x18FF00F7,1,0 state
ACT_DCBUSVOLTAGE M13,1771291851.9407666,0x18FF00F7,1,1.25 V
ACT_DCBUSPOWER M13,1771291851.9407666,0x18FF00F7,1,0.00 kw
ACT_DEVICETEMPERATURE M13,1771291851.9407666,0x18FF00F7,1,27.00 °C
ACT_INVERTERSTATUS A13,1771291851.9453347,0x18FF01F7,1,0 state
ACT_INVERTERREADY A13,1771291851.9453347,0x18FF01F7,1,0 state
ACT_ERRORSTATUS A13,1771291851.9453347,0x18FF01F7,1,0 state
ACT_SPEED A13,1771291851.9453347,0x18FF01F7,1,0.00 rpm
ACT_TORQUE A13,1771291851.9453347,0x18FF01F7,1,0.00 Nm
ACT_POWER A13,1771291851.9453347,0x18FF01F7,1,0.00 kw
ACT_MOTORTEMPERATURE A13,1771291851.9453347,0x18FF01F7,1,27.00 °C
ACT_INVERTERSTATUS B13,1771291851.9503627,0x18FF02F7,1,0 state
ACT_INVERTERREADY B13,1771291851.9503627,0x18FF02F7,1,0 state
ACT_ERRORSTATUS B13,1771291851.9503627,0x18FF02F7,1,0 state
ACT_SPEED B13,1771291851.9503627,0x18FF02F7,1,0.00 rpm
ACT_TORQUE B13,1771291851.9503627,0x18FF02F7,1,0.00 Nm
ACT_POWER B13,1771291851.9503627,0x18FF02F7,1,0.00 kw
ACT_MOTORTEMPERATURE B13,1771291851.9503627,0x18FF02F7,1,28.00 °C
DEVICESTATE M13,1771291852.0404272,0x18FF00F7,1,0 state
ERRORLAMP M13,1771291852.0404272,0x18FF00F7,1,0 state
DEVICENUMBER M13,1771291852.0404272,0x18FF00F7,1,14 state
CLAMP15_STATUS M13,1771291852.0404272,0x18FF00F7,1,1 state
PRECHARGED M13,1771291852.0404272,0x18FF00F7,1,1 state
STATUS_ BIT_FLEX_IN_OUT_SIGNAL1 M13,1771291852.0404272,0x18FF00F7,1,3 state
STATUS_ BIT_FLEX_IN_OUT_SIGNAL2 M13,1771291852.0404272,0x18FF00F7,1,3 state
ERROR CODE  M13,1771291852.0404272,0x18FF00F7,1,0 state
ACT_DCBUSVOLTAGE M13,1771291852.0404272,0x18FF00F7,1,1.25 V
ACT_DCBUSPOWER M13,1771291852.0404272,0x18FF00F7,1,0.00 kw
ACT_DEVICETEMPERATURE M13,1771291852.0404272,0x18FF00F7,1,27.00 °C
ACT_INVERTERSTATUS A13,1771291852.0455244,0x18FF01F7,1,0 state
ACT_INVERTERREADY A13,1771291852.0455244,0x18FF01F7,1,0 state
ACT_ERRORSTATUS A13,1771291852.0455244,0x18FF01F7,1,0 state
ACT_SPEED A13,1771291852.0455244,0x18FF01F7,1,0.00 rpm
ACT_TORQUE A13,1771291852.0455244,0x18FF01F7,1,0.00 Nm
ACT_POWER A13,1771291852.0455244,0x18FF01F7,1,0.00 kw
ACT_MOTORTEMPERATURE A13,1771291852.0455244,0x18FF01F7,1,27.00 °C
ACT_INVERTERSTATUS B13,1771291852.05043,0x18FF02F7,1,0 state
ACT_INVERTERREADY B13,1771291852.05043,0x18FF02F7,1,0 state
ACT_ERRORSTATUS B13,1771291852.05043,0x18FF02F7,1,0 state
ACT_SPEED B13,1771291852.05043,0x18FF02F7,1,0.00 rpm
ACT_TORQUE B13,1771291852.05043,0x18FF02F7,1,0.00 Nm
ACT_POWER B13,1771291852.05043,0x18FF02F7,1,0.00 kw
ACT_MOTORTEMPERATURE B13,1771291852.05043,0x18FF02F7,1,28.00 °C
DEVICESTATE M13,1771291852.1405618,0x18FF00F7,1,0 state
ERRORLAMP M13,1771291852.1405618,0x18FF00F7,1,0 state
DEVICENUMBER M13,1771291852.1405618,0x18FF00F7,1,14 state
CLAMP15_STATUS M13,1771291852.1405618,0x18FF00F7,1,1 state
PRECHARGED M13,1771291852.1405618,0x18FF00F7,1,1 state
STATUS_ BIT_FLEX_IN_OUT_SIGNAL1 M13,1771291852.1405618,0x18FF00F7,1,3 state
STATUS_ BIT_FLEX_IN_OUT_SIGNAL2 M13,1771291852.1405618,0x18FF00F7,1,3 state
ERROR CODE  M13,1771291852.1405618,0x18FF00F7,1,0 state
ACT_DCBUSVOLTAGE M13,1771291852.1405618,0x18FF00F7,1,1.25 V
ACT_DCBUSPOWER M13,1771291852.1405618,0x18FF00F7,1,0.00 kw
ACT_DEVICETEMPERATURE M13,1771291852.1405618,0x18FF00F7,1,27.00 °C
ACT_INVERTERSTATUS A13,1771291852.1458206,0x18FF01F7,1,0 state
ACT_INVERTERREADY A13,1771291852.1458206,0x18FF01F7,1,0 state
ACT_ERRORSTATUS A13,1771291852.1458206,0x18FF01F7,1,0 state
ACT_SPEED A13,1771291852.1458206,0x18FF01F7,1,0.00 rpm
ACT_TORQUE A13,1771291852.1458206,0x18FF01F7,1,0.00 Nm
ACT_POWER A13,1771291852.1458206,0x18FF01F7,1,0.00 kw
ACT_MOTORTEMPERATURE A13,1771291852.1458206,0x18FF01F7,1,27.00 °C
ACT_INVERTERSTATUS B13,1771291852.150611,0x18FF02F7,1,0 state
ACT_INVERTERREADY B13,1771291852.150611,0x18FF02F7,1,0 state
ACT_ERRORSTATUS B13,1771291852.150611,0x18FF02F7,1,0 state
ACT_SPEED B13,1771291852.150611,0x18FF02F7,1,0.00 rpm
ACT_TORQUE B13,1771291852.150611,0x18FF02F7,1,0.00 Nm
ACT_POWER B13,1771291852.150611,0x18FF02F7,1,0.00 kw
ACT_MOTORTEMPERATURE B13,1771291852.150611,0x18FF02F7,1,28.00 °C
DEVICESTATE M13,1771291852.2407742,0x18FF00F7,1,0 state
ERRORLAMP M13,1771291852.2407742,0x18FF00F7,1,0 state
DEVICENUMBER M13,1771291852.2407742,0x18FF00F7,1,14 state
CLAMP15_STATUS M13,1771291852.2407742,0x18FF00F7,1,1 state
PRECHARGED M13,1771291852.2407742,0x18FF00F7,1,1 state
STATUS_ BIT_FLEX_IN_OUT_SIGNAL1 M13,1771291852.2407742,0x18FF00F7,1,3 state
STATUS_ BIT_FLEX_IN_OUT_SIGNAL2 M13,1771291852.2407742,0x18FF00F7,1,3 state
ERROR CODE  M13,1771291852.2407742,0x18FF00F7,1,0 state
ACT_DCBUSVOLTAGE M13,1771291852.2407742,0x18FF00F7,1,1.25 V
ACT_DCBUSPOWER M13,1771291852.2407742,0x18FF00F7,1,0.00 kw
ACT_DEVICETEMPERATURE M13,1771291852.2407742,0x18FF00F7,1,27.00 °C
ACT_INVERTERSTATUS A13,1771291852.2457688,0x18FF01F7,1,0 state
ACT_INVERTERREADY A13,1771291852.2457688,0x18FF01F7,1,0 state
ACT_ERRORSTATUS A13,1771291852.2457688,0x18FF01F7,1,0 state
ACT_SPEED A13,1771291852.2457688,0x18FF01F7,1,0.00 rpm
ACT_TORQUE A13,1771291852.2457688,0x18FF01F7,1,0.00 Nm
ACT_POWER A13,1771291852.2457688,0x18FF01F7,1,0.00 kw
ACT_MOTORTEMPERATURE A13,1771291852.2457688,0x18FF01F7,1,27.00 °C
ACT_INVERTERSTATUS B13,1771291852.2505946,0x18FF02F7,1,0 state
ACT_INVERTERREADY B13,1771291852.2505946,0x18FF02F7,1,0 state
ACT_ERRORSTATUS B13,1771291852.2505946,0x18FF02F7,1,0 state
ACT_SPEED B13,1771291852.2505946,0x18FF02F7,1,0.00 rpm
ACT_TORQUE B13,1771291852.2505946,0x18FF02F7,1,0.00 Nm
ACT_POWER B13,1771291852.2505946,0x18FF02F7,1,0.00 kw
ACT_MOTORTEMPERATURE B13,1771291852.2505946,0x18FF02F7,1,28.00 °C
DEVICESTATE M13,1771291852.3403301,0x18FF00F7,1,0 state
ERRORLAMP M13,1771291852.3403301,0x18FF00F7,1,0 state
DEVICENUMBER M13,1771291852.3403301,0x18FF00F7,1,14 state
CLAMP15_STATUS M13,1771291852.3403301,0x18FF00F7,1,1 state
PRECHARGED M13,1771291852.3403301,0x18FF00F7,1,1 state
STATUS_ BIT_FLEX_IN_OUT_SIGNAL1 M13,1771291852.3403301,0x18FF00F7,1,3 state
STATUS_ BIT_FLEX_IN_OUT_SIGNAL2 M13,1771291852.3403301,0x18FF00F7,1,3 state
ERROR CODE  M13,1771291852.3403301,0x18FF00F7,1,0 state
ACT_DCBUSVOLTAGE M13,1771291852.3403301,0x18FF00F7,1,1.25 V
ACT_DCBUSPOWER M13,1771291852.3403301,0x18FF00F7,1,0.00 kw
ACT_DEVICETEMPERATURE M13,1771291852.3403301,0x18FF00F7,1,27.00 °C
ACT_INVERTERSTATUS A13,1771291852.345711,0x18FF01F7,1,0 state
ACT_INVERTERREADY A13,1771291852.345711,0x18FF01F7,1,0 state
ACT_ERRORSTATUS A13,1771291852.345711,0x18FF01F7,1,0 state
ACT_SPEED A13,1771291852.345711,0x18FF01F7,1,0.00 rpm
ACT_TORQUE A13,1771291852.345711,0x18FF01F7,1,0.00 Nm
ACT_POWER A13,1771291852.345711,0x18FF01F7,1,0.00 kw
ACT_MOTORTEMPERATURE A13,1771291852.345711,0x18FF01F7,1,27.00 °C
ACT_INVERTERSTATUS B13,1771291852.3505313,0x18FF02F7,1,0 state
ACT_INVERTERREADY B13,1771291852.3505313,0x18FF02F7,1,0 state
ACT_ERRORSTATUS B13,1771291852.3505313,0x18FF02F7,1,0 state
ACT_SPEED B13,1771291852.3505313,0x18FF02F7,1,0.00 rpm
ACT_TORQUE B13,1771291852.3505313,0x18FF02F7,1,0.00 Nm
ACT_POWER B13,1771291852.3505313,0x18FF02F7,1,0.00 kw
ACT_MOTORTEMPERATURE B13,1771291852.3505313,0x18FF02F7,1,28.00 °C
DEVICESTATE M13,1771291852.4406974,0x18FF00F7,1,0 state
ERRORLAMP M13,1771291852.4406974,0x18FF00F7,1,0 state
DEVICENUMBER M13,1771291852.4406974,0x18FF00F7,1,14 state
CLAMP15_STATUS M13,1771291852.4406974,0x18FF00F7,1,1 state
PRECHARGED M13,1771291852.4406974,0x18FF00F7,1,1 state
STATUS_ BIT_FLEX_IN_OUT_SIGNAL1 M13,1771291852.4406974,0x18FF00F7,1,3 state
STATUS_ BIT_FLEX_IN_OUT_SIGNAL2 M13,1771291852.4406974,0x18FF00F7,1,3 state
ERROR CODE  M13,1771291852.4406974,0x18FF00F7,1,0 state
ACT_DCBUSVOLTAGE M13,1771291852.4406974,0x18FF00F7,1,1.25 V
ACT_DCBUSPOWER M13,1771291852.4406974,0x18FF00F7,1,0.00 kw
ACT_DEVICETEMPERATURE M13,1771291852.4406974,0x18FF00F7,1,27.00 °C
ACT_INVERTERSTATUS A13,1771291852.4455612,0x18FF01F7,1,0 state
ACT_INVERTERREADY A13,1771291852.4455612,0x18FF01F7,1,0 state
ACT_ERRORSTATUS A13,1771291852.4455612,0x18FF01F7,1,0 state
ACT_SPEED A13,1771291852.4455612,0x18FF01F7,1,0.00 rpm
ACT_TORQUE A13,1771291852.4455612,0x18FF01F7,1,0.00 Nm
ACT_POWER A13,1771291852.4455612,0x18FF01F7,1,0.00 kw
ACT_MOTORTEMPERATURE A13,1771291852.4455612,0x18FF01F7,1,27.00 °C
ACT_INVERTERSTATUS B13,1771291852.4503467,0x18FF02F7,1,0 state
ACT_INVERTERREADY B13,1771291852.4503467,0x18FF02F7,1,0 state
ACT_ERRORSTATUS B13,1771291852.4503467,0x18FF02F7,1,0 state
ACT_SPEED B13,1771291852.4503467,0x18FF02F7,1,0.00 rpm
ACT_TORQUE B13,1771291852.4503467,0x18FF02F7,1,0.00 Nm
ACT_POWER B13,1771291852.4503467,0x18FF02F7,1,0.00 kw
ACT_MOTORTEMPERATURE B13,1771291852.4503467,0x18FF02F7,1,28.00 °C
DEVICESTATE M13,1771291852.5405602,0x18FF00F7,1,0 state
ERRORLAMP M13,1771291852.5405602,0x18FF00F7,1,0 state
DEVICENUMBER M13,1771291852.5405602,0x18FF00F7,1,14 state
CLAMP15_STATUS M13,1771291852.5405602,0x18FF00F7,1,1 state
PRECHARGED M13,1771291852.5405602,0x18FF00F7,1,1 state
STATUS_ BIT_FLEX_IN_OUT_SIGNAL1 M13,1771291852.5405602,0x18FF00F7,1,3 state
STATUS_ BIT_FLEX_IN_OUT_SIGNAL2 M13,1771291852.5405602,0x18FF00F7,1,3 state
ERROR CODE  M13,1771291852.5405602,0x18FF00F7,1,0 state
ACT_DCBUSVOLTAGE M13,1771291852.5405602,0x18FF00F7,1,1.25 V
ACT_DCBUSPOWER M13,1771291852.5405602,0x18FF00F7,1,0.00 kw
ACT_DEVICETEMPERATURE M13,1771291852.5405602,0x18FF00F7,1,27.00 °C
ACT_INVERTERSTATUS A13,1771291852.5457346,0x18FF01F7,1,0 state
ACT_INVERTERREADY A13,1771291852.5457346,0x18FF01F7,1,0 state
ACT_ERRORSTATUS A13,1771291852.5457346,0x18FF01F7,1,0 state
ACT_SPEED A13,1771291852.5457346,0x18FF01F7,1,0.00 rpm
ACT_TORQUE A13,1771291852.5457346,0x18FF01F7,1,0.00 Nm
ACT_POWER A13,1771291852.5457346,0x18FF01F7,1,0.00 kw
ACT_MOTORTEMPERATURE A13,1771291852.5457346,0x18FF01F7,1,27.00 °C
ACT_INVERTERSTATUS B13,1771291852.5505912,0x18FF02F7,1,0 state
ACT_INVERTERREADY B13,1771291852.5505912,0x18FF02F7,1,0 state
ACT_ERRORSTATUS B13,1771291852.5505912,0x18FF02F7,1,0 state
ACT_SPEED B13,1771291852.5505912,0x18FF02F7,1,0.00 rpm
ACT_TORQUE B13,1771291852.5505912,0x18FF02F7,1,0.00 Nm
ACT_POWER B13,1771291852.5505912,0x18FF02F7,1,0.00 kw
ACT_MOTORTEMPERATURE B13,1771291852.5505912,0x18FF02F7,1,28.00 °C
DEVICESTATE M13,1771291852.6408587,0x18FF00F7,1,0 state
ERRORLAMP M13,1771291852.6408587,0x18FF00F7,1,0 state
DEVICENUMBER M13,1771291852.6408587,0x18FF00F7,1,14 state
CLAMP15_STATUS M13,1771291852.6408587,0x18FF00F7,1,1 state
PRECHARGED M13,1771291852.6408587,0x18FF00F7,1,1 state
STATUS_ BIT_FLEX_IN_OUT_SIGNAL1 M13,1771291852.6408587,0x18FF00F7,1,3 state
STATUS_ BIT_FLEX_IN_OUT_SIGNAL2 M13,1771291852.6408587,0x18FF00F7,1,3 state
ERROR CODE  M13,1771291852.6408587,0x18FF00F7,1,0 state
ACT_DCBUSVOLTAGE M13,1771291852.6408587,0x18FF00F7,1,1.25 V
ACT_DCBUSPOWER M13,1771291852.6408587,0x18FF00F7,1,0.00 kw
ACT_DEVICETEMPERATURE M13,1771291852.6408587,0x18FF00F7,1,27.00 °C
ACT_INVERTERSTATUS A13,1771291852.6455557,0x18FF01F7,1,0 state
ACT_INVERTERREADY A13,1771291852.6455557,0x18FF01F7,1,0 state
ACT_ERRORSTATUS A13,1771291852.6455557,0x18FF01F7,1,0 state
ACT_SPEED A13,1771291852.6455557,0x18FF01F7,1,0.00 rpm
ACT_TORQUE A13,1771291852.6455557,0x18FF01F7,1,0.00 Nm
ACT_POWER A13,1771291852.6455557,0x18FF01F7,1,0.00 kw
ACT_MOTORTEMPERATURE A13,1771291852.6455557,0x18FF01F7,1,27.00 °C
ACT_INVERTERSTATUS B13,1771291852.6507165,0x18FF02F7,1,0 state
ACT_INVERTERREADY B13,1771291852.6507165,0x18FF02F7,1,0 state
ACT_ERRORSTATUS B13,1771291852.6507165,0x18FF02F7,1,0 state
ACT_SPEED B13,1771291852.6507165,0x18FF02F7,1,0.00 rpm
ACT_TORQUE B13,1771291852.6507165,0x18FF02F7,1,0.00 Nm
ACT_POWER B13,1771291852.6507165,0x18FF02F7,1,0.00 kw
ACT_MOTORTEMPERATURE B13,1771291852.6507165,0x18FF02F7,1,28.00 °C
DEVICESTATE M13,1771291852.740811,0x18FF00F7,1,0 state
ERRORLAMP M13,1771291852.740811,0x18FF00F7,1,0 state
DEVICENUMBER M13,1771291852.740811,0x18FF00F7,1,14 state
CLAMP15_STATUS M13,1771291852.740811,0x18FF00F7,1,1 state
PRECHARGED M13,1771291852.740811,0x18FF00F7,1,1 state
STATUS_ BIT_FLEX_IN_OUT_SIGNAL1 M13,1771291852.740811,0x18FF00F7,1,3 state
STATUS_ BIT_FLEX_IN_OUT_SIGNAL2 M13,1771291852.740811,0x18FF00F7,1,3 state
ERROR CODE  M13,1771291852.740811,0x18FF00F7,1,0 state
ACT_DCBUSVOLTAGE M13,1771291852.740811,0x18FF00F7,1,1.25 V
ACT_DCBUSPOWER M13,1771291852.740811,0x18FF00F7,1,0.00 kw
ACT_DEVICETEMPERATURE M13,1771291852.740811,0x18FF00F7,1,27.00 °C
ACT_INVERTERSTATUS A13,1771291852.7457027,0x18FF01F7,1,0 state
ACT_INVERTERREADY A13,1771291852.7457027,0x18FF01F7,1,0 state
ACT_ERRORSTATUS A13,1771291852.7457027,0x18FF01F7,1,0 state
ACT_SPEED A13,1771291852.7457027,0x18FF01F7,1,0.00 rpm
ACT_TORQUE A13,1771291852.7457027,0x18FF01F7,1,0.00 Nm
ACT_POWER A13,1771291852.7457027,0x18FF01F7,1,0.00 kw
ACT_MOTORTEMPERATURE A13,1771291852.7457027,0x18FF01F7,1,27.00 °C
ACT_INVERTERSTATUS B13,1771291852.750219,0x18FF02F7,1,0 state
ACT_INVERTERREADY B13,1771291852.750219,0x18FF02F7,1,0 state
ACT_ERRORSTATUS B13,1771291852.750219,0x18FF02F7,1,0 state
ACT_SPEED B13,1771291852.750219,0x18FF02F7,1,0.00 rpm
ACT_TORQUE B13,1771291852.750219,0x18FF02F7,1,0.00 Nm
ACT_POWER B13,1771291852.750219,0x18FF02F7,1,0.00 kw
ACT_MOTORTEMPERATURE B13,1771291852.750219,0x18FF02F7,1,28.00 °C
DEVICESTATE M13,1771291852.8405552,0x18FF00F7,1,0 state
ERRORLAMP M13,1771291852.8405552,0x18FF00F7,1,0 state
DEVICENUMBER M13,1771291852.8405552,0x18FF00F7,1,14 state
CLAMP15_STATUS M13,1771291852.8405552,0x18FF00F7,1,1 state
PRECHARGED M13,1771291852.8405552,0x18FF00F7,1,1 state
STATUS_ BIT_FLEX_IN_OUT_SIGNAL1 M13,1771291852.8405552,0x18FF00F7,1,3 state
STATUS_ BIT_FLEX_IN_OUT_SIGNAL2 M13,1771291852.8405552,0x18FF00F7,1,3 state
ERROR CODE  M13,1771291852.8405552,0x18FF00F7,1,0 state
ACT_DCBUSVOLTAGE M13,1771291852.8405552,0x18FF00F7,1,1.25 V
ACT_DCBUSPOWER M13,1771291852.8405552,0x18FF00F7,1,0.00 kw
ACT_DEVICETEMPERATURE M13,1771291852.8405552,0x18FF00F7,1,27.00 °C
ACT_INVERTERSTATUS A13,1771291852.8456616,0x18FF01F7,1,0 state
ACT_INVERTERREADY A13,1771291852.8456616,0x18FF01F7,1,0 state
ACT_ERRORSTATUS A13,1771291852.8456616,0x18FF01F7,1,0 state
ACT_SPEED A13,1771291852.8456616,0x18FF01F7,1,0.00 rpm
ACT_TORQUE A13,1771291852.8456616,0x18FF01F7,1,0.00 Nm
ACT_POWER A13,1771291852.8456616,0x18FF01F7,1,0.00 kw
ACT_MOTORTEMPERATURE A13,1771291852.8456616,0x18FF01F7,1,27.00 °C
ACT_INVERTERSTATUS B13,1771291852.8506186,0x18FF02F7,1,0 state
ACT_INVERTERREADY B13,1771291852.8506186,0x18FF02F7,1,0 state
ACT_ERRORSTATUS B13,1771291852.8506186,0x18FF02F7,1,0 state
ACT_SPEED B13,1771291852.8506186,0x18FF02F7,1,0.00 rpm
ACT_TORQUE B13,1771291852.8506186,0x18FF02F7,1,0.00 Nm
ACT_POWER B13,1771291852.8506186,0x18FF02F7,1,0.00 kw
ACT_MOTORTEMPERATURE B13,1771291852.8506186,0x18FF02F7,1,28.00 °C
DEVICESTATE M13,1771291852.9405901,0x18FF00F7,1,0 state
ERRORLAMP M13,1771291852.9405901,0x18FF00F7,1,0 state
DEVICENUMBER M13,1771291852.9405901,0x18FF00F7,1,14 state
CLAMP15_STATUS M13,1771291852.9405901,0x18FF00F7,1,1 state
PRECHARGED M13,1771291852.9405901,0x18FF00F7,1,1 state
STATUS_ BIT_FLEX_IN_OUT_SIGNAL1 M13,1771291852.9405901,0x18FF00F7,1,3 state
STATUS_ BIT_FLEX_IN_OUT_SIGNAL2 M13,1771291852.9405901,0x18FF00F7,1,3 state
ERROR CODE  M13,1771291852.9405901,0x18FF00F7,1,0 state
ACT_DCBUSVOLTAGE M13,1771291852.9405901,0x18FF00F7,1,1.25 V
ACT_DCBUSPOWER M13,1771291852.9405901,0x18FF00F7,1,0.00 kw
ACT_DEVICETEMPERATURE M13,1771291852.9405901,0x18FF00F7,1,27.00 °C
ACT_INVERTERSTATUS A13,1771291852.9458141,0x18FF01F7,1,0 state
ACT_INVERTERREADY A13,1771291852.9458141,0x18FF01F7,1,0 state
ACT_ERRORSTATUS A13,1771291852.9458141,0x18FF01F7,1,0 state
ACT_SPEED A13,1771291852.9458141,0x18FF01F7,1,0.00 rpm
ACT_TORQUE A13,1771291852.9458141,0x18FF01F7,1,0.00 Nm
ACT_POWER A13,1771291852.9458141,0x18FF01F7,1,0.00 kw
ACT_MOTORTEMPERATURE A13,1771291852.9458141,0x18FF01F7,1,27.00 °C
ACT_INVERTERSTATUS B13,1771291852.9503,0x18FF02F7,1,0 state
ACT_INVERTERREADY B13,1771291852.9503,0x18FF02F7,1,0 state
ACT_ERRORSTATUS B13,1771291852.9503,0x18FF02F7,1,0 state
ACT_SPEED B13,1771291852.9503,0x18FF02F7,1,0.00 rpm
ACT_TORQUE B13,1771291852.9503,0x18FF02F7,1,0.00 Nm
ACT_POWER B13,1771291852.9503,0x18FF02F7,1,0.00 kw
ACT_MOTORTEMPERATURE B13,1771291852.9503,0x18FF02F7,1,28.00 °C
DEVICESTATE M13,1771291853.0406735,0x18FF00F7,1,0 state
ERRORLAMP M13,1771291853.0406735,0x18FF00F7,1,0 state
DEVICENUMBER M13,1771291853.0406735,0x18FF00F7,1,14 state
CLAMP15_STATUS M13,1771291853.0406735,0x18FF00F7,1,1 state
PRECHARGED M13,1771291853.0406735,0x18FF00F7,1,1 state
STATUS_ BIT_FLEX_IN_OUT_SIGNAL1 M13,1771291853.0406735,0x18FF00F7,1,3 state
STATUS_ BIT_FLEX_IN_OUT_SIGNAL2 M13,1771291853.0406735,0x18FF00F7,1,3 state
ERROR CODE  M13,1771291853.0406735,0x18FF00F7,1,0 state
ACT_DCBUSVOLTAGE M13,1771291853.0406735,0x18FF00F7,1,1.25 V
ACT_DCBUSPOWER M13,1771291853.0406735,0x18FF00F7,1,0.00 kw
ACT_DEVICETEMPERATURE M13,1771291853.0406735,0x18FF00F7,1,27.00 °C
ACT_INVERTERSTATUS A13,1771291853.0456247,0x18FF01F7,1,0 state
ACT_INVERTERREADY A13,1771291853.0456247,0x18FF01F7,1,0 state
ACT_ERRORSTATUS A13,1771291853.0456247,0x18FF01F7,1,0 state
ACT_SPEED A13,1771291853.0456247,0x18FF01F7,1,0.00 rpm
ACT_TORQUE A13,1771291853.0456247,0x18FF01F7,1,0.00 Nm
ACT_POWER A13,1771291853.0456247,0x18FF01F7,1,0.00 kw
ACT_MOTORTEMPERATURE A13,1771291853.0456247,0x18FF01F7,1,27.00 °C
ACT_INVERTERSTATUS B13,1771291853.050519,0x18FF02F7,1,0 state
ACT_INVERTERREADY B13,1771291853.050519,0x18FF02F7,1,0 state
ACT_ERRORSTATUS B13,1771291853.050519,0x18FF02F7,1,0 state
ACT_SPEED B13,1771291853.050519,0x18FF02F7,1,0.00 rpm
ACT_TORQUE B13,1771291853.050519,0x18FF02F7,1,0.00 Nm
ACT_POWER B13,1771291853.050519,0x18FF02F7,1,0.00 kw
ACT_MOTORTEMPERATURE B13,1771291853.050519,0x18FF02F7,1,28.00 °C
DEVICESTATE M13,1771291853.1406295,0x18FF00F7,1,0 state
ERRORLAMP M13,1771291853.1406295,0x18FF00F7,1,0 state
DEVICENUMBER M13,1771291853.1406295,0x18FF00F7,1,14 state
CLAMP15_STATUS M13,1771291853.1406295,0x18FF00F7,1,1 state
PRECHARGED M13,1771291853.1406295,0x18FF00F7,1,1 state
STATUS_ BIT_FLEX_IN_OUT_SIGNAL1 M13,1771291853.1406295,0x18FF00F7,1,3 state
STATUS_ BIT_FLEX_IN_OUT_SIGNAL2 M13,1771291853.1406295,0x18FF00F7,1,3 state
ERROR CODE  M13,1771291853.1406295,0x18FF00F7,1,0 state
ACT_DCBUSVOLTAGE M13,1771291853.1406295,0x18FF00F7,1,1.25 V
ACT_DCBUSPOWER M13,1771291853.1406295,0x18FF00F7,1,0.00 kw
ACT_DEVICETEMPERATURE M13,1771291853.1406295,0x18FF00F7,1,27.00 °C
ACT_INVERTERSTATUS A13,1771291853.1454453,0x18FF01F7,1,0 state
ACT_INVERTERREADY A13,1771291853.1454453,0x18FF01F7,1,0 state
ACT_ERRORSTATUS A13,1771291853.1454453,0x18FF01F7,1,0 state
ACT_SPEED A13,1771291853.1454453,0x18FF01F7,1,0.00 rpm
ACT_TORQUE A13,1771291853.1454453,0x18FF01F7,1,0.00 Nm
ACT_POWER A13,1771291853.1454453,0x18FF01F7,1,0.00 kw
ACT_MOTORTEMPERATURE A13,1771291853.1454453,0x18FF01F7,1,27.00 °C
ACT_INVERTERSTATUS B13,1771291853.1504624,0x18FF02F7,1,0 state
ACT_INVERTERREADY B13,1771291853.1504624,0x18FF02F7,1,0 state
ACT_ERRORSTATUS B13,1771291853.1504624,0x18FF02F7,1,0 state
ACT_SPEED B13,1771291853.1504624,0x18FF02F7,1,0.00 rpm
ACT_TORQUE B13,1771291853.1504624,0x18FF02F7,1,0.00 Nm
ACT_POWER B13,1771291853.1504624,0x18FF02F7,1,0.00 kw
ACT_MOTORTEMPERATURE B13,1771291853.1504624,0x18FF02F7,1,28.00 °C
DEVICESTATE M13,1771291853.2404125,0x18FF00F7,1,0 state
ERRORLAMP M13,1771291853.2404125,0x18FF00F7,1,0 state
DEVICENUMBER M13,1771291853.2404125,0x18FF00F7,1,14 state
CLAMP15_STATUS M13,1771291853.2404125,0x18FF00F7,1,1 state
PRECHARGED M13,1771291853.2404125,0x18FF00F7,1,1 state
STATUS_ BIT_FLEX_IN_OUT_SIGNAL1 M13,1771291853.2404125,0x18FF00F7,1,3 state
STATUS_ BIT_FLEX_IN_OUT_SIGNAL2 M13,1771291853.2404125,0x18FF00F7,1,3 state
ERROR CODE  M13,1771291853.2404125,0x18FF00F7,1,0 state
ACT_DCBUSVOLTAGE M13,1771291853.2404125,0x18FF00F7,1,1.25 V
ACT_DCBUSPOWER M13,1771291853.2404125,0x18FF00F7,1,0.00 kw
ACT_DEVICETEMPERATURE M13,1771291853.2404125,0x18FF00F7,1,27.00 °C
ACT_INVERTERSTATUS A13,1771291853.2455761,0x18FF01F7,1,0 state
ACT_INVERTERREADY A13,1771291853.2455761,0x18FF01F7,1,0 state
ACT_ERRORSTATUS A13,1771291853.2455761,0x18FF01F7,1,0 state
ACT_SPEED A13,1771291853.2455761,0x18FF01F7,1,0.00 rpm
ACT_TORQUE A13,1771291853.2455761,0x18FF01F7,1,0.00 Nm
ACT_POWER A13,1771291853.2455761,0x18FF01F7,1,0.00 kw
ACT_MOTORTEMPERATURE A13,1771291853.2455761,0x18FF01F7,1,27.00 °C
ACT_INVERTERSTATUS B13,1771291853.2506921,0x18FF02F7,1,0 state
ACT_INVERTERREADY B13,1771291853.2506921,0x18FF02F7,1,0 state
ACT_ERRORSTATUS B13,1771291853.2506921,0x18FF02F7,1,0 state
ACT_SPEED B13,1771291853.2506921,0x18FF02F7,1,0.00 rpm
ACT_TORQUE B13,1771291853.2506921,0x18FF02F7,1,0.00 Nm
ACT_POWER B13,1771291853.2506921,0x18FF02F7,1,0.00 kw
ACT_MOTORTEMPERATURE B13,1771291853.2506921,0x18FF02F7,1,28.00 °C
DEVICESTATE M13,1771291853.3407612,0x18FF00F7,1,0 state
ERRORLAMP M13,1771291853.3407612,0x18FF00F7,1,0 state
DEVICENUMBER M13,1771291853.3407612,0x18FF00F7,1,14 state
CLAMP15_STATUS M13,1771291853.3407612,0x18FF00F7,1,1 state
PRECHARGED M13,1771291853.3407612,0x18FF00F7,1,1 state
STATUS_ BIT_FLEX_IN_OUT_SIGNAL1 M13,1771291853.3407612,0x18FF00F7,1,3 state
STATUS_ BIT_FLEX_IN_OUT_SIGNAL2 M13,1771291853.3407612,0x18FF00F7,1,3 state
ERROR CODE  M13,1771291853.3407612,0x18FF00F7,1,0 state
ACT_DCBUSVOLTAGE M13,1771291853.3407612,0x18FF00F7,1,1.25 V
ACT_DCBUSPOWER M13,1771291853.3407612,0x18FF00F7,1,0.00 kw
ACT_DEVICETEMPERATURE M13,1771291853.3407612,0x18FF00F7,1,27.00 °C
ACT_INVERTERSTATUS A13,1771291853.345357,0x18FF01F7,1,0 state
ACT_INVERTERREADY A13,1771291853.345357,0x18FF01F7,1,0 state
ACT_ERRORSTATUS A13,1771291853.345357,0x18FF01F7,1,0 state
ACT_SPEED A13,1771291853.345357,0x18FF01F7,1,0.00 rpm
ACT_TORQUE A13,1771291853.345357,0x18FF01F7,1,0.00 Nm
ACT_POWER A13,1771291853.345357,0x18FF01F7,1,0.00 kw
ACT_MOTORTEMPERATURE A13,1771291853.345357,0x18FF01F7,1,27.00 °C
ACT_INVERTERSTATUS B13,1771291853.3503902,0x18FF02F7,1,0 state
ACT_INVERTERREADY B13,1771291853.3503902,0x18FF02F7,1,0 state
ACT_ERRORSTATUS B13,1771291853.3503902,0x18FF02F7,1,0 state
ACT_SPEED B13,1771291853.3503902,0x18FF02F7,1,0.00 rpm
ACT_TORQUE B13,1771291853.3503902,0x18FF02F7,1,0.00 Nm
ACT_POWER B13,1771291853.3503902,0x18FF02F7,1,0.00 kw
ACT_MOTORTEMPERATURE B13,1771291853.3503902,0x18FF02F7,1,28.00 °C
DEVICESTATE M13,1771291853.4408588,0x18FF00F7,1,0 state
ERRORLAMP M13,1771291853.4408588,0x18FF00F7,1,0 state
DEVICENUMBER M13,1771291853.4408588,0x18FF00F7,1,14 state
CLAMP15_STATUS M13,1771291853.4408588,0x18FF00F7,1,1 state
PRECHARGED M13,1771291853.4408588,0x18FF00F7,1,1 state
STATUS_ BIT_FLEX_IN_OUT_SIGNAL1 M13,1771291853.4408588,0x18FF00F7,1,3 state
STATUS_ BIT_FLEX_IN_OUT_SIGNAL2 M13,1771291853.4408588,0x18FF00F7,1,3 state
ERROR CODE  M13,1771291853.4408588,0x18FF00F7,1,0 state
ACT_DCBUSVOLTAGE M13,1771291853.4408588,0x18FF00F7,1,1.25 V
ACT_DCBUSPOWER M13,1771291853.4408588,0x18FF00F7,1,0.00 kw
ACT_DEVICETEMPERATURE M13,1771291853.4408588,0x18FF00F7,1,27.00 °C
ACT_INVERTERSTATUS A13,1771291853.4457781,0x18FF01F7,1,0 state
ACT_INVERTERREADY A13,1771291853.4457781,0x18FF01F7,1,0 state
ACT_ERRORSTATUS A13,1771291853.4457781,0x18FF01F7,1,0 state
ACT_SPEED A13,1771291853.4457781,0x18FF01F7,1,0.00 rpm
ACT_TORQUE A13,1771291853.4457781,0x18FF01F7,1,0.00 Nm
ACT_POWER A13,1771291853.4457781,0x18FF01F7,1,0.00 kw
ACT_MOTORTEMPERATURE A13,1771291853.4457781,0x18FF01F7,1,27.00 °C
ACT_INVERTERSTATUS B13,1771291853.4502788,0x18FF02F7,1,0 state
ACT_INVERTERREADY B13,1771291853.4502788,0x18FF02F7,1,0 state
ACT_ERRORSTATUS B13,1771291853.4502788,0x18FF02F7,1,0 state
ACT_SPEED B13,1771291853.4502788,0x18FF02F7,1,0.00 rpm
ACT_TORQUE B13,1771291853.4502788,0x18FF02F7,1,0.00 Nm
ACT_POWER B13,1771291853.4502788,0x18FF02F7,1,0.00 kw
ACT_MOTORTEMPERATURE B13,1771291853.4502788,0x18FF02F7,1,28.00 °C
DEVICESTATE M13,1771291853.54052,0x18FF00F7,1,0 state
ERRORLAMP M13,1771291853.54052,0x18FF00F7,1,0 state
DEVICENUMBER M13,1771291853.54052,0x18FF00F7,1,14 state
CLAMP15_STATUS M13,1771291853.54052,0x18FF00F7,1,1 state
PRECHARGED M13,1771291853.54052,0x18FF00F7,1,1 state
STATUS_ BIT_FLEX_IN_OUT_SIGNAL1 M13,1771291853.54052,0x18FF00F7,1,3 state
STATUS_ BIT_FLEX_IN_OUT_SIGNAL2 M13,1771291853.54052,0x18FF00F7,1,3 state
ERROR CODE  M13,1771291853.54052,0x18FF00F7,1,0 state
ACT_DCBUSVOLTAGE M13,1771291853.54052,0x18FF00F7,1,1.25 V
ACT_DCBUSPOWER M13,1771291853.54052,0x18FF00F7,1,0.00 kw
ACT_DEVICETEMPERATURE M13,1771291853.54052,0x18FF00F7,1,27.00 °C
ACT_INVERTERSTATUS A13,1771291853.5455706,0x18FF01F7,1,0 state
ACT_INVERTERREADY A13,1771291853.5455706,0x18FF01F7,1,0 state
ACT_ERRORSTATUS A13,1771291853.5455706,0x18FF01F7,1,0 state
ACT_SPEED A13,1771291853.5455706,0x18FF01F7,1,0.00 rpm
ACT_TORQUE A13,1771291853.5455706,0x18FF01F7,1,0.00 Nm
ACT_POWER A13,1771291853.5455706,0x18FF01F7,1,0.00 kw
ACT_MOTORTEMPERATURE A13,1771291853.5455706,0x18FF01F7,1,27.00 °C
ACT_INVERTERSTATUS B13,1771291853.5505893,0x18FF02F7,1,0 state
ACT_INVERTERREADY B13,1771291853.5505893,0x18FF02F7,1,0 state
ACT_ERRORSTATUS B13,1771291853.5505893,0x18FF02F7,1,0 state
ACT_SPEED B13,1771291853.5505893,0x18FF02F7,1,0.00 rpm
ACT_TORQUE B13,1771291853.5505893,0x18FF02F7,1,0.00 Nm
ACT_POWER B13,1771291853.5505893,0x18FF02F7,1,0.00 kw
ACT_MOTORTEMPERATURE B13,1771291853.5505893,0x18FF02F7,1,28.00 °C
DEVICESTATE M13,1771291853.6409097,0x18FF00F7,1,0 state
ERRORLAMP M13,1771291853.6409097,0x18FF00F7,1,0 state
DEVICENUMBER M13,1771291853.6409097,0x18FF00F7,1,14 state
CLAMP15_STATUS M13,1771291853.6409097,0x18FF00F7,1,1 state
PRECHARGED M13,1771291853.6409097,0x18FF00F7,1,1 state
STATUS_ BIT_FLEX_IN_OUT_SIGNAL1 M13,1771291853.6409097,0x18FF00F7,1,3 state
STATUS_ BIT_FLEX_IN_OUT_SIGNAL2 M13,1771291853.6409097,0x18FF00F7,1,3 state
ERROR CODE  M13,1771291853.6409097,0x18FF00F7,1,0 state
ACT_DCBUSVOLTAGE M13,1771291853.6409097,0x18FF00F7,1,1.25 V
ACT_DCBUSPOWER M13,1771291853.6409097,0x18FF00F7,1,0.00 kw
ACT_DEVICETEMPERATURE M13,1771291853.6409097,0x18FF00F7,1,27.00 °C
ACT_INVERTERSTATUS A13,1771291853.6457832,0x18FF01F7,1,0 state
ACT_INVERTERREADY A13,1771291853.6457832,0x18FF01F7,1,0 state
ACT_ERRORSTATUS A13,1771291853.6457832,0x18FF01F7,1,0 state
ACT_SPEED A13,1771291853.6457832,0x18FF01F7,1,0.00 rpm
ACT_TORQUE A13,1771291853.6457832,0x18FF01F7,1,0.00 Nm
ACT_POWER A13,1771291853.6457832,0x18FF01F7,1,0.00 kw
ACT_MOTORTEMPERATURE A13,1771291853.6457832,0x18FF01F7,1,27.00 °C
ACT_INVERTERSTATUS B13,1771291853.6501954,0x18FF02F7,1,0 state
ACT_INVERTERREADY B13,1771291853.6501954,0x18FF02F7,1,0 state
ACT_ERRORSTATUS B13,1771291853.6501954,0x18FF02F7,1,0 state
ACT_SPEED B13,1771291853.6501954,0x18FF02F7,1,0.00 rpm
ACT_TORQUE B13,1771291853.6501954,0x18FF02F7,1,0.00 Nm
ACT_POWER B13,1771291853.6501954,0x18FF02F7,1,0.00 kw
ACT_MOTORTEMPERATURE B13,1771291853.6501954,0x18FF02F7,1,28.00 °C
DEVICESTATE M13,1771291853.7409165,0x18FF00F7,1,0 state
ERRORLAMP M13,1771291853.7409165,0x18FF00F7,1,0 state
DEVICENUMBER M13,1771291853.7409165,0x18FF00F7,1,14 state
CLAMP15_STATUS M13,1771291853.7409165,0x18FF00F7,1,1 state
PRECHARGED M13,1771291853.7409165,0x18FF00F7,1,1 state
STATUS_ BIT_FLEX_IN_OUT_SIGNAL1 M13,1771291853.7409165,0x18FF00F7,1,3 state
STATUS_ BIT_FLEX_IN_OUT_SIGNAL2 M13,1771291853.7409165,0x18FF00F7,1,3 state
ERROR CODE  M13,1771291853.7409165,0x18FF00F7,1,0 state
ACT_DCBUSVOLTAGE M13,1771291853.7409165,0x18FF00F7,1,1.25 V
ACT_DCBUSPOWER M13,1771291853.7409165,0x18FF00F7,1,0.00 kw
ACT_DEVICETEMPERATURE M13,1771291853.7409165,0x18FF00F7,1,27.00 °C
ACT_INVERTERSTATUS A13,1771291853.7454374,0x18FF01F7,1,0 state
ACT_INVERTERREADY A13,1771291853.7454374,0x18FF01F7,1,0 state
ACT_ERRORSTATUS A13,1771291853.7454374,0x18FF01F7,1,0 state
ACT_SPEED A13,1771291853.7454374,0x18FF01F7,1,0.00 rpm
ACT_TORQUE A13,1771291853.7454374,0x18FF01F7,1,0.00 Nm
ACT_POWER A13,1771291853.7454374,0x18FF01F7,1,0.00 kw
ACT_MOTORTEMPERATURE A13,1771291853.7454374,0x18FF01F7,1,27.00 °C
ACT_INVERTERSTATUS B13,1771291853.7502606,0x18FF02F7,1,0 state
ACT_INVERTERREADY B13,1771291853.7502606,0x18FF02F7,1,0 state
ACT_ERRORSTATUS B13,1771291853.7502606,0x18FF02F7,1,0 state
ACT_SPEED B13,1771291853.7502606,0x18FF02F7,1,0.00 rpm
ACT_TORQUE B13,1771291853.7502606,0x18FF02F7,1,0.00 Nm
ACT_POWER B13,1771291853.7502606,0x18FF02F7,1,0.00 kw
ACT_MOTORTEMPERATURE B13,1771291853.7502606,0x18FF02F7,1,28.00 °C
DEVICESTATE M13,1771291853.8406389,0x18FF00F7,1,0 state
ERRORLAMP M13,1771291853.8406389,0x18FF00F7,1,0 state
DEVICENUMBER M13,1771291853.8406389,0x18FF00F7,1,14 state
CLAMP15_STATUS M13,1771291853.8406389,0x18FF00F7,1,1 state
PRECHARGED M13,1771291853.8406389,0x18FF00F7,1,1 state
STATUS_ BIT_FLEX_IN_OUT_SIGNAL1 M13,1771291853.8406389,0x18FF00F7,1,3 state
STATUS_ BIT_FLEX_IN_OUT_SIGNAL2 M13,1771291853.8406389,0x18FF00F7,1,3 state
ERROR CODE  M13,1771291853.8406389,0x18FF00F7,1,0 state
ACT_DCBUSVOLTAGE M13,1771291853.8406389,0x18FF00F7,1,1.25 V
ACT_DCBUSPOWER M13,1771291853.8406389,0x18FF00F7,1,0.00 kw
ACT_DEVICETEMPERATURE M13,1771291853.8406389,0x18FF00F7,1,27.00 °C
ACT_INVERTERSTATUS A13,1771291853.8459563,0x18FF01F7,1,0 state
ACT_INVERTERREADY A13,1771291853.8459563,0x18FF01F7,1,0 state
ACT_ERRORSTATUS A13,1771291853.8459563,0x18FF01F7,1,0 state
ACT_SPEED A13,1771291853.8459563,0x18FF01F7,1,0.00 rpm
ACT_TORQUE A13,1771291853.8459563,0x18FF01F7,1,0.00 Nm
ACT_POWER A13,1771291853.8459563,0x18FF01F7,1,0.00 kw
ACT_MOTORTEMPERATURE A13,1771291853.8459563,0x18FF01F7,1,27.00 °C
ACT_INVERTERSTATUS B13,1771291853.850301,0x18FF02F7,1,0 state
ACT_INVERTERREADY B13,1771291853.850301,0x18FF02F7,1,0 state
ACT_ERRORSTATUS B13,1771291853.850301,0x18FF02F7,1,0 state
ACT_SPEED B13,1771291853.850301,0x18FF02F7,1,0.00 rpm
ACT_TORQUE B13,1771291853.850301,0x18FF02F7,1,0.00 Nm
ACT_POWER B13,1771291853.850301,0x18FF02F7,1,0.00 kw
ACT_MOTORTEMPERATURE B13,1771291853.850301,0x18FF02F7,1,28.00 °C
DEVICESTATE M13,1771291853.9403255,0x18FF00F7,1,0 state
ERRORLAMP M13,1771291853.9403255,0x18FF00F7,1,0 state
DEVICENUMBER M13,1771291853.9403255,0x18FF00F7,1,14 state
CLAMP15_STATUS M13,1771291853.9403255,0x18FF00F7,1,1 state
PRECHARGED M13,1771291853.9403255,0x18FF00F7,1,1 state
STATUS_ BIT_FLEX_IN_OUT_SIGNAL1 M13,1771291853.9403255,0x18FF00F7,1,3 state
STATUS_ BIT_FLEX_IN_OUT_SIGNAL2 M13,1771291853.9403255,0x18FF00F7,1,3 state
ERROR CODE  M13,1771291853.9403255,0x18FF00F7,1,0 state
ACT_DCBUSVOLTAGE M13,1771291853.9403255,0x18FF00F7,1,1.25 V
ACT_DCBUSPOWER M13,1771291853.9403255,0x18FF00F7,1,0.00 kw
ACT_DEVICETEMPERATURE M13,1771291853.9403255,0x18FF00F7,1,27.00 °C
ACT_INVERTERSTATUS A13,1771291853.9453743,0x18FF01F7,1,0 state
ACT_INVERTERREADY A13,1771291853.9453743,0x18FF01F7,1,0 state
ACT_ERRORSTATUS A13,1771291853.9453743,0x18FF01F7,1,0 state
ACT_SPEED A13,1771291853.9453743,0x18FF01F7,1,0.00 rpm
ACT_TORQUE A13,1771291853.9453743,0x18FF01F7,1,0.00 Nm
ACT_POWER A13,1771291853.9453743,0x18FF01F7,1,0.00 kw
ACT_MOTORTEMPERATURE A13,1771291853.9453743,0x18FF01F7,1,27.00 °C
ACT_INVERTERSTATUS B13,1771291853.9502897,0x18FF02F7,1,0 state
ACT_INVERTERREADY B13,1771291853.9502897,0x18FF02F7,1,0 state
ACT_ERRORSTATUS B13,1771291853.9502897,0x18FF02F7,1,0 state
ACT_SPEED B13,1771291853.9502897,0x18FF02F7,1,0.00 rpm
ACT_TORQUE B13,1771291853.9502897,0x18FF02F7,1,0.00 Nm
ACT_POWER B13,1771291853.9502897,0x18FF02F7,1,0.00 kw
ACT_MOTORTEMPERATURE B13,1771291853.9502897,0x18FF02F7,1,28.00 °C
DEVICESTATE M13,1771291854.0408125,0x18FF00F7,1,0 state
ERRORLAMP M13,1771291854.0408125,0x18FF00F7,1,0 state
DEVICENUMBER M13,1771291854.0408125,0x18FF00F7,1,14 state
CLAMP15_STATUS M13,1771291854.0408125,0x18FF00F7,1,1 state
PRECHARGED M13,1771291854.0408125,0x18FF00F7,1,1 state
STATUS_ BIT_FLEX_IN_OUT_SIGNAL1 M13,1771291854.0408125,0x18FF00F7,1,3 state
STATUS_ BIT_FLEX_IN_OUT_SIGNAL2 M13,1771291854.0408125,0x18FF00F7,1,3 state
ERROR CODE  M13,1771291854.0408125,0x18FF00F7,1,0 state
ACT_DCBUSVOLTAGE M13,1771291854.0408125,0x18FF00F7,1,1.25 V
ACT_DCBUSPOWER M13,1771291854.0408125,0x18FF00F7,1,0.00 kw
ACT_DEVICETEMPERATURE M13,1771291854.0408125,0x18FF00F7,1,27.00 °C
ACT_INVERTERSTATUS A13,1771291854.045608,0x18FF01F7,1,0 state
ACT_INVERTERREADY A13,1771291854.045608,0x18FF01F7,1,0 state
ACT_ERRORSTATUS A13,1771291854.045608,0x18FF01F7,1,0 state
ACT_SPEED A13,1771291854.045608,0x18FF01F7,1,0.00 rpm
ACT_TORQUE A13,1771291854.045608,0x18FF01F7,1,0.00 Nm
ACT_POWER A13,1771291854.045608,0x18FF01F7,1,0.00 kw
ACT_MOTORTEMPERATURE A13,1771291854.045608,0x18FF01F7,1,27.00 °C
ACT_INVERTERSTATUS B13,1771291854.0506384,0x18FF02F7,1,0 state
ACT_INVERTERREADY B13,1771291854.0506384,0x18FF02F7,1,0 state
ACT_ERRORSTATUS B13,1771291854.0506384,0x18FF02F7,1,0 state
ACT_SPEED B13,1771291854.0506384,0x18FF02F7,1,0.00 rpm
ACT_TORQUE B13,1771291854.0506384,0x18FF02F7,1,0.00 Nm
ACT_POWER B13,1771291854.0506384,0x18FF02F7,1,0.00 kw
ACT_MOTORTEMPERATURE B13,1771291854.0506384,0x18FF02F7,1,28.00 °C
DEVICESTATE M13,1771291854.14049,0x18FF00F7,1,0 state
ERRORLAMP M13,1771291854.14049,0x18FF00F7,1,0 state
DEVICENUMBER M13,1771291854.14049,0x18FF00F7,1,14 state
CLAMP15_STATUS M13,1771291854.14049,0x18FF00F7,1,1 state
PRECHARGED M13,1771291854.14049,0x18FF00F7,1,1 state
STATUS_ BIT_FLEX_IN_OUT_SIGNAL1 M13,1771291854.14049,0x18FF00F7,1,3 state
STATUS_ BIT_FLEX_IN_OUT_SIGNAL2 M13,1771291854.14049,0x18FF00F7,1,3 state
ERROR CODE  M13,1771291854.14049,0x18FF00F7,1,0 state
ACT_DCBUSVOLTAGE M13,1771291854.14049,0x18FF00F7,1,1.25 V
ACT_DCBUSPOWER M13,1771291854.14049,0x18FF00F7,1,0.00 kw
ACT_DEVICETEMPERATURE M13,1771291854.14049,0x18FF00F7,1,27.00 °C
ACT_INVERTERSTATUS A13,1771291854.145764,0x18FF01F7,1,0 state
ACT_INVERTERREADY A13,1771291854.145764,0x18FF01F7,1,0 state
ACT_ERRORSTATUS A13,1771291854.145764,0x18FF01F7,1,0 state
ACT_SPEED A13,1771291854.145764,0x18FF01F7,1,0.00 rpm
ACT_TORQUE A13,1771291854.145764,0x18FF01F7,1,0.00 Nm
ACT_POWER A13,1771291854.145764,0x18FF01F7,1,0.00 kw
ACT_MOTORTEMPERATURE A13,1771291854.145764,0x18FF01F7,1,27.00 °C
ACT_INVERTERSTATUS B13,1771291854.150451,0x18FF02F7,1,0 state
ACT_INVERTERREADY B13,1771291854.150451,0x18FF02F7,1,0 state
ACT_ERRORSTATUS B13,1771291854.150451,0x18FF02F7,1,0 state
ACT_SPEED B13,1771291854.150451,0x18FF02F7,1,0.00 rpm
ACT_TORQUE B13,1771291854.150451,0x18FF02F7,1,0.00 Nm
ACT_POWER B13,1771291854.150451,0x18FF02F7,1,0.00 kw
ACT_MOTORTEMPERATURE B13,1771291854.150451,0x18FF02F7,1,28.00 °C
DEVICESTATE M13,1771291854.2403429,0x18FF00F7,1,0 state
ERRORLAMP M13,1771291854.2403429,0x18FF00F7,1,0 state
DEVICENUMBER M13,1771291854.2403429,0x18FF00F7,1,14 state
CLAMP15_STATUS M13,1771291854.2403429,0x18FF00F7,1,1 state
PRECHARGED M13,1771291854.2403429,0x18FF00F7,1,1 state
STATUS_ BIT_FLEX_IN_OUT_SIGNAL1 M13,1771291854.2403429,0x18FF00F7,1,3 state
STATUS_ BIT_FLEX_IN_OUT_SIGNAL2 M13,1771291854.2403429,0x18FF00F7,1,3 state
ERROR CODE  M13,1771291854.2403429,0x18FF00F7,1,0 state
ACT_DCBUSVOLTAGE M13,1771291854.2403429,0x18FF00F7,1,1.25 V
ACT_DCBUSPOWER M13,1771291854.2403429,0x18FF00F7,1,0.00 kw
ACT_DEVICETEMPERATURE M13,1771291854.2403429,0x18FF00F7,1,27.00 °C
ACT_INVERTERSTATUS A13,1771291854.2455404,0x18FF01F7,1,0 state
ACT_INVERTERREADY A13,1771291854.2455404,0x18FF01F7,1,0 state
ACT_ERRORSTATUS A13,1771291854.2455404,0x18FF01F7,1,0 state
ACT_SPEED A13,1771291854.2455404,0x18FF01F7,1,0.00 rpm
ACT_TORQUE A13,1771291854.2455404,0x18FF01F7,1,0.00 Nm
ACT_POWER A13,1771291854.2455404,0x18FF01F7,1,0.00 kw
ACT_MOTORTEMPERATURE A13,1771291854.2455404,0x18FF01F7,1,27.00 °C
ACT_INVERTERSTATUS B13,1771291854.2505722,0x18FF02F7,1,0 state
ACT_INVERTERREADY B13,1771291854.2505722,0x18FF02F7,1,0 state
ACT_ERRORSTATUS B13,1771291854.2505722,0x18FF02F7,1,0 state
ACT_SPEED B13,1771291854.2505722,0x18FF02F7,1,0.00 rpm
ACT_TORQUE B13,1771291854.2505722,0x18FF02F7,1,0.00 Nm
ACT_POWER B13,1771291854.2505722,0x18FF02F7,1,0.00 kw
ACT_MOTORTEMPERATURE B13,1771291854.2505722,0x18FF02F7,1,28.00 °C
DEVICESTATE M13,1771291854.3403656,0x18FF00F7,1,0 state
ERRORLAMP M13,1771291854.3403656,0x18FF00F7,1,0 state
DEVICENUMBER M13,1771291854.3403656,0x18FF00F7,1,14 state
CLAMP15_STATUS M13,1771291854.3403656,0x18FF00F7,1,1 state
PRECHARGED M13,1771291854.3403656,0x18FF00F7,1,1 state
STATUS_ BIT_FLEX_IN_OUT_SIGNAL1 M13,1771291854.3403656,0x18FF00F7,1,3 state
STATUS_ BIT_FLEX_IN_OUT_SIGNAL2 M13,1771291854.3403656,0x18FF00F7,1,3 state
ERROR CODE  M13,1771291854.3403656,0x18FF00F7,1,0 state
ACT_DCBUSVOLTAGE M13,1771291854.3403656,0x18FF00F7,1,1.25 V
ACT_DCBUSPOWER M13,1771291854.3403656,0x18FF00F7,1,0.00 kw
ACT_DEVICETEMPERATURE M13,1771291854.3403656,0x18FF00F7,1,27.00 °C
ACT_INVERTERSTATUS A13,1771291854.345397,0x18FF01F7,1,0 state
ACT_INVERTERREADY A13,1771291854.345397,0x18FF01F7,1,0 state
ACT_ERRORSTATUS A13,1771291854.345397,0x18FF01F7,1,0 state
ACT_SPEED A13,1771291854.345397,0x18FF01F7,1,0.00 rpm
ACT_TORQUE A13,1771291854.345397,0x18FF01F7,1,0.00 Nm
ACT_POWER A13,1771291854.345397,0x18FF01F7,1,0.00 kw
ACT_MOTORTEMPERATURE A13,1771291854.345397,0x18FF01F7,1,27.00 °C
ACT_INVERTERSTATUS B13,1771291854.3503742,0x18FF02F7,1,0 state
ACT_INVERTERREADY B13,1771291854.3503742,0x18FF02F7,1,0 state
ACT_ERRORSTATUS B13,1771291854.3503742,0x18FF02F7,1,0 state
ACT_SPEED B13,1771291854.3503742,0x18FF02F7,1,0.00 rpm
ACT_TORQUE B13,1771291854.3503742,0x18FF02F7,1,0.00 Nm
ACT_POWER B13,1771291854.3503742,0x18FF02F7,1,0.00 kw
ACT_MOTORTEMPERATURE B13,1771291854.3503742,0x18FF02F7,1,28.00 °C
DEVICESTATE M13,1771291854.440346,0x18FF00F7,1,0 state
ERRORLAMP M13,1771291854.440346,0x18FF00F7,1,0 state
DEVICENUMBER M13,1771291854.440346,0x18FF00F7,1,14 state
CLAMP15_STATUS M13,1771291854.440346,0x18FF00F7,1,1 state
PRECHARGED M13,1771291854.440346,0x18FF00F7,1,1 state
STATUS_ BIT_FLEX_IN_OUT_SIGNAL1 M13,1771291854.440346,0x18FF00F7,1,3 state
STATUS_ BIT_FLEX_IN_OUT_SIGNAL2 M13,1771291854.440346,0x18FF00F7,1,3 state
ERROR CODE  M13,1771291854.440346,0x18FF00F7,1,0 state
ACT_DCBUSVOLTAGE M13,1771291854.440346,0x18FF00F7,1,1.25 V
ACT_DCBUSPOWER M13,1771291854.440346,0x18FF00F7,1,0.00 kw
ACT_DEVICETEMPERATURE M13,1771291854.440346,0x18FF00F7,1,27.00 °C
ACT_INVERTERSTATUS A13,1771291854.445403,0x18FF01F7,1,0 state
ACT_INVERTERREADY A13,1771291854.445403,0x18FF01F7,1,0 state
ACT_ERRORSTATUS A13,1771291854.445403,0x18FF01F7,1,0 state
ACT_SPEED A13,1771291854.445403,0x18FF01F7,1,0.00 rpm
ACT_TORQUE A13,1771291854.445403,0x18FF01F7,1,0.00 Nm
ACT_POWER A13,1771291854.445403,0x18FF01F7,1,0.00 kw
ACT_MOTORTEMPERATURE A13,1771291854.445403,0x18FF01F7,1,27.00 °C
ACT_INVERTERSTATUS B13,1771291854.450409,0x18FF02F7,1,0 state
ACT_INVERTERREADY B13,1771291854.450409,0x18FF02F7,1,0 state
ACT_ERRORSTATUS B13,1771291854.450409,0x18FF02F7,1,0 state
ACT_SPEED B13,1771291854.450409,0x18FF02F7,1,0.00 rpm
ACT_TORQUE B13,1771291854.450409,0x18FF02F7,1,0.00 Nm
ACT_POWER B13,1771291854.450409,0x18FF02F7,1,0.00 kw
ACT_MOTORTEMPERATURE B13,1771291854.450409,0x18FF02F7,1,28.00 °C
DEVICESTATE M13,1771291854.5403929,0x18FF00F7,1,0 state
ERRORLAMP M13,1771291854.5403929,0x18FF00F7,1,0 state
DEVICENUMBER M13,1771291854.5403929,0x18FF00F7,1,14 state
CLAMP15_STATUS M13,1771291854.5403929,0x18FF00F7,1,1 state
PRECHARGED M13,1771291854.5403929,0x18FF00F7,1,1 state
STATUS_ BIT_FLEX_IN_OUT_SIGNAL1 M13,1771291854.5403929,0x18FF00F7,1,3 state
STATUS_ BIT_FLEX_IN_OUT_SIGNAL2 M13,1771291854.5403929,0x18FF00F7,1,3 state
ERROR CODE  M13,1771291854.5403929,0x18FF00F7,1,0 state
ACT_DCBUSVOLTAGE M13,1771291854.5403929,0x18FF00F7,1,1.25 V
ACT_DCBUSPOWER M13,1771291854.5403929,0x18FF00F7,1,0.00 kw
ACT_DEVICETEMPERATURE M13,1771291854.5403929,0x18FF00F7,1,27.00 °C
ACT_INVERTERSTATUS A13,1771291854.5455167,0x18FF01F7,1,0 state
ACT_INVERTERREADY A13,1771291854.5455167,0x18FF01F7,1,0 state
ACT_ERRORSTATUS A13,1771291854.5455167,0x18FF01F7,1,0 state
ACT_SPEED A13,1771291854.5455167,0x18FF01F7,1,0.00 rpm
ACT_TORQUE A13,1771291854.5455167,0x18FF01F7,1,0.00 Nm
ACT_POWER A13,1771291854.5455167,0x18FF01F7,1,0.00 kw
ACT_MOTORTEMPERATURE A13,1771291854.5455167,0x18FF01F7,1,27.00 °C
ACT_INVERTERSTATUS B13,1771291854.5504777,0x18FF02F7,1,0 state
ACT_INVERTERREADY B13,1771291854.5504777,0x18FF02F7,1,0 state
ACT_ERRORSTATUS B13,1771291854.5504777,0x18FF02F7,1,0 state
ACT_SPEED B13,1771291854.5504777,0x18FF02F7,1,0.00 rpm
ACT_TORQUE B13,1771291854.5504777,0x18FF02F7,1,0.00 Nm
ACT_POWER B13,1771291854.5504777,0x18FF02F7,1,0.00 kw
ACT_MOTORTEMPERATURE B13,1771291854.5504777,0x18FF02F7,1,28.00 °C
DEVICESTATE M13,1771291854.6404371,0x18FF00F7,1,0 state
ERRORLAMP M13,1771291854.6404371,0x18FF00F7,1,0 state
DEVICENUMBER M13,1771291854.6404371,0x18FF00F7,1,14 state
CLAMP15_STATUS M13,1771291854.6404371,0x18FF00F7,1,1 state
PRECHARGED M13,1771291854.6404371,0x18FF00F7,1,1 state
STATUS_ BIT_FLEX_IN_OUT_SIGNAL1 M13,1771291854.6404371,0x18FF00F7,1,3 state
STATUS_ BIT_FLEX_IN_OUT_SIGNAL2 M13,1771291854.6404371,0x18FF00F7,1,3 state
ERROR CODE  M13,1771291854.6404371,0x18FF00F7,1,0 state
ACT_DCBUSVOLTAGE M13,1771291854.6404371,0x18FF00F7,1,1.25 V
ACT_DCBUSPOWER M13,1771291854.6404371,0x18FF00F7,1,0.00 kw
ACT_DEVICETEMPERATURE M13,1771291854.6404371,0x18FF00F7,1,27.00 °C
ACT_INVERTERSTATUS A13,1771291854.6454027,0x18FF01F7,1,0 state
ACT_INVERTERREADY A13,1771291854.6454027,0x18FF01F7,1,0 state
ACT_ERRORSTATUS A13,1771291854.6454027,0x18FF01F7,1,0 state
ACT_SPEED A13,1771291854.6454027,0x18FF01F7,1,0.00 rpm
ACT_TORQUE A13,1771291854.6454027,0x18FF01F7,1,0.00 Nm
ACT_POWER A13,1771291854.6454027,0x18FF01F7,1,0.00 kw
ACT_MOTORTEMPERATURE A13,1771291854.6454027,0x18FF01F7,1,26.00 °C
ACT_INVERTERSTATUS B13,1771291854.6506946,0x18FF02F7,1,0 state
ACT_INVERTERREADY B13,1771291854.6506946,0x18FF02F7,1,0 state
ACT_ERRORSTATUS B13,1771291854.6506946,0x18FF02F7,1,0 state
ACT_SPEED B13,1771291854.6506946,0x18FF02F7,1,0.00 rpm
ACT_TORQUE B13,1771291854.6506946,0x18FF02F7,1,0.00 Nm
ACT_POWER B13,1771291854.6506946,0x18FF02F7,1,0.00 kw
ACT_MOTORTEMPERATURE B13,1771291854.6506946,0x18FF02F7,1,28.00 °C
DEVICESTATE M13,1771291854.7403634,0x18FF00F7,1,0 state
ERRORLAMP M13,1771291854.7403634,0x18FF00F7,1,0 state
DEVICENUMBER M13,1771291854.7403634,0x18FF00F7,1,14 state
CLAMP15_STATUS M13,1771291854.7403634,0x18FF00F7,1,1 state
PRECHARGED M13,1771291854.7403634,0x18FF00F7,1,1 state
STATUS_ BIT_FLEX_IN_OUT_SIGNAL1 M13,1771291854.7403634,0x18FF00F7,1,3 state
STATUS_ BIT_FLEX_IN_OUT_SIGNAL2 M13,1771291854.7403634,0x18FF00F7,1,3 state
ERROR CODE  M13,1771291854.7403634,0x18FF00F7,1,0 state
ACT_DCBUSVOLTAGE M13,1771291854.7403634,0x18FF00F7,1,1.25 V
ACT_DCBUSPOWER M13,1771291854.7403634,0x18FF00F7,1,0.00 kw
ACT_DEVICETEMPERATURE M13,1771291854.7403634,0x18FF00F7,1,27.00 °C
ACT_INVERTERSTATUS A13,1771291854.7455454,0x18FF01F7,1,0 state
ACT_INVERTERREADY A13,1771291854.7455454,0x18FF01F7,1,0 state
ACT_ERRORSTATUS A13,1771291854.7455454,0x18FF01F7,1,0 state
ACT_SPEED A13,1771291854.7455454,0x18FF01F7,1,0.00 rpm
ACT_TORQUE A13,1771291854.7455454,0x18FF01F7,1,0.00 Nm
ACT_POWER A13,1771291854.7455454,0x18FF01F7,1,0.00 kw
ACT_MOTORTEMPERATURE A13,1771291854.7455454,0x18FF01F7,1,27.00 °C
ACT_INVERTERSTATUS B13,1771291854.7504683,0x18FF02F7,1,0 state
ACT_INVERTERREADY B13,1771291854.7504683,0x18FF02F7,1,0 state
ACT_ERRORSTATUS B13,1771291854.7504683,0x18FF02F7,1,0 state
ACT_SPEED B13,1771291854.7504683,0x18FF02F7,1,0.00 rpm
ACT_TORQUE B13,1771291854.7504683,0x18FF02F7,1,0.00 Nm
ACT_POWER B13,1771291854.7504683,0x18FF02F7,1,0.00 kw
ACT_MOTORTEMPERATURE B13,1771291854.7504683,0x18FF02F7,1,28.00 °C
DEVICESTATE M13,1771291854.84057,0x18FF00F7,1,0 state
ERRORLAMP M13,1771291854.84057,0x18FF00F7,1,0 state
DEVICENUMBER M13,1771291854.84057,0x18FF00F7,1,14 state
CLAMP15_STATUS M13,1771291854.84057,0x18FF00F7,1,1 state
PRECHARGED M13,1771291854.84057,0x18FF00F7,1,1 state
STATUS_ BIT_FLEX_IN_OUT_SIGNAL1 M13,1771291854.84057,0x18FF00F7,1,3 state
STATUS_ BIT_FLEX_IN_OUT_SIGNAL2 M13,1771291854.84057,0x18FF00F7,1,3 state
ERROR CODE  M13,1771291854.84057,0x18FF00F7,1,0 state
ACT_DCBUSVOLTAGE M13,1771291854.84057,0x18FF00F7,1,1.25 V
ACT_DCBUSPOWER M13,1771291854.84057,0x18FF00F7,1,0.00 kw
ACT_DEVICETEMPERATURE M13,1771291854.84057,0x18FF00F7,1,27.00 °C
ACT_INVERTERSTATUS A13,1771291854.8457005,0x18FF01F7,1,0 state
ACT_INVERTERREADY A13,1771291854.8457005,0x18FF01F7,1,0 state
ACT_ERRORSTATUS A13,1771291854.8457005,0x18FF01F7,1,0 state
ACT_SPEED A13,1771291854.8457005,0x18FF01F7,1,0.00 rpm
ACT_TORQUE A13,1771291854.8457005,0x18FF01F7,1,0.00 Nm
ACT_POWER A13,1771291854.8457005,0x18FF01F7,1,0.00 kw
ACT_MOTORTEMPERATURE A13,1771291854.8457005,0x18FF01F7,1,27.00 °C
ACT_INVERTERSTATUS B13,1771291854.8506181,0x18FF02F7,1,0 state
ACT_INVERTERREADY B13,1771291854.8506181,0x18FF02F7,1,0 state
ACT_ERRORSTATUS B13,1771291854.8506181,0x18FF02F7,1,0 state
ACT_SPEED B13,1771291854.8506181,0x18FF02F7,1,0.00 rpm
ACT_TORQUE B13,1771291854.8506181,0x18FF02F7,1,0.00 Nm
ACT_POWER B13,1771291854.8506181,0x18FF02F7,1,0.00 kw
ACT_MOTORTEMPERATURE B13,1771291854.8506181,0x18FF02F7,1,28.00 °C
DEVICESTATE M13,1771291854.9404917,0x18FF00F7,1,0 state
ERRORLAMP M13,1771291854.9404917,0x18FF00F7,1,0 state
DEVICENUMBER M13,1771291854.9404917,0x18FF00F7,1,14 state
CLAMP15_STATUS M13,1771291854.9404917,0x18FF00F7,1,1 state
PRECHARGED M13,1771291854.9404917,0x18FF00F7,1,1 state
STATUS_ BIT_FLEX_IN_OUT_SIGNAL1 M13,1771291854.9404917,0x18FF00F7,1,3 state
STATUS_ BIT_FLEX_IN_OUT_SIGNAL2 M13,1771291854.9404917,0x18FF00F7,1,3 state
ERROR CODE  M13,1771291854.9404917,0x18FF00F7,1,0 state
ACT_DCBUSVOLTAGE M13,1771291854.9404917,0x18FF00F7,1,1.25 V
ACT_DCBUSPOWER M13,1771291854.9404917,0x18FF00F7,1,0.00 kw
ACT_DEVICETEMPERATURE M13,1771291854.9404917,0x18FF00F7,1,27.00 °C
ACT_INVERTERSTATUS A13,1771291854.9453638,0x18FF01F7,1,0 state
ACT_INVERTERREADY A13,1771291854.9453638,0x18FF01F7,1,0 state
ACT_ERRORSTATUS A13,1771291854.9453638,0x18FF01F7,1,0 state
ACT_SPEED A13,1771291854.9453638,0x18FF01F7,1,0.00 rpm
ACT_TORQUE A13,1771291854.9453638,0x18FF01F7,1,0.00 Nm
ACT_POWER A13,1771291854.9453638,0x18FF01F7,1,0.00 kw
ACT_MOTORTEMPERATURE A13,1771291854.9453638,0x18FF01F7,1,27.00 °C
ACT_INVERTERSTATUS B13,1771291854.9504025,0x18FF02F7,1,0 state
ACT_INVERTERREADY B13,1771291854.9504025,0x18FF02F7,1,0 state
ACT_ERRORSTATUS B13,1771291854.9504025,0x18FF02F7,1,0 state
ACT_SPEED B13,1771291854.9504025,0x18FF02F7,1,0.00 rpm
ACT_TORQUE B13,1771291854.9504025,0x18FF02F7,1,0.00 Nm
ACT_POWER B13,1771291854.9504025,0x18FF02F7,1,0.00 kw
ACT_MOTORTEMPERATURE B13,1771291854.9504025,0x18FF02F7,1,28.00 °C
DEVICESTATE M13,1771291855.0406458,0x18FF00F7,1,0 state
ERRORLAMP M13,1771291855.0406458,0x18FF00F7,1,0 state
DEVICENUMBER M13,1771291855.0406458,0x18FF00F7,1,14 state
CLAMP15_STATUS M13,1771291855.0406458,0x18FF00F7,1,1 state
PRECHARGED M13,1771291855.0406458,0x18FF00F7,1,1 state
STATUS_ BIT_FLEX_IN_OUT_SIGNAL1 M13,1771291855.0406458,0x18FF00F7,1,3 state
STATUS_ BIT_FLEX_IN_OUT_SIGNAL2 M13,1771291855.0406458,0x18FF00F7,1,3 state
ERROR CODE  M13,1771291855.0406458,0x18FF00F7,1,0 state
ACT_DCBUSVOLTAGE M13,1771291855.0406458,0x18FF00F7,1,1.25 V
ACT_DCBUSPOWER M13,1771291855.0406458,0x18FF00F7,1,0.00 kw
ACT_DEVICETEMPERATURE M13,1771291855.0406458,0x18FF00F7,1,27.00 °C
ACT_INVERTERSTATUS A13,1771291855.0456843,0x18FF01F7,1,0 state
ACT_INVERTERREADY A13,1771291855.0456843,0x18FF01F7,1,0 state
ACT_ERRORSTATUS A13,1771291855.0456843,0x18FF01F7,1,0 state
ACT_SPEED A13,1771291855.0456843,0x18FF01F7,1,0.00 rpm
ACT_TORQUE A13,1771291855.0456843,0x18FF01F7,1,0.00 Nm
ACT_POWER A13,1771291855.0456843,0x18FF01F7,1,0.00 kw
ACT_MOTORTEMPERATURE A13,1771291855.0456843,0x18FF01F7,1,27.00 °C
ACT_INVERTERSTATUS B13,1771291855.0504253,0x18FF02F7,1,0 state
ACT_INVERTERREADY B13,1771291855.0504253,0x18FF02F7,1,0 state
ACT_ERRORSTATUS B13,1771291855.0504253,0x18FF02F7,1,0 state
ACT_SPEED B13,1771291855.0504253,0x18FF02F7,1,0.00 rpm
ACT_TORQUE B13,1771291855.0504253,0x18FF02F7,1,0.00 Nm
ACT_POWER B13,1771291855.0504253,0x18FF02F7,1,0.00 kw
ACT_MOTORTEMPERATURE B13,1771291855.0504253,0x18FF02F7,1,28.00 °C
DEVICESTATE M13,1771291855.1406682,0x18FF00F7,1,0 state
ERRORLAMP M13,1771291855.1406682,0x18FF00F7,1,0 state
DEVICENUMBER M13,1771291855.1406682,0x18FF00F7,1,14 state
CLAMP15_STATUS M13,1771291855.1406682,0x18FF00F7,1,1 state
PRECHARGED M13,1771291855.1406682,0x18FF00F7,1,1 state
STATUS_ BIT_FLEX_IN_OUT_SIGNAL1 M13,1771291855.1406682,0x18FF00F7,1,3 state
STATUS_ BIT_FLEX_IN_OUT_SIGNAL2 M13,1771291855.1406682,0x18FF00F7,1,3 state
ERROR CODE  M13,1771291855.1406682,0x18FF00F7,1,0 state
ACT_DCBUSVOLTAGE M13,1771291855.1406682,0x18FF00F7,1,1.25 V
ACT_DCBUSPOWER M13,1771291855.1406682,0x18FF00F7,1,0.00 kw
ACT_DEVICETEMPERATURE M13,1771291855.1406682,0x18FF00F7,1,27.00 °C
ACT_INVERTERSTATUS A13,1771291855.145595,0x18FF01F7,1,0 state
ACT_INVERTERREADY A13,1771291855.145595,0x18FF01F7,1,0 state
ACT_ERRORSTATUS A13,1771291855.145595,0x18FF01F7,1,0 state
ACT_SPEED A13,1771291855.145595,0x18FF01F7,1,0.00 rpm
ACT_TORQUE A13,1771291855.145595,0x18FF01F7,1,0.00 Nm
ACT_POWER A13,1771291855.145595,0x18FF01F7,1,0.00 kw
ACT_MOTORTEMPERATURE A13,1771291855.145595,0x18FF01F7,1,27.00 °C
ACT_INVERTERSTATUS B13,1771291855.1502914,0x18FF02F7,1,0 state
ACT_INVERTERREADY B13,1771291855.1502914,0x18FF02F7,1,0 state
ACT_ERRORSTATUS B13,1771291855.1502914,0x18FF02F7,1,0 state
ACT_SPEED B13,1771291855.1502914,0x18FF02F7,1,0.00 rpm
ACT_TORQUE B13,1771291855.1502914,0x18FF02F7,1,0.00 Nm
ACT_POWER B13,1771291855.1502914,0x18FF02F7,1,0.00 kw
ACT_MOTORTEMPERATURE B13,1771291855.1502914,0x18FF02F7,1,28.00 °C
DEVICESTATE M13,1771291855.2405436,0x18FF00F7,1,0 state
ERRORLAMP M13,1771291855.2405436,0x18FF00F7,1,0 state
DEVICENUMBER M13,1771291855.2405436,0x18FF00F7,1,14 state
CLAMP15_STATUS M13,1771291855.2405436,0x18FF00F7,1,1 state
PRECHARGED M13,1771291855.2405436,0x18FF00F7,1,1 state
STATUS_ BIT_FLEX_IN_OUT_SIGNAL1 M13,1771291855.2405436,0x18FF00F7,1,3 state
STATUS_ BIT_FLEX_IN_OUT_SIGNAL2 M13,1771291855.2405436,0x18FF00F7,1,3 state
ERROR CODE  M13,1771291855.2405436,0x18FF00F7,1,0 state
ACT_DCBUSVOLTAGE M13,1771291855.2405436,0x18FF00F7,1,1.25 V
ACT_DCBUSPOWER M13,1771291855.2405436,0x18FF00F7,1,0.00 kw
ACT_DEVICETEMPERATURE M13,1771291855.2405436,0x18FF00F7,1,27.00 °C
ACT_INVERTERSTATUS A13,1771291855.2457008,0x18FF01F7,1,0 state
ACT_INVERTERREADY A13,1771291855.2457008,0x18FF01F7,1,0 state
ACT_ERRORSTATUS A13,1771291855.2457008,0x18FF01F7,1,0 state
ACT_SPEED A13,1771291855.2457008,0x18FF01F7,1,0.00 rpm
ACT_TORQUE A13,1771291855.2457008,0x18FF01F7,1,0.00 Nm
ACT_POWER A13,1771291855.2457008,0x18FF01F7,1,0.00 kw
ACT_MOTORTEMPERATURE A13,1771291855.2457008,0x18FF01F7,1,27.00 °C
ACT_INVERTERSTATUS B13,1771291855.250698,0x18FF02F7,1,0 state
ACT_INVERTERREADY B13,1771291855.250698,0x18FF02F7,1,0 state
ACT_ERRORSTATUS B13,1771291855.250698,0x18FF02F7,1,0 state
ACT_SPEED B13,1771291855.250698,0x18FF02F7,1,0.00 rpm
ACT_TORQUE B13,1771291855.250698,0x18FF02F7,1,0.00 Nm
ACT_POWER B13,1771291855.250698,0x18FF02F7,1,0.00 kw
ACT_MOTORTEMPERATURE B13,1771291855.250698,0x18FF02F7,1,28.00 °C
DEVICESTATE M13,1771291855.340798,0x18FF00F7,1,0 state
ERRORLAMP M13,1771291855.340798,0x18FF00F7,1,0 state
DEVICENUMBER M13,1771291855.340798,0x18FF00F7,1,14 state
CLAMP15_STATUS M13,1771291855.340798,0x18FF00F7,1,1 state
PRECHARGED M13,1771291855.340798,0x18FF00F7,1,1 state
STATUS_ BIT_FLEX_IN_OUT_SIGNAL1 M13,1771291855.340798,0x18FF00F7,1,3 state
STATUS_ BIT_FLEX_IN_OUT_SIGNAL2 M13,1771291855.340798,0x18FF00F7,1,3 state
ERROR CODE  M13,1771291855.340798,0x18FF00F7,1,0 state
ACT_DCBUSVOLTAGE M13,1771291855.340798,0x18FF00F7,1,1.25 V
ACT_DCBUSPOWER M13,1771291855.340798,0x18FF00F7,1,0.00 kw
ACT_DEVICETEMPERATURE M13,1771291855.340798,0x18FF00F7,1,27.00 °C
ACT_INVERTERSTATUS A13,1771291855.3456032,0x18FF01F7,1,0 state
ACT_INVERTERREADY A13,1771291855.3456032,0x18FF01F7,1,0 state
ACT_ERRORSTATUS A13,1771291855.3456032,0x18FF01F7,1,0 state
ACT_SPEED A13,1771291855.3456032,0x18FF01F7,1,0.00 rpm
ACT_TORQUE A13,1771291855.3456032,0x18FF01F7,1,0.00 Nm
ACT_POWER A13,1771291855.3456032,0x18FF01F7,1,0.00 kw
ACT_MOTORTEMPERATURE A13,1771291855.3456032,0x18FF01F7,1,27.00 °C
ACT_INVERTERSTATUS B13,1771291855.3503168,0x18FF02F7,1,0 state
ACT_INVERTERREADY B13,1771291855.3503168,0x18FF02F7,1,0 state
ACT_ERRORSTATUS B13,1771291855.3503168,0x18FF02F7,1,0 state
ACT_SPEED B13,1771291855.3503168,0x18FF02F7,1,0.00 rpm
ACT_TORQUE B13,1771291855.3503168,0x18FF02F7,1,0.00 Nm
ACT_POWER B13,1771291855.3503168,0x18FF02F7,1,0.00 kw
ACT_MOTORTEMPERATURE B13,1771291855.3503168,0x18FF02F7,1,28.00 °C
DEVICESTATE M13,1771291855.4406896,0x18FF00F7,1,0 state
ERRORLAMP M13,1771291855.4406896,0x18FF00F7,1,0 state
DEVICENUMBER M13,1771291855.4406896,0x18FF00F7,1,14 state
CLAMP15_STATUS M13,1771291855.4406896,0x18FF00F7,1,1 state
PRECHARGED M13,1771291855.4406896,0x18FF00F7,1,1 state
STATUS_ BIT_FLEX_IN_OUT_SIGNAL1 M13,1771291855.4406896,0x18FF00F7,1,3 state
STATUS_ BIT_FLEX_IN_OUT_SIGNAL2 M13,1771291855.4406896,0x18FF00F7,1,3 state
ERROR CODE  M13,1771291855.4406896,0x18FF00F7,1,0 state
ACT_DCBUSVOLTAGE M13,1771291855.4406896,0x18FF00F7,1,1.25 V
ACT_DCBUSPOWER M13,1771291855.4406896,0x18FF00F7,1,0.00 kw
ACT_DEVICETEMPERATURE M13,1771291855.4406896,0x18FF00F7,1,27.00 °C
ACT_INVERTERSTATUS A13,1771291855.4454257,0x18FF01F7,1,0 state
ACT_INVERTERREADY A13,1771291855.4454257,0x18FF01F7,1,0 state
ACT_ERRORSTATUS A13,1771291855.4454257,0x18FF01F7,1,0 state
ACT_SPEED A13,1771291855.4454257,0x18FF01F7,1,0.00 rpm
ACT_TORQUE A13,1771291855.4454257,0x18FF01F7,1,0.00 Nm
ACT_POWER A13,1771291855.4454257,0x18FF01F7,1,0.00 kw
ACT_MOTORTEMPERATURE A13,1771291855.4454257,0x18FF01F7,1,27.00 °C
ACT_INVERTERSTATUS B13,1771291855.4503603,0x18FF02F7,1,0 state
ACT_INVERTERREADY B13,1771291855.4503603,0x18FF02F7,1,0 state
ACT_ERRORSTATUS B13,1771291855.4503603,0x18FF02F7,1,0 state
ACT_SPEED B13,1771291855.4503603,0x18FF02F7,1,0.00 rpm
ACT_TORQUE B13,1771291855.4503603,0x18FF02F7,1,0.00 Nm
ACT_POWER B13,1771291855.4503603,0x18FF02F7,1,0.00 kw
ACT_MOTORTEMPERATURE B13,1771291855.4503603,0x18FF02F7,1,28.00 °C
DEVICESTATE M13,1771291855.540812,0x18FF00F7,1,0 state
ERRORLAMP M13,1771291855.540812,0x18FF00F7,1,0 state
DEVICENUMBER M13,1771291855.540812,0x18FF00F7,1,14 state
CLAMP15_STATUS M13,1771291855.540812,0x18FF00F7,1,1 state
PRECHARGED M13,1771291855.540812,0x18FF00F7,1,1 state
STATUS_ BIT_FLEX_IN_OUT_SIGNAL1 M13,1771291855.540812,0x18FF00F7,1,3 state
STATUS_ BIT_FLEX_IN_OUT_SIGNAL2 M13,1771291855.540812,0x18FF00F7,1,3 state
ERROR CODE  M13,1771291855.540812,0x18FF00F7,1,0 state
ACT_DCBUSVOLTAGE M13,1771291855.540812,0x18FF00F7,1,1.25 V
ACT_DCBUSPOWER M13,1771291855.540812,0x18FF00F7,1,0.00 kw
ACT_DEVICETEMPERATURE M13,1771291855.540812,0x18FF00F7,1,27.00 °C
ACT_INVERTERSTATUS A13,1771291855.545337,0x18FF01F7,1,0 state
ACT_INVERTERREADY A13,1771291855.545337,0x18FF01F7,1,0 state
ACT_ERRORSTATUS A13,1771291855.545337,0x18FF01F7,1,0 state
ACT_SPEED A13,1771291855.545337,0x18FF01F7,1,0.00 rpm
ACT_TORQUE A13,1771291855.545337,0x18FF01F7,1,0.00 Nm
ACT_POWER A13,1771291855.545337,0x18FF01F7,1,0.00 kw
ACT_MOTORTEMPERATURE A13,1771291855.545337,0x18FF01F7,1,27.00 °C
ACT_INVERTERSTATUS B13,1771291855.5503068,0x18FF02F7,1,0 state
ACT_INVERTERREADY B13,1771291855.5503068,0x18FF02F7,1,0 state
ACT_ERRORSTATUS B13,1771291855.5503068,0x18FF02F7,1,0 state
ACT_SPEED B13,1771291855.5503068,0x18FF02F7,1,0.00 rpm
ACT_TORQUE B13,1771291855.5503068,0x18FF02F7,1,0.00 Nm
ACT_POWER B13,1771291855.5503068,0x18FF02F7,1,0.00 kw
ACT_MOTORTEMPERATURE B13,1771291855.5503068,0x18FF02F7,1,28.00 °C
DEVICESTATE M13,1771291855.6405437,0x18FF00F7,1,0 state
ERRORLAMP M13,1771291855.6405437,0x18FF00F7,1,0 state
DEVICENUMBER M13,1771291855.6405437,0x18FF00F7,1,14 state
CLAMP15_STATUS M13,1771291855.6405437,0x18FF00F7,1,1 state
PRECHARGED M13,1771291855.6405437,0x18FF00F7,1,1 state
STATUS_ BIT_FLEX_IN_OUT_SIGNAL1 M13,1771291855.6405437,0x18FF00F7,1,3 state
STATUS_ BIT_FLEX_IN_OUT_SIGNAL2 M13,1771291855.6405437,0x18FF00F7,1,3 state
ERROR CODE  M13,1771291855.6405437,0x18FF00F7,1,0 state
ACT_DCBUSVOLTAGE M13,1771291855.6405437,0x18FF00F7,1,1.25 V
ACT_DCBUSPOWER M13,1771291855.6405437,0x18FF00F7,1,0.00 kw
ACT_DEVICETEMPERATURE M13,1771291855.6405437,0x18FF00F7,1,27.00 °C
ACT_INVERTERSTATUS A13,1771291855.645529,0x18FF01F7,1,0 state
ACT_INVERTERREADY A13,1771291855.645529,0x18FF01F7,1,0 state
ACT_ERRORSTATUS A13,1771291855.645529,0x18FF01F7,1,0 state
ACT_SPEED A13,1771291855.645529,0x18FF01F7,1,0.00 rpm
ACT_TORQUE A13,1771291855.645529,0x18FF01F7,1,0.00 Nm
ACT_POWER A13,1771291855.645529,0x18FF01F7,1,0.00 kw
ACT_MOTORTEMPERATURE A13,1771291855.645529,0x18FF01F7,1,27.00 °C
ACT_INVERTERSTATUS B13,1771291855.65063,0x18FF02F7,1,0 state
ACT_INVERTERREADY B13,1771291855.65063,0x18FF02F7,1,0 state
ACT_ERRORSTATUS B13,1771291855.65063,0x18FF02F7,1,0 state
ACT_SPEED B13,1771291855.65063,0x18FF02F7,1,0.00 rpm
ACT_TORQUE B13,1771291855.65063,0x18FF02F7,1,0.00 Nm
ACT_POWER B13,1771291855.65063,0x18FF02F7,1,0.00 kw
ACT_MOTORTEMPERATURE B13,1771291855.65063,0x18FF02F7,1,28.00 °C
DEVICESTATE M13,1771291855.7403445,0x18FF00F7,1,0 state
ERRORLAMP M13,1771291855.7403445,0x18FF00F7,1,0 state
DEVICENUMBER M13,1771291855.7403445,0x18FF00F7,1,14 state
CLAMP15_STATUS M13,1771291855.7403445,0x18FF00F7,1,1 state
PRECHARGED M13,1771291855.7403445,0x18FF00F7,1,1 state
STATUS_ BIT_FLEX_IN_OUT_SIGNAL1 M13,1771291855.7403445,0x18FF00F7,1,3 state
STATUS_ BIT_FLEX_IN_OUT_SIGNAL2 M13,1771291855.7403445,0x18FF00F7,1,3 state
ERROR CODE  M13,1771291855.7403445,0x18FF00F7,1,0 state
ACT_DCBUSVOLTAGE M13,1771291855.7403445,0x18FF00F7,1,1.25 V
ACT_DCBUSPOWER M13,1771291855.7403445,0x18FF00F7,1,0.00 kw
ACT_DEVICETEMPERATURE M13,1771291855.7403445,0x18FF00F7,1,27.00 °C
ACT_INVERTERSTATUS A13,1771291855.7453678,0x18FF01F7,1,0 state
ACT_INVERTERREADY A13,1771291855.7453678,0x18FF01F7,1,0 state
ACT_ERRORSTATUS A13,1771291855.7453678,0x18FF01F7,1,0 state
ACT_SPEED A13,1771291855.7453678,0x18FF01F7,1,0.00 rpm
ACT_TORQUE A13,1771291855.7453678,0x18FF01F7,1,0.00 Nm
ACT_POWER A13,1771291855.7453678,0x18FF01F7,1,0.00 kw
ACT_MOTORTEMPERATURE A13,1771291855.7453678,0x18FF01F7,1,27.00 °C
ACT_INVERTERSTATUS B13,1771291855.7504811,0x18FF02F7,1,0 state
ACT_INVERTERREADY B13,1771291855.7504811,0x18FF02F7,1,0 state
ACT_ERRORSTATUS B13,1771291855.7504811,0x18FF02F7,1,0 state
ACT_SPEED B13,1771291855.7504811,0x18FF02F7,1,0.00 rpm
ACT_TORQUE B13,1771291855.7504811,0x18FF02F7,1,0.00 Nm
ACT_POWER B13,1771291855.7504811,0x18FF02F7,1,0.00 kw
ACT_MOTORTEMPERATURE B13,1771291855.7504811,0x18FF02F7,1,28.00 °C
DEVICESTATE M13,1771291855.8402686,0x18FF00F7,1,0 state
ERRORLAMP M13,1771291855.8402686,0x18FF00F7,1,0 state
DEVICENUMBER M13,1771291855.8402686,0x18FF00F7,1,14 state
CLAMP15_STATUS M13,1771291855.8402686,0x18FF00F7,1,1 state
PRECHARGED M13,1771291855.8402686,0x18FF00F7,1,1 state
STATUS_ BIT_FLEX_IN_OUT_SIGNAL1 M13,1771291855.8402686,0x18FF00F7,1,3 state
STATUS_ BIT_FLEX_IN_OUT_SIGNAL2 M13,1771291855.8402686,0x18FF00F7,1,3 state
ERROR CODE  M13,1771291855.8402686,0x18FF00F7,1,0 state
ACT_DCBUSVOLTAGE M13,1771291855.8402686,0x18FF00F7,1,1.25 V
ACT_DCBUSPOWER M13,1771291855.8402686,0x18FF00F7,1,0.00 kw
ACT_DEVICETEMPERATURE M13,1771291855.8402686,0x18FF00F7,1,27.00 °C
ACT_INVERTERSTATUS A13,1771291855.8453462,0x18FF01F7,1,0 state
ACT_INVERTERREADY A13,1771291855.8453462,0x18FF01F7,1,0 state
ACT_ERRORSTATUS A13,1771291855.8453462,0x18FF01F7,1,0 state
ACT_SPEED A13,1771291855.8453462,0x18FF01F7,1,0.00 rpm
ACT_TORQUE A13,1771291855.8453462,0x18FF01F7,1,0.00 Nm
ACT_POWER A13,1771291855.8453462,0x18FF01F7,1,0.00 kw
ACT_MOTORTEMPERATURE A13,1771291855.8453462,0x18FF01F7,1,27.00 °C
ACT_INVERTERSTATUS B13,1771291855.8503516,0x18FF02F7,1,0 state
ACT_INVERTERREADY B13,1771291855.8503516,0x18FF02F7,1,0 state
ACT_ERRORSTATUS B13,1771291855.8503516,0x18FF02F7,1,0 state
ACT_SPEED B13,1771291855.8503516,0x18FF02F7,1,0.00 rpm
ACT_TORQUE B13,1771291855.8503516,0x18FF02F7,1,0.00 Nm
ACT_POWER B13,1771291855.8503516,0x18FF02F7,1,0.00 kw
ACT_MOTORTEMPERATURE B13,1771291855.8503516,0x18FF02F7,1,28.00 °C
DEVICESTATE M13,1771291855.940469,0x18FF00F7,1,0 state
ERRORLAMP M13,1771291855.940469,0x18FF00F7,1,0 state
DEVICENUMBER M13,1771291855.940469,0x18FF00F7,1,14 state
CLAMP15_STATUS M13,1771291855.940469,0x18FF00F7,1,1 state
PRECHARGED M13,1771291855.940469,0x18FF00F7,1,1 state
STATUS_ BIT_FLEX_IN_OUT_SIGNAL1 M13,1771291855.940469,0x18FF00F7,1,3 state
STATUS_ BIT_FLEX_IN_OUT_SIGNAL2 M13,1771291855.940469,0x18FF00F7,1,3 state
ERROR CODE  M13,1771291855.940469,0x18FF00F7,1,0 state
ACT_DCBUSVOLTAGE M13,1771291855.940469,0x18FF00F7,1,1.25 V
ACT_DCBUSPOWER M13,1771291855.940469,0x18FF00F7,1,0.00 kw
ACT_DEVICETEMPERATURE M13,1771291855.940469,0x18FF00F7,1,27.00 °C
ACT_INVERTERSTATUS A13,1771291855.9456928,0x18FF01F7,1,0 state
ACT_INVERTERREADY A13,1771291855.9456928,0x18FF01F7,1,0 state
ACT_ERRORSTATUS A13,1771291855.9456928,0x18FF01F7,1,0 state
ACT_SPEED A13,1771291855.9456928,0x18FF01F7,1,0.00 rpm
ACT_TORQUE A13,1771291855.9456928,0x18FF01F7,1,0.00 Nm
ACT_POWER A13,1771291855.9456928,0x18FF01F7,1,0.00 kw
ACT_MOTORTEMPERATURE A13,1771291855.9456928,0x18FF01F7,1,27.00 °C
ACT_INVERTERSTATUS B13,1771291855.9504247,0x18FF02F7,1,0 state
ACT_INVERTERREADY B13,1771291855.9504247,0x18FF02F7,1,0 state
ACT_ERRORSTATUS B13,1771291855.9504247,0x18FF02F7,1,0 state
ACT_SPEED B13,1771291855.9504247,0x18FF02F7,1,0.00 rpm
ACT_TORQUE B13,1771291855.9504247,0x18FF02F7,1,0.00 Nm
ACT_POWER B13,1771291855.9504247,0x18FF02F7,1,0.00 kw
ACT_MOTORTEMPERATURE B13,1771291855.9504247,0x18FF02F7,1,28.00 °C
DEVICESTATE M13,1771291856.0403967,0x18FF00F7,1,0 state
ERRORLAMP M13,1771291856.0403967,0x18FF00F7,1,0 state
DEVICENUMBER M13,1771291856.0403967,0x18FF00F7,1,14 state
CLAMP15_STATUS M13,1771291856.0403967,0x18FF00F7,1,1 state
PRECHARGED M13,1771291856.0403967,0x18FF00F7,1,1 state
STATUS_ BIT_FLEX_IN_OUT_SIGNAL1 M13,1771291856.0403967,0x18FF00F7,1,3 state
STATUS_ BIT_FLEX_IN_OUT_SIGNAL2 M13,1771291856.0403967,0x18FF00F7,1,3 state
ERROR CODE  M13,1771291856.0403967,0x18FF00F7,1,0 state
ACT_DCBUSVOLTAGE M13,1771291856.0403967,0x18FF00F7,1,1.25 V
ACT_DCBUSPOWER M13,1771291856.0403967,0x18FF00F7,1,0.00 kw
ACT_DEVICETEMPERATURE M13,1771291856.0403967,0x18FF00F7,1,27.00 °C
