names,timestamp,id_can,prioridade,dado
UNDER_VOLTAGE,946688487.4566213,0x19B50007,1,FALSE logic
OVER_VOLTAGE,946688487.4566213,0x19B50007,1,FALSE logic
DISCHARGE_OVER_CURRENT,946688487.4566213,0x19B50007,1,FALSE logic
CHARGE_OVER_CURRENT,946688487.4566213,0x19B50007,1,FALSE logic
CELL_MODULE_OVERHEAT,946688487.4566213,0x19B50007,1,FALSE logic
LEAKAGE,946688487.4566213,0x19B50007,1,FALSE logic
NO_CELL_COMMUNICATION,946688487.4566213,0x19B50007,1,FALSE logic
LOW_VOLTAGE_W,946688487.4566213,0x19B50007,1,FALSE logic
HIGH_CURRENT_W,946688487.4566213,0x19B50007,1,FALSE logic
HIGH_TEMPERATURE_W,946688487.4566213,0x19B50007,1,FALSE logic
CELL_OVERHEAT,946688487.4566213,0x19B50007,1,FALSE logic
NO_CURRENT_SENSOR,946688487.4566213,0x19B50007,1,FALSE logic
PACK_UNDER_VOLTAGE,946688487.4566213,0x19B50007,1,FALSE logic
VALIDITY,946688487.4566213,0x19B50007,1,39 state
APPS_RANGE_ERROR,946688487.5389458,0x18FF1515,1,"FALSE 0 no Error, 1 Error"
SAFETY_OK,946688487.5389458,0x18FF1515,1,"FALSE 0 no Error, 1 Error"
BRAKE,946688487.5389458,0x18FF1515,1,"0 1 noBrake, 2 Brake"
VCU_STATE,946688487.5389458,0x18FF1515,1,0
APS_PERC,946688487.5389458,0x18FF1515,1,"2.56 porcentagem pedal, precisão de 2 casas decimais"
APPS_RANGE_ERROR,946688487.6389469,0x18FF1515,1,"FALSE 0 no Error, 1 Error"
SAFETY_OK,946688487.6389469,0x18FF1515,1,"FALSE 0 no Error, 1 Error"
BRAKE,946688487.6389469,0x18FF1515,1,"0 1 noBrake, 2 Brake"
VCU_STATE,946688487.6389469,0x18FF1515,1,0
APS_PERC,946688487.6389469,0x18FF1515,1,"2.56 porcentagem pedal, precisão de 2 casas decimais"
UNDER_VOLTAGE,946688487.6505171,0x19B50007,1,FALSE logic
OVER_VOLTAGE,946688487.6505171,0x19B50007,1,FALSE logic
DISCHARGE_OVER_CURRENT,946688487.6505171,0x19B50007,1,FALSE logic
CHARGE_OVER_CURRENT,946688487.6505171,0x19B50007,1,FALSE logic
CELL_MODULE_OVERHEAT,946688487.6505171,0x19B50007,1,FALSE logic
LEAKAGE,946688487.6505171,0x19B50007,1,FALSE logic
NO_CELL_COMMUNICATION,946688487.6505171,0x19B50007,1,FALSE logic
LOW_VOLTAGE_W,946688487.6505171,0x19B50007,1,FALSE logic
HIGH_CURRENT_W,946688487.6505171,0x19B50007,1,FALSE logic
HIGH_TEMPERATURE_W,946688487.6505171,0x19B50007,1,FALSE logic
CELL_OVERHEAT,946688487.6505171,0x19B50007,1,FALSE logic
NO_CURRENT_SENSOR,946688487.6505171,0x19B50007,1,FALSE logic
PACK_UNDER_VOLTAGE,946688487.6505171,0x19B50007,1,FALSE logic
VALIDITY,946688487.6505171,0x19B50007,1,39 state
APPS_RANGE_ERROR,946688487.7389396,0x18FF1515,1,"FALSE 0 no Error, 1 Error"
SAFETY_OK,946688487.7389396,0x18FF1515,1,"FALSE 0 no Error, 1 Error"
BRAKE,946688487.7389396,0x18FF1515,1,"0 1 noBrake, 2 Brake"
VCU_STATE,946688487.7389396,0x18FF1515,1,0
APS_PERC,946688487.7389396,0x18FF1515,1,"2.56 porcentagem pedal, precisão de 2 casas decimais"
VCELL_0,946688487.8221115,0x19B50100,1,2.00 V
VCELL_0,946688487.8226181,0x19B50100,1,3.96 V
VCELL_1,946688487.8226181,0x19B50100,1,3.95 V
VCELL_2,946688487.8226181,0x19B50100,1,3.95 V
VCELL_3,946688487.8226181,0x19B50100,1,3.95 V
VCELL_4,946688487.8226181,0x19B50100,1,3.95 V
VCELL_5,946688487.8226181,0x19B50100,1,3.95 V
VCELL_6,946688487.8226181,0x19B50100,1,3.95 V
VCELL_7,946688487.8226181,0x19B50100,1,3.95 V
VCELL_8,946688487.8350039,0x19B50101,1,3.95 V
VCELL_9,946688487.8350039,0x19B50101,1,3.95 V
VCELL_10,946688487.8350039,0x19B50101,1,3.95 V
VCELL_11,946688487.8350039,0x19B50101,1,3.95 V
VCELL_12,946688487.8350039,0x19B50101,1,3.95 V
VCELL_13,946688487.8350039,0x19B50101,1,3.95 V
VCELL_14,946688487.8350039,0x19B50101,1,3.95 V
VCELL_15,946688487.8350039,0x19B50101,1,3.95 V
APPS_RANGE_ERROR,946688487.8389374,0x18FF1515,1,"FALSE 0 no Error, 1 Error"
SAFETY_OK,946688487.8389374,0x18FF1515,1,"FALSE 0 no Error, 1 Error"
BRAKE,946688487.8389374,0x18FF1515,1,"0 1 noBrake, 2 Brake"
VCU_STATE,946688487.8389374,0x18FF1515,1,0
APS_PERC,946688487.8389374,0x18FF1515,1,"2.56 porcentagem pedal, precisão de 2 casas decimais"
VCELL_16,946688487.8477697,0x19B50102,1,3.95 V
VCELL_17,946688487.8477697,0x19B50102,1,3.95 V
VCELL_18,946688487.8477697,0x19B50102,1,3.95 V
VCELL_19,946688487.8477697,0x19B50102,1,3.95 V
VCELL_20,946688487.8477697,0x19B50102,1,3.95 V
VCELL_21,946688487.8477697,0x19B50102,1,3.97 V
VCELL_22,946688487.8477697,0x19B50102,1,3.95 V
VCELL_23,946688487.8477697,0x19B50102,1,3.95 V
UNDER_VOLTAGE,946688487.8573695,0x19B50007,1,FALSE logic
OVER_VOLTAGE,946688487.8573695,0x19B50007,1,FALSE logic
DISCHARGE_OVER_CURRENT,946688487.8573695,0x19B50007,1,FALSE logic
CHARGE_OVER_CURRENT,946688487.8573695,0x19B50007,1,FALSE logic
CELL_MODULE_OVERHEAT,946688487.8573695,0x19B50007,1,FALSE logic
LEAKAGE,946688487.8573695,0x19B50007,1,FALSE logic
NO_CELL_COMMUNICATION,946688487.8573695,0x19B50007,1,FALSE logic
LOW_VOLTAGE_W,946688487.8573695,0x19B50007,1,FALSE logic
HIGH_CURRENT_W,946688487.8573695,0x19B50007,1,FALSE logic
HIGH_TEMPERATURE_W,946688487.8573695,0x19B50007,1,FALSE logic
CELL_OVERHEAT,946688487.8573695,0x19B50007,1,FALSE logic
NO_CURRENT_SENSOR,946688487.8573695,0x19B50007,1,FALSE logic
PACK_UNDER_VOLTAGE,946688487.8573695,0x19B50007,1,FALSE logic
VALIDITY,946688487.8573695,0x19B50007,1,39 state
VCELL_24,946688487.8726745,0x19B50103,1,3.95 V
VCELL_25,946688487.8726745,0x19B50103,1,3.96 V
VCELL_26,946688487.8726745,0x19B50103,1,3.95 V
VCELL_27,946688487.8726745,0x19B50103,1,3.95 V
VCELL_28,946688487.8726745,0x19B50103,1,3.97 V
VCELL_29,946688487.8726745,0x19B50103,1,3.95 V
VCELL_30,946688487.8726745,0x19B50103,1,3.95 V
VCELL_31,946688487.8726745,0x19B50103,1,3.95 V
VCELL_32,946688487.9222379,0x19B50104,1,3.94 V
VCELL_33,946688487.9222379,0x19B50104,1,3.95 V
VCELL_34,946688487.9222379,0x19B50104,1,3.95 V
VCELL_35,946688487.9222379,0x19B50104,1,3.95 V
VCELL_36,946688487.9222379,0x19B50104,1,3.95 V
VCELL_37,946688487.9222379,0x19B50104,1,3.95 V
VCELL_38,946688487.9222379,0x19B50104,1,3.95 V
VCELL_39,946688487.9222379,0x19B50104,1,3.95 V
VCELL_40,946688487.936965,0x19B50105,1,3.95 V
VCELL_41,946688487.936965,0x19B50105,1,3.95 V
VCELL_42,946688487.936965,0x19B50105,1,3.95 V
VCELL_43,946688487.936965,0x19B50105,1,3.95 V
VCELL_44,946688487.936965,0x19B50105,1,3.95 V
VCELL_45,946688487.936965,0x19B50105,1,3.95 V
VCELL_46,946688487.936965,0x19B50105,1,3.95 V
VCELL_47,946688487.936965,0x19B50105,1,3.95 V
APPS_RANGE_ERROR,946688487.9389367,0x18FF1515,1,"FALSE 0 no Error, 1 Error"
SAFETY_OK,946688487.9389367,0x18FF1515,1,"FALSE 0 no Error, 1 Error"
BRAKE,946688487.9389367,0x18FF1515,1,"0 1 noBrake, 2 Brake"
VCU_STATE,946688487.9389367,0x18FF1515,1,0
APS_PERC,946688487.9389367,0x18FF1515,1,"2.56 porcentagem pedal, precisão de 2 casas decimais"
VCELL_48,946688487.9508823,0x19B50106,1,3.95 V
VCELL_49,946688487.9508823,0x19B50106,1,3.95 V
VCELL_50,946688487.9508823,0x19B50106,1,3.95 V
VCELL_51,946688487.9508823,0x19B50106,1,3.95 V
VCELL_52,946688487.9508823,0x19B50106,1,3.95 V
VCELL_53,946688487.9508823,0x19B50106,1,3.95 V
VCELL_54,946688487.9508823,0x19B50106,1,3.95 V
VCELL_55,946688487.9508823,0x19B50106,1,3.95 V
VCELL_56,946688487.9634583,0x19B50107,1,3.95 V
VCELL_57,946688487.9634583,0x19B50107,1,3.95 V
VCELL_58,946688487.9634583,0x19B50107,1,3.95 V
VCELL_59,946688487.9634583,0x19B50107,1,3.95 V
VCELL_60,946688487.9634583,0x19B50107,1,3.95 V
VCELL_61,946688487.9634583,0x19B50107,1,3.95 V
VCELL_62,946688487.9634583,0x19B50107,1,3.95 V
VCELL_63,946688487.9634583,0x19B50107,1,3.95 V
VCELL_64,946688487.9757704,0x19B50108,1,3.92 V
VCELL_65,946688487.9757704,0x19B50108,1,3.94 V
VCELL_66,946688487.9757704,0x19B50108,1,3.95 V
VCELL_67,946688487.9757704,0x19B50108,1,3.95 V
VCELL_68,946688487.9757704,0x19B50108,1,3.96 V
VCELL_69,946688487.9757704,0x19B50108,1,3.96 V
VCELL_70,946688487.9757704,0x19B50108,1,3.94 V
VCELL_71,946688487.9757704,0x19B50108,1,3.95 V
VCELL_72,946688487.9991486,0x19B50109,1,3.97 V
VCELL_73,946688487.9991486,0x19B50109,1,3.95 V
VCELL_74,946688487.9991486,0x19B50109,1,3.95 V
VCELL_75,946688487.9991486,0x19B50109,1,3.96 V
VCELL_76,946688487.9991486,0x19B50109,1,3.94 V
VCELL_77,946688487.9991486,0x19B50109,1,3.95 V
VCELL_78,946688487.9991486,0x19B50109,1,3.95 V
VCELL_79,946688487.9991486,0x19B50109,1,3.95 V
VCELL_80,946688488.0117664,0x19B5010A,1,3.95 V
VCELL_81,946688488.0117664,0x19B5010A,1,3.95 V
VCELL_82,946688488.0117664,0x19B5010A,1,3.95 V
VCELL_83,946688488.0117664,0x19B5010A,1,3.95 V
VCELL_84,946688488.0117664,0x19B5010A,1,3.95 V
VCELL_85,946688488.0117664,0x19B5010A,1,3.95 V
VCELL_86,946688488.0117664,0x19B5010A,1,3.95 V
VCELL_87,946688488.0117664,0x19B5010A,1,3.95 V
APPS_RANGE_ERROR,946688488.0389385,0x18FF1515,1,"FALSE 0 no Error, 1 Error"
SAFETY_OK,946688488.0389385,0x18FF1515,1,"FALSE 0 no Error, 1 Error"
BRAKE,946688488.0389385,0x18FF1515,1,"0 1 noBrake, 2 Brake"
VCU_STATE,946688488.0389385,0x18FF1515,1,0
APS_PERC,946688488.0389385,0x18FF1515,1,"2.56 porcentagem pedal, precisão de 2 casas decimais"
UNDER_VOLTAGE,946688488.0479054,0x19B50007,1,FALSE logic
OVER_VOLTAGE,946688488.0479054,0x19B50007,1,FALSE logic
DISCHARGE_OVER_CURRENT,946688488.0479054,0x19B50007,1,FALSE logic
CHARGE_OVER_CURRENT,946688488.0479054,0x19B50007,1,FALSE logic
CELL_MODULE_OVERHEAT,946688488.0479054,0x19B50007,1,FALSE logic
LEAKAGE,946688488.0479054,0x19B50007,1,FALSE logic
NO_CELL_COMMUNICATION,946688488.0479054,0x19B50007,1,FALSE logic
LOW_VOLTAGE_W,946688488.0479054,0x19B50007,1,FALSE logic
HIGH_CURRENT_W,946688488.0479054,0x19B50007,1,FALSE logic
HIGH_TEMPERATURE_W,946688488.0479054,0x19B50007,1,FALSE logic
CELL_OVERHEAT,946688488.0479054,0x19B50007,1,FALSE logic
NO_CURRENT_SENSOR,946688488.0479054,0x19B50007,1,FALSE logic
PACK_UNDER_VOLTAGE,946688488.0479054,0x19B50007,1,FALSE logic
VALIDITY,946688488.0479054,0x19B50007,1,39 state
APPS_RANGE_ERROR,946688488.1389353,0x18FF1515,1,"FALSE 0 no Error, 1 Error"
SAFETY_OK,946688488.1389353,0x18FF1515,1,"FALSE 0 no Error, 1 Error"
BRAKE,946688488.1389353,0x18FF1515,1,"0 1 noBrake, 2 Brake"
VCU_STATE,946688488.1389353,0x18FF1515,1,0
APS_PERC,946688488.1389353,0x18FF1515,1,"2.56 porcentagem pedal, precisão de 2 casas decimais"
APPS_RANGE_ERROR,946688488.238944,0x18FF1515,1,"FALSE 0 no Error, 1 Error"
SAFETY_OK,946688488.238944,0x18FF1515,1,"FALSE 0 no Error, 1 Error"
BRAKE,946688488.238944,0x18FF1515,1,"0 1 noBrake, 2 Brake"
VCU_STATE,946688488.238944,0x18FF1515,1,0
APS_PERC,946688488.238944,0x18FF1515,1,"2.56 porcentagem pedal, precisão de 2 casas decimais"
UNDER_VOLTAGE,946688488.2564604,0x19B50007,1,FALSE logic
OVER_VOLTAGE,946688488.2564604,0x19B50007,1,FALSE logic
DISCHARGE_OVER_CURRENT,946688488.2564604,0x19B50007,1,FALSE logic
CHARGE_OVER_CURRENT,946688488.2564604,0x19B50007,1,FALSE logic
CELL_MODULE_OVERHEAT,946688488.2564604,0x19B50007,1,FALSE logic
LEAKAGE,946688488.2564604,0x19B50007,1,FALSE logic
NO_CELL_COMMUNICATION,946688488.2564604,0x19B50007,1,FALSE logic
LOW_VOLTAGE_W,946688488.2564604,0x19B50007,1,FALSE logic
HIGH_CURRENT_W,946688488.2564604,0x19B50007,1,FALSE logic
HIGH_TEMPERATURE_W,946688488.2564604,0x19B50007,1,FALSE logic
CELL_OVERHEAT,946688488.2564604,0x19B50007,1,FALSE logic
NO_CURRENT_SENSOR,946688488.2564604,0x19B50007,1,FALSE logic
PACK_UNDER_VOLTAGE,946688488.2564604,0x19B50007,1,FALSE logic
VALIDITY,946688488.2564604,0x19B50007,1,39 state
VCELL_88,946688488.2803836,0x19B5010B,1,3.95 V
VCELL_89,946688488.2803836,0x19B5010B,1,3.95 V
VCELL_90,946688488.2803836,0x19B5010B,1,3.95 V
VCELL_91,946688488.2803836,0x19B5010B,1,3.98 V
VCELL_92,946688488.2803836,0x19B5010B,1,3.97 V
VCELL_93,946688488.2803836,0x19B5010B,1,3.95 V
VCELL_94,946688488.2803836,0x19B5010B,1,3.95 V
VCELL_95,946688488.2803836,0x19B5010B,1,3.95 V
APPS_RANGE_ERROR,946688488.3389429,0x18FF1515,1,"FALSE 0 no Error, 1 Error"
SAFETY_OK,946688488.3389429,0x18FF1515,1,"FALSE 0 no Error, 1 Error"
BRAKE,946688488.3389429,0x18FF1515,1,"0 1 noBrake, 2 Brake"
VCU_STATE,946688488.3389429,0x18FF1515,1,0
APS_PERC,946688488.3389429,0x18FF1515,1,"2.56 porcentagem pedal, precisão de 2 casas decimais"
APPS_RANGE_ERROR,946688488.4389331,0x18FF1515,1,"FALSE 0 no Error, 1 Error"
SAFETY_OK,946688488.4389331,0x18FF1515,1,"FALSE 0 no Error, 1 Error"
BRAKE,946688488.4389331,0x18FF1515,1,"0 1 noBrake, 2 Brake"
VCU_STATE,946688488.4389331,0x18FF1515,1,0
APS_PERC,946688488.4389331,0x18FF1515,1,"2.56 porcentagem pedal, precisão de 2 casas decimais"
UNDER_VOLTAGE,946688488.4491875,0x19B50007,1,FALSE logic
OVER_VOLTAGE,946688488.4491875,0x19B50007,1,FALSE logic
DISCHARGE_OVER_CURRENT,946688488.4491875,0x19B50007,1,FALSE logic
CHARGE_OVER_CURRENT,946688488.4491875,0x19B50007,1,FALSE logic
CELL_MODULE_OVERHEAT,946688488.4491875,0x19B50007,1,FALSE logic
LEAKAGE,946688488.4491875,0x19B50007,1,FALSE logic
NO_CELL_COMMUNICATION,946688488.4491875,0x19B50007,1,FALSE logic
LOW_VOLTAGE_W,946688488.4491875,0x19B50007,1,FALSE logic
HIGH_CURRENT_W,946688488.4491875,0x19B50007,1,FALSE logic
HIGH_TEMPERATURE_W,946688488.4491875,0x19B50007,1,FALSE logic
CELL_OVERHEAT,946688488.4491875,0x19B50007,1,FALSE logic
NO_CURRENT_SENSOR,946688488.4491875,0x19B50007,1,FALSE logic
PACK_UNDER_VOLTAGE,946688488.4491875,0x19B50007,1,FALSE logic
VALIDITY,946688488.4491875,0x19B50007,1,39 state
APPS_RANGE_ERROR,946688488.5389673,0x18FF1515,1,"FALSE 0 no Error, 1 Error"
SAFETY_OK,946688488.5389673,0x18FF1515,1,"FALSE 0 no Error, 1 Error"
BRAKE,946688488.5389673,0x18FF1515,1,"0 1 noBrake, 2 Brake"
VCU_STATE,946688488.5389673,0x18FF1515,1,0
APS_PERC,946688488.5389673,0x18FF1515,1,"2.56 porcentagem pedal, precisão de 2 casas decimais"
APPS_RANGE_ERROR,946688488.6389313,0x18FF1515,1,"FALSE 0 no Error, 1 Error"
SAFETY_OK,946688488.6389313,0x18FF1515,1,"FALSE 0 no Error, 1 Error"
BRAKE,946688488.6389313,0x18FF1515,1,"0 1 noBrake, 2 Brake"
VCU_STATE,946688488.6389313,0x18FF1515,1,0
APS_PERC,946688488.6389313,0x18FF1515,1,"2.56 porcentagem pedal, precisão de 2 casas decimais"
UNDER_VOLTAGE,946688488.6480304,0x19B50007,1,FALSE logic
OVER_VOLTAGE,946688488.6480304,0x19B50007,1,FALSE logic
DISCHARGE_OVER_CURRENT,946688488.6480304,0x19B50007,1,FALSE logic
CHARGE_OVER_CURRENT,946688488.6480304,0x19B50007,1,FALSE logic
CELL_MODULE_OVERHEAT,946688488.6480304,0x19B50007,1,FALSE logic
LEAKAGE,946688488.6480304,0x19B50007,1,FALSE logic
NO_CELL_COMMUNICATION,946688488.6480304,0x19B50007,1,FALSE logic
LOW_VOLTAGE_W,946688488.6480304,0x19B50007,1,FALSE logic
HIGH_CURRENT_W,946688488.6480304,0x19B50007,1,FALSE logic
HIGH_TEMPERATURE_W,946688488.6480304,0x19B50007,1,FALSE logic
CELL_OVERHEAT,946688488.6480304,0x19B50007,1,FALSE logic
NO_CURRENT_SENSOR,946688488.6480304,0x19B50007,1,FALSE logic
PACK_UNDER_VOLTAGE,946688488.6480304,0x19B50007,1,FALSE logic
VALIDITY,946688488.6480304,0x19B50007,1,39 state
APPS_RANGE_ERROR,946688488.7389307,0x18FF1515,1,"FALSE 0 no Error, 1 Error"
SAFETY_OK,946688488.7389307,0x18FF1515,1,"FALSE 0 no Error, 1 Error"
BRAKE,946688488.7389307,0x18FF1515,1,"0 1 noBrake, 2 Brake"
VCU_STATE,946688488.7389307,0x18FF1515,1,0
APS_PERC,946688488.7389307,0x18FF1515,1,"2.56 porcentagem pedal, precisão de 2 casas decimais"
APPS_RANGE_ERROR,946688488.8389302,0x18FF1515,1,"FALSE 0 no Error, 1 Error"
SAFETY_OK,946688488.8389302,0x18FF1515,1,"FALSE 0 no Error, 1 Error"
BRAKE,946688488.8389302,0x18FF1515,1,"0 1 noBrake, 2 Brake"
VCU_STATE,946688488.8389302,0x18FF1515,1,0
APS_PERC,946688488.8389302,0x18FF1515,1,"2.56 porcentagem pedal, precisão de 2 casas decimais"
UNDER_VOLTAGE,946688488.857552,0x19B50007,1,FALSE logic
OVER_VOLTAGE,946688488.857552,0x19B50007,1,FALSE logic
DISCHARGE_OVER_CURRENT,946688488.857552,0x19B50007,1,FALSE logic
CHARGE_OVER_CURRENT,946688488.857552,0x19B50007,1,FALSE logic
CELL_MODULE_OVERHEAT,946688488.857552,0x19B50007,1,FALSE logic
LEAKAGE,946688488.857552,0x19B50007,1,FALSE logic
NO_CELL_COMMUNICATION,946688488.857552,0x19B50007,1,FALSE logic
LOW_VOLTAGE_W,946688488.857552,0x19B50007,1,FALSE logic
HIGH_CURRENT_W,946688488.857552,0x19B50007,1,FALSE logic
HIGH_TEMPERATURE_W,946688488.857552,0x19B50007,1,FALSE logic
CELL_OVERHEAT,946688488.857552,0x19B50007,1,FALSE logic
NO_CURRENT_SENSOR,946688488.857552,0x19B50007,1,FALSE logic
PACK_UNDER_VOLTAGE,946688488.857552,0x19B50007,1,FALSE logic
VALIDITY,946688488.857552,0x19B50007,1,39 state
APPS_RANGE_ERROR,946688488.9389364,0x18FF1515,1,"FALSE 0 no Error, 1 Error"
SAFETY_OK,946688488.9389364,0x18FF1515,1,"FALSE 0 no Error, 1 Error"
BRAKE,946688488.9389364,0x18FF1515,1,"0 1 noBrake, 2 Brake"
VCU_STATE,946688488.9389364,0x18FF1515,1,0
APS_PERC,946688488.9389364,0x18FF1515,1,"2.56 porcentagem pedal, precisão de 2 casas decimais"
APPS_RANGE_ERROR,946688489.0399367,0x18FF1515,1,"FALSE 0 no Error, 1 Error"
SAFETY_OK,946688489.0399367,0x18FF1515,1,"FALSE 0 no Error, 1 Error"
BRAKE,946688489.0399367,0x18FF1515,1,"0 1 noBrake, 2 Brake"
VCU_STATE,946688489.0399367,0x18FF1515,1,0
APS_PERC,946688489.0399367,0x18FF1515,1,"2.56 porcentagem pedal, precisão de 2 casas decimais"
UNDER_VOLTAGE,946688489.0495776,0x19B50007,1,FALSE logic
OVER_VOLTAGE,946688489.0495776,0x19B50007,1,FALSE logic
DISCHARGE_OVER_CURRENT,946688489.0495776,0x19B50007,1,FALSE logic
CHARGE_OVER_CURRENT,946688489.0495776,0x19B50007,1,FALSE logic
CELL_MODULE_OVERHEAT,946688489.0495776,0x19B50007,1,FALSE logic
LEAKAGE,946688489.0495776,0x19B50007,1,FALSE logic
NO_CELL_COMMUNICATION,946688489.0495776,0x19B50007,1,FALSE logic
LOW_VOLTAGE_W,946688489.0495776,0x19B50007,1,FALSE logic
HIGH_CURRENT_W,946688489.0495776,0x19B50007,1,FALSE logic
HIGH_TEMPERATURE_W,946688489.0495776,0x19B50007,1,FALSE logic
CELL_OVERHEAT,946688489.0495776,0x19B50007,1,FALSE logic
NO_CURRENT_SENSOR,946688489.0495776,0x19B50007,1,FALSE logic
PACK_UNDER_VOLTAGE,946688489.0495776,0x19B50007,1,FALSE logic
VALIDITY,946688489.0495776,0x19B50007,1,39 state
APPS_RANGE_ERROR,946688489.1389257,0x18FF1515,1,"FALSE 0 no Error, 1 Error"
SAFETY_OK,946688489.1389257,0x18FF1515,1,"FALSE 0 no Error, 1 Error"
BRAKE,946688489.1389257,0x18FF1515,1,"0 1 noBrake, 2 Brake"
VCU_STATE,946688489.1389257,0x18FF1515,1,0
APS_PERC,946688489.1389257,0x18FF1515,1,"2.56 porcentagem pedal, precisão de 2 casas decimais"
APPS_RANGE_ERROR,946688489.2389324,0x18FF1515,1,"FALSE 0 no Error, 1 Error"
SAFETY_OK,946688489.2389324,0x18FF1515,1,"FALSE 0 no Error, 1 Error"
BRAKE,946688489.2389324,0x18FF1515,1,"0 1 noBrake, 2 Brake"
VCU_STATE,946688489.2389324,0x18FF1515,1,0
APS_PERC,946688489.2389324,0x18FF1515,1,"2.56 porcentagem pedal, precisão de 2 casas decimais"
UNDER_VOLTAGE,946688489.248808,0x19B50007,1,FALSE logic
OVER_VOLTAGE,946688489.248808,0x19B50007,1,FALSE logic
DISCHARGE_OVER_CURRENT,946688489.248808,0x19B50007,1,FALSE logic
CHARGE_OVER_CURRENT,946688489.248808,0x19B50007,1,FALSE logic
CELL_MODULE_OVERHEAT,946688489.248808,0x19B50007,1,FALSE logic
LEAKAGE,946688489.248808,0x19B50007,1,FALSE logic
NO_CELL_COMMUNICATION,946688489.248808,0x19B50007,1,FALSE logic
LOW_VOLTAGE_W,946688489.248808,0x19B50007,1,FALSE logic
HIGH_CURRENT_W,946688489.248808,0x19B50007,1,FALSE logic
HIGH_TEMPERATURE_W,946688489.248808,0x19B50007,1,FALSE logic
CELL_OVERHEAT,946688489.248808,0x19B50007,1,FALSE logic
NO_CURRENT_SENSOR,946688489.248808,0x19B50007,1,FALSE logic
PACK_UNDER_VOLTAGE,946688489.248808,0x19B50007,1,FALSE logic
VALIDITY,946688489.248808,0x19B50007,1,39 state
APPS_RANGE_ERROR,946688489.3389227,0x18FF1515,1,"FALSE 0 no Error, 1 Error"
SAFETY_OK,946688489.3389227,0x18FF1515,1,"FALSE 0 no Error, 1 Error"
BRAKE,946688489.3389227,0x18FF1515,1,"0 1 noBrake, 2 Brake"
VCU_STATE,946688489.3389227,0x18FF1515,1,0
APS_PERC,946688489.3389227,0x18FF1515,1,"2.56 porcentagem pedal, precisão de 2 casas decimais"
APPS_RANGE_ERROR,946688489.4389222,0x18FF1515,1,"FALSE 0 no Error, 1 Error"
SAFETY_OK,946688489.4389222,0x18FF1515,1,"FALSE 0 no Error, 1 Error"
BRAKE,946688489.4389222,0x18FF1515,1,"0 1 noBrake, 2 Brake"
VCU_STATE,946688489.4389222,0x18FF1515,1,0
APS_PERC,946688489.4389222,0x18FF1515,1,"2.56 porcentagem pedal, precisão de 2 casas decimais"
UNDER_VOLTAGE,946688489.4489275,0x19B50007,1,FALSE logic
OVER_VOLTAGE,946688489.4489275,0x19B50007,1,FALSE logic
DISCHARGE_OVER_CURRENT,946688489.4489275,0x19B50007,1,FALSE logic
CHARGE_OVER_CURRENT,946688489.4489275,0x19B50007,1,FALSE logic
CELL_MODULE_OVERHEAT,946688489.4489275,0x19B50007,1,FALSE logic
LEAKAGE,946688489.4489275,0x19B50007,1,FALSE logic
NO_CELL_COMMUNICATION,946688489.4489275,0x19B50007,1,FALSE logic
LOW_VOLTAGE_W,946688489.4489275,0x19B50007,1,FALSE logic
HIGH_CURRENT_W,946688489.4489275,0x19B50007,1,FALSE logic
HIGH_TEMPERATURE_W,946688489.4489275,0x19B50007,1,FALSE logic
CELL_OVERHEAT,946688489.4489275,0x19B50007,1,FALSE logic
NO_CURRENT_SENSOR,946688489.4489275,0x19B50007,1,FALSE logic
PACK_UNDER_VOLTAGE,946688489.4489275,0x19B50007,1,FALSE logic
VALIDITY,946688489.4489275,0x19B50007,1,39 state
APPS_RANGE_ERROR,946688489.5389248,0x18FF1515,1,"FALSE 0 no Error, 1 Error"
SAFETY_OK,946688489.5389248,0x18FF1515,1,"FALSE 0 no Error, 1 Error"
BRAKE,946688489.5389248,0x18FF1515,1,"0 1 noBrake, 2 Brake"
VCU_STATE,946688489.5389248,0x18FF1515,1,0
APS_PERC,946688489.5389248,0x18FF1515,1,"2.56 porcentagem pedal, precisão de 2 casas decimais"
APPS_RANGE_ERROR,946688489.6389267,0x18FF1515,1,"FALSE 0 no Error, 1 Error"
SAFETY_OK,946688489.6389267,0x18FF1515,1,"FALSE 0 no Error, 1 Error"
BRAKE,946688489.6389267,0x18FF1515,1,"0 1 noBrake, 2 Brake"
VCU_STATE,946688489.6389267,0x18FF1515,1,0
APS_PERC,946688489.6389267,0x18FF1515,1,"2.56 porcentagem pedal, precisão de 2 casas decimais"
UNDER_VOLTAGE,946688489.6533136,0x19B50007,1,FALSE logic
OVER_VOLTAGE,946688489.6533136,0x19B50007,1,FALSE logic
DISCHARGE_OVER_CURRENT,946688489.6533136,0x19B50007,1,FALSE logic
CHARGE_OVER_CURRENT,946688489.6533136,0x19B50007,1,FALSE logic
CELL_MODULE_OVERHEAT,946688489.6533136,0x19B50007,1,FALSE logic
LEAKAGE,946688489.6533136,0x19B50007,1,FALSE logic
NO_CELL_COMMUNICATION,946688489.6533136,0x19B50007,1,FALSE logic
LOW_VOLTAGE_W,946688489.6533136,0x19B50007,1,FALSE logic
HIGH_CURRENT_W,946688489.6533136,0x19B50007,1,FALSE logic
HIGH_TEMPERATURE_W,946688489.6533136,0x19B50007,1,FALSE logic
CELL_OVERHEAT,946688489.6533136,0x19B50007,1,FALSE logic
NO_CURRENT_SENSOR,946688489.6533136,0x19B50007,1,FALSE logic
PACK_UNDER_VOLTAGE,946688489.6533136,0x19B50007,1,FALSE logic
VALIDITY,946688489.6533136,0x19B50007,1,39 state
APPS_RANGE_ERROR,946688489.7389284,0x18FF1515,1,"FALSE 0 no Error, 1 Error"
SAFETY_OK,946688489.7389284,0x18FF1515,1,"FALSE 0 no Error, 1 Error"
BRAKE,946688489.7389284,0x18FF1515,1,"0 1 noBrake, 2 Brake"
VCU_STATE,946688489.7389284,0x18FF1515,1,0
APS_PERC,946688489.7389284,0x18FF1515,1,"2.56 porcentagem pedal, precisão de 2 casas decimais"
APPS_RANGE_ERROR,946688489.8389193,0x18FF1515,1,"FALSE 0 no Error, 1 Error"
SAFETY_OK,946688489.8389193,0x18FF1515,1,"FALSE 0 no Error, 1 Error"
BRAKE,946688489.8389193,0x18FF1515,1,"0 1 noBrake, 2 Brake"
VCU_STATE,946688489.8389193,0x18FF1515,1,0
APS_PERC,946688489.8389193,0x18FF1515,1,"2.56 porcentagem pedal, precisão de 2 casas decimais"
UNDER_VOLTAGE,946688489.8566612,0x19B50007,1,FALSE logic
OVER_VOLTAGE,946688489.8566612,0x19B50007,1,FALSE logic
DISCHARGE_OVER_CURRENT,946688489.8566612,0x19B50007,1,FALSE logic
CHARGE_OVER_CURRENT,946688489.8566612,0x19B50007,1,FALSE logic
CELL_MODULE_OVERHEAT,946688489.8566612,0x19B50007,1,FALSE logic
LEAKAGE,946688489.8566612,0x19B50007,1,FALSE logic
NO_CELL_COMMUNICATION,946688489.8566612,0x19B50007,1,FALSE logic
LOW_VOLTAGE_W,946688489.8566612,0x19B50007,1,FALSE logic
HIGH_CURRENT_W,946688489.8566612,0x19B50007,1,FALSE logic
HIGH_TEMPERATURE_W,946688489.8566612,0x19B50007,1,FALSE logic
CELL_OVERHEAT,946688489.8566612,0x19B50007,1,FALSE logic
NO_CURRENT_SENSOR,946688489.8566612,0x19B50007,1,FALSE logic
PACK_UNDER_VOLTAGE,946688489.8566612,0x19B50007,1,FALSE logic
VALIDITY,946688489.8566612,0x19B50007,1,39 state
APPS_RANGE_ERROR,946688489.9389243,0x18FF1515,1,"FALSE 0 no Error, 1 Error"
SAFETY_OK,946688489.9389243,0x18FF1515,1,"FALSE 0 no Error, 1 Error"
BRAKE,946688489.9389243,0x18FF1515,1,"0 1 noBrake, 2 Brake"
VCU_STATE,946688489.9389243,0x18FF1515,1,0
APS_PERC,946688489.9389243,0x18FF1515,1,"2.56 porcentagem pedal, precisão de 2 casas decimais"
APPS_RANGE_ERROR,946688490.0389835,0x18FF1515,1,"FALSE 0 no Error, 1 Error"
SAFETY_OK,946688490.0389835,0x18FF1515,1,"FALSE 0 no Error, 1 Error"
BRAKE,946688490.0389835,0x18FF1515,1,"0 1 noBrake, 2 Brake"
VCU_STATE,946688490.0389835,0x18FF1515,1,0
APS_PERC,946688490.0389835,0x18FF1515,1,"2.56 porcentagem pedal, precisão de 2 casas decimais"
UNDER_VOLTAGE,946688490.044863,0x19B50007,1,FALSE logic
OVER_VOLTAGE,946688490.044863,0x19B50007,1,FALSE logic
DISCHARGE_OVER_CURRENT,946688490.044863,0x19B50007,1,FALSE logic
CHARGE_OVER_CURRENT,946688490.044863,0x19B50007,1,FALSE logic
CELL_MODULE_OVERHEAT,946688490.044863,0x19B50007,1,FALSE logic
LEAKAGE,946688490.044863,0x19B50007,1,FALSE logic
NO_CELL_COMMUNICATION,946688490.044863,0x19B50007,1,FALSE logic
LOW_VOLTAGE_W,946688490.044863,0x19B50007,1,FALSE logic
HIGH_CURRENT_W,946688490.044863,0x19B50007,1,FALSE logic
HIGH_TEMPERATURE_W,946688490.044863,0x19B50007,1,FALSE logic
CELL_OVERHEAT,946688490.044863,0x19B50007,1,FALSE logic
NO_CURRENT_SENSOR,946688490.044863,0x19B50007,1,FALSE logic
PACK_UNDER_VOLTAGE,946688490.044863,0x19B50007,1,FALSE logic
VALIDITY,946688490.044863,0x19B50007,1,39 state
APPS_RANGE_ERROR,946688490.138918,0x18FF1515,1,"FALSE 0 no Error, 1 Error"
SAFETY_OK,946688490.138918,0x18FF1515,1,"FALSE 0 no Error, 1 Error"
BRAKE,946688490.138918,0x18FF1515,1,"0 1 noBrake, 2 Brake"
VCU_STATE,946688490.138918,0x18FF1515,1,0
APS_PERC,946688490.138918,0x18FF1515,1,"2.56 porcentagem pedal, precisão de 2 casas decimais"
APPS_RANGE_ERROR,946688490.2389135,0x18FF1515,1,"FALSE 0 no Error, 1 Error"
SAFETY_OK,946688490.2389135,0x18FF1515,1,"FALSE 0 no Error, 1 Error"
BRAKE,946688490.2389135,0x18FF1515,1,"0 1 noBrake, 2 Brake"
VCU_STATE,946688490.2389135,0x18FF1515,1,0
APS_PERC,946688490.2389135,0x18FF1515,1,"2.56 porcentagem pedal, precisão de 2 casas decimais"
UNDER_VOLTAGE,946688490.2472026,0x19B50007,1,FALSE logic
OVER_VOLTAGE,946688490.2472026,0x19B50007,1,FALSE logic
DISCHARGE_OVER_CURRENT,946688490.2472026,0x19B50007,1,FALSE logic
CHARGE_OVER_CURRENT,946688490.2472026,0x19B50007,1,FALSE logic
CELL_MODULE_OVERHEAT,946688490.2472026,0x19B50007,1,FALSE logic
LEAKAGE,946688490.2472026,0x19B50007,1,FALSE logic
NO_CELL_COMMUNICATION,946688490.2472026,0x19B50007,1,FALSE logic
LOW_VOLTAGE_W,946688490.2472026,0x19B50007,1,FALSE logic
HIGH_CURRENT_W,946688490.2472026,0x19B50007,1,FALSE logic
HIGH_TEMPERATURE_W,946688490.2472026,0x19B50007,1,FALSE logic
CELL_OVERHEAT,946688490.2472026,0x19B50007,1,FALSE logic
NO_CURRENT_SENSOR,946688490.2472026,0x19B50007,1,FALSE logic
PACK_UNDER_VOLTAGE,946688490.2472026,0x19B50007,1,FALSE logic
VALIDITY,946688490.2472026,0x19B50007,1,39 state
APPS_RANGE_ERROR,946688490.3389184,0x18FF1515,1,"FALSE 0 no Error, 1 Error"
SAFETY_OK,946688490.3389184,0x18FF1515,1,"FALSE 0 no Error, 1 Error"
BRAKE,946688490.3389184,0x18FF1515,1,"0 1 noBrake, 2 Brake"
VCU_STATE,946688490.3389184,0x18FF1515,1,0
APS_PERC,946688490.3389184,0x18FF1515,1,"2.56 porcentagem pedal, precisão de 2 casas decimais"
APPS_RANGE_ERROR,946688490.4389141,0x18FF1515,1,"FALSE 0 no Error, 1 Error"
SAFETY_OK,946688490.4389141,0x18FF1515,1,"FALSE 0 no Error, 1 Error"
BRAKE,946688490.4389141,0x18FF1515,1,"0 1 noBrake, 2 Brake"
VCU_STATE,946688490.4389141,0x18FF1515,1,0
APS_PERC,946688490.4389141,0x18FF1515,1,"2.56 porcentagem pedal, precisão de 2 casas decimais"
UNDER_VOLTAGE,946688490.4479421,0x19B50007,1,FALSE logic
OVER_VOLTAGE,946688490.4479421,0x19B50007,1,FALSE logic
DISCHARGE_OVER_CURRENT,946688490.4479421,0x19B50007,1,FALSE logic
CHARGE_OVER_CURRENT,946688490.4479421,0x19B50007,1,FALSE logic
CELL_MODULE_OVERHEAT,946688490.4479421,0x19B50007,1,FALSE logic
LEAKAGE,946688490.4479421,0x19B50007,1,FALSE logic
NO_CELL_COMMUNICATION,946688490.4479421,0x19B50007,1,FALSE logic
LOW_VOLTAGE_W,946688490.4479421,0x19B50007,1,FALSE logic
HIGH_CURRENT_W,946688490.4479421,0x19B50007,1,FALSE logic
HIGH_TEMPERATURE_W,946688490.4479421,0x19B50007,1,FALSE logic
CELL_OVERHEAT,946688490.4479421,0x19B50007,1,FALSE logic
NO_CURRENT_SENSOR,946688490.4479421,0x19B50007,1,FALSE logic
PACK_UNDER_VOLTAGE,946688490.4479421,0x19B50007,1,FALSE logic
VALIDITY,946688490.4479421,0x19B50007,1,39 state
APPS_RANGE_ERROR,946688490.5389457,0x18FF1515,1,"FALSE 0 no Error, 1 Error"
SAFETY_OK,946688490.5389457,0x18FF1515,1,"FALSE 0 no Error, 1 Error"
BRAKE,946688490.5389457,0x18FF1515,1,"0 1 noBrake, 2 Brake"
VCU_STATE,946688490.5389457,0x18FF1515,1,0
APS_PERC,946688490.5389457,0x18FF1515,1,"2.56 porcentagem pedal, precisão de 2 casas decimais"
APPS_RANGE_ERROR,946688490.63892,0x18FF1515,1,"FALSE 0 no Error, 1 Error"
SAFETY_OK,946688490.63892,0x18FF1515,1,"FALSE 0 no Error, 1 Error"
BRAKE,946688490.63892,0x18FF1515,1,"0 1 noBrake, 2 Brake"
VCU_STATE,946688490.63892,0x18FF1515,1,0
APS_PERC,946688490.63892,0x18FF1515,1,"2.56 porcentagem pedal, precisão de 2 casas decimais"
UNDER_VOLTAGE,946688490.6434819,0x19B50007,1,FALSE logic
OVER_VOLTAGE,946688490.6434819,0x19B50007,1,FALSE logic
DISCHARGE_OVER_CURRENT,946688490.6434819,0x19B50007,1,FALSE logic
CHARGE_OVER_CURRENT,946688490.6434819,0x19B50007,1,FALSE logic
CELL_MODULE_OVERHEAT,946688490.6434819,0x19B50007,1,FALSE logic
LEAKAGE,946688490.6434819,0x19B50007,1,FALSE logic
NO_CELL_COMMUNICATION,946688490.6434819,0x19B50007,1,FALSE logic
LOW_VOLTAGE_W,946688490.6434819,0x19B50007,1,FALSE logic
HIGH_CURRENT_W,946688490.6434819,0x19B50007,1,FALSE logic
HIGH_TEMPERATURE_W,946688490.6434819,0x19B50007,1,FALSE logic
CELL_OVERHEAT,946688490.6434819,0x19B50007,1,FALSE logic
NO_CURRENT_SENSOR,946688490.6434819,0x19B50007,1,FALSE logic
PACK_UNDER_VOLTAGE,946688490.6434819,0x19B50007,1,FALSE logic
VALIDITY,946688490.6434819,0x19B50007,1,39 state
APPS_RANGE_ERROR,946688490.738915,0x18FF1515,1,"FALSE 0 no Error, 1 Error"
SAFETY_OK,946688490.738915,0x18FF1515,1,"FALSE 0 no Error, 1 Error"
BRAKE,946688490.738915,0x18FF1515,1,"0 1 noBrake, 2 Brake"
VCU_STATE,946688490.738915,0x18FF1515,1,0
APS_PERC,946688490.738915,0x18FF1515,1,"2.56 porcentagem pedal, precisão de 2 casas decimais"
APPS_RANGE_ERROR,946688490.8389115,0x18FF1515,1,"FALSE 0 no Error, 1 Error"
SAFETY_OK,946688490.8389115,0x18FF1515,1,"FALSE 0 no Error, 1 Error"
BRAKE,946688490.8389115,0x18FF1515,1,"0 1 noBrake, 2 Brake"
VCU_STATE,946688490.8389115,0x18FF1515,1,0
APS_PERC,946688490.8389115,0x18FF1515,1,"2.56 porcentagem pedal, precisão de 2 casas decimais"
UNDER_VOLTAGE,946688490.8457419,0x19B50007,1,FALSE logic
OVER_VOLTAGE,946688490.8457419,0x19B50007,1,FALSE logic
DISCHARGE_OVER_CURRENT,946688490.8457419,0x19B50007,1,FALSE logic
CHARGE_OVER_CURRENT,946688490.8457419,0x19B50007,1,FALSE logic
CELL_MODULE_OVERHEAT,946688490.8457419,0x19B50007,1,FALSE logic
LEAKAGE,946688490.8457419,0x19B50007,1,FALSE logic
NO_CELL_COMMUNICATION,946688490.8457419,0x19B50007,1,FALSE logic
LOW_VOLTAGE_W,946688490.8457419,0x19B50007,1,FALSE logic
HIGH_CURRENT_W,946688490.8457419,0x19B50007,1,FALSE logic
HIGH_TEMPERATURE_W,946688490.8457419,0x19B50007,1,FALSE logic
CELL_OVERHEAT,946688490.8457419,0x19B50007,1,FALSE logic
NO_CURRENT_SENSOR,946688490.8457419,0x19B50007,1,FALSE logic
PACK_UNDER_VOLTAGE,946688490.8457419,0x19B50007,1,FALSE logic
VALIDITY,946688490.8457419,0x19B50007,1,39 state
APPS_RANGE_ERROR,946688490.9389167,0x18FF1515,1,"FALSE 0 no Error, 1 Error"
SAFETY_OK,946688490.9389167,0x18FF1515,1,"FALSE 0 no Error, 1 Error"
BRAKE,946688490.9389167,0x18FF1515,1,"0 1 noBrake, 2 Brake"
VCU_STATE,946688490.9389167,0x18FF1515,1,0
APS_PERC,946688490.9389167,0x18FF1515,1,"2.56 porcentagem pedal, precisão de 2 casas decimais"
APPS_RANGE_ERROR,946688491.038939,0x18FF1515,1,"FALSE 0 no Error, 1 Error"
SAFETY_OK,946688491.038939,0x18FF1515,1,"FALSE 0 no Error, 1 Error"
BRAKE,946688491.038939,0x18FF1515,1,"0 1 noBrake, 2 Brake"
VCU_STATE,946688491.038939,0x18FF1515,1,0
APS_PERC,946688491.038939,0x18FF1515,1,"2.56 porcentagem pedal, precisão de 2 casas decimais"
UNDER_VOLTAGE,946688491.0488219,0x19B50007,1,FALSE logic
OVER_VOLTAGE,946688491.0488219,0x19B50007,1,FALSE logic
DISCHARGE_OVER_CURRENT,946688491.0488219,0x19B50007,1,FALSE logic
CHARGE_OVER_CURRENT,946688491.0488219,0x19B50007,1,FALSE logic
CELL_MODULE_OVERHEAT,946688491.0488219,0x19B50007,1,FALSE logic
LEAKAGE,946688491.0488219,0x19B50007,1,FALSE logic
NO_CELL_COMMUNICATION,946688491.0488219,0x19B50007,1,FALSE logic
LOW_VOLTAGE_W,946688491.0488219,0x19B50007,1,FALSE logic
HIGH_CURRENT_W,946688491.0488219,0x19B50007,1,FALSE logic
HIGH_TEMPERATURE_W,946688491.0488219,0x19B50007,1,FALSE logic
CELL_OVERHEAT,946688491.0488219,0x19B50007,1,FALSE logic
NO_CURRENT_SENSOR,946688491.0488219,0x19B50007,1,FALSE logic
PACK_UNDER_VOLTAGE,946688491.0488219,0x19B50007,1,FALSE logic
VALIDITY,946688491.0488219,0x19B50007,1,39 state
APPS_RANGE_ERROR,946688491.1389098,0x18FF1515,1,"FALSE 0 no Error, 1 Error"
SAFETY_OK,946688491.1389098,0x18FF1515,1,"FALSE 0 no Error, 1 Error"
BRAKE,946688491.1389098,0x18FF1515,1,"0 1 noBrake, 2 Brake"
VCU_STATE,946688491.1389098,0x18FF1515,1,0
APS_PERC,946688491.1389098,0x18FF1515,1,"2.56 porcentagem pedal, precisão de 2 casas decimais"
APPS_RANGE_ERROR,946688491.2389045,0x18FF1515,1,"FALSE 0 no Error, 1 Error"
SAFETY_OK,946688491.2389045,0x18FF1515,1,"FALSE 0 no Error, 1 Error"
BRAKE,946688491.2389045,0x18FF1515,1,"0 1 noBrake, 2 Brake"
VCU_STATE,946688491.2389045,0x18FF1515,1,0
APS_PERC,946688491.2389045,0x18FF1515,1,"2.56 porcentagem pedal, precisão de 2 casas decimais"
UNDER_VOLTAGE,946688491.2471056,0x19B50007,1,FALSE logic
OVER_VOLTAGE,946688491.2471056,0x19B50007,1,FALSE logic
DISCHARGE_OVER_CURRENT,946688491.2471056,0x19B50007,1,FALSE logic
CHARGE_OVER_CURRENT,946688491.2471056,0x19B50007,1,FALSE logic
CELL_MODULE_OVERHEAT,946688491.2471056,0x19B50007,1,FALSE logic
LEAKAGE,946688491.2471056,0x19B50007,1,FALSE logic
NO_CELL_COMMUNICATION,946688491.2471056,0x19B50007,1,FALSE logic
LOW_VOLTAGE_W,946688491.2471056,0x19B50007,1,FALSE logic
HIGH_CURRENT_W,946688491.2471056,0x19B50007,1,FALSE logic
HIGH_TEMPERATURE_W,946688491.2471056,0x19B50007,1,FALSE logic
CELL_OVERHEAT,946688491.2471056,0x19B50007,1,FALSE logic
NO_CURRENT_SENSOR,946688491.2471056,0x19B50007,1,FALSE logic
PACK_UNDER_VOLTAGE,946688491.2471056,0x19B50007,1,FALSE logic
VALIDITY,946688491.2471056,0x19B50007,1,39 state
APPS_RANGE_ERROR,946688491.3389096,0x18FF1515,1,"FALSE 0 no Error, 1 Error"
SAFETY_OK,946688491.3389096,0x18FF1515,1,"FALSE 0 no Error, 1 Error"
BRAKE,946688491.3389096,0x18FF1515,1,"0 1 noBrake, 2 Brake"
VCU_STATE,946688491.3389096,0x18FF1515,1,0
APS_PERC,946688491.3389096,0x18FF1515,1,"2.56 porcentagem pedal, precisão de 2 casas decimais"
TCELL_0,946688491.3712336,0x19B50800,1,-100.00 °C
TCELL_0,946688491.3717706,0x19B50800,1,28.00 °C
TCELL_1,946688491.3717706,0x19B50800,1,28.00 °C
TCELL_2,946688491.3717706,0x19B50800,1,28.00 °C
TCELL_3,946688491.3717706,0x19B50800,1,28.00 °C
TCELL_4,946688491.3717706,0x19B50800,1,28.00 °C
TCELL_5,946688491.3717706,0x19B50800,1,155.00 °C
TCELL_6,946688491.3717706,0x19B50800,1,155.00 °C
TCELL_7,946688491.3717706,0x19B50800,1,155.00 °C
TCELL_8,946688491.3868976,0x19B50801,1,155.00 °C
TCELL_9,946688491.3868976,0x19B50801,1,155.00 °C
TCELL_10,946688491.3868976,0x19B50801,1,155.00 °C
TCELL_11,946688491.3868976,0x19B50801,1,155.00 °C
TCELL_12,946688491.3868976,0x19B50801,1,155.00 °C
TCELL_13,946688491.3868976,0x19B50801,1,155.00 °C
TCELL_14,946688491.3868976,0x19B50801,1,155.00 °C
TCELL_15,946688491.3868976,0x19B50801,1,155.00 °C
TCELL_16,946688491.4020164,0x19B50802,1,28.00 °C
TCELL_17,946688491.4020164,0x19B50802,1,28.00 °C
TCELL_18,946688491.4020164,0x19B50802,1,28.00 °C
TCELL_19,946688491.4020164,0x19B50802,1,29.00 °C
TCELL_20,946688491.4020164,0x19B50802,1,28.00 °C
TCELL_21,946688491.4020164,0x19B50802,1,155.00 °C
TCELL_22,946688491.4020164,0x19B50802,1,155.00 °C
TCELL_23,946688491.4020164,0x19B50802,1,155.00 °C
TCELL_24,946688491.4304142,0x19B50803,1,155.00 °C
TCELL_25,946688491.4304142,0x19B50803,1,155.00 °C
TCELL_26,946688491.4304142,0x19B50803,1,155.00 °C
TCELL_27,946688491.4304142,0x19B50803,1,155.00 °C
TCELL_28,946688491.4304142,0x19B50803,1,155.00 °C
TCELL_29,946688491.4304142,0x19B50803,1,155.00 °C
TCELL_30,946688491.4304142,0x19B50803,1,155.00 °C
TCELL_31,946688491.4304142,0x19B50803,1,155.00 °C
APPS_RANGE_ERROR,946688491.4389044,0x18FF1515,1,"FALSE 0 no Error, 1 Error"
SAFETY_OK,946688491.4389044,0x18FF1515,1,"FALSE 0 no Error, 1 Error"
BRAKE,946688491.4389044,0x18FF1515,1,"0 1 noBrake, 2 Brake"
VCU_STATE,946688491.4389044,0x18FF1515,1,0
APS_PERC,946688491.4389044,0x18FF1515,1,"2.56 porcentagem pedal, precisão de 2 casas decimais"
UNDER_VOLTAGE,946688491.4585901,0x19B50007,1,FALSE logic
OVER_VOLTAGE,946688491.4585901,0x19B50007,1,FALSE logic
DISCHARGE_OVER_CURRENT,946688491.4585901,0x19B50007,1,FALSE logic
CHARGE_OVER_CURRENT,946688491.4585901,0x19B50007,1,FALSE logic
CELL_MODULE_OVERHEAT,946688491.4585901,0x19B50007,1,FALSE logic
LEAKAGE,946688491.4585901,0x19B50007,1,FALSE logic
NO_CELL_COMMUNICATION,946688491.4585901,0x19B50007,1,FALSE logic
LOW_VOLTAGE_W,946688491.4585901,0x19B50007,1,FALSE logic
HIGH_CURRENT_W,946688491.4585901,0x19B50007,1,FALSE logic
HIGH_TEMPERATURE_W,946688491.4585901,0x19B50007,1,FALSE logic
CELL_OVERHEAT,946688491.4585901,0x19B50007,1,FALSE logic
NO_CURRENT_SENSOR,946688491.4585901,0x19B50007,1,FALSE logic
PACK_UNDER_VOLTAGE,946688491.4585901,0x19B50007,1,FALSE logic
VALIDITY,946688491.4585901,0x19B50007,1,39 state
APPS_RANGE_ERROR,946688491.5389017,0x18FF1515,1,"FALSE 0 no Error, 1 Error"
SAFETY_OK,946688491.5389017,0x18FF1515,1,"FALSE 0 no Error, 1 Error"
BRAKE,946688491.5389017,0x18FF1515,1,"0 1 noBrake, 2 Brake"
VCU_STATE,946688491.5389017,0x18FF1515,1,0
APS_PERC,946688491.5389017,0x18FF1515,1,"2.56 porcentagem pedal, precisão de 2 casas decimais"
APPS_RANGE_ERROR,946688491.6389111,0x18FF1515,1,"FALSE 0 no Error, 1 Error"
SAFETY_OK,946688491.6389111,0x18FF1515,1,"FALSE 0 no Error, 1 Error"
BRAKE,946688491.6389111,0x18FF1515,1,"0 1 noBrake, 2 Brake"
VCU_STATE,946688491.6389111,0x18FF1515,1,0
APS_PERC,946688491.6389111,0x18FF1515,1,"2.56 porcentagem pedal, precisão de 2 casas decimais"
UNDER_VOLTAGE,946688491.6434051,0x19B50007,1,FALSE logic
OVER_VOLTAGE,946688491.6434051,0x19B50007,1,FALSE logic
DISCHARGE_OVER_CURRENT,946688491.6434051,0x19B50007,1,FALSE logic
CHARGE_OVER_CURRENT,946688491.6434051,0x19B50007,1,FALSE logic
CELL_MODULE_OVERHEAT,946688491.6434051,0x19B50007,1,FALSE logic
LEAKAGE,946688491.6434051,0x19B50007,1,FALSE logic
NO_CELL_COMMUNICATION,946688491.6434051,0x19B50007,1,FALSE logic
LOW_VOLTAGE_W,946688491.6434051,0x19B50007,1,FALSE logic
HIGH_CURRENT_W,946688491.6434051,0x19B50007,1,FALSE logic
HIGH_TEMPERATURE_W,946688491.6434051,0x19B50007,1,FALSE logic
CELL_OVERHEAT,946688491.6434051,0x19B50007,1,FALSE logic
NO_CURRENT_SENSOR,946688491.6434051,0x19B50007,1,FALSE logic
PACK_UNDER_VOLTAGE,946688491.6434051,0x19B50007,1,FALSE logic
VALIDITY,946688491.6434051,0x19B50007,1,39 state
APPS_RANGE_ERROR,946688491.7388996,0x18FF1515,1,"FALSE 0 no Error, 1 Error"
SAFETY_OK,946688491.7388996,0x18FF1515,1,"FALSE 0 no Error, 1 Error"
BRAKE,946688491.7388996,0x18FF1515,1,"0 1 noBrake, 2 Brake"
VCU_STATE,946688491.7388996,0x18FF1515,1,0
APS_PERC,946688491.7388996,0x18FF1515,1,"2.56 porcentagem pedal, precisão de 2 casas decimais"
APPS_RANGE_ERROR,946688491.838927,0x18FF1515,1,"FALSE 0 no Error, 1 Error"
SAFETY_OK,946688491.838927,0x18FF1515,1,"FALSE 0 no Error, 1 Error"
BRAKE,946688491.838927,0x18FF1515,1,"0 1 noBrake, 2 Brake"
VCU_STATE,946688491.838927,0x18FF1515,1,0
APS_PERC,946688491.838927,0x18FF1515,1,"2.56 porcentagem pedal, precisão de 2 casas decimais"
UNDER_VOLTAGE,946688491.8556446,0x19B50007,1,FALSE logic
OVER_VOLTAGE,946688491.8556446,0x19B50007,1,FALSE logic
DISCHARGE_OVER_CURRENT,946688491.8556446,0x19B50007,1,FALSE logic
CHARGE_OVER_CURRENT,946688491.8556446,0x19B50007,1,FALSE logic
CELL_MODULE_OVERHEAT,946688491.8556446,0x19B50007,1,FALSE logic
LEAKAGE,946688491.8556446,0x19B50007,1,FALSE logic
NO_CELL_COMMUNICATION,946688491.8556446,0x19B50007,1,FALSE logic
LOW_VOLTAGE_W,946688491.8556446,0x19B50007,1,FALSE logic
HIGH_CURRENT_W,946688491.8556446,0x19B50007,1,FALSE logic
HIGH_TEMPERATURE_W,946688491.8556446,0x19B50007,1,FALSE logic
CELL_OVERHEAT,946688491.8556446,0x19B50007,1,FALSE logic
NO_CURRENT_SENSOR,946688491.8556446,0x19B50007,1,FALSE logic
PACK_UNDER_VOLTAGE,946688491.8556446,0x19B50007,1,FALSE logic
VALIDITY,946688491.8556446,0x19B50007,1,39 state
APPS_RANGE_ERROR,946688491.9389061,0x18FF1515,1,"FALSE 0 no Error, 1 Error"
SAFETY_OK,946688491.9389061,0x18FF1515,1,"FALSE 0 no Error, 1 Error"
BRAKE,946688491.9389061,0x18FF1515,1,"0 1 noBrake, 2 Brake"
VCU_STATE,946688491.9389061,0x18FF1515,1,0
APS_PERC,946688491.9389061,0x18FF1515,1,"2.56 porcentagem pedal, precisão de 2 casas decimais"
APPS_RANGE_ERROR,946688492.0388972,0x18FF1515,1,"FALSE 0 no Error, 1 Error"
SAFETY_OK,946688492.0388972,0x18FF1515,1,"FALSE 0 no Error, 1 Error"
BRAKE,946688492.0388972,0x18FF1515,1,"0 1 noBrake, 2 Brake"
VCU_STATE,946688492.0388972,0x18FF1515,1,0
APS_PERC,946688492.0388972,0x18FF1515,1,"2.56 porcentagem pedal, precisão de 2 casas decimais"
UNDER_VOLTAGE,946688492.0547477,0x19B50007,1,FALSE logic
OVER_VOLTAGE,946688492.0547477,0x19B50007,1,FALSE logic
DISCHARGE_OVER_CURRENT,946688492.0547477,0x19B50007,1,FALSE logic
CHARGE_OVER_CURRENT,946688492.0547477,0x19B50007,1,FALSE logic
CELL_MODULE_OVERHEAT,946688492.0547477,0x19B50007,1,FALSE logic
LEAKAGE,946688492.0547477,0x19B50007,1,FALSE logic
NO_CELL_COMMUNICATION,946688492.0547477,0x19B50007,1,FALSE logic
LOW_VOLTAGE_W,946688492.0547477,0x19B50007,1,FALSE logic
HIGH_CURRENT_W,946688492.0547477,0x19B50007,1,FALSE logic
HIGH_TEMPERATURE_W,946688492.0547477,0x19B50007,1,FALSE logic
CELL_OVERHEAT,946688492.0547477,0x19B50007,1,FALSE logic
NO_CURRENT_SENSOR,946688492.0547477,0x19B50007,1,FALSE logic
PACK_UNDER_VOLTAGE,946688492.0547477,0x19B50007,1,FALSE logic
VALIDITY,946688492.0547477,0x19B50007,1,39 state
APPS_RANGE_ERROR,946688492.1389078,0x18FF1515,1,"FALSE 0 no Error, 1 Error"
SAFETY_OK,946688492.1389078,0x18FF1515,1,"FALSE 0 no Error, 1 Error"
BRAKE,946688492.1389078,0x18FF1515,1,"0 1 noBrake, 2 Brake"
VCU_STATE,946688492.1389078,0x18FF1515,1,0
APS_PERC,946688492.1389078,0x18FF1515,1,"2.56 porcentagem pedal, precisão de 2 casas decimais"
APPS_RANGE_ERROR,946688492.2389072,0x18FF1515,1,"FALSE 0 no Error, 1 Error"
SAFETY_OK,946688492.2389072,0x18FF1515,1,"FALSE 0 no Error, 1 Error"
BRAKE,946688492.2389072,0x18FF1515,1,"0 1 noBrake, 2 Brake"
VCU_STATE,946688492.2389072,0x18FF1515,1,0
APS_PERC,946688492.2389072,0x18FF1515,1,"2.56 porcentagem pedal, precisão de 2 casas decimais"
UNDER_VOLTAGE,946688492.2438796,0x19B50007,1,FALSE logic
OVER_VOLTAGE,946688492.2438796,0x19B50007,1,FALSE logic
DISCHARGE_OVER_CURRENT,946688492.2438796,0x19B50007,1,FALSE logic
CHARGE_OVER_CURRENT,946688492.2438796,0x19B50007,1,FALSE logic
CELL_MODULE_OVERHEAT,946688492.2438796,0x19B50007,1,FALSE logic
LEAKAGE,946688492.2438796,0x19B50007,1,FALSE logic
NO_CELL_COMMUNICATION,946688492.2438796,0x19B50007,1,FALSE logic
LOW_VOLTAGE_W,946688492.2438796,0x19B50007,1,FALSE logic
HIGH_CURRENT_W,946688492.2438796,0x19B50007,1,FALSE logic
HIGH_TEMPERATURE_W,946688492.2438796,0x19B50007,1,FALSE logic
CELL_OVERHEAT,946688492.2438796,0x19B50007,1,FALSE logic
NO_CURRENT_SENSOR,946688492.2438796,0x19B50007,1,FALSE logic
PACK_UNDER_VOLTAGE,946688492.2438796,0x19B50007,1,FALSE logic
VALIDITY,946688492.2438796,0x19B50007,1,39 state
APPS_RANGE_ERROR,946688492.3389859,0x18FF1515,1,"FALSE 0 no Error, 1 Error"
SAFETY_OK,946688492.3389859,0x18FF1515,1,"FALSE 0 no Error, 1 Error"
BRAKE,946688492.3389859,0x18FF1515,1,"0 1 noBrake, 2 Brake"
VCU_STATE,946688492.3389859,0x18FF1515,1,0
APS_PERC,946688492.3389859,0x18FF1515,1,"2.56 porcentagem pedal, precisão de 2 casas decimais"
VCELL_0,946688492.345191,0x19B50100,1,2.00 V
VCELL_0,946688492.3457718,0x19B50100,1,3.96 V
VCELL_1,946688492.3457718,0x19B50100,1,3.95 V
VCELL_2,946688492.3457718,0x19B50100,1,3.95 V
VCELL_3,946688492.3457718,0x19B50100,1,3.95 V
VCELL_4,946688492.3457718,0x19B50100,1,3.95 V
VCELL_5,946688492.3457718,0x19B50100,1,3.95 V
VCELL_6,946688492.3457718,0x19B50100,1,3.95 V
VCELL_7,946688492.3457718,0x19B50100,1,3.95 V
VCELL_8,946688492.3714952,0x19B50101,1,3.95 V
VCELL_9,946688492.3714952,0x19B50101,1,3.95 V
VCELL_10,946688492.3714952,0x19B50101,1,3.95 V
VCELL_11,946688492.3714952,0x19B50101,1,3.95 V
VCELL_12,946688492.3714952,0x19B50101,1,3.95 V
VCELL_13,946688492.3714952,0x19B50101,1,3.95 V
VCELL_14,946688492.3714952,0x19B50101,1,3.95 V
VCELL_15,946688492.3714952,0x19B50101,1,3.95 V
VCELL_16,946688492.3848686,0x19B50102,1,3.95 V
VCELL_17,946688492.3848686,0x19B50102,1,3.95 V
VCELL_18,946688492.3848686,0x19B50102,1,3.95 V
VCELL_19,946688492.3848686,0x19B50102,1,3.95 V
VCELL_20,946688492.3848686,0x19B50102,1,3.95 V
VCELL_21,946688492.3848686,0x19B50102,1,3.97 V
VCELL_22,946688492.3848686,0x19B50102,1,3.95 V
VCELL_23,946688492.3848686,0x19B50102,1,3.95 V
VCELL_24,946688492.397289,0x19B50103,1,3.95 V
VCELL_25,946688492.397289,0x19B50103,1,3.96 V
VCELL_26,946688492.397289,0x19B50103,1,3.95 V
VCELL_27,946688492.397289,0x19B50103,1,3.95 V
VCELL_28,946688492.397289,0x19B50103,1,3.97 V
VCELL_29,946688492.397289,0x19B50103,1,3.95 V
VCELL_30,946688492.397289,0x19B50103,1,3.95 V
VCELL_31,946688492.397289,0x19B50103,1,3.95 V
VCELL_32,946688492.4096311,0x19B50104,1,3.94 V
VCELL_33,946688492.4096311,0x19B50104,1,3.95 V
VCELL_34,946688492.4096311,0x19B50104,1,3.95 V
VCELL_35,946688492.4096311,0x19B50104,1,3.95 V
VCELL_36,946688492.4096311,0x19B50104,1,3.95 V
VCELL_37,946688492.4096311,0x19B50104,1,3.95 V
VCELL_38,946688492.4096311,0x19B50104,1,3.95 V
VCELL_39,946688492.4096311,0x19B50104,1,3.95 V
VCELL_40,946688492.422906,0x19B50105,1,3.95 V
VCELL_41,946688492.422906,0x19B50105,1,3.95 V
VCELL_42,946688492.422906,0x19B50105,1,3.95 V
VCELL_43,946688492.422906,0x19B50105,1,3.95 V
VCELL_44,946688492.422906,0x19B50105,1,3.95 V
VCELL_45,946688492.422906,0x19B50105,1,3.95 V
VCELL_46,946688492.422906,0x19B50105,1,3.95 V
VCELL_47,946688492.422906,0x19B50105,1,3.95 V
VCELL_48,946688492.4353769,0x19B50106,1,3.95 V
VCELL_49,946688492.4353769,0x19B50106,1,3.95 V
VCELL_50,946688492.4353769,0x19B50106,1,3.95 V
VCELL_51,946688492.4353769,0x19B50106,1,3.95 V
VCELL_52,946688492.4353769,0x19B50106,1,3.95 V
VCELL_53,946688492.4353769,0x19B50106,1,3.95 V
VCELL_54,946688492.4353769,0x19B50106,1,3.95 V
VCELL_55,946688492.4353769,0x19B50106,1,3.95 V
APPS_RANGE_ERROR,946688492.4388974,0x18FF1515,1,"FALSE 0 no Error, 1 Error"
SAFETY_OK,946688492.4388974,0x18FF1515,1,"FALSE 0 no Error, 1 Error"
BRAKE,946688492.4388974,0x18FF1515,1,"0 1 noBrake, 2 Brake"
VCU_STATE,946688492.4388974,0x18FF1515,1,0
APS_PERC,946688492.4388974,0x18FF1515,1,"2.56 porcentagem pedal, precisão de 2 casas decimais"
UNDER_VOLTAGE,946688492.4575356,0x19B50007,1,FALSE logic
OVER_VOLTAGE,946688492.4575356,0x19B50007,1,FALSE logic
DISCHARGE_OVER_CURRENT,946688492.4575356,0x19B50007,1,FALSE logic
CHARGE_OVER_CURRENT,946688492.4575356,0x19B50007,1,FALSE logic
CELL_MODULE_OVERHEAT,946688492.4575356,0x19B50007,1,FALSE logic
LEAKAGE,946688492.4575356,0x19B50007,1,FALSE logic
NO_CELL_COMMUNICATION,946688492.4575356,0x19B50007,1,FALSE logic
LOW_VOLTAGE_W,946688492.4575356,0x19B50007,1,FALSE logic
HIGH_CURRENT_W,946688492.4575356,0x19B50007,1,FALSE logic
HIGH_TEMPERATURE_W,946688492.4575356,0x19B50007,1,FALSE logic
CELL_OVERHEAT,946688492.4575356,0x19B50007,1,FALSE logic
NO_CURRENT_SENSOR,946688492.4575356,0x19B50007,1,FALSE logic
PACK_UNDER_VOLTAGE,946688492.4575356,0x19B50007,1,FALSE logic
VALIDITY,946688492.4575356,0x19B50007,1,39 state
VCELL_56,946688492.471614,0x19B50107,1,3.95 V
VCELL_57,946688492.471614,0x19B50107,1,3.95 V
VCELL_58,946688492.471614,0x19B50107,1,3.95 V
VCELL_59,946688492.471614,0x19B50107,1,3.95 V
VCELL_60,946688492.471614,0x19B50107,1,3.95 V
VCELL_61,946688492.471614,0x19B50107,1,3.95 V
VCELL_62,946688492.471614,0x19B50107,1,3.95 V
VCELL_63,946688492.471614,0x19B50107,1,3.95 V
VCELL_64,946688492.48706,0x19B50108,1,3.92 V
VCELL_65,946688492.48706,0x19B50108,1,3.94 V
VCELL_66,946688492.48706,0x19B50108,1,3.95 V
VCELL_67,946688492.48706,0x19B50108,1,3.95 V
VCELL_68,946688492.48706,0x19B50108,1,3.96 V
VCELL_69,946688492.48706,0x19B50108,1,3.96 V
VCELL_70,946688492.48706,0x19B50108,1,3.94 V
VCELL_71,946688492.48706,0x19B50108,1,3.95 V
VCELL_72,946688492.4994445,0x19B50109,1,3.97 V
VCELL_73,946688492.4994445,0x19B50109,1,3.95 V
VCELL_74,946688492.4994445,0x19B50109,1,3.95 V
VCELL_75,946688492.4994445,0x19B50109,1,3.96 V
VCELL_76,946688492.4994445,0x19B50109,1,3.94 V
VCELL_77,946688492.4994445,0x19B50109,1,3.95 V
VCELL_78,946688492.4994445,0x19B50109,1,3.95 V
VCELL_79,946688492.4994445,0x19B50109,1,3.95 V
VCELL_80,946688492.5126709,0x19B5010A,1,3.95 V
VCELL_81,946688492.5126709,0x19B5010A,1,3.95 V
VCELL_82,946688492.5126709,0x19B5010A,1,3.95 V
VCELL_83,946688492.5126709,0x19B5010A,1,3.95 V
VCELL_84,946688492.5126709,0x19B5010A,1,3.95 V
VCELL_85,946688492.5126709,0x19B5010A,1,3.95 V
VCELL_86,946688492.5126709,0x19B5010A,1,3.95 V
VCELL_87,946688492.5126709,0x19B5010A,1,3.95 V
VCELL_88,946688492.5248895,0x19B5010B,1,3.95 V
VCELL_89,946688492.5248895,0x19B5010B,1,3.95 V
VCELL_90,946688492.5248895,0x19B5010B,1,3.95 V
VCELL_91,946688492.5248895,0x19B5010B,1,3.98 V
VCELL_92,946688492.5248895,0x19B5010B,1,3.97 V
VCELL_93,946688492.5248895,0x19B5010B,1,3.95 V
VCELL_94,946688492.5248895,0x19B5010B,1,3.95 V
VCELL_95,946688492.5248895,0x19B5010B,1,3.95 V
APPS_RANGE_ERROR,946688492.5389023,0x18FF1515,1,"FALSE 0 no Error, 1 Error"
SAFETY_OK,946688492.5389023,0x18FF1515,1,"FALSE 0 no Error, 1 Error"
BRAKE,946688492.5389023,0x18FF1515,1,"0 1 noBrake, 2 Brake"
VCU_STATE,946688492.5389023,0x18FF1515,1,0
APS_PERC,946688492.5389023,0x18FF1515,1,"2.56 porcentagem pedal, precisão de 2 casas decimais"
APPS_RANGE_ERROR,946688492.6388971,0x18FF1515,1,"FALSE 0 no Error, 1 Error"
SAFETY_OK,946688492.6388971,0x18FF1515,1,"FALSE 0 no Error, 1 Error"
BRAKE,946688492.6388971,0x18FF1515,1,"0 1 noBrake, 2 Brake"
VCU_STATE,946688492.6388971,0x18FF1515,1,0
APS_PERC,946688492.6388971,0x18FF1515,1,"2.56 porcentagem pedal, precisão de 2 casas decimais"
UNDER_VOLTAGE,946688492.6426679,0x19B50007,1,FALSE logic
OVER_VOLTAGE,946688492.6426679,0x19B50007,1,FALSE logic
DISCHARGE_OVER_CURRENT,946688492.6426679,0x19B50007,1,FALSE logic
CHARGE_OVER_CURRENT,946688492.6426679,0x19B50007,1,FALSE logic
CELL_MODULE_OVERHEAT,946688492.6426679,0x19B50007,1,FALSE logic
LEAKAGE,946688492.6426679,0x19B50007,1,FALSE logic
NO_CELL_COMMUNICATION,946688492.6426679,0x19B50007,1,FALSE logic
LOW_VOLTAGE_W,946688492.6426679,0x19B50007,1,FALSE logic
HIGH_CURRENT_W,946688492.6426679,0x19B50007,1,FALSE logic
HIGH_TEMPERATURE_W,946688492.6426679,0x19B50007,1,FALSE logic
CELL_OVERHEAT,946688492.6426679,0x19B50007,1,FALSE logic
NO_CURRENT_SENSOR,946688492.6426679,0x19B50007,1,FALSE logic
PACK_UNDER_VOLTAGE,946688492.6426679,0x19B50007,1,FALSE logic
VALIDITY,946688492.6426679,0x19B50007,1,39 state
APPS_RANGE_ERROR,946688492.7388918,0x18FF1515,1,"FALSE 0 no Error, 1 Error"
SAFETY_OK,946688492.7388918,0x18FF1515,1,"FALSE 0 no Error, 1 Error"
BRAKE,946688492.7388918,0x18FF1515,1,"0 1 noBrake, 2 Brake"
VCU_STATE,946688492.7388918,0x18FF1515,1,0
APS_PERC,946688492.7388918,0x18FF1515,1,"2.56 porcentagem pedal, precisão de 2 casas decimais"
APPS_RANGE_ERROR,946688492.8388897,0x18FF1515,1,"FALSE 0 no Error, 1 Error"
SAFETY_OK,946688492.8388897,0x18FF1515,1,"FALSE 0 no Error, 1 Error"
BRAKE,946688492.8388897,0x18FF1515,1,"0 1 noBrake, 2 Brake"
VCU_STATE,946688492.8388897,0x18FF1515,1,0
APS_PERC,946688492.8388897,0x18FF1515,1,"2.56 porcentagem pedal, precisão de 2 casas decimais"
UNDER_VOLTAGE,946688492.8450209,0x19B50007,1,FALSE logic
OVER_VOLTAGE,946688492.8450209,0x19B50007,1,FALSE logic
DISCHARGE_OVER_CURRENT,946688492.8450209,0x19B50007,1,FALSE logic
CHARGE_OVER_CURRENT,946688492.8450209,0x19B50007,1,FALSE logic
CELL_MODULE_OVERHEAT,946688492.8450209,0x19B50007,1,FALSE logic
LEAKAGE,946688492.8450209,0x19B50007,1,FALSE logic
NO_CELL_COMMUNICATION,946688492.8450209,0x19B50007,1,FALSE logic
LOW_VOLTAGE_W,946688492.8450209,0x19B50007,1,FALSE logic
HIGH_CURRENT_W,946688492.8450209,0x19B50007,1,FALSE logic
HIGH_TEMPERATURE_W,946688492.8450209,0x19B50007,1,FALSE logic
CELL_OVERHEAT,946688492.8450209,0x19B50007,1,FALSE logic
NO_CURRENT_SENSOR,946688492.8450209,0x19B50007,1,FALSE logic
PACK_UNDER_VOLTAGE,946688492.8450209,0x19B50007,1,FALSE logic
VALIDITY,946688492.8450209,0x19B50007,1,39 state
APPS_RANGE_ERROR,946688492.938895,0x18FF1515,1,"FALSE 0 no Error, 1 Error"
SAFETY_OK,946688492.938895,0x18FF1515,1,"FALSE 0 no Error, 1 Error"
BRAKE,946688492.938895,0x18FF1515,1,"0 1 noBrake, 2 Brake"
VCU_STATE,946688492.938895,0x18FF1515,1,0
APS_PERC,946688492.938895,0x18FF1515,1,"2.56 porcentagem pedal, precisão de 2 casas decimais"
APPS_RANGE_ERROR,946688493.038895,0x18FF1515,1,"FALSE 0 no Error, 1 Error"
SAFETY_OK,946688493.038895,0x18FF1515,1,"FALSE 0 no Error, 1 Error"
BRAKE,946688493.038895,0x18FF1515,1,"0 1 noBrake, 2 Brake"
VCU_STATE,946688493.038895,0x18FF1515,1,0
APS_PERC,946688493.038895,0x18FF1515,1,"2.56 porcentagem pedal, precisão de 2 casas decimais"
UNDER_VOLTAGE,946688493.0411501,0x19B50007,1,FALSE logic
OVER_VOLTAGE,946688493.0411501,0x19B50007,1,FALSE logic
DISCHARGE_OVER_CURRENT,946688493.0411501,0x19B50007,1,FALSE logic
CHARGE_OVER_CURRENT,946688493.0411501,0x19B50007,1,FALSE logic
CELL_MODULE_OVERHEAT,946688493.0411501,0x19B50007,1,FALSE logic
LEAKAGE,946688493.0411501,0x19B50007,1,FALSE logic
NO_CELL_COMMUNICATION,946688493.0411501,0x19B50007,1,FALSE logic
LOW_VOLTAGE_W,946688493.0411501,0x19B50007,1,FALSE logic
HIGH_CURRENT_W,946688493.0411501,0x19B50007,1,FALSE logic
HIGH_TEMPERATURE_W,946688493.0411501,0x19B50007,1,FALSE logic
CELL_OVERHEAT,946688493.0411501,0x19B50007,1,FALSE logic
NO_CURRENT_SENSOR,946688493.0411501,0x19B50007,1,FALSE logic
PACK_UNDER_VOLTAGE,946688493.0411501,0x19B50007,1,FALSE logic
VALIDITY,946688493.0411501,0x19B50007,1,39 state
APPS_RANGE_ERROR,946688493.138907,0x18FF1515,1,"FALSE 0 no Error, 1 Error"
SAFETY_OK,946688493.138907,0x18FF1515,1,"FALSE 0 no Error, 1 Error"
BRAKE,946688493.138907,0x18FF1515,1,"0 1 noBrake, 2 Brake"
VCU_STATE,946688493.138907,0x18FF1515,1,0
APS_PERC,946688493.138907,0x18FF1515,1,"2.56 porcentagem pedal, precisão de 2 casas decimais"
APPS_RANGE_ERROR,946688493.2390714,0x18FF1515,1,"FALSE 0 no Error, 1 Error"
SAFETY_OK,946688493.2390714,0x18FF1515,1,"FALSE 0 no Error, 1 Error"
BRAKE,946688493.2390714,0x18FF1515,1,"0 1 noBrake, 2 Brake"
VCU_STATE,946688493.2390714,0x18FF1515,1,0
APS_PERC,946688493.2390714,0x18FF1515,1,"2.56 porcentagem pedal, precisão de 2 casas decimais"
UNDER_VOLTAGE,946688493.2393523,0x19B50007,1,FALSE logic
OVER_VOLTAGE,946688493.2393523,0x19B50007,1,FALSE logic
DISCHARGE_OVER_CURRENT,946688493.2393523,0x19B50007,1,FALSE logic
CHARGE_OVER_CURRENT,946688493.2393523,0x19B50007,1,FALSE logic
CELL_MODULE_OVERHEAT,946688493.2393523,0x19B50007,1,FALSE logic
LEAKAGE,946688493.2393523,0x19B50007,1,FALSE logic
NO_CELL_COMMUNICATION,946688493.2393523,0x19B50007,1,FALSE logic
LOW_VOLTAGE_W,946688493.2393523,0x19B50007,1,FALSE logic
HIGH_CURRENT_W,946688493.2393523,0x19B50007,1,FALSE logic
HIGH_TEMPERATURE_W,946688493.2393523,0x19B50007,1,FALSE logic
CELL_OVERHEAT,946688493.2393523,0x19B50007,1,FALSE logic
NO_CURRENT_SENSOR,946688493.2393523,0x19B50007,1,FALSE logic
PACK_UNDER_VOLTAGE,946688493.2393523,0x19B50007,1,FALSE logic
VALIDITY,946688493.2393523,0x19B50007,1,39 state
APPS_RANGE_ERROR,946688493.3389001,0x18FF1515,1,"FALSE 0 no Error, 1 Error"
SAFETY_OK,946688493.3389001,0x18FF1515,1,"FALSE 0 no Error, 1 Error"
BRAKE,946688493.3389001,0x18FF1515,1,"0 1 noBrake, 2 Brake"
VCU_STATE,946688493.3389001,0x18FF1515,1,0
APS_PERC,946688493.3389001,0x18FF1515,1,"2.56 porcentagem pedal, precisão de 2 casas decimais"
APPS_RANGE_ERROR,946688493.4388909,0x18FF1515,1,"FALSE 0 no Error, 1 Error"
SAFETY_OK,946688493.4388909,0x18FF1515,1,"FALSE 0 no Error, 1 Error"
BRAKE,946688493.4388909,0x18FF1515,1,"0 1 noBrake, 2 Brake"
VCU_STATE,946688493.4388909,0x18FF1515,1,0
APS_PERC,946688493.4388909,0x18FF1515,1,"2.56 porcentagem pedal, precisão de 2 casas decimais"
UNDER_VOLTAGE,946688493.4507722,0x19B50007,1,FALSE logic
OVER_VOLTAGE,946688493.4507722,0x19B50007,1,FALSE logic
DISCHARGE_OVER_CURRENT,946688493.4507722,0x19B50007,1,FALSE logic
CHARGE_OVER_CURRENT,946688493.4507722,0x19B50007,1,FALSE logic
CELL_MODULE_OVERHEAT,946688493.4507722,0x19B50007,1,FALSE logic
LEAKAGE,946688493.4507722,0x19B50007,1,FALSE logic
NO_CELL_COMMUNICATION,946688493.4507722,0x19B50007,1,FALSE logic
LOW_VOLTAGE_W,946688493.4507722,0x19B50007,1,FALSE logic
HIGH_CURRENT_W,946688493.4507722,0x19B50007,1,FALSE logic
HIGH_TEMPERATURE_W,946688493.4507722,0x19B50007,1,FALSE logic
CELL_OVERHEAT,946688493.4507722,0x19B50007,1,FALSE logic
NO_CURRENT_SENSOR,946688493.4507722,0x19B50007,1,FALSE logic
PACK_UNDER_VOLTAGE,946688493.4507722,0x19B50007,1,FALSE logic
VALIDITY,946688493.4507722,0x19B50007,1,39 state
APPS_RANGE_ERROR,946688493.5388972,0x18FF1515,1,"FALSE 0 no Error, 1 Error"
SAFETY_OK,946688493.5388972,0x18FF1515,1,"FALSE 0 no Error, 1 Error"
BRAKE,946688493.5388972,0x18FF1515,1,"0 1 noBrake, 2 Brake"
VCU_STATE,946688493.5388972,0x18FF1515,1,0
APS_PERC,946688493.5388972,0x18FF1515,1,"2.56 porcentagem pedal, precisão de 2 casas decimais"
APPS_RANGE_ERROR,946688493.6388823,0x18FF1515,1,"FALSE 0 no Error, 1 Error"
SAFETY_OK,946688493.6388823,0x18FF1515,1,"FALSE 0 no Error, 1 Error"
BRAKE,946688493.6388823,0x18FF1515,1,"0 1 noBrake, 2 Brake"
VCU_STATE,946688493.6388823,0x18FF1515,1,0
APS_PERC,946688493.6388823,0x18FF1515,1,"2.56 porcentagem pedal, precisão de 2 casas decimais"
UNDER_VOLTAGE,946688493.6481264,0x19B50007,1,FALSE logic
OVER_VOLTAGE,946688493.6481264,0x19B50007,1,FALSE logic
DISCHARGE_OVER_CURRENT,946688493.6481264,0x19B50007,1,FALSE logic
CHARGE_OVER_CURRENT,946688493.6481264,0x19B50007,1,FALSE logic
CELL_MODULE_OVERHEAT,946688493.6481264,0x19B50007,1,FALSE logic
LEAKAGE,946688493.6481264,0x19B50007,1,FALSE logic
NO_CELL_COMMUNICATION,946688493.6481264,0x19B50007,1,FALSE logic
LOW_VOLTAGE_W,946688493.6481264,0x19B50007,1,FALSE logic
HIGH_CURRENT_W,946688493.6481264,0x19B50007,1,FALSE logic
HIGH_TEMPERATURE_W,946688493.6481264,0x19B50007,1,FALSE logic
CELL_OVERHEAT,946688493.6481264,0x19B50007,1,FALSE logic
NO_CURRENT_SENSOR,946688493.6481264,0x19B50007,1,FALSE logic
PACK_UNDER_VOLTAGE,946688493.6481264,0x19B50007,1,FALSE logic
VALIDITY,946688493.6481264,0x19B50007,1,39 state
APPS_RANGE_ERROR,946688493.7388835,0x18FF1515,1,"FALSE 0 no Error, 1 Error"
SAFETY_OK,946688493.7388835,0x18FF1515,1,"FALSE 0 no Error, 1 Error"
BRAKE,946688493.7388835,0x18FF1515,1,"0 1 noBrake, 2 Brake"
VCU_STATE,946688493.7388835,0x18FF1515,1,0
APS_PERC,946688493.7388835,0x18FF1515,1,"2.56 porcentagem pedal, precisão de 2 casas decimais"
APPS_RANGE_ERROR,946688493.8388886,0x18FF1515,1,"FALSE 0 no Error, 1 Error"
SAFETY_OK,946688493.8388886,0x18FF1515,1,"FALSE 0 no Error, 1 Error"
BRAKE,946688493.8388886,0x18FF1515,1,"0 1 noBrake, 2 Brake"
VCU_STATE,946688493.8388886,0x18FF1515,1,0
APS_PERC,946688493.8388886,0x18FF1515,1,"2.56 porcentagem pedal, precisão de 2 casas decimais"
UNDER_VOLTAGE,946688493.8512334,0x19B50007,1,FALSE logic
OVER_VOLTAGE,946688493.8512334,0x19B50007,1,FALSE logic
DISCHARGE_OVER_CURRENT,946688493.8512334,0x19B50007,1,FALSE logic
CHARGE_OVER_CURRENT,946688493.8512334,0x19B50007,1,FALSE logic
CELL_MODULE_OVERHEAT,946688493.8512334,0x19B50007,1,FALSE logic
LEAKAGE,946688493.8512334,0x19B50007,1,FALSE logic
NO_CELL_COMMUNICATION,946688493.8512334,0x19B50007,1,FALSE logic
LOW_VOLTAGE_W,946688493.8512334,0x19B50007,1,FALSE logic
HIGH_CURRENT_W,946688493.8512334,0x19B50007,1,FALSE logic
HIGH_TEMPERATURE_W,946688493.8512334,0x19B50007,1,FALSE logic
CELL_OVERHEAT,946688493.8512334,0x19B50007,1,FALSE logic
NO_CURRENT_SENSOR,946688493.8512334,0x19B50007,1,FALSE logic
PACK_UNDER_VOLTAGE,946688493.8512334,0x19B50007,1,FALSE logic
VALIDITY,946688493.8512334,0x19B50007,1,39 state
APPS_RANGE_ERROR,946688493.9388783,0x18FF1515,1,"FALSE 0 no Error, 1 Error"
SAFETY_OK,946688493.9388783,0x18FF1515,1,"FALSE 0 no Error, 1 Error"
BRAKE,946688493.9388783,0x18FF1515,1,"0 1 noBrake, 2 Brake"
VCU_STATE,946688493.9388783,0x18FF1515,1,0
APS_PERC,946688493.9388783,0x18FF1515,1,"2.56 porcentagem pedal, precisão de 2 casas decimais"
APPS_RANGE_ERROR,946688494.038883,0x18FF1515,1,"FALSE 0 no Error, 1 Error"
SAFETY_OK,946688494.038883,0x18FF1515,1,"FALSE 0 no Error, 1 Error"
BRAKE,946688494.038883,0x18FF1515,1,"0 1 noBrake, 2 Brake"
VCU_STATE,946688494.038883,0x18FF1515,1,0
APS_PERC,946688494.038883,0x18FF1515,1,"2.56 porcentagem pedal, precisão de 2 casas decimais"
UNDER_VOLTAGE,946688494.0401589,0x19B50007,1,FALSE logic
OVER_VOLTAGE,946688494.0401589,0x19B50007,1,FALSE logic
DISCHARGE_OVER_CURRENT,946688494.0401589,0x19B50007,1,FALSE logic
CHARGE_OVER_CURRENT,946688494.0401589,0x19B50007,1,FALSE logic
CELL_MODULE_OVERHEAT,946688494.0401589,0x19B50007,1,FALSE logic
LEAKAGE,946688494.0401589,0x19B50007,1,FALSE logic
NO_CELL_COMMUNICATION,946688494.0401589,0x19B50007,1,FALSE logic
LOW_VOLTAGE_W,946688494.0401589,0x19B50007,1,FALSE logic
HIGH_CURRENT_W,946688494.0401589,0x19B50007,1,FALSE logic
HIGH_TEMPERATURE_W,946688494.0401589,0x19B50007,1,FALSE logic
CELL_OVERHEAT,946688494.0401589,0x19B50007,1,FALSE logic
NO_CURRENT_SENSOR,946688494.0401589,0x19B50007,1,FALSE logic
PACK_UNDER_VOLTAGE,946688494.0401589,0x19B50007,1,FALSE logic
VALIDITY,946688494.0401589,0x19B50007,1,39 state
APPS_RANGE_ERROR,946688494.1388787,0x18FF1515,1,"FALSE 0 no Error, 1 Error"
SAFETY_OK,946688494.1388787,0x18FF1515,1,"FALSE 0 no Error, 1 Error"
BRAKE,946688494.1388787,0x18FF1515,1,"0 1 noBrake, 2 Brake"
VCU_STATE,946688494.1388787,0x18FF1515,1,0
APS_PERC,946688494.1388787,0x18FF1515,1,"2.56 porcentagem pedal, precisão de 2 casas decimais"
APPS_RANGE_ERROR,946688494.2388854,0x18FF1515,1,"FALSE 0 no Error, 1 Error"
SAFETY_OK,946688494.2388854,0x18FF1515,1,"FALSE 0 no Error, 1 Error"
BRAKE,946688494.2388854,0x18FF1515,1,"0 1 noBrake, 2 Brake"
VCU_STATE,946688494.2388854,0x18FF1515,1,0
APS_PERC,946688494.2388854,0x18FF1515,1,"2.56 porcentagem pedal, precisão de 2 casas decimais"
UNDER_VOLTAGE,946688494.2465163,0x19B50007,1,FALSE logic
OVER_VOLTAGE,946688494.2465163,0x19B50007,1,FALSE logic
DISCHARGE_OVER_CURRENT,946688494.2465163,0x19B50007,1,FALSE logic
CHARGE_OVER_CURRENT,946688494.2465163,0x19B50007,1,FALSE logic
CELL_MODULE_OVERHEAT,946688494.2465163,0x19B50007,1,FALSE logic
LEAKAGE,946688494.2465163,0x19B50007,1,FALSE logic
NO_CELL_COMMUNICATION,946688494.2465163,0x19B50007,1,FALSE logic
LOW_VOLTAGE_W,946688494.2465163,0x19B50007,1,FALSE logic
HIGH_CURRENT_W,946688494.2465163,0x19B50007,1,FALSE logic
HIGH_TEMPERATURE_W,946688494.2465163,0x19B50007,1,FALSE logic
CELL_OVERHEAT,946688494.2465163,0x19B50007,1,FALSE logic
NO_CURRENT_SENSOR,946688494.2465163,0x19B50007,1,FALSE logic
PACK_UNDER_VOLTAGE,946688494.2465163,0x19B50007,1,FALSE logic
VALIDITY,946688494.2465163,0x19B50007,1,39 state
APPS_RANGE_ERROR,946688494.3388789,0x18FF1515,1,"FALSE 0 no Error, 1 Error"
SAFETY_OK,946688494.3388789,0x18FF1515,1,"FALSE 0 no Error, 1 Error"
BRAKE,946688494.3388789,0x18FF1515,1,"0 1 noBrake, 2 Brake"
VCU_STATE,946688494.3388789,0x18FF1515,1,0
APS_PERC,946688494.3388789,0x18FF1515,1,"2.56 porcentagem pedal, precisão de 2 casas decimais"
APPS_RANGE_ERROR,946688494.4388748,0x18FF1515,1,"FALSE 0 no Error, 1 Error"
SAFETY_OK,946688494.4388748,0x18FF1515,1,"FALSE 0 no Error, 1 Error"
BRAKE,946688494.4388748,0x18FF1515,1,"0 1 noBrake, 2 Brake"
VCU_STATE,946688494.4388748,0x18FF1515,1,0
APS_PERC,946688494.4388748,0x18FF1515,1,"2.56 porcentagem pedal, precisão de 2 casas decimais"
UNDER_VOLTAGE,946688494.4400829,0x19B50007,1,FALSE logic
OVER_VOLTAGE,946688494.4400829,0x19B50007,1,FALSE logic
DISCHARGE_OVER_CURRENT,946688494.4400829,0x19B50007,1,FALSE logic
CHARGE_OVER_CURRENT,946688494.4400829,0x19B50007,1,FALSE logic
CELL_MODULE_OVERHEAT,946688494.4400829,0x19B50007,1,FALSE logic
LEAKAGE,946688494.4400829,0x19B50007,1,FALSE logic
NO_CELL_COMMUNICATION,946688494.4400829,0x19B50007,1,FALSE logic
LOW_VOLTAGE_W,946688494.4400829,0x19B50007,1,FALSE logic
HIGH_CURRENT_W,946688494.4400829,0x19B50007,1,FALSE logic
HIGH_TEMPERATURE_W,946688494.4400829,0x19B50007,1,FALSE logic
CELL_OVERHEAT,946688494.4400829,0x19B50007,1,FALSE logic
NO_CURRENT_SENSOR,946688494.4400829,0x19B50007,1,FALSE logic
PACK_UNDER_VOLTAGE,946688494.4400829,0x19B50007,1,FALSE logic
VALIDITY,946688494.4400829,0x19B50007,1,39 state
APPS_RANGE_ERROR,946688494.5388749,0x18FF1515,1,"FALSE 0 no Error, 1 Error"
SAFETY_OK,946688494.5388749,0x18FF1515,1,"FALSE 0 no Error, 1 Error"
BRAKE,946688494.5388749,0x18FF1515,1,"0 1 noBrake, 2 Brake"
VCU_STATE,946688494.5388749,0x18FF1515,1,0
APS_PERC,946688494.5388749,0x18FF1515,1,"2.56 porcentagem pedal, precisão de 2 casas decimais"
APPS_RANGE_ERROR,946688494.6388798,0x18FF1515,1,"FALSE 0 no Error, 1 Error"
SAFETY_OK,946688494.6388798,0x18FF1515,1,"FALSE 0 no Error, 1 Error"
BRAKE,946688494.6388798,0x18FF1515,1,"0 1 noBrake, 2 Brake"
VCU_STATE,946688494.6388798,0x18FF1515,1,0
APS_PERC,946688494.6388798,0x18FF1515,1,"2.56 porcentagem pedal, precisão de 2 casas decimais"
UNDER_VOLTAGE,946688494.644276,0x19B50007,1,FALSE logic
OVER_VOLTAGE,946688494.644276,0x19B50007,1,FALSE logic
DISCHARGE_OVER_CURRENT,946688494.644276,0x19B50007,1,FALSE logic
CHARGE_OVER_CURRENT,946688494.644276,0x19B50007,1,FALSE logic
CELL_MODULE_OVERHEAT,946688494.644276,0x19B50007,1,FALSE logic
LEAKAGE,946688494.644276,0x19B50007,1,FALSE logic
NO_CELL_COMMUNICATION,946688494.644276,0x19B50007,1,FALSE logic
LOW_VOLTAGE_W,946688494.644276,0x19B50007,1,FALSE logic
HIGH_CURRENT_W,946688494.644276,0x19B50007,1,FALSE logic
HIGH_TEMPERATURE_W,946688494.644276,0x19B50007,1,FALSE logic
CELL_OVERHEAT,946688494.644276,0x19B50007,1,FALSE logic
NO_CURRENT_SENSOR,946688494.644276,0x19B50007,1,FALSE logic
PACK_UNDER_VOLTAGE,946688494.644276,0x19B50007,1,FALSE logic
VALIDITY,946688494.644276,0x19B50007,1,39 state
TCELL_0,946688494.6621648,0x19B50800,1,-100.00 °C
TCELL_0,946688494.6627452,0x19B50800,1,28.00 °C
TCELL_1,946688494.6627452,0x19B50800,1,28.00 °C
TCELL_2,946688494.6627452,0x19B50800,1,28.00 °C
TCELL_3,946688494.6627452,0x19B50800,1,28.00 °C
TCELL_4,946688494.6627452,0x19B50800,1,28.00 °C
TCELL_5,946688494.6627452,0x19B50800,1,155.00 °C
TCELL_6,946688494.6627452,0x19B50800,1,155.00 °C
TCELL_7,946688494.6627452,0x19B50800,1,155.00 °C
TCELL_8,946688494.6753498,0x19B50801,1,155.00 °C
TCELL_9,946688494.6753498,0x19B50801,1,155.00 °C
TCELL_10,946688494.6753498,0x19B50801,1,155.00 °C
TCELL_11,946688494.6753498,0x19B50801,1,155.00 °C
TCELL_12,946688494.6753498,0x19B50801,1,155.00 °C
TCELL_13,946688494.6753498,0x19B50801,1,155.00 °C
TCELL_14,946688494.6753498,0x19B50801,1,155.00 °C
TCELL_15,946688494.6753498,0x19B50801,1,155.00 °C
TCELL_16,946688494.6877285,0x19B50802,1,28.00 °C
TCELL_17,946688494.6877285,0x19B50802,1,28.00 °C
TCELL_18,946688494.6877285,0x19B50802,1,28.00 °C
TCELL_19,946688494.6877285,0x19B50802,1,29.00 °C
TCELL_20,946688494.6877285,0x19B50802,1,28.00 °C
TCELL_21,946688494.6877285,0x19B50802,1,155.00 °C
TCELL_22,946688494.6877285,0x19B50802,1,155.00 °C
TCELL_23,946688494.6877285,0x19B50802,1,155.00 °C
TCELL_24,946688494.7011606,0x19B50803,1,155.00 °C
TCELL_25,946688494.7011606,0x19B50803,1,155.00 °C
TCELL_26,946688494.7011606,0x19B50803,1,155.00 °C
TCELL_27,946688494.7011606,0x19B50803,1,155.00 °C
TCELL_28,946688494.7011606,0x19B50803,1,155.00 °C
TCELL_29,946688494.7011606,0x19B50803,1,155.00 °C
TCELL_30,946688494.7011606,0x19B50803,1,155.00 °C
TCELL_31,946688494.7011606,0x19B50803,1,155.00 °C
APPS_RANGE_ERROR,946688494.7388732,0x18FF1515,1,"FALSE 0 no Error, 1 Error"
SAFETY_OK,946688494.7388732,0x18FF1515,1,"FALSE 0 no Error, 1 Error"
BRAKE,946688494.7388732,0x18FF1515,1,"0 1 noBrake, 2 Brake"
VCU_STATE,946688494.7388732,0x18FF1515,1,0
APS_PERC,946688494.7388732,0x18FF1515,1,"2.56 porcentagem pedal, precisão de 2 casas decimais"
APPS_RANGE_ERROR,946688494.8388739,0x18FF1515,1,"FALSE 0 no Error, 1 Error"
SAFETY_OK,946688494.8388739,0x18FF1515,1,"FALSE 0 no Error, 1 Error"
BRAKE,946688494.8388739,0x18FF1515,1,"0 1 noBrake, 2 Brake"
VCU_STATE,946688494.8388739,0x18FF1515,1,0
APS_PERC,946688494.8388739,0x18FF1515,1,"2.56 porcentagem pedal, precisão de 2 casas decimais"
UNDER_VOLTAGE,946688494.8487397,0x19B50007,1,FALSE logic
OVER_VOLTAGE,946688494.8487397,0x19B50007,1,FALSE logic
DISCHARGE_OVER_CURRENT,946688494.8487397,0x19B50007,1,FALSE logic
CHARGE_OVER_CURRENT,946688494.8487397,0x19B50007,1,FALSE logic
CELL_MODULE_OVERHEAT,946688494.8487397,0x19B50007,1,FALSE logic
LEAKAGE,946688494.8487397,0x19B50007,1,FALSE logic
NO_CELL_COMMUNICATION,946688494.8487397,0x19B50007,1,FALSE logic
LOW_VOLTAGE_W,946688494.8487397,0x19B50007,1,FALSE logic
HIGH_CURRENT_W,946688494.8487397,0x19B50007,1,FALSE logic
HIGH_TEMPERATURE_W,946688494.8487397,0x19B50007,1,FALSE logic
CELL_OVERHEAT,946688494.8487397,0x19B50007,1,FALSE logic
NO_CURRENT_SENSOR,946688494.8487397,0x19B50007,1,FALSE logic
PACK_UNDER_VOLTAGE,946688494.8487397,0x19B50007,1,FALSE logic
VALIDITY,946688494.8487397,0x19B50007,1,39 state
APPS_RANGE_ERROR,946688494.938884,0x18FF1515,1,"FALSE 0 no Error, 1 Error"
SAFETY_OK,946688494.938884,0x18FF1515,1,"FALSE 0 no Error, 1 Error"
BRAKE,946688494.938884,0x18FF1515,1,"0 1 noBrake, 2 Brake"
VCU_STATE,946688494.938884,0x18FF1515,1,0
APS_PERC,946688494.938884,0x18FF1515,1,"2.56 porcentagem pedal, precisão de 2 casas decimais"
APPS_RANGE_ERROR,946688495.0388712,0x18FF1515,1,"FALSE 0 no Error, 1 Error"
SAFETY_OK,946688495.0388712,0x18FF1515,1,"FALSE 0 no Error, 1 Error"
BRAKE,946688495.0388712,0x18FF1515,1,"0 1 noBrake, 2 Brake"
VCU_STATE,946688495.0388712,0x18FF1515,1,0
APS_PERC,946688495.0388712,0x18FF1515,1,"2.56 porcentagem pedal, precisão de 2 casas decimais"
UNDER_VOLTAGE,946688495.0431119,0x19B50007,1,FALSE logic
OVER_VOLTAGE,946688495.0431119,0x19B50007,1,FALSE logic
DISCHARGE_OVER_CURRENT,946688495.0431119,0x19B50007,1,FALSE logic
CHARGE_OVER_CURRENT,946688495.0431119,0x19B50007,1,FALSE logic
CELL_MODULE_OVERHEAT,946688495.0431119,0x19B50007,1,FALSE logic
LEAKAGE,946688495.0431119,0x19B50007,1,FALSE logic
NO_CELL_COMMUNICATION,946688495.0431119,0x19B50007,1,FALSE logic
LOW_VOLTAGE_W,946688495.0431119,0x19B50007,1,FALSE logic
HIGH_CURRENT_W,946688495.0431119,0x19B50007,1,FALSE logic
HIGH_TEMPERATURE_W,946688495.0431119,0x19B50007,1,FALSE logic
CELL_OVERHEAT,946688495.0431119,0x19B50007,1,FALSE logic
NO_CURRENT_SENSOR,946688495.0431119,0x19B50007,1,FALSE logic
PACK_UNDER_VOLTAGE,946688495.0431119,0x19B50007,1,FALSE logic
VALIDITY,946688495.0431119,0x19B50007,1,39 state
VCELL_0,946688495.1307455,0x19B50100,1,2.00 V
VCELL_0,946688495.1313313,0x19B50100,1,3.96 V
VCELL_1,946688495.1313313,0x19B50100,1,3.95 V
VCELL_2,946688495.1313313,0x19B50100,1,3.95 V
VCELL_3,946688495.1313313,0x19B50100,1,3.95 V
VCELL_4,946688495.1313313,0x19B50100,1,3.95 V
VCELL_5,946688495.1313313,0x19B50100,1,3.95 V
VCELL_6,946688495.1313313,0x19B50100,1,3.95 V
VCELL_7,946688495.1313313,0x19B50100,1,3.95 V
APPS_RANGE_ERROR,946688495.1388663,0x18FF1515,1,"FALSE 0 no Error, 1 Error"
SAFETY_OK,946688495.1388663,0x18FF1515,1,"FALSE 0 no Error, 1 Error"
BRAKE,946688495.1388663,0x18FF1515,1,"0 1 noBrake, 2 Brake"
VCU_STATE,946688495.1388663,0x18FF1515,1,0
APS_PERC,946688495.1388663,0x18FF1515,1,"2.56 porcentagem pedal, precisão de 2 casas decimais"
VCELL_8,946688495.1438587,0x19B50101,1,3.95 V
VCELL_9,946688495.1438587,0x19B50101,1,3.95 V
VCELL_10,946688495.1438587,0x19B50101,1,3.95 V
VCELL_11,946688495.1438587,0x19B50101,1,3.95 V
VCELL_12,946688495.1438587,0x19B50101,1,3.95 V
VCELL_13,946688495.1438587,0x19B50101,1,3.95 V
VCELL_14,946688495.1438587,0x19B50101,1,3.95 V
VCELL_15,946688495.1438587,0x19B50101,1,3.95 V
VCELL_16,946688495.1563746,0x19B50102,1,3.95 V
VCELL_17,946688495.1563746,0x19B50102,1,3.95 V
VCELL_18,946688495.1563746,0x19B50102,1,3.95 V
VCELL_19,946688495.1563746,0x19B50102,1,3.95 V
VCELL_20,946688495.1563746,0x19B50102,1,3.95 V
VCELL_21,946688495.1563746,0x19B50102,1,3.97 V
VCELL_22,946688495.1563746,0x19B50102,1,3.95 V
VCELL_23,946688495.1563746,0x19B50102,1,3.95 V
VCELL_24,946688495.1696118,0x19B50103,1,3.95 V
VCELL_25,946688495.1696118,0x19B50103,1,3.96 V
VCELL_26,946688495.1696118,0x19B50103,1,3.95 V
VCELL_27,946688495.1696118,0x19B50103,1,3.95 V
VCELL_28,946688495.1696118,0x19B50103,1,3.97 V
VCELL_29,946688495.1696118,0x19B50103,1,3.95 V
VCELL_30,946688495.1696118,0x19B50103,1,3.95 V
VCELL_31,946688495.1696118,0x19B50103,1,3.95 V
VCELL_32,946688495.1954088,0x19B50104,1,3.94 V
VCELL_33,946688495.1954088,0x19B50104,1,3.95 V
VCELL_34,946688495.1954088,0x19B50104,1,3.95 V
VCELL_35,946688495.1954088,0x19B50104,1,3.95 V
VCELL_36,946688495.1954088,0x19B50104,1,3.95 V
VCELL_37,946688495.1954088,0x19B50104,1,3.95 V
VCELL_38,946688495.1954088,0x19B50104,1,3.95 V
VCELL_39,946688495.1954088,0x19B50104,1,3.95 V
VCELL_40,946688495.2085887,0x19B50105,1,3.95 V
VCELL_41,946688495.2085887,0x19B50105,1,3.95 V
VCELL_42,946688495.2085887,0x19B50105,1,3.95 V
VCELL_43,946688495.2085887,0x19B50105,1,3.95 V
VCELL_44,946688495.2085887,0x19B50105,1,3.95 V
VCELL_45,946688495.2085887,0x19B50105,1,3.95 V
VCELL_46,946688495.2085887,0x19B50105,1,3.95 V
VCELL_47,946688495.2085887,0x19B50105,1,3.95 V
VCELL_48,946688495.2211509,0x19B50106,1,3.95 V
VCELL_49,946688495.2211509,0x19B50106,1,3.95 V
VCELL_50,946688495.2211509,0x19B50106,1,3.95 V
VCELL_51,946688495.2211509,0x19B50106,1,3.95 V
VCELL_52,946688495.2211509,0x19B50106,1,3.95 V
VCELL_53,946688495.2211509,0x19B50106,1,3.95 V
VCELL_54,946688495.2211509,0x19B50106,1,3.95 V
VCELL_55,946688495.2211509,0x19B50106,1,3.95 V
VCELL_56,946688495.2340991,0x19B50107,1,3.95 V
VCELL_57,946688495.2340991,0x19B50107,1,3.95 V
VCELL_58,946688495.2340991,0x19B50107,1,3.95 V
VCELL_59,946688495.2340991,0x19B50107,1,3.95 V
VCELL_60,946688495.2340991,0x19B50107,1,3.95 V
VCELL_61,946688495.2340991,0x19B50107,1,3.95 V
VCELL_62,946688495.2340991,0x19B50107,1,3.95 V
VCELL_63,946688495.2340991,0x19B50107,1,3.95 V
APPS_RANGE_ERROR,946688495.2388662,0x18FF1515,1,"FALSE 0 no Error, 1 Error"
SAFETY_OK,946688495.2388662,0x18FF1515,1,"FALSE 0 no Error, 1 Error"
BRAKE,946688495.2388662,0x18FF1515,1,"0 1 noBrake, 2 Brake"
VCU_STATE,946688495.2388662,0x18FF1515,1,0
APS_PERC,946688495.2388662,0x18FF1515,1,"2.56 porcentagem pedal, precisão de 2 casas decimais"
UNDER_VOLTAGE,946688495.2424552,0x19B50007,1,FALSE logic
OVER_VOLTAGE,946688495.2424552,0x19B50007,1,FALSE logic
DISCHARGE_OVER_CURRENT,946688495.2424552,0x19B50007,1,FALSE logic
CHARGE_OVER_CURRENT,946688495.2424552,0x19B50007,1,FALSE logic
CELL_MODULE_OVERHEAT,946688495.2424552,0x19B50007,1,FALSE logic
LEAKAGE,946688495.2424552,0x19B50007,1,FALSE logic
NO_CELL_COMMUNICATION,946688495.2424552,0x19B50007,1,FALSE logic
LOW_VOLTAGE_W,946688495.2424552,0x19B50007,1,FALSE logic
HIGH_CURRENT_W,946688495.2424552,0x19B50007,1,FALSE logic
HIGH_TEMPERATURE_W,946688495.2424552,0x19B50007,1,FALSE logic
CELL_OVERHEAT,946688495.2424552,0x19B50007,1,FALSE logic
NO_CURRENT_SENSOR,946688495.2424552,0x19B50007,1,FALSE logic
PACK_UNDER_VOLTAGE,946688495.2424552,0x19B50007,1,FALSE logic
VALIDITY,946688495.2424552,0x19B50007,1,39 state
VCELL_64,946688495.2598357,0x19B50108,1,3.92 V
VCELL_65,946688495.2598357,0x19B50108,1,3.94 V
VCELL_66,946688495.2598357,0x19B50108,1,3.95 V
VCELL_67,946688495.2598357,0x19B50108,1,3.95 V
VCELL_68,946688495.2598357,0x19B50108,1,3.96 V
VCELL_69,946688495.2598357,0x19B50108,1,3.96 V
VCELL_70,946688495.2598357,0x19B50108,1,3.94 V
VCELL_71,946688495.2598357,0x19B50108,1,3.95 V
VCELL_72,946688495.2835054,0x19B50109,1,3.97 V
VCELL_73,946688495.2835054,0x19B50109,1,3.95 V
VCELL_74,946688495.2835054,0x19B50109,1,3.95 V
VCELL_75,946688495.2835054,0x19B50109,1,3.96 V
VCELL_76,946688495.2835054,0x19B50109,1,3.94 V
VCELL_77,946688495.2835054,0x19B50109,1,3.95 V
VCELL_78,946688495.2835054,0x19B50109,1,3.95 V
VCELL_79,946688495.2835054,0x19B50109,1,3.95 V
VCELL_80,946688495.2988561,0x19B5010A,1,3.95 V
VCELL_81,946688495.2988561,0x19B5010A,1,3.95 V
VCELL_82,946688495.2988561,0x19B5010A,1,3.95 V
VCELL_83,946688495.2988561,0x19B5010A,1,3.95 V
VCELL_84,946688495.2988561,0x19B5010A,1,3.95 V
VCELL_85,946688495.2988561,0x19B5010A,1,3.95 V
VCELL_86,946688495.2988561,0x19B5010A,1,3.95 V
VCELL_87,946688495.2988561,0x19B5010A,1,3.95 V
VCELL_88,946688495.3114246,0x19B5010B,1,3.95 V
VCELL_89,946688495.3114246,0x19B5010B,1,3.95 V
VCELL_90,946688495.3114246,0x19B5010B,1,3.95 V
VCELL_91,946688495.3114246,0x19B5010B,1,3.98 V
VCELL_92,946688495.3114246,0x19B5010B,1,3.97 V
VCELL_93,946688495.3114246,0x19B5010B,1,3.95 V
VCELL_94,946688495.3114246,0x19B5010B,1,3.95 V
VCELL_95,946688495.3114246,0x19B5010B,1,3.95 V
APPS_RANGE_ERROR,946688495.3388643,0x18FF1515,1,"FALSE 0 no Error, 1 Error"
SAFETY_OK,946688495.3388643,0x18FF1515,1,"FALSE 0 no Error, 1 Error"
BRAKE,946688495.3388643,0x18FF1515,1,"0 1 noBrake, 2 Brake"
VCU_STATE,946688495.3388643,0x18FF1515,1,0
APS_PERC,946688495.3388643,0x18FF1515,1,"2.56 porcentagem pedal, precisão de 2 casas decimais"
UNDER_VOLTAGE,946688495.4367936,0x19B50007,1,FALSE logic
OVER_VOLTAGE,946688495.4367936,0x19B50007,1,FALSE logic
DISCHARGE_OVER_CURRENT,946688495.4367936,0x19B50007,1,FALSE logic
CHARGE_OVER_CURRENT,946688495.4367936,0x19B50007,1,FALSE logic
CELL_MODULE_OVERHEAT,946688495.4367936,0x19B50007,1,FALSE logic
LEAKAGE,946688495.4367936,0x19B50007,1,FALSE logic
NO_CELL_COMMUNICATION,946688495.4367936,0x19B50007,1,FALSE logic
LOW_VOLTAGE_W,946688495.4367936,0x19B50007,1,FALSE logic
HIGH_CURRENT_W,946688495.4367936,0x19B50007,1,FALSE logic
HIGH_TEMPERATURE_W,946688495.4367936,0x19B50007,1,FALSE logic
CELL_OVERHEAT,946688495.4367936,0x19B50007,1,FALSE logic
NO_CURRENT_SENSOR,946688495.4367936,0x19B50007,1,FALSE logic
PACK_UNDER_VOLTAGE,946688495.4367936,0x19B50007,1,FALSE logic
VALIDITY,946688495.4367936,0x19B50007,1,39 state
APPS_RANGE_ERROR,946688495.4389248,0x18FF1515,1,"FALSE 0 no Error, 1 Error"
SAFETY_OK,946688495.4389248,0x18FF1515,1,"FALSE 0 no Error, 1 Error"
BRAKE,946688495.4389248,0x18FF1515,1,"0 1 noBrake, 2 Brake"
VCU_STATE,946688495.4389248,0x18FF1515,1,0
APS_PERC,946688495.4389248,0x18FF1515,1,"2.56 porcentagem pedal, precisão de 2 casas decimais"
APPS_RANGE_ERROR,946688495.538882,0x18FF1515,1,"FALSE 0 no Error, 1 Error"
SAFETY_OK,946688495.538882,0x18FF1515,1,"FALSE 0 no Error, 1 Error"
BRAKE,946688495.538882,0x18FF1515,1,"0 1 noBrake, 2 Brake"
VCU_STATE,946688495.538882,0x18FF1515,1,0
APS_PERC,946688495.538882,0x18FF1515,1,"2.56 porcentagem pedal, precisão de 2 casas decimais"
APPS_RANGE_ERROR,946688495.638862,0x18FF1515,1,"FALSE 0 no Error, 1 Error"
SAFETY_OK,946688495.638862,0x18FF1515,1,"FALSE 0 no Error, 1 Error"
BRAKE,946688495.638862,0x18FF1515,1,"0 1 noBrake, 2 Brake"
VCU_STATE,946688495.638862,0x18FF1515,1,0
APS_PERC,946688495.638862,0x18FF1515,1,"2.56 porcentagem pedal, precisão de 2 casas decimais"
UNDER_VOLTAGE,946688495.6446023,0x19B50007,1,FALSE logic
OVER_VOLTAGE,946688495.6446023,0x19B50007,1,FALSE logic
DISCHARGE_OVER_CURRENT,946688495.6446023,0x19B50007,1,FALSE logic
CHARGE_OVER_CURRENT,946688495.6446023,0x19B50007,1,FALSE logic
CELL_MODULE_OVERHEAT,946688495.6446023,0x19B50007,1,FALSE logic
LEAKAGE,946688495.6446023,0x19B50007,1,FALSE logic
NO_CELL_COMMUNICATION,946688495.6446023,0x19B50007,1,FALSE logic
LOW_VOLTAGE_W,946688495.6446023,0x19B50007,1,FALSE logic
HIGH_CURRENT_W,946688495.6446023,0x19B50007,1,FALSE logic
HIGH_TEMPERATURE_W,946688495.6446023,0x19B50007,1,FALSE logic
CELL_OVERHEAT,946688495.6446023,0x19B50007,1,FALSE logic
NO_CURRENT_SENSOR,946688495.6446023,0x19B50007,1,FALSE logic
PACK_UNDER_VOLTAGE,946688495.6446023,0x19B50007,1,FALSE logic
VALIDITY,946688495.6446023,0x19B50007,1,39 state
APPS_RANGE_ERROR,946688495.7388626,0x18FF1515,1,"FALSE 0 no Error, 1 Error"
SAFETY_OK,946688495.7388626,0x18FF1515,1,"FALSE 0 no Error, 1 Error"
BRAKE,946688495.7388626,0x18FF1515,1,"0 1 noBrake, 2 Brake"
VCU_STATE,946688495.7388626,0x18FF1515,1,0
APS_PERC,946688495.7388626,0x18FF1515,1,"2.56 porcentagem pedal, precisão de 2 casas decimais"
APPS_RANGE_ERROR,946688495.8388611,0x18FF1515,1,"FALSE 0 no Error, 1 Error"
SAFETY_OK,946688495.8388611,0x18FF1515,1,"FALSE 0 no Error, 1 Error"
BRAKE,946688495.8388611,0x18FF1515,1,"0 1 noBrake, 2 Brake"
VCU_STATE,946688495.8388611,0x18FF1515,1,0
APS_PERC,946688495.8388611,0x18FF1515,1,"2.56 porcentagem pedal, precisão de 2 casas decimais"
UNDER_VOLTAGE,946688495.8675038,0x19B50007,1,FALSE logic
OVER_VOLTAGE,946688495.8675038,0x19B50007,1,FALSE logic
DISCHARGE_OVER_CURRENT,946688495.8675038,0x19B50007,1,FALSE logic
CHARGE_OVER_CURRENT,946688495.8675038,0x19B50007,1,FALSE logic
CELL_MODULE_OVERHEAT,946688495.8675038,0x19B50007,1,FALSE logic
LEAKAGE,946688495.8675038,0x19B50007,1,FALSE logic
NO_CELL_COMMUNICATION,946688495.8675038,0x19B50007,1,FALSE logic
LOW_VOLTAGE_W,946688495.8675038,0x19B50007,1,FALSE logic
HIGH_CURRENT_W,946688495.8675038,0x19B50007,1,FALSE logic
HIGH_TEMPERATURE_W,946688495.8675038,0x19B50007,1,FALSE logic
CELL_OVERHEAT,946688495.8675038,0x19B50007,1,FALSE logic
NO_CURRENT_SENSOR,946688495.8675038,0x19B50007,1,FALSE logic
PACK_UNDER_VOLTAGE,946688495.8675038,0x19B50007,1,FALSE logic
VALIDITY,946688495.8675038,0x19B50007,1,39 state
APPS_RANGE_ERROR,946688495.9388602,0x18FF1515,1,"FALSE 0 no Error, 1 Error"
SAFETY_OK,946688495.9388602,0x18FF1515,1,"FALSE 0 no Error, 1 Error"
BRAKE,946688495.9388602,0x18FF1515,1,"0 1 noBrake, 2 Brake"
VCU_STATE,946688495.9388602,0x18FF1515,1,0
APS_PERC,946688495.9388602,0x18FF1515,1,"2.56 porcentagem pedal, precisão de 2 casas decimais"
UNDER_VOLTAGE,946688496.0363591,0x19B50007,1,FALSE logic
OVER_VOLTAGE,946688496.0363591,0x19B50007,1,FALSE logic
DISCHARGE_OVER_CURRENT,946688496.0363591,0x19B50007,1,FALSE logic
CHARGE_OVER_CURRENT,946688496.0363591,0x19B50007,1,FALSE logic
CELL_MODULE_OVERHEAT,946688496.0363591,0x19B50007,1,FALSE logic
LEAKAGE,946688496.0363591,0x19B50007,1,FALSE logic
NO_CELL_COMMUNICATION,946688496.0363591,0x19B50007,1,FALSE logic
LOW_VOLTAGE_W,946688496.0363591,0x19B50007,1,FALSE logic
HIGH_CURRENT_W,946688496.0363591,0x19B50007,1,FALSE logic
HIGH_TEMPERATURE_W,946688496.0363591,0x19B50007,1,FALSE logic
CELL_OVERHEAT,946688496.0363591,0x19B50007,1,FALSE logic
NO_CURRENT_SENSOR,946688496.0363591,0x19B50007,1,FALSE logic
PACK_UNDER_VOLTAGE,946688496.0363591,0x19B50007,1,FALSE logic
VALIDITY,946688496.0363591,0x19B50007,1,39 state
APPS_RANGE_ERROR,946688496.0388576,0x18FF1515,1,"FALSE 0 no Error, 1 Error"
SAFETY_OK,946688496.0388576,0x18FF1515,1,"FALSE 0 no Error, 1 Error"
BRAKE,946688496.0388576,0x18FF1515,1,"0 1 noBrake, 2 Brake"
VCU_STATE,946688496.0388576,0x18FF1515,1,0
APS_PERC,946688496.0388576,0x18FF1515,1,"2.56 porcentagem pedal, precisão de 2 casas decimais"
APPS_RANGE_ERROR,946688496.1388718,0x18FF1515,1,"FALSE 0 no Error, 1 Error"
SAFETY_OK,946688496.1388718,0x18FF1515,1,"FALSE 0 no Error, 1 Error"
BRAKE,946688496.1388718,0x18FF1515,1,"0 1 noBrake, 2 Brake"
VCU_STATE,946688496.1388718,0x18FF1515,1,0
APS_PERC,946688496.1388718,0x18FF1515,1,"2.56 porcentagem pedal, precisão de 2 casas decimais"
APPS_RANGE_ERROR,946688496.2388695,0x18FF1515,1,"FALSE 0 no Error, 1 Error"
SAFETY_OK,946688496.2388695,0x18FF1515,1,"FALSE 0 no Error, 1 Error"
BRAKE,946688496.2388695,0x18FF1515,1,"0 1 noBrake, 2 Brake"
VCU_STATE,946688496.2388695,0x18FF1515,1,0
APS_PERC,946688496.2388695,0x18FF1515,1,"2.56 porcentagem pedal, precisão de 2 casas decimais"
UNDER_VOLTAGE,946688496.2435628,0x19B50007,1,FALSE logic
OVER_VOLTAGE,946688496.2435628,0x19B50007,1,FALSE logic
DISCHARGE_OVER_CURRENT,946688496.2435628,0x19B50007,1,FALSE logic
CHARGE_OVER_CURRENT,946688496.2435628,0x19B50007,1,FALSE logic
CELL_MODULE_OVERHEAT,946688496.2435628,0x19B50007,1,FALSE logic
LEAKAGE,946688496.2435628,0x19B50007,1,FALSE logic
NO_CELL_COMMUNICATION,946688496.2435628,0x19B50007,1,FALSE logic
LOW_VOLTAGE_W,946688496.2435628,0x19B50007,1,FALSE logic
HIGH_CURRENT_W,946688496.2435628,0x19B50007,1,FALSE logic
HIGH_TEMPERATURE_W,946688496.2435628,0x19B50007,1,FALSE logic
CELL_OVERHEAT,946688496.2435628,0x19B50007,1,FALSE logic
NO_CURRENT_SENSOR,946688496.2435628,0x19B50007,1,FALSE logic
PACK_UNDER_VOLTAGE,946688496.2435628,0x19B50007,1,FALSE logic
VALIDITY,946688496.2435628,0x19B50007,1,39 state
APPS_RANGE_ERROR,946688496.3388605,0x18FF1515,1,"FALSE 0 no Error, 1 Error"
SAFETY_OK,946688496.3388605,0x18FF1515,1,"FALSE 0 no Error, 1 Error"
BRAKE,946688496.3388605,0x18FF1515,1,"0 1 noBrake, 2 Brake"
VCU_STATE,946688496.3388605,0x18FF1515,1,0
APS_PERC,946688496.3388605,0x18FF1515,1,"2.56 porcentagem pedal, precisão de 2 casas decimais"
UNDER_VOLTAGE,946688496.4345996,0x19B50007,1,FALSE logic
OVER_VOLTAGE,946688496.4345996,0x19B50007,1,FALSE logic
DISCHARGE_OVER_CURRENT,946688496.4345996,0x19B50007,1,FALSE logic
CHARGE_OVER_CURRENT,946688496.4345996,0x19B50007,1,FALSE logic
CELL_MODULE_OVERHEAT,946688496.4345996,0x19B50007,1,FALSE logic
LEAKAGE,946688496.4345996,0x19B50007,1,FALSE logic
NO_CELL_COMMUNICATION,946688496.4345996,0x19B50007,1,FALSE logic
LOW_VOLTAGE_W,946688496.4345996,0x19B50007,1,FALSE logic
HIGH_CURRENT_W,946688496.4345996,0x19B50007,1,FALSE logic
HIGH_TEMPERATURE_W,946688496.4345996,0x19B50007,1,FALSE logic
CELL_OVERHEAT,946688496.4345996,0x19B50007,1,FALSE logic
NO_CURRENT_SENSOR,946688496.4345996,0x19B50007,1,FALSE logic
PACK_UNDER_VOLTAGE,946688496.4345996,0x19B50007,1,FALSE logic
VALIDITY,946688496.4345996,0x19B50007,1,39 state
APPS_RANGE_ERROR,946688496.4388415,0x18FF1515,1,"FALSE 0 no Error, 1 Error"
SAFETY_OK,946688496.4388415,0x18FF1515,1,"FALSE 0 no Error, 1 Error"
BRAKE,946688496.4388415,0x18FF1515,1,"0 1 noBrake, 2 Brake"
VCU_STATE,946688496.4388415,0x18FF1515,1,0
APS_PERC,946688496.4388415,0x18FF1515,1,"2.56 porcentagem pedal, precisão de 2 casas decimais"
APPS_RANGE_ERROR,946688496.5388747,0x18FF1515,1,"FALSE 0 no Error, 1 Error"
SAFETY_OK,946688496.5388747,0x18FF1515,1,"FALSE 0 no Error, 1 Error"
BRAKE,946688496.5388747,0x18FF1515,1,"0 1 noBrake, 2 Brake"
VCU_STATE,946688496.5388747,0x18FF1515,1,0
APS_PERC,946688496.5388747,0x18FF1515,1,"2.56 porcentagem pedal, precisão de 2 casas decimais"
TCELL_0,946688496.5402617,0x19B50800,1,-100.00 °C
TCELL_0,946688496.5407803,0x19B50800,1,28.00 °C
TCELL_1,946688496.5407803,0x19B50800,1,28.00 °C
TCELL_2,946688496.5407803,0x19B50800,1,28.00 °C
TCELL_3,946688496.5407803,0x19B50800,1,28.00 °C
TCELL_4,946688496.5407803,0x19B50800,1,28.00 °C
TCELL_5,946688496.5407803,0x19B50800,1,155.00 °C
TCELL_6,946688496.5407803,0x19B50800,1,155.00 °C
TCELL_7,946688496.5407803,0x19B50800,1,155.00 °C
TCELL_8,946688496.5805876,0x19B50801,1,155.00 °C
TCELL_9,946688496.5805876,0x19B50801,1,155.00 °C
TCELL_10,946688496.5805876,0x19B50801,1,155.00 °C
TCELL_11,946688496.5805876,0x19B50801,1,155.00 °C
TCELL_12,946688496.5805876,0x19B50801,1,155.00 °C
TCELL_13,946688496.5805876,0x19B50801,1,155.00 °C
TCELL_14,946688496.5805876,0x19B50801,1,155.00 °C
TCELL_15,946688496.5805876,0x19B50801,1,155.00 °C
TCELL_16,946688496.5934552,0x19B50802,1,28.00 °C
TCELL_17,946688496.5934552,0x19B50802,1,28.00 °C
TCELL_18,946688496.5934552,0x19B50802,1,28.00 °C
TCELL_19,946688496.5934552,0x19B50802,1,29.00 °C
TCELL_20,946688496.5934552,0x19B50802,1,28.00 °C
TCELL_21,946688496.5934552,0x19B50802,1,155.00 °C
TCELL_22,946688496.5934552,0x19B50802,1,155.00 °C
TCELL_23,946688496.5934552,0x19B50802,1,155.00 °C
TCELL_24,946688496.6082063,0x19B50803,1,155.00 °C
TCELL_25,946688496.6082063,0x19B50803,1,155.00 °C
TCELL_26,946688496.6082063,0x19B50803,1,155.00 °C
TCELL_27,946688496.6082063,0x19B50803,1,155.00 °C
TCELL_28,946688496.6082063,0x19B50803,1,155.00 °C
TCELL_29,946688496.6082063,0x19B50803,1,155.00 °C
TCELL_30,946688496.6082063,0x19B50803,1,155.00 °C
TCELL_31,946688496.6082063,0x19B50803,1,155.00 °C
UNDER_VOLTAGE,946688496.6385896,0x19B50007,1,FALSE logic
OVER_VOLTAGE,946688496.6385896,0x19B50007,1,FALSE logic
DISCHARGE_OVER_CURRENT,946688496.6385896,0x19B50007,1,FALSE logic
CHARGE_OVER_CURRENT,946688496.6385896,0x19B50007,1,FALSE logic
CELL_MODULE_OVERHEAT,946688496.6385896,0x19B50007,1,FALSE logic
LEAKAGE,946688496.6385896,0x19B50007,1,FALSE logic
NO_CELL_COMMUNICATION,946688496.6385896,0x19B50007,1,FALSE logic
LOW_VOLTAGE_W,946688496.6385896,0x19B50007,1,FALSE logic
HIGH_CURRENT_W,946688496.6385896,0x19B50007,1,FALSE logic
HIGH_TEMPERATURE_W,946688496.6385896,0x19B50007,1,FALSE logic
CELL_OVERHEAT,946688496.6385896,0x19B50007,1,FALSE logic
NO_CURRENT_SENSOR,946688496.6385896,0x19B50007,1,FALSE logic
PACK_UNDER_VOLTAGE,946688496.6385896,0x19B50007,1,FALSE logic
VALIDITY,946688496.6385896,0x19B50007,1,39 state
APPS_RANGE_ERROR,946688496.6388966,0x18FF1515,1,"FALSE 0 no Error, 1 Error"
SAFETY_OK,946688496.6388966,0x18FF1515,1,"FALSE 0 no Error, 1 Error"
BRAKE,946688496.6388966,0x18FF1515,1,"0 1 noBrake, 2 Brake"
VCU_STATE,946688496.6388966,0x18FF1515,1,0
APS_PERC,946688496.6388966,0x18FF1515,1,"2.56 porcentagem pedal, precisão de 2 casas decimais"
APPS_RANGE_ERROR,946688496.738859,0x18FF1515,1,"FALSE 0 no Error, 1 Error"
SAFETY_OK,946688496.738859,0x18FF1515,1,"FALSE 0 no Error, 1 Error"
BRAKE,946688496.738859,0x18FF1515,1,"0 1 noBrake, 2 Brake"
VCU_STATE,946688496.738859,0x18FF1515,1,0
APS_PERC,946688496.738859,0x18FF1515,1,"2.56 porcentagem pedal, precisão de 2 casas decimais"
APPS_RANGE_ERROR,946688496.8388861,0x18FF1515,1,"FALSE 0 no Error, 1 Error"
SAFETY_OK,946688496.8388861,0x18FF1515,1,"FALSE 0 no Error, 1 Error"
BRAKE,946688496.8388861,0x18FF1515,1,"0 1 noBrake, 2 Brake"
VCU_STATE,946688496.8388861,0x18FF1515,1,0
APS_PERC,946688496.8388861,0x18FF1515,1,"2.56 porcentagem pedal, precisão de 2 casas decimais"
UNDER_VOLTAGE,946688496.8644322,0x19B50007,1,FALSE logic
OVER_VOLTAGE,946688496.8644322,0x19B50007,1,FALSE logic
DISCHARGE_OVER_CURRENT,946688496.8644322,0x19B50007,1,FALSE logic
CHARGE_OVER_CURRENT,946688496.8644322,0x19B50007,1,FALSE logic
CELL_MODULE_OVERHEAT,946688496.8644322,0x19B50007,1,FALSE logic
LEAKAGE,946688496.8644322,0x19B50007,1,FALSE logic
NO_CELL_COMMUNICATION,946688496.8644322,0x19B50007,1,FALSE logic
LOW_VOLTAGE_W,946688496.8644322,0x19B50007,1,FALSE logic
HIGH_CURRENT_W,946688496.8644322,0x19B50007,1,FALSE logic
HIGH_TEMPERATURE_W,946688496.8644322,0x19B50007,1,FALSE logic
CELL_OVERHEAT,946688496.8644322,0x19B50007,1,FALSE logic
NO_CURRENT_SENSOR,946688496.8644322,0x19B50007,1,FALSE logic
PACK_UNDER_VOLTAGE,946688496.8644322,0x19B50007,1,FALSE logic
VALIDITY,946688496.8644322,0x19B50007,1,39 state
APPS_RANGE_ERROR,946688496.9388423,0x18FF1515,1,"FALSE 0 no Error, 1 Error"
SAFETY_OK,946688496.9388423,0x18FF1515,1,"FALSE 0 no Error, 1 Error"
BRAKE,946688496.9388423,0x18FF1515,1,"0 1 noBrake, 2 Brake"
VCU_STATE,946688496.9388423,0x18FF1515,1,0
APS_PERC,946688496.9388423,0x18FF1515,1,"2.56 porcentagem pedal, precisão de 2 casas decimais"
UNDER_VOLTAGE,946688497.0353541,0x19B50007,1,FALSE logic
OVER_VOLTAGE,946688497.0353541,0x19B50007,1,FALSE logic
DISCHARGE_OVER_CURRENT,946688497.0353541,0x19B50007,1,FALSE logic
CHARGE_OVER_CURRENT,946688497.0353541,0x19B50007,1,FALSE logic
CELL_MODULE_OVERHEAT,946688497.0353541,0x19B50007,1,FALSE logic
LEAKAGE,946688497.0353541,0x19B50007,1,FALSE logic
NO_CELL_COMMUNICATION,946688497.0353541,0x19B50007,1,FALSE logic
LOW_VOLTAGE_W,946688497.0353541,0x19B50007,1,FALSE logic
HIGH_CURRENT_W,946688497.0353541,0x19B50007,1,FALSE logic
HIGH_TEMPERATURE_W,946688497.0353541,0x19B50007,1,FALSE logic
CELL_OVERHEAT,946688497.0353541,0x19B50007,1,FALSE logic
NO_CURRENT_SENSOR,946688497.0353541,0x19B50007,1,FALSE logic
PACK_UNDER_VOLTAGE,946688497.0353541,0x19B50007,1,FALSE logic
VALIDITY,946688497.0353541,0x19B50007,1,39 state
APPS_RANGE_ERROR,946688497.0390111,0x18FF1515,1,"FALSE 0 no Error, 1 Error"
SAFETY_OK,946688497.0390111,0x18FF1515,1,"FALSE 0 no Error, 1 Error"
BRAKE,946688497.0390111,0x18FF1515,1,"0 1 noBrake, 2 Brake"
VCU_STATE,946688497.0390111,0x18FF1515,1,0
APS_PERC,946688497.0390111,0x18FF1515,1,"2.56 porcentagem pedal, precisão de 2 casas decimais"
APPS_RANGE_ERROR,946688497.1388718,0x18FF1515,1,"FALSE 0 no Error, 1 Error"
SAFETY_OK,946688497.1388718,0x18FF1515,1,"FALSE 0 no Error, 1 Error"
BRAKE,946688497.1388718,0x18FF1515,1,"0 1 noBrake, 2 Brake"
VCU_STATE,946688497.1388718,0x18FF1515,1,0
APS_PERC,946688497.1388718,0x18FF1515,1,"2.56 porcentagem pedal, precisão de 2 casas decimais"
APPS_RANGE_ERROR,946688497.2388619,0x18FF1515,1,"FALSE 0 no Error, 1 Error"
SAFETY_OK,946688497.2388619,0x18FF1515,1,"FALSE 0 no Error, 1 Error"
BRAKE,946688497.2388619,0x18FF1515,1,"0 1 noBrake, 2 Brake"
VCU_STATE,946688497.2388619,0x18FF1515,1,0
APS_PERC,946688497.2388619,0x18FF1515,1,"2.56 porcentagem pedal, precisão de 2 casas decimais"
UNDER_VOLTAGE,946688497.2467514,0x19B50007,1,FALSE logic
OVER_VOLTAGE,946688497.2467514,0x19B50007,1,FALSE logic
DISCHARGE_OVER_CURRENT,946688497.2467514,0x19B50007,1,FALSE logic
CHARGE_OVER_CURRENT,946688497.2467514,0x19B50007,1,FALSE logic
CELL_MODULE_OVERHEAT,946688497.2467514,0x19B50007,1,FALSE logic
LEAKAGE,946688497.2467514,0x19B50007,1,FALSE logic
NO_CELL_COMMUNICATION,946688497.2467514,0x19B50007,1,FALSE logic
LOW_VOLTAGE_W,946688497.2467514,0x19B50007,1,FALSE logic
HIGH_CURRENT_W,946688497.2467514,0x19B50007,1,FALSE logic
HIGH_TEMPERATURE_W,946688497.2467514,0x19B50007,1,FALSE logic
CELL_OVERHEAT,946688497.2467514,0x19B50007,1,FALSE logic
NO_CURRENT_SENSOR,946688497.2467514,0x19B50007,1,FALSE logic
PACK_UNDER_VOLTAGE,946688497.2467514,0x19B50007,1,FALSE logic
VALIDITY,946688497.2467514,0x19B50007,1,39 state
APPS_RANGE_ERROR,946688497.3388541,0x18FF1515,1,"FALSE 0 no Error, 1 Error"
SAFETY_OK,946688497.3388541,0x18FF1515,1,"FALSE 0 no Error, 1 Error"
BRAKE,946688497.3388541,0x18FF1515,1,"0 1 noBrake, 2 Brake"
VCU_STATE,946688497.3388541,0x18FF1515,1,0
APS_PERC,946688497.3388541,0x18FF1515,1,"2.56 porcentagem pedal, precisão de 2 casas decimais"
UNDER_VOLTAGE,946688497.4329228,0x19B50007,1,FALSE logic
OVER_VOLTAGE,946688497.4329228,0x19B50007,1,FALSE logic
DISCHARGE_OVER_CURRENT,946688497.4329228,0x19B50007,1,FALSE logic
CHARGE_OVER_CURRENT,946688497.4329228,0x19B50007,1,FALSE logic
CELL_MODULE_OVERHEAT,946688497.4329228,0x19B50007,1,FALSE logic
LEAKAGE,946688497.4329228,0x19B50007,1,FALSE logic
NO_CELL_COMMUNICATION,946688497.4329228,0x19B50007,1,FALSE logic
LOW_VOLTAGE_W,946688497.4329228,0x19B50007,1,FALSE logic
HIGH_CURRENT_W,946688497.4329228,0x19B50007,1,FALSE logic
HIGH_TEMPERATURE_W,946688497.4329228,0x19B50007,1,FALSE logic
CELL_OVERHEAT,946688497.4329228,0x19B50007,1,FALSE logic
NO_CURRENT_SENSOR,946688497.4329228,0x19B50007,1,FALSE logic
PACK_UNDER_VOLTAGE,946688497.4329228,0x19B50007,1,FALSE logic
VALIDITY,946688497.4329228,0x19B50007,1,39 state
APPS_RANGE_ERROR,946688497.4388343,0x18FF1515,1,"FALSE 0 no Error, 1 Error"
SAFETY_OK,946688497.4388343,0x18FF1515,1,"FALSE 0 no Error, 1 Error"
BRAKE,946688497.4388343,0x18FF1515,1,"0 1 noBrake, 2 Brake"
VCU_STATE,946688497.4388343,0x18FF1515,1,0
APS_PERC,946688497.4388343,0x18FF1515,1,"2.56 porcentagem pedal, precisão de 2 casas decimais"
APPS_RANGE_ERROR,946688497.5388569,0x18FF1515,1,"FALSE 0 no Error, 1 Error"
SAFETY_OK,946688497.5388569,0x18FF1515,1,"FALSE 0 no Error, 1 Error"
BRAKE,946688497.5388569,0x18FF1515,1,"0 1 noBrake, 2 Brake"
VCU_STATE,946688497.5388569,0x18FF1515,1,0
APS_PERC,946688497.5388569,0x18FF1515,1,"2.56 porcentagem pedal, precisão de 2 casas decimais"
UNDER_VOLTAGE,946688497.6320318,0x19B50007,1,FALSE logic
OVER_VOLTAGE,946688497.6320318,0x19B50007,1,FALSE logic
DISCHARGE_OVER_CURRENT,946688497.6320318,0x19B50007,1,FALSE logic
CHARGE_OVER_CURRENT,946688497.6320318,0x19B50007,1,FALSE logic
CELL_MODULE_OVERHEAT,946688497.6320318,0x19B50007,1,FALSE logic
LEAKAGE,946688497.6320318,0x19B50007,1,FALSE logic
NO_CELL_COMMUNICATION,946688497.6320318,0x19B50007,1,FALSE logic
LOW_VOLTAGE_W,946688497.6320318,0x19B50007,1,FALSE logic
HIGH_CURRENT_W,946688497.6320318,0x19B50007,1,FALSE logic
HIGH_TEMPERATURE_W,946688497.6320318,0x19B50007,1,FALSE logic
CELL_OVERHEAT,946688497.6320318,0x19B50007,1,FALSE logic
NO_CURRENT_SENSOR,946688497.6320318,0x19B50007,1,FALSE logic
PACK_UNDER_VOLTAGE,946688497.6320318,0x19B50007,1,FALSE logic
VALIDITY,946688497.6320318,0x19B50007,1,39 state
APPS_RANGE_ERROR,946688497.6388334,0x18FF1515,1,"FALSE 0 no Error, 1 Error"
SAFETY_OK,946688497.6388334,0x18FF1515,1,"FALSE 0 no Error, 1 Error"
BRAKE,946688497.6388334,0x18FF1515,1,"0 1 noBrake, 2 Brake"
VCU_STATE,946688497.6388334,0x18FF1515,1,0
APS_PERC,946688497.6388334,0x18FF1515,1,"2.56 porcentagem pedal, precisão de 2 casas decimais"
APPS_RANGE_ERROR,946688497.7388587,0x18FF1515,1,"FALSE 0 no Error, 1 Error"
SAFETY_OK,946688497.7388587,0x18FF1515,1,"FALSE 0 no Error, 1 Error"
BRAKE,946688497.7388587,0x18FF1515,1,"0 1 noBrake, 2 Brake"
VCU_STATE,946688497.7388587,0x18FF1515,1,0
APS_PERC,946688497.7388587,0x18FF1515,1,"2.56 porcentagem pedal, precisão de 2 casas decimais"
UNDER_VOLTAGE,946688497.8323107,0x19B50007,1,FALSE logic
OVER_VOLTAGE,946688497.8323107,0x19B50007,1,FALSE logic
DISCHARGE_OVER_CURRENT,946688497.8323107,0x19B50007,1,FALSE logic
CHARGE_OVER_CURRENT,946688497.8323107,0x19B50007,1,FALSE logic
CELL_MODULE_OVERHEAT,946688497.8323107,0x19B50007,1,FALSE logic
LEAKAGE,946688497.8323107,0x19B50007,1,FALSE logic
NO_CELL_COMMUNICATION,946688497.8323107,0x19B50007,1,FALSE logic
LOW_VOLTAGE_W,946688497.8323107,0x19B50007,1,FALSE logic
HIGH_CURRENT_W,946688497.8323107,0x19B50007,1,FALSE logic
HIGH_TEMPERATURE_W,946688497.8323107,0x19B50007,1,FALSE logic
CELL_OVERHEAT,946688497.8323107,0x19B50007,1,FALSE logic
NO_CURRENT_SENSOR,946688497.8323107,0x19B50007,1,FALSE logic
PACK_UNDER_VOLTAGE,946688497.8323107,0x19B50007,1,FALSE logic
VALIDITY,946688497.8323107,0x19B50007,1,39 state
APPS_RANGE_ERROR,946688497.8389221,0x18FF1515,1,"FALSE 0 no Error, 1 Error"
SAFETY_OK,946688497.8389221,0x18FF1515,1,"FALSE 0 no Error, 1 Error"
BRAKE,946688497.8389221,0x18FF1515,1,"0 1 noBrake, 2 Brake"
VCU_STATE,946688497.8389221,0x18FF1515,1,0
APS_PERC,946688497.8389221,0x18FF1515,1,"2.56 porcentagem pedal, precisão de 2 casas decimais"
APPS_RANGE_ERROR,946688497.9388406,0x18FF1515,1,"FALSE 0 no Error, 1 Error"
SAFETY_OK,946688497.9388406,0x18FF1515,1,"FALSE 0 no Error, 1 Error"
BRAKE,946688497.9388406,0x18FF1515,1,"0 1 noBrake, 2 Brake"
VCU_STATE,946688497.9388406,0x18FF1515,1,0
APS_PERC,946688497.9388406,0x18FF1515,1,"2.56 porcentagem pedal, precisão de 2 casas decimais"
UNDER_VOLTAGE,946688498.0338532,0x19B50007,1,FALSE logic
OVER_VOLTAGE,946688498.0338532,0x19B50007,1,FALSE logic
DISCHARGE_OVER_CURRENT,946688498.0338532,0x19B50007,1,FALSE logic
CHARGE_OVER_CURRENT,946688498.0338532,0x19B50007,1,FALSE logic
CELL_MODULE_OVERHEAT,946688498.0338532,0x19B50007,1,FALSE logic
LEAKAGE,946688498.0338532,0x19B50007,1,FALSE logic
NO_CELL_COMMUNICATION,946688498.0338532,0x19B50007,1,FALSE logic
LOW_VOLTAGE_W,946688498.0338532,0x19B50007,1,FALSE logic
HIGH_CURRENT_W,946688498.0338532,0x19B50007,1,FALSE logic
HIGH_TEMPERATURE_W,946688498.0338532,0x19B50007,1,FALSE logic
CELL_OVERHEAT,946688498.0338532,0x19B50007,1,FALSE logic
NO_CURRENT_SENSOR,946688498.0338532,0x19B50007,1,FALSE logic
PACK_UNDER_VOLTAGE,946688498.0338532,0x19B50007,1,FALSE logic
VALIDITY,946688498.0338532,0x19B50007,1,39 state
APPS_RANGE_ERROR,946688498.0388473,0x18FF1515,1,"FALSE 0 no Error, 1 Error"
SAFETY_OK,946688498.0388473,0x18FF1515,1,"FALSE 0 no Error, 1 Error"
BRAKE,946688498.0388473,0x18FF1515,1,"0 1 noBrake, 2 Brake"
VCU_STATE,946688498.0388473,0x18FF1515,1,0
APS_PERC,946688498.0388473,0x18FF1515,1,"2.56 porcentagem pedal, precisão de 2 casas decimais"
APPS_RANGE_ERROR,946688498.1388444,0x18FF1515,1,"FALSE 0 no Error, 1 Error"
SAFETY_OK,946688498.1388444,0x18FF1515,1,"FALSE 0 no Error, 1 Error"
BRAKE,946688498.1388444,0x18FF1515,1,"0 1 noBrake, 2 Brake"
VCU_STATE,946688498.1388444,0x18FF1515,1,0
APS_PERC,946688498.1388444,0x18FF1515,1,"2.56 porcentagem pedal, precisão de 2 casas decimais"
UNDER_VOLTAGE,946688498.2335579,0x19B50007,1,FALSE logic
OVER_VOLTAGE,946688498.2335579,0x19B50007,1,FALSE logic
DISCHARGE_OVER_CURRENT,946688498.2335579,0x19B50007,1,FALSE logic
CHARGE_OVER_CURRENT,946688498.2335579,0x19B50007,1,FALSE logic
CELL_MODULE_OVERHEAT,946688498.2335579,0x19B50007,1,FALSE logic
LEAKAGE,946688498.2335579,0x19B50007,1,FALSE logic
NO_CELL_COMMUNICATION,946688498.2335579,0x19B50007,1,FALSE logic
LOW_VOLTAGE_W,946688498.2335579,0x19B50007,1,FALSE logic
HIGH_CURRENT_W,946688498.2335579,0x19B50007,1,FALSE logic
HIGH_TEMPERATURE_W,946688498.2335579,0x19B50007,1,FALSE logic
CELL_OVERHEAT,946688498.2335579,0x19B50007,1,FALSE logic
NO_CURRENT_SENSOR,946688498.2335579,0x19B50007,1,FALSE logic
PACK_UNDER_VOLTAGE,946688498.2335579,0x19B50007,1,FALSE logic
VALIDITY,946688498.2335579,0x19B50007,1,39 state
APPS_RANGE_ERROR,946688498.2389379,0x18FF1515,1,"FALSE 0 no Error, 1 Error"
SAFETY_OK,946688498.2389379,0x18FF1515,1,"FALSE 0 no Error, 1 Error"
BRAKE,946688498.2389379,0x18FF1515,1,"0 1 noBrake, 2 Brake"
VCU_STATE,946688498.2389379,0x18FF1515,1,0
APS_PERC,946688498.2389379,0x18FF1515,1,"2.56 porcentagem pedal, precisão de 2 casas decimais"
VCELL_0,946688498.3069173,0x19B50100,1,2.00 V
VCELL_0,946688498.307501,0x19B50100,1,3.96 V
VCELL_1,946688498.307501,0x19B50100,1,3.95 V
VCELL_2,946688498.307501,0x19B50100,1,3.95 V
VCELL_3,946688498.307501,0x19B50100,1,3.95 V
VCELL_4,946688498.307501,0x19B50100,1,3.95 V
VCELL_5,946688498.307501,0x19B50100,1,3.95 V
VCELL_6,946688498.307501,0x19B50100,1,3.95 V
VCELL_7,946688498.307501,0x19B50100,1,3.95 V
VCELL_8,946688498.3198488,0x19B50101,1,3.95 V
VCELL_9,946688498.3198488,0x19B50101,1,3.95 V
VCELL_10,946688498.3198488,0x19B50101,1,3.95 V
VCELL_11,946688498.3198488,0x19B50101,1,3.95 V
VCELL_12,946688498.3198488,0x19B50101,1,3.95 V
VCELL_13,946688498.3198488,0x19B50101,1,3.95 V
VCELL_14,946688498.3198488,0x19B50101,1,3.95 V
VCELL_15,946688498.3198488,0x19B50101,1,3.95 V
VCELL_16,946688498.3332943,0x19B50102,1,3.95 V
VCELL_17,946688498.3332943,0x19B50102,1,3.95 V
VCELL_18,946688498.3332943,0x19B50102,1,3.95 V
VCELL_19,946688498.3332943,0x19B50102,1,3.95 V
VCELL_20,946688498.3332943,0x19B50102,1,3.95 V
VCELL_21,946688498.3332943,0x19B50102,1,3.97 V
VCELL_22,946688498.3332943,0x19B50102,1,3.95 V
VCELL_23,946688498.3332943,0x19B50102,1,3.95 V
APPS_RANGE_ERROR,946688498.3388382,0x18FF1515,1,"FALSE 0 no Error, 1 Error"
SAFETY_OK,946688498.3388382,0x18FF1515,1,"FALSE 0 no Error, 1 Error"
BRAKE,946688498.3388382,0x18FF1515,1,"0 1 noBrake, 2 Brake"
VCU_STATE,946688498.3388382,0x18FF1515,1,0
APS_PERC,946688498.3388382,0x18FF1515,1,"2.56 porcentagem pedal, precisão de 2 casas decimais"
VCELL_24,946688498.345649,0x19B50103,1,3.95 V
VCELL_25,946688498.345649,0x19B50103,1,3.96 V
VCELL_26,946688498.345649,0x19B50103,1,3.95 V
VCELL_27,946688498.345649,0x19B50103,1,3.95 V
VCELL_28,946688498.345649,0x19B50103,1,3.97 V
VCELL_29,946688498.345649,0x19B50103,1,3.95 V
VCELL_30,946688498.345649,0x19B50103,1,3.95 V
VCELL_31,946688498.345649,0x19B50103,1,3.95 V
VCELL_32,946688498.3583001,0x19B50104,1,3.94 V
VCELL_33,946688498.3583001,0x19B50104,1,3.95 V
VCELL_34,946688498.3583001,0x19B50104,1,3.95 V
VCELL_35,946688498.3583001,0x19B50104,1,3.95 V
VCELL_36,946688498.3583001,0x19B50104,1,3.95 V
VCELL_37,946688498.3583001,0x19B50104,1,3.95 V
VCELL_38,946688498.3583001,0x19B50104,1,3.95 V
VCELL_39,946688498.3583001,0x19B50104,1,3.95 V
VCELL_40,946688498.3815302,0x19B50105,1,3.95 V
VCELL_41,946688498.3815302,0x19B50105,1,3.95 V
VCELL_42,946688498.3815302,0x19B50105,1,3.95 V
VCELL_43,946688498.3815302,0x19B50105,1,3.95 V
VCELL_44,946688498.3815302,0x19B50105,1,3.95 V
VCELL_45,946688498.3815302,0x19B50105,1,3.95 V
VCELL_46,946688498.3815302,0x19B50105,1,3.95 V
VCELL_47,946688498.3815302,0x19B50105,1,3.95 V
VCELL_48,946688498.3950299,0x19B50106,1,3.95 V
VCELL_49,946688498.3950299,0x19B50106,1,3.95 V
VCELL_50,946688498.3950299,0x19B50106,1,3.95 V
VCELL_51,946688498.3950299,0x19B50106,1,3.95 V
VCELL_52,946688498.3950299,0x19B50106,1,3.95 V
VCELL_53,946688498.3950299,0x19B50106,1,3.95 V
VCELL_54,946688498.3950299,0x19B50106,1,3.95 V
VCELL_55,946688498.3950299,0x19B50106,1,3.95 V
VCELL_56,946688498.409772,0x19B50107,1,3.95 V
VCELL_57,946688498.409772,0x19B50107,1,3.95 V
VCELL_58,946688498.409772,0x19B50107,1,3.95 V
VCELL_59,946688498.409772,0x19B50107,1,3.95 V
VCELL_60,946688498.409772,0x19B50107,1,3.95 V
VCELL_61,946688498.409772,0x19B50107,1,3.95 V
VCELL_62,946688498.409772,0x19B50107,1,3.95 V
VCELL_63,946688498.409772,0x19B50107,1,3.95 V
VCELL_64,946688498.4229995,0x19B50108,1,3.92 V
VCELL_65,946688498.4229995,0x19B50108,1,3.94 V
VCELL_66,946688498.4229995,0x19B50108,1,3.95 V
VCELL_67,946688498.4229995,0x19B50108,1,3.95 V
VCELL_68,946688498.4229995,0x19B50108,1,3.96 V
VCELL_69,946688498.4229995,0x19B50108,1,3.96 V
VCELL_70,946688498.4229995,0x19B50108,1,3.94 V
VCELL_71,946688498.4229995,0x19B50108,1,3.95 V
UNDER_VOLTAGE,946688498.4336104,0x19B50007,1,FALSE logic
OVER_VOLTAGE,946688498.4336104,0x19B50007,1,FALSE logic
DISCHARGE_OVER_CURRENT,946688498.4336104,0x19B50007,1,FALSE logic
CHARGE_OVER_CURRENT,946688498.4336104,0x19B50007,1,FALSE logic
CELL_MODULE_OVERHEAT,946688498.4336104,0x19B50007,1,FALSE logic
LEAKAGE,946688498.4336104,0x19B50007,1,FALSE logic
NO_CELL_COMMUNICATION,946688498.4336104,0x19B50007,1,FALSE logic
LOW_VOLTAGE_W,946688498.4336104,0x19B50007,1,FALSE logic
HIGH_CURRENT_W,946688498.4336104,0x19B50007,1,FALSE logic
HIGH_TEMPERATURE_W,946688498.4336104,0x19B50007,1,FALSE logic
CELL_OVERHEAT,946688498.4336104,0x19B50007,1,FALSE logic
NO_CURRENT_SENSOR,946688498.4336104,0x19B50007,1,FALSE logic
PACK_UNDER_VOLTAGE,946688498.4336104,0x19B50007,1,FALSE logic
VALIDITY,946688498.4336104,0x19B50007,1,39 state
APPS_RANGE_ERROR,946688498.4389396,0x18FF1515,1,"FALSE 0 no Error, 1 Error"
SAFETY_OK,946688498.4389396,0x18FF1515,1,"FALSE 0 no Error, 1 Error"
BRAKE,946688498.4389396,0x18FF1515,1,"0 1 noBrake, 2 Brake"
VCU_STATE,946688498.4389396,0x18FF1515,1,0
APS_PERC,946688498.4389396,0x18FF1515,1,"2.56 porcentagem pedal, precisão de 2 casas decimais"
VCELL_72,946688498.4477746,0x19B50109,1,3.97 V
VCELL_73,946688498.4477746,0x19B50109,1,3.95 V
VCELL_74,946688498.4477746,0x19B50109,1,3.95 V
VCELL_75,946688498.4477746,0x19B50109,1,3.96 V
VCELL_76,946688498.4477746,0x19B50109,1,3.94 V
VCELL_77,946688498.4477746,0x19B50109,1,3.95 V
VCELL_78,946688498.4477746,0x19B50109,1,3.95 V
VCELL_79,946688498.4477746,0x19B50109,1,3.95 V
VCELL_80,946688498.4603789,0x19B5010A,1,3.95 V
VCELL_81,946688498.4603789,0x19B5010A,1,3.95 V
VCELL_82,946688498.4603789,0x19B5010A,1,3.95 V
VCELL_83,946688498.4603789,0x19B5010A,1,3.95 V
VCELL_84,946688498.4603789,0x19B5010A,1,3.95 V
VCELL_85,946688498.4603789,0x19B5010A,1,3.95 V
VCELL_86,946688498.4603789,0x19B5010A,1,3.95 V
VCELL_87,946688498.4603789,0x19B5010A,1,3.95 V
VCELL_88,946688498.4847698,0x19B5010B,1,3.95 V
VCELL_89,946688498.4847698,0x19B5010B,1,3.95 V
VCELL_90,946688498.4847698,0x19B5010B,1,3.95 V
VCELL_91,946688498.4847698,0x19B5010B,1,3.98 V
VCELL_92,946688498.4847698,0x19B5010B,1,3.97 V
VCELL_93,946688498.4847698,0x19B5010B,1,3.95 V
VCELL_94,946688498.4847698,0x19B5010B,1,3.95 V
VCELL_95,946688498.4847698,0x19B5010B,1,3.95 V
APPS_RANGE_ERROR,946688498.5388811,0x18FF1515,1,"FALSE 0 no Error, 1 Error"
SAFETY_OK,946688498.5388811,0x18FF1515,1,"FALSE 0 no Error, 1 Error"
BRAKE,946688498.5388811,0x18FF1515,1,"0 1 noBrake, 2 Brake"
VCU_STATE,946688498.5388811,0x18FF1515,1,0
APS_PERC,946688498.5388811,0x18FF1515,1,"2.56 porcentagem pedal, precisão de 2 casas decimais"
UNDER_VOLTAGE,946688498.6327554,0x19B50007,1,FALSE logic
OVER_VOLTAGE,946688498.6327554,0x19B50007,1,FALSE logic
DISCHARGE_OVER_CURRENT,946688498.6327554,0x19B50007,1,FALSE logic
CHARGE_OVER_CURRENT,946688498.6327554,0x19B50007,1,FALSE logic
CELL_MODULE_OVERHEAT,946688498.6327554,0x19B50007,1,FALSE logic
LEAKAGE,946688498.6327554,0x19B50007,1,FALSE logic
NO_CELL_COMMUNICATION,946688498.6327554,0x19B50007,1,FALSE logic
LOW_VOLTAGE_W,946688498.6327554,0x19B50007,1,FALSE logic
HIGH_CURRENT_W,946688498.6327554,0x19B50007,1,FALSE logic
HIGH_TEMPERATURE_W,946688498.6327554,0x19B50007,1,FALSE logic
CELL_OVERHEAT,946688498.6327554,0x19B50007,1,FALSE logic
NO_CURRENT_SENSOR,946688498.6327554,0x19B50007,1,FALSE logic
PACK_UNDER_VOLTAGE,946688498.6327554,0x19B50007,1,FALSE logic
VALIDITY,946688498.6327554,0x19B50007,1,39 state
APPS_RANGE_ERROR,946688498.6388304,0x18FF1515,1,"FALSE 0 no Error, 1 Error"
SAFETY_OK,946688498.6388304,0x18FF1515,1,"FALSE 0 no Error, 1 Error"
BRAKE,946688498.6388304,0x18FF1515,1,"0 1 noBrake, 2 Brake"
VCU_STATE,946688498.6388304,0x18FF1515,1,0
APS_PERC,946688498.6388304,0x18FF1515,1,"2.56 porcentagem pedal, precisão de 2 casas decimais"
APPS_RANGE_ERROR,946688498.7388417,0x18FF1515,1,"FALSE 0 no Error, 1 Error"
SAFETY_OK,946688498.7388417,0x18FF1515,1,"FALSE 0 no Error, 1 Error"
BRAKE,946688498.7388417,0x18FF1515,1,"0 1 noBrake, 2 Brake"
VCU_STATE,946688498.7388417,0x18FF1515,1,0
APS_PERC,946688498.7388417,0x18FF1515,1,"2.56 porcentagem pedal, precisão de 2 casas decimais"
UNDER_VOLTAGE,946688498.8323838,0x19B50007,1,FALSE logic
OVER_VOLTAGE,946688498.8323838,0x19B50007,1,FALSE logic
DISCHARGE_OVER_CURRENT,946688498.8323838,0x19B50007,1,FALSE logic
CHARGE_OVER_CURRENT,946688498.8323838,0x19B50007,1,FALSE logic
CELL_MODULE_OVERHEAT,946688498.8323838,0x19B50007,1,FALSE logic
LEAKAGE,946688498.8323838,0x19B50007,1,FALSE logic
NO_CELL_COMMUNICATION,946688498.8323838,0x19B50007,1,FALSE logic
LOW_VOLTAGE_W,946688498.8323838,0x19B50007,1,FALSE logic
HIGH_CURRENT_W,946688498.8323838,0x19B50007,1,FALSE logic
HIGH_TEMPERATURE_W,946688498.8323838,0x19B50007,1,FALSE logic
CELL_OVERHEAT,946688498.8323838,0x19B50007,1,FALSE logic
NO_CURRENT_SENSOR,946688498.8323838,0x19B50007,1,FALSE logic
PACK_UNDER_VOLTAGE,946688498.8323838,0x19B50007,1,FALSE logic
VALIDITY,946688498.8323838,0x19B50007,1,39 state
APPS_RANGE_ERROR,946688498.8388608,0x18FF1515,1,"FALSE 0 no Error, 1 Error"
SAFETY_OK,946688498.8388608,0x18FF1515,1,"FALSE 0 no Error, 1 Error"
BRAKE,946688498.8388608,0x18FF1515,1,"0 1 noBrake, 2 Brake"
VCU_STATE,946688498.8388608,0x18FF1515,1,0
APS_PERC,946688498.8388608,0x18FF1515,1,"2.56 porcentagem pedal, precisão de 2 casas decimais"
APPS_RANGE_ERROR,946688498.9388727,0x18FF1515,1,"FALSE 0 no Error, 1 Error"
SAFETY_OK,946688498.9388727,0x18FF1515,1,"FALSE 0 no Error, 1 Error"
BRAKE,946688498.9388727,0x18FF1515,1,"0 1 noBrake, 2 Brake"
VCU_STATE,946688498.9388727,0x18FF1515,1,0
APS_PERC,946688498.9388727,0x18FF1515,1,"2.56 porcentagem pedal, precisão de 2 casas decimais"
UNDER_VOLTAGE,946688499.0318797,0x19B50007,1,FALSE logic
OVER_VOLTAGE,946688499.0318797,0x19B50007,1,FALSE logic
DISCHARGE_OVER_CURRENT,946688499.0318797,0x19B50007,1,FALSE logic
CHARGE_OVER_CURRENT,946688499.0318797,0x19B50007,1,FALSE logic
CELL_MODULE_OVERHEAT,946688499.0318797,0x19B50007,1,FALSE logic
LEAKAGE,946688499.0318797,0x19B50007,1,FALSE logic
NO_CELL_COMMUNICATION,946688499.0318797,0x19B50007,1,FALSE logic
LOW_VOLTAGE_W,946688499.0318797,0x19B50007,1,FALSE logic
HIGH_CURRENT_W,946688499.0318797,0x19B50007,1,FALSE logic
HIGH_TEMPERATURE_W,946688499.0318797,0x19B50007,1,FALSE logic
CELL_OVERHEAT,946688499.0318797,0x19B50007,1,FALSE logic
NO_CURRENT_SENSOR,946688499.0318797,0x19B50007,1,FALSE logic
PACK_UNDER_VOLTAGE,946688499.0318797,0x19B50007,1,FALSE logic
VALIDITY,946688499.0318797,0x19B50007,1,39 state
APPS_RANGE_ERROR,946688499.0388533,0x18FF1515,1,"FALSE 0 no Error, 1 Error"
SAFETY_OK,946688499.0388533,0x18FF1515,1,"FALSE 0 no Error, 1 Error"
BRAKE,946688499.0388533,0x18FF1515,1,"0 1 noBrake, 2 Brake"
VCU_STATE,946688499.0388533,0x18FF1515,1,0
APS_PERC,946688499.0388533,0x18FF1515,1,"2.56 porcentagem pedal, precisão de 2 casas decimais"
APPS_RANGE_ERROR,946688499.138832,0x18FF1515,1,"FALSE 0 no Error, 1 Error"
SAFETY_OK,946688499.138832,0x18FF1515,1,"FALSE 0 no Error, 1 Error"
BRAKE,946688499.138832,0x18FF1515,1,"0 1 noBrake, 2 Brake"
VCU_STATE,946688499.138832,0x18FF1515,1,0
APS_PERC,946688499.138832,0x18FF1515,1,"2.56 porcentagem pedal, precisão de 2 casas decimais"
UNDER_VOLTAGE,946688499.2335901,0x19B50007,1,FALSE logic
OVER_VOLTAGE,946688499.2335901,0x19B50007,1,FALSE logic
DISCHARGE_OVER_CURRENT,946688499.2335901,0x19B50007,1,FALSE logic
CHARGE_OVER_CURRENT,946688499.2335901,0x19B50007,1,FALSE logic
CELL_MODULE_OVERHEAT,946688499.2335901,0x19B50007,1,FALSE logic
LEAKAGE,946688499.2335901,0x19B50007,1,FALSE logic
NO_CELL_COMMUNICATION,946688499.2335901,0x19B50007,1,FALSE logic
LOW_VOLTAGE_W,946688499.2335901,0x19B50007,1,FALSE logic
HIGH_CURRENT_W,946688499.2335901,0x19B50007,1,FALSE logic
HIGH_TEMPERATURE_W,946688499.2335901,0x19B50007,1,FALSE logic
CELL_OVERHEAT,946688499.2335901,0x19B50007,1,FALSE logic
NO_CURRENT_SENSOR,946688499.2335901,0x19B50007,1,FALSE logic
PACK_UNDER_VOLTAGE,946688499.2335901,0x19B50007,1,FALSE logic
VALIDITY,946688499.2335901,0x19B50007,1,39 state
APPS_RANGE_ERROR,946688499.238875,0x18FF1515,1,"FALSE 0 no Error, 1 Error"
SAFETY_OK,946688499.238875,0x18FF1515,1,"FALSE 0 no Error, 1 Error"
BRAKE,946688499.238875,0x18FF1515,1,"0 1 noBrake, 2 Brake"
VCU_STATE,946688499.238875,0x18FF1515,1,0
APS_PERC,946688499.238875,0x18FF1515,1,"2.56 porcentagem pedal, precisão de 2 casas decimais"
APPS_RANGE_ERROR,946688499.3388624,0x18FF1515,1,"FALSE 0 no Error, 1 Error"
SAFETY_OK,946688499.3388624,0x18FF1515,1,"FALSE 0 no Error, 1 Error"
BRAKE,946688499.3388624,0x18FF1515,1,"0 1 noBrake, 2 Brake"
VCU_STATE,946688499.3388624,0x18FF1515,1,0
APS_PERC,946688499.3388624,0x18FF1515,1,"2.56 porcentagem pedal, precisão de 2 casas decimais"
UNDER_VOLTAGE,946688499.4290705,0x19B50007,1,FALSE logic
OVER_VOLTAGE,946688499.4290705,0x19B50007,1,FALSE logic
DISCHARGE_OVER_CURRENT,946688499.4290705,0x19B50007,1,FALSE logic
CHARGE_OVER_CURRENT,946688499.4290705,0x19B50007,1,FALSE logic
CELL_MODULE_OVERHEAT,946688499.4290705,0x19B50007,1,FALSE logic
LEAKAGE,946688499.4290705,0x19B50007,1,FALSE logic
NO_CELL_COMMUNICATION,946688499.4290705,0x19B50007,1,FALSE logic
LOW_VOLTAGE_W,946688499.4290705,0x19B50007,1,FALSE logic
HIGH_CURRENT_W,946688499.4290705,0x19B50007,1,FALSE logic
HIGH_TEMPERATURE_W,946688499.4290705,0x19B50007,1,FALSE logic
CELL_OVERHEAT,946688499.4290705,0x19B50007,1,FALSE logic
NO_CURRENT_SENSOR,946688499.4290705,0x19B50007,1,FALSE logic
PACK_UNDER_VOLTAGE,946688499.4290705,0x19B50007,1,FALSE logic
VALIDITY,946688499.4290705,0x19B50007,1,39 state
APPS_RANGE_ERROR,946688499.4388285,0x18FF1515,1,"FALSE 0 no Error, 1 Error"
SAFETY_OK,946688499.4388285,0x18FF1515,1,"FALSE 0 no Error, 1 Error"
BRAKE,946688499.4388285,0x18FF1515,1,"0 1 noBrake, 2 Brake"
VCU_STATE,946688499.4388285,0x18FF1515,1,0
APS_PERC,946688499.4388285,0x18FF1515,1,"2.56 porcentagem pedal, precisão de 2 casas decimais"
APPS_RANGE_ERROR,946688499.5388415,0x18FF1515,1,"FALSE 0 no Error, 1 Error"
SAFETY_OK,946688499.5388415,0x18FF1515,1,"FALSE 0 no Error, 1 Error"
BRAKE,946688499.5388415,0x18FF1515,1,"0 1 noBrake, 2 Brake"
VCU_STATE,946688499.5388415,0x18FF1515,1,0
APS_PERC,946688499.5388415,0x18FF1515,1,"2.56 porcentagem pedal, precisão de 2 casas decimais"
UNDER_VOLTAGE,946688499.6362534,0x19B50007,1,FALSE logic
OVER_VOLTAGE,946688499.6362534,0x19B50007,1,FALSE logic
DISCHARGE_OVER_CURRENT,946688499.6362534,0x19B50007,1,FALSE logic
CHARGE_OVER_CURRENT,946688499.6362534,0x19B50007,1,FALSE logic
CELL_MODULE_OVERHEAT,946688499.6362534,0x19B50007,1,FALSE logic
LEAKAGE,946688499.6362534,0x19B50007,1,FALSE logic
NO_CELL_COMMUNICATION,946688499.6362534,0x19B50007,1,FALSE logic
LOW_VOLTAGE_W,946688499.6362534,0x19B50007,1,FALSE logic
HIGH_CURRENT_W,946688499.6362534,0x19B50007,1,FALSE logic
HIGH_TEMPERATURE_W,946688499.6362534,0x19B50007,1,FALSE logic
CELL_OVERHEAT,946688499.6362534,0x19B50007,1,FALSE logic
NO_CURRENT_SENSOR,946688499.6362534,0x19B50007,1,FALSE logic
PACK_UNDER_VOLTAGE,946688499.6362534,0x19B50007,1,FALSE logic
VALIDITY,946688499.6362534,0x19B50007,1,39 state
APPS_RANGE_ERROR,946688499.6389215,0x18FF1515,1,"FALSE 0 no Error, 1 Error"
SAFETY_OK,946688499.6389215,0x18FF1515,1,"FALSE 0 no Error, 1 Error"
BRAKE,946688499.6389215,0x18FF1515,1,"0 1 noBrake, 2 Brake"
VCU_STATE,946688499.6389215,0x18FF1515,1,0
APS_PERC,946688499.6389215,0x18FF1515,1,"2.56 porcentagem pedal, precisão de 2 casas decimais"
APPS_RANGE_ERROR,946688499.7388315,0x18FF1515,1,"FALSE 0 no Error, 1 Error"
SAFETY_OK,946688499.7388315,0x18FF1515,1,"FALSE 0 no Error, 1 Error"
BRAKE,946688499.7388315,0x18FF1515,1,"0 1 noBrake, 2 Brake"
VCU_STATE,946688499.7388315,0x18FF1515,1,0
APS_PERC,946688499.7388315,0x18FF1515,1,"2.56 porcentagem pedal, precisão de 2 casas decimais"
APPS_RANGE_ERROR,946688499.8388318,0x18FF1515,1,"FALSE 0 no Error, 1 Error"
SAFETY_OK,946688499.8388318,0x18FF1515,1,"FALSE 0 no Error, 1 Error"
BRAKE,946688499.8388318,0x18FF1515,1,"0 1 noBrake, 2 Brake"
VCU_STATE,946688499.8388318,0x18FF1515,1,0
APS_PERC,946688499.8388318,0x18FF1515,1,"2.56 porcentagem pedal, precisão de 2 casas decimais"
UNDER_VOLTAGE,946688499.8408737,0x19B50007,1,FALSE logic
OVER_VOLTAGE,946688499.8408737,0x19B50007,1,FALSE logic
DISCHARGE_OVER_CURRENT,946688499.8408737,0x19B50007,1,FALSE logic
CHARGE_OVER_CURRENT,946688499.8408737,0x19B50007,1,FALSE logic
CELL_MODULE_OVERHEAT,946688499.8408737,0x19B50007,1,FALSE logic
LEAKAGE,946688499.8408737,0x19B50007,1,FALSE logic
NO_CELL_COMMUNICATION,946688499.8408737,0x19B50007,1,FALSE logic
LOW_VOLTAGE_W,946688499.8408737,0x19B50007,1,FALSE logic
HIGH_CURRENT_W,946688499.8408737,0x19B50007,1,FALSE logic
HIGH_TEMPERATURE_W,946688499.8408737,0x19B50007,1,FALSE logic
CELL_OVERHEAT,946688499.8408737,0x19B50007,1,FALSE logic
NO_CURRENT_SENSOR,946688499.8408737,0x19B50007,1,FALSE logic
PACK_UNDER_VOLTAGE,946688499.8408737,0x19B50007,1,FALSE logic
VALIDITY,946688499.8408737,0x19B50007,1,39 state
APPS_RANGE_ERROR,946688499.9388286,0x18FF1515,1,"FALSE 0 no Error, 1 Error"
SAFETY_OK,946688499.9388286,0x18FF1515,1,"FALSE 0 no Error, 1 Error"
BRAKE,946688499.9388286,0x18FF1515,1,"0 1 noBrake, 2 Brake"
VCU_STATE,946688499.9388286,0x18FF1515,1,0
APS_PERC,946688499.9388286,0x18FF1515,1,"2.56 porcentagem pedal, precisão de 2 casas decimais"
UNDER_VOLTAGE,946688500.0360436,0x19B50007,1,FALSE logic
OVER_VOLTAGE,946688500.0360436,0x19B50007,1,FALSE logic
DISCHARGE_OVER_CURRENT,946688500.0360436,0x19B50007,1,FALSE logic
CHARGE_OVER_CURRENT,946688500.0360436,0x19B50007,1,FALSE logic
CELL_MODULE_OVERHEAT,946688500.0360436,0x19B50007,1,FALSE logic
LEAKAGE,946688500.0360436,0x19B50007,1,FALSE logic
NO_CELL_COMMUNICATION,946688500.0360436,0x19B50007,1,FALSE logic
LOW_VOLTAGE_W,946688500.0360436,0x19B50007,1,FALSE logic
HIGH_CURRENT_W,946688500.0360436,0x19B50007,1,FALSE logic
HIGH_TEMPERATURE_W,946688500.0360436,0x19B50007,1,FALSE logic
CELL_OVERHEAT,946688500.0360436,0x19B50007,1,FALSE logic
NO_CURRENT_SENSOR,946688500.0360436,0x19B50007,1,FALSE logic
PACK_UNDER_VOLTAGE,946688500.0360436,0x19B50007,1,FALSE logic
VALIDITY,946688500.0360436,0x19B50007,1,39 state
APPS_RANGE_ERROR,946688500.0388297,0x18FF1515,1,"FALSE 0 no Error, 1 Error"
SAFETY_OK,946688500.0388297,0x18FF1515,1,"FALSE 0 no Error, 1 Error"
BRAKE,946688500.0388297,0x18FF1515,1,"0 1 noBrake, 2 Brake"
VCU_STATE,946688500.0388297,0x18FF1515,1,0
APS_PERC,946688500.0388297,0x18FF1515,1,"2.56 porcentagem pedal, precisão de 2 casas decimais"
TCELL_0,946688500.131835,0x19B50800,1,-100.00 °C
TCELL_0,946688500.1324098,0x19B50800,1,28.00 °C
TCELL_1,946688500.1324098,0x19B50800,1,28.00 °C
TCELL_2,946688500.1324098,0x19B50800,1,28.00 °C
TCELL_3,946688500.1324098,0x19B50800,1,28.00 °C
TCELL_4,946688500.1324098,0x19B50800,1,28.00 °C
TCELL_5,946688500.1324098,0x19B50800,1,155.00 °C
TCELL_6,946688500.1324098,0x19B50800,1,155.00 °C
TCELL_7,946688500.1324098,0x19B50800,1,155.00 °C
APPS_RANGE_ERROR,946688500.1388215,0x18FF1515,1,"FALSE 0 no Error, 1 Error"
SAFETY_OK,946688500.1388215,0x18FF1515,1,"FALSE 0 no Error, 1 Error"
BRAKE,946688500.1388215,0x18FF1515,1,"0 1 noBrake, 2 Brake"
VCU_STATE,946688500.1388215,0x18FF1515,1,0
APS_PERC,946688500.1388215,0x18FF1515,1,"2.56 porcentagem pedal, precisão de 2 casas decimais"
TCELL_8,946688500.1449869,0x19B50801,1,155.00 °C
TCELL_9,946688500.1449869,0x19B50801,1,155.00 °C
TCELL_10,946688500.1449869,0x19B50801,1,155.00 °C
TCELL_11,946688500.1449869,0x19B50801,1,155.00 °C
TCELL_12,946688500.1449869,0x19B50801,1,155.00 °C
TCELL_13,946688500.1449869,0x19B50801,1,155.00 °C
TCELL_14,946688500.1449869,0x19B50801,1,155.00 °C
TCELL_15,946688500.1449869,0x19B50801,1,155.00 °C
TCELL_16,946688500.1574956,0x19B50802,1,28.00 °C
TCELL_17,946688500.1574956,0x19B50802,1,28.00 °C
TCELL_18,946688500.1574956,0x19B50802,1,28.00 °C
TCELL_19,946688500.1574956,0x19B50802,1,29.00 °C
TCELL_20,946688500.1574956,0x19B50802,1,28.00 °C
TCELL_21,946688500.1574956,0x19B50802,1,155.00 °C
TCELL_22,946688500.1574956,0x19B50802,1,155.00 °C
TCELL_23,946688500.1574956,0x19B50802,1,155.00 °C
TCELL_24,946688500.1819886,0x19B50803,1,155.00 °C
TCELL_25,946688500.1819886,0x19B50803,1,155.00 °C
TCELL_26,946688500.1819886,0x19B50803,1,155.00 °C
TCELL_27,946688500.1819886,0x19B50803,1,155.00 °C
TCELL_28,946688500.1819886,0x19B50803,1,155.00 °C
TCELL_29,946688500.1819886,0x19B50803,1,155.00 °C
TCELL_30,946688500.1819886,0x19B50803,1,155.00 °C
TCELL_31,946688500.1819886,0x19B50803,1,155.00 °C
UNDER_VOLTAGE,946688500.229627,0x19B50007,1,FALSE logic
OVER_VOLTAGE,946688500.229627,0x19B50007,1,FALSE logic
DISCHARGE_OVER_CURRENT,946688500.229627,0x19B50007,1,FALSE logic
CHARGE_OVER_CURRENT,946688500.229627,0x19B50007,1,FALSE logic
CELL_MODULE_OVERHEAT,946688500.229627,0x19B50007,1,FALSE logic
LEAKAGE,946688500.229627,0x19B50007,1,FALSE logic
NO_CELL_COMMUNICATION,946688500.229627,0x19B50007,1,FALSE logic
LOW_VOLTAGE_W,946688500.229627,0x19B50007,1,FALSE logic
HIGH_CURRENT_W,946688500.229627,0x19B50007,1,FALSE logic
HIGH_TEMPERATURE_W,946688500.229627,0x19B50007,1,FALSE logic
CELL_OVERHEAT,946688500.229627,0x19B50007,1,FALSE logic
NO_CURRENT_SENSOR,946688500.229627,0x19B50007,1,FALSE logic
PACK_UNDER_VOLTAGE,946688500.229627,0x19B50007,1,FALSE logic
VALIDITY,946688500.229627,0x19B50007,1,39 state
APPS_RANGE_ERROR,946688500.2388203,0x18FF1515,1,"FALSE 0 no Error, 1 Error"
SAFETY_OK,946688500.2388203,0x18FF1515,1,"FALSE 0 no Error, 1 Error"
BRAKE,946688500.2388203,0x18FF1515,1,"0 1 noBrake, 2 Brake"
VCU_STATE,946688500.2388203,0x18FF1515,1,0
APS_PERC,946688500.2388203,0x18FF1515,1,"2.56 porcentagem pedal, precisão de 2 casas decimais"
APPS_RANGE_ERROR,946688500.3388276,0x18FF1515,1,"FALSE 0 no Error, 1 Error"
SAFETY_OK,946688500.3388276,0x18FF1515,1,"FALSE 0 no Error, 1 Error"
BRAKE,946688500.3388276,0x18FF1515,1,"0 1 noBrake, 2 Brake"
VCU_STATE,946688500.3388276,0x18FF1515,1,0
APS_PERC,946688500.3388276,0x18FF1515,1,"2.56 porcentagem pedal, precisão de 2 casas decimais"
UNDER_VOLTAGE,946688500.4289347,0x19B50007,1,FALSE logic
OVER_VOLTAGE,946688500.4289347,0x19B50007,1,FALSE logic
DISCHARGE_OVER_CURRENT,946688500.4289347,0x19B50007,1,FALSE logic
CHARGE_OVER_CURRENT,946688500.4289347,0x19B50007,1,FALSE logic
CELL_MODULE_OVERHEAT,946688500.4289347,0x19B50007,1,FALSE logic
LEAKAGE,946688500.4289347,0x19B50007,1,FALSE logic
NO_CELL_COMMUNICATION,946688500.4289347,0x19B50007,1,FALSE logic
LOW_VOLTAGE_W,946688500.4289347,0x19B50007,1,FALSE logic
HIGH_CURRENT_W,946688500.4289347,0x19B50007,1,FALSE logic
HIGH_TEMPERATURE_W,946688500.4289347,0x19B50007,1,FALSE logic
CELL_OVERHEAT,946688500.4289347,0x19B50007,1,FALSE logic
NO_CURRENT_SENSOR,946688500.4289347,0x19B50007,1,FALSE logic
PACK_UNDER_VOLTAGE,946688500.4289347,0x19B50007,1,FALSE logic
VALIDITY,946688500.4289347,0x19B50007,1,39 state
APPS_RANGE_ERROR,946688500.4388169,0x18FF1515,1,"FALSE 0 no Error, 1 Error"
SAFETY_OK,946688500.4388169,0x18FF1515,1,"FALSE 0 no Error, 1 Error"
BRAKE,946688500.4388169,0x18FF1515,1,"0 1 noBrake, 2 Brake"
VCU_STATE,946688500.4388169,0x18FF1515,1,0
APS_PERC,946688500.4388169,0x18FF1515,1,"2.56 porcentagem pedal, precisão de 2 casas decimais"
APPS_RANGE_ERROR,946688500.5388178,0x18FF1515,1,"FALSE 0 no Error, 1 Error"
SAFETY_OK,946688500.5388178,0x18FF1515,1,"FALSE 0 no Error, 1 Error"
BRAKE,946688500.5388178,0x18FF1515,1,"0 1 noBrake, 2 Brake"
VCU_STATE,946688500.5388178,0x18FF1515,1,0
APS_PERC,946688500.5388178,0x18FF1515,1,"2.56 porcentagem pedal, precisão de 2 casas decimais"
VCELL_0,946688500.601194,0x19B50100,1,2.00 V
VCELL_0,946688500.6017637,0x19B50100,1,3.96 V
VCELL_1,946688500.6017637,0x19B50100,1,3.95 V
VCELL_2,946688500.6017637,0x19B50100,1,3.95 V
VCELL_3,946688500.6017637,0x19B50100,1,3.95 V
VCELL_4,946688500.6017637,0x19B50100,1,3.95 V
VCELL_5,946688500.6017637,0x19B50100,1,3.95 V
VCELL_6,946688500.6017637,0x19B50100,1,3.95 V
VCELL_7,946688500.6017637,0x19B50100,1,3.95 V
VCELL_8,946688500.625482,0x19B50101,1,3.95 V
VCELL_9,946688500.625482,0x19B50101,1,3.95 V
VCELL_10,946688500.625482,0x19B50101,1,3.95 V
VCELL_11,946688500.625482,0x19B50101,1,3.95 V
VCELL_12,946688500.625482,0x19B50101,1,3.95 V
VCELL_13,946688500.625482,0x19B50101,1,3.95 V
VCELL_14,946688500.625482,0x19B50101,1,3.95 V
VCELL_15,946688500.625482,0x19B50101,1,3.95 V
UNDER_VOLTAGE,946688500.6357296,0x19B50007,1,FALSE logic
OVER_VOLTAGE,946688500.6357296,0x19B50007,1,FALSE logic
DISCHARGE_OVER_CURRENT,946688500.6357296,0x19B50007,1,FALSE logic
CHARGE_OVER_CURRENT,946688500.6357296,0x19B50007,1,FALSE logic
CELL_MODULE_OVERHEAT,946688500.6357296,0x19B50007,1,FALSE logic
LEAKAGE,946688500.6357296,0x19B50007,1,FALSE logic
NO_CELL_COMMUNICATION,946688500.6357296,0x19B50007,1,FALSE logic
LOW_VOLTAGE_W,946688500.6357296,0x19B50007,1,FALSE logic
HIGH_CURRENT_W,946688500.6357296,0x19B50007,1,FALSE logic
HIGH_TEMPERATURE_W,946688500.6357296,0x19B50007,1,FALSE logic
CELL_OVERHEAT,946688500.6357296,0x19B50007,1,FALSE logic
NO_CURRENT_SENSOR,946688500.6357296,0x19B50007,1,FALSE logic
PACK_UNDER_VOLTAGE,946688500.6357296,0x19B50007,1,FALSE logic
VALIDITY,946688500.6357296,0x19B50007,1,39 state
APPS_RANGE_ERROR,946688500.6388266,0x18FF1515,1,"FALSE 0 no Error, 1 Error"
SAFETY_OK,946688500.6388266,0x18FF1515,1,"FALSE 0 no Error, 1 Error"
BRAKE,946688500.6388266,0x18FF1515,1,"0 1 noBrake, 2 Brake"
VCU_STATE,946688500.6388266,0x18FF1515,1,0
APS_PERC,946688500.6388266,0x18FF1515,1,"2.56 porcentagem pedal, precisão de 2 casas decimais"
VCELL_16,946688500.6500311,0x19B50102,1,3.95 V
VCELL_17,946688500.6500311,0x19B50102,1,3.95 V
VCELL_18,946688500.6500311,0x19B50102,1,3.95 V
VCELL_19,946688500.6500311,0x19B50102,1,3.95 V
VCELL_20,946688500.6500311,0x19B50102,1,3.95 V
VCELL_21,946688500.6500311,0x19B50102,1,3.97 V
VCELL_22,946688500.6500311,0x19B50102,1,3.95 V
VCELL_23,946688500.6500311,0x19B50102,1,3.95 V
VCELL_24,946688500.6649891,0x19B50103,1,3.95 V
VCELL_25,946688500.6649891,0x19B50103,1,3.96 V
VCELL_26,946688500.6649891,0x19B50103,1,3.95 V
VCELL_27,946688500.6649891,0x19B50103,1,3.95 V
VCELL_28,946688500.6649891,0x19B50103,1,3.97 V
VCELL_29,946688500.6649891,0x19B50103,1,3.95 V
VCELL_30,946688500.6649891,0x19B50103,1,3.95 V
VCELL_31,946688500.6649891,0x19B50103,1,3.95 V
VCELL_32,946688500.6773329,0x19B50104,1,3.94 V
VCELL_33,946688500.6773329,0x19B50104,1,3.95 V
VCELL_34,946688500.6773329,0x19B50104,1,3.95 V
VCELL_35,946688500.6773329,0x19B50104,1,3.95 V
VCELL_36,946688500.6773329,0x19B50104,1,3.95 V
VCELL_37,946688500.6773329,0x19B50104,1,3.95 V
VCELL_38,946688500.6773329,0x19B50104,1,3.95 V
VCELL_39,946688500.6773329,0x19B50104,1,3.95 V
VCELL_40,946688500.6906079,0x19B50105,1,3.95 V
VCELL_41,946688500.6906079,0x19B50105,1,3.95 V
VCELL_42,946688500.6906079,0x19B50105,1,3.95 V
VCELL_43,946688500.6906079,0x19B50105,1,3.95 V
VCELL_44,946688500.6906079,0x19B50105,1,3.95 V
VCELL_45,946688500.6906079,0x19B50105,1,3.95 V
VCELL_46,946688500.6906079,0x19B50105,1,3.95 V
VCELL_47,946688500.6906079,0x19B50105,1,3.95 V
VCELL_48,946688500.7144678,0x19B50106,1,3.95 V
VCELL_49,946688500.7144678,0x19B50106,1,3.95 V
VCELL_50,946688500.7144678,0x19B50106,1,3.95 V
VCELL_51,946688500.7144678,0x19B50106,1,3.95 V
VCELL_52,946688500.7144678,0x19B50106,1,3.95 V
VCELL_53,946688500.7144678,0x19B50106,1,3.95 V
VCELL_54,946688500.7144678,0x19B50106,1,3.95 V
VCELL_55,946688500.7144678,0x19B50106,1,3.95 V
VCELL_56,946688500.7271446,0x19B50107,1,3.95 V
VCELL_57,946688500.7271446,0x19B50107,1,3.95 V
VCELL_58,946688500.7271446,0x19B50107,1,3.95 V
VCELL_59,946688500.7271446,0x19B50107,1,3.95 V
VCELL_60,946688500.7271446,0x19B50107,1,3.95 V
VCELL_61,946688500.7271446,0x19B50107,1,3.95 V
VCELL_62,946688500.7271446,0x19B50107,1,3.95 V
VCELL_63,946688500.7271446,0x19B50107,1,3.95 V
APPS_RANGE_ERROR,946688500.7388215,0x18FF1515,1,"FALSE 0 no Error, 1 Error"
SAFETY_OK,946688500.7388215,0x18FF1515,1,"FALSE 0 no Error, 1 Error"
BRAKE,946688500.7388215,0x18FF1515,1,"0 1 noBrake, 2 Brake"
VCU_STATE,946688500.7388215,0x18FF1515,1,0
APS_PERC,946688500.7388215,0x18FF1515,1,"2.56 porcentagem pedal, precisão de 2 casas decimais"
VCELL_64,946688500.7408192,0x19B50108,1,3.92 V
VCELL_65,946688500.7408192,0x19B50108,1,3.94 V
VCELL_66,946688500.7408192,0x19B50108,1,3.95 V
VCELL_67,946688500.7408192,0x19B50108,1,3.95 V
VCELL_68,946688500.7408192,0x19B50108,1,3.96 V
VCELL_69,946688500.7408192,0x19B50108,1,3.96 V
VCELL_70,946688500.7408192,0x19B50108,1,3.94 V
VCELL_71,946688500.7408192,0x19B50108,1,3.95 V
VCELL_72,946688500.7534149,0x19B50109,1,3.97 V
VCELL_73,946688500.7534149,0x19B50109,1,3.95 V
VCELL_74,946688500.7534149,0x19B50109,1,3.95 V
VCELL_75,946688500.7534149,0x19B50109,1,3.96 V
VCELL_76,946688500.7534149,0x19B50109,1,3.94 V
VCELL_77,946688500.7534149,0x19B50109,1,3.95 V
VCELL_78,946688500.7534149,0x19B50109,1,3.95 V
VCELL_79,946688500.7534149,0x19B50109,1,3.95 V
VCELL_80,946688500.768741,0x19B5010A,1,3.95 V
VCELL_81,946688500.768741,0x19B5010A,1,3.95 V
VCELL_82,946688500.768741,0x19B5010A,1,3.95 V
VCELL_83,946688500.768741,0x19B5010A,1,3.95 V
VCELL_84,946688500.768741,0x19B5010A,1,3.95 V
VCELL_85,946688500.768741,0x19B5010A,1,3.95 V
VCELL_86,946688500.768741,0x19B5010A,1,3.95 V
VCELL_87,946688500.768741,0x19B5010A,1,3.95 V
VCELL_88,946688500.7809396,0x19B5010B,1,3.95 V
VCELL_89,946688500.7809396,0x19B5010B,1,3.95 V
VCELL_90,946688500.7809396,0x19B5010B,1,3.95 V
VCELL_91,946688500.7809396,0x19B5010B,1,3.98 V
VCELL_92,946688500.7809396,0x19B5010B,1,3.97 V
VCELL_93,946688500.7809396,0x19B5010B,1,3.95 V
VCELL_94,946688500.7809396,0x19B5010B,1,3.95 V
VCELL_95,946688500.7809396,0x19B5010B,1,3.95 V
UNDER_VOLTAGE,946688500.826483,0x19B50007,1,FALSE logic
OVER_VOLTAGE,946688500.826483,0x19B50007,1,FALSE logic
DISCHARGE_OVER_CURRENT,946688500.826483,0x19B50007,1,FALSE logic
CHARGE_OVER_CURRENT,946688500.826483,0x19B50007,1,FALSE logic
CELL_MODULE_OVERHEAT,946688500.826483,0x19B50007,1,FALSE logic
LEAKAGE,946688500.826483,0x19B50007,1,FALSE logic
NO_CELL_COMMUNICATION,946688500.826483,0x19B50007,1,FALSE logic
LOW_VOLTAGE_W,946688500.826483,0x19B50007,1,FALSE logic
HIGH_CURRENT_W,946688500.826483,0x19B50007,1,FALSE logic
HIGH_TEMPERATURE_W,946688500.826483,0x19B50007,1,FALSE logic
CELL_OVERHEAT,946688500.826483,0x19B50007,1,FALSE logic
NO_CURRENT_SENSOR,946688500.826483,0x19B50007,1,FALSE logic
PACK_UNDER_VOLTAGE,946688500.826483,0x19B50007,1,FALSE logic
VALIDITY,946688500.826483,0x19B50007,1,39 state
APPS_RANGE_ERROR,946688500.8388146,0x18FF1515,1,"FALSE 0 no Error, 1 Error"
SAFETY_OK,946688500.8388146,0x18FF1515,1,"FALSE 0 no Error, 1 Error"
BRAKE,946688500.8388146,0x18FF1515,1,"0 1 noBrake, 2 Brake"
VCU_STATE,946688500.8388146,0x18FF1515,1,0
APS_PERC,946688500.8388146,0x18FF1515,1,"2.56 porcentagem pedal, precisão de 2 casas decimais"
APPS_RANGE_ERROR,946688500.9388196,0x18FF1515,1,"FALSE 0 no Error, 1 Error"
SAFETY_OK,946688500.9388196,0x18FF1515,1,"FALSE 0 no Error, 1 Error"
BRAKE,946688500.9388196,0x18FF1515,1,"0 1 noBrake, 2 Brake"
VCU_STATE,946688500.9388196,0x18FF1515,1,0
APS_PERC,946688500.9388196,0x18FF1515,1,"2.56 porcentagem pedal, precisão de 2 casas decimais"
UNDER_VOLTAGE,946688501.0291227,0x19B50007,1,FALSE logic
OVER_VOLTAGE,946688501.0291227,0x19B50007,1,FALSE logic
DISCHARGE_OVER_CURRENT,946688501.0291227,0x19B50007,1,FALSE logic
CHARGE_OVER_CURRENT,946688501.0291227,0x19B50007,1,FALSE logic
CELL_MODULE_OVERHEAT,946688501.0291227,0x19B50007,1,FALSE logic
LEAKAGE,946688501.0291227,0x19B50007,1,FALSE logic
NO_CELL_COMMUNICATION,946688501.0291227,0x19B50007,1,FALSE logic
LOW_VOLTAGE_W,946688501.0291227,0x19B50007,1,FALSE logic
HIGH_CURRENT_W,946688501.0291227,0x19B50007,1,FALSE logic
HIGH_TEMPERATURE_W,946688501.0291227,0x19B50007,1,FALSE logic
CELL_OVERHEAT,946688501.0291227,0x19B50007,1,FALSE logic
NO_CURRENT_SENSOR,946688501.0291227,0x19B50007,1,FALSE logic
PACK_UNDER_VOLTAGE,946688501.0291227,0x19B50007,1,FALSE logic
VALIDITY,946688501.0291227,0x19B50007,1,39 state
APPS_RANGE_ERROR,946688501.0388124,0x18FF1515,1,"FALSE 0 no Error, 1 Error"
SAFETY_OK,946688501.0388124,0x18FF1515,1,"FALSE 0 no Error, 1 Error"
BRAKE,946688501.0388124,0x18FF1515,1,"0 1 noBrake, 2 Brake"
VCU_STATE,946688501.0388124,0x18FF1515,1,0
APS_PERC,946688501.0388124,0x18FF1515,1,"2.56 porcentagem pedal, precisão de 2 casas decimais"
APPS_RANGE_ERROR,946688501.1388173,0x18FF1515,1,"FALSE 0 no Error, 1 Error"
SAFETY_OK,946688501.1388173,0x18FF1515,1,"FALSE 0 no Error, 1 Error"
BRAKE,946688501.1388173,0x18FF1515,1,"0 1 noBrake, 2 Brake"
VCU_STATE,946688501.1388173,0x18FF1515,1,0
APS_PERC,946688501.1388173,0x18FF1515,1,"2.56 porcentagem pedal, precisão de 2 casas decimais"
UNDER_VOLTAGE,946688501.2282552,0x19B50007,1,FALSE logic
OVER_VOLTAGE,946688501.2282552,0x19B50007,1,FALSE logic
DISCHARGE_OVER_CURRENT,946688501.2282552,0x19B50007,1,FALSE logic
CHARGE_OVER_CURRENT,946688501.2282552,0x19B50007,1,FALSE logic
CELL_MODULE_OVERHEAT,946688501.2282552,0x19B50007,1,FALSE logic
LEAKAGE,946688501.2282552,0x19B50007,1,FALSE logic
NO_CELL_COMMUNICATION,946688501.2282552,0x19B50007,1,FALSE logic
LOW_VOLTAGE_W,946688501.2282552,0x19B50007,1,FALSE logic
HIGH_CURRENT_W,946688501.2282552,0x19B50007,1,FALSE logic
HIGH_TEMPERATURE_W,946688501.2282552,0x19B50007,1,FALSE logic
CELL_OVERHEAT,946688501.2282552,0x19B50007,1,FALSE logic
NO_CURRENT_SENSOR,946688501.2282552,0x19B50007,1,FALSE logic
PACK_UNDER_VOLTAGE,946688501.2282552,0x19B50007,1,FALSE logic
VALIDITY,946688501.2282552,0x19B50007,1,39 state
APPS_RANGE_ERROR,946688501.2388096,0x18FF1515,1,"FALSE 0 no Error, 1 Error"
SAFETY_OK,946688501.2388096,0x18FF1515,1,"FALSE 0 no Error, 1 Error"
BRAKE,946688501.2388096,0x18FF1515,1,"0 1 noBrake, 2 Brake"
VCU_STATE,946688501.2388096,0x18FF1515,1,0
APS_PERC,946688501.2388096,0x18FF1515,1,"2.56 porcentagem pedal, precisão de 2 casas decimais"
APPS_RANGE_ERROR,946688501.3388164,0x18FF1515,1,"FALSE 0 no Error, 1 Error"
SAFETY_OK,946688501.3388164,0x18FF1515,1,"FALSE 0 no Error, 1 Error"
BRAKE,946688501.3388164,0x18FF1515,1,"0 1 noBrake, 2 Brake"
VCU_STATE,946688501.3388164,0x18FF1515,1,0
APS_PERC,946688501.3388164,0x18FF1515,1,"2.56 porcentagem pedal, precisão de 2 casas decimais"
UNDER_VOLTAGE,946688501.427855,0x19B50007,1,FALSE logic
OVER_VOLTAGE,946688501.427855,0x19B50007,1,FALSE logic
DISCHARGE_OVER_CURRENT,946688501.427855,0x19B50007,1,FALSE logic
CHARGE_OVER_CURRENT,946688501.427855,0x19B50007,1,FALSE logic
CELL_MODULE_OVERHEAT,946688501.427855,0x19B50007,1,FALSE logic
LEAKAGE,946688501.427855,0x19B50007,1,FALSE logic
NO_CELL_COMMUNICATION,946688501.427855,0x19B50007,1,FALSE logic
LOW_VOLTAGE_W,946688501.427855,0x19B50007,1,FALSE logic
HIGH_CURRENT_W,946688501.427855,0x19B50007,1,FALSE logic
HIGH_TEMPERATURE_W,946688501.427855,0x19B50007,1,FALSE logic
CELL_OVERHEAT,946688501.427855,0x19B50007,1,FALSE logic
NO_CURRENT_SENSOR,946688501.427855,0x19B50007,1,FALSE logic
PACK_UNDER_VOLTAGE,946688501.427855,0x19B50007,1,FALSE logic
VALIDITY,946688501.427855,0x19B50007,1,39 state
APPS_RANGE_ERROR,946688501.4390795,0x18FF1515,1,"FALSE 0 no Error, 1 Error"
SAFETY_OK,946688501.4390795,0x18FF1515,1,"FALSE 0 no Error, 1 Error"
BRAKE,946688501.4390795,0x18FF1515,1,"0 1 noBrake, 2 Brake"
VCU_STATE,946688501.4390795,0x18FF1515,1,0
APS_PERC,946688501.4390795,0x18FF1515,1,"2.56 porcentagem pedal, precisão de 2 casas decimais"
APPS_RANGE_ERROR,946688501.5388094,0x18FF1515,1,"FALSE 0 no Error, 1 Error"
SAFETY_OK,946688501.5388094,0x18FF1515,1,"FALSE 0 no Error, 1 Error"
BRAKE,946688501.5388094,0x18FF1515,1,"0 1 noBrake, 2 Brake"
VCU_STATE,946688501.5388094,0x18FF1515,1,0
APS_PERC,946688501.5388094,0x18FF1515,1,"2.56 porcentagem pedal, precisão de 2 casas decimais"
UNDER_VOLTAGE,946688501.6325084,0x19B50007,1,FALSE logic
OVER_VOLTAGE,946688501.6325084,0x19B50007,1,FALSE logic
DISCHARGE_OVER_CURRENT,946688501.6325084,0x19B50007,1,FALSE logic
CHARGE_OVER_CURRENT,946688501.6325084,0x19B50007,1,FALSE logic
CELL_MODULE_OVERHEAT,946688501.6325084,0x19B50007,1,FALSE logic
LEAKAGE,946688501.6325084,0x19B50007,1,FALSE logic
NO_CELL_COMMUNICATION,946688501.6325084,0x19B50007,1,FALSE logic
LOW_VOLTAGE_W,946688501.6325084,0x19B50007,1,FALSE logic
HIGH_CURRENT_W,946688501.6325084,0x19B50007,1,FALSE logic
HIGH_TEMPERATURE_W,946688501.6325084,0x19B50007,1,FALSE logic
CELL_OVERHEAT,946688501.6325084,0x19B50007,1,FALSE logic
NO_CURRENT_SENSOR,946688501.6325084,0x19B50007,1,FALSE logic
PACK_UNDER_VOLTAGE,946688501.6325084,0x19B50007,1,FALSE logic
VALIDITY,946688501.6325084,0x19B50007,1,39 state
APPS_RANGE_ERROR,946688501.6388313,0x18FF1515,1,"FALSE 0 no Error, 1 Error"
SAFETY_OK,946688501.6388313,0x18FF1515,1,"FALSE 0 no Error, 1 Error"
BRAKE,946688501.6388313,0x18FF1515,1,"0 1 noBrake, 2 Brake"
VCU_STATE,946688501.6388313,0x18FF1515,1,0
APS_PERC,946688501.6388313,0x18FF1515,1,"2.56 porcentagem pedal, precisão de 2 casas decimais"
APPS_RANGE_ERROR,946688501.7388287,0x18FF1515,1,"FALSE 0 no Error, 1 Error"
SAFETY_OK,946688501.7388287,0x18FF1515,1,"FALSE 0 no Error, 1 Error"
BRAKE,946688501.7388287,0x18FF1515,1,"0 1 noBrake, 2 Brake"
VCU_STATE,946688501.7388287,0x18FF1515,1,0
APS_PERC,946688501.7388287,0x18FF1515,1,"2.56 porcentagem pedal, precisão de 2 casas decimais"
UNDER_VOLTAGE,946688501.8315661,0x19B50007,1,FALSE logic
OVER_VOLTAGE,946688501.8315661,0x19B50007,1,FALSE logic
DISCHARGE_OVER_CURRENT,946688501.8315661,0x19B50007,1,FALSE logic
CHARGE_OVER_CURRENT,946688501.8315661,0x19B50007,1,FALSE logic
CELL_MODULE_OVERHEAT,946688501.8315661,0x19B50007,1,FALSE logic
LEAKAGE,946688501.8315661,0x19B50007,1,FALSE logic
NO_CELL_COMMUNICATION,946688501.8315661,0x19B50007,1,FALSE logic
LOW_VOLTAGE_W,946688501.8315661,0x19B50007,1,FALSE logic
HIGH_CURRENT_W,946688501.8315661,0x19B50007,1,FALSE logic
HIGH_TEMPERATURE_W,946688501.8315661,0x19B50007,1,FALSE logic
CELL_OVERHEAT,946688501.8315661,0x19B50007,1,FALSE logic
NO_CURRENT_SENSOR,946688501.8315661,0x19B50007,1,FALSE logic
PACK_UNDER_VOLTAGE,946688501.8315661,0x19B50007,1,FALSE logic
VALIDITY,946688501.8315661,0x19B50007,1,39 state
APPS_RANGE_ERROR,946688501.838908,0x18FF1515,1,"FALSE 0 no Error, 1 Error"
SAFETY_OK,946688501.838908,0x18FF1515,1,"FALSE 0 no Error, 1 Error"
BRAKE,946688501.838908,0x18FF1515,1,"0 1 noBrake, 2 Brake"
VCU_STATE,946688501.838908,0x18FF1515,1,0
APS_PERC,946688501.838908,0x18FF1515,1,"2.56 porcentagem pedal, precisão de 2 casas decimais"
APPS_RANGE_ERROR,946688501.9388016,0x18FF1515,1,"FALSE 0 no Error, 1 Error"
SAFETY_OK,946688501.9388016,0x18FF1515,1,"FALSE 0 no Error, 1 Error"
BRAKE,946688501.9388016,0x18FF1515,1,"0 1 noBrake, 2 Brake"
VCU_STATE,946688501.9388016,0x18FF1515,1,0
APS_PERC,946688501.9388016,0x18FF1515,1,"2.56 porcentagem pedal, precisão de 2 casas decimais"
UNDER_VOLTAGE,946688502.0265841,0x19B50007,1,FALSE logic
OVER_VOLTAGE,946688502.0265841,0x19B50007,1,FALSE logic
DISCHARGE_OVER_CURRENT,946688502.0265841,0x19B50007,1,FALSE logic
CHARGE_OVER_CURRENT,946688502.0265841,0x19B50007,1,FALSE logic
CELL_MODULE_OVERHEAT,946688502.0265841,0x19B50007,1,FALSE logic
LEAKAGE,946688502.0265841,0x19B50007,1,FALSE logic
NO_CELL_COMMUNICATION,946688502.0265841,0x19B50007,1,FALSE logic
LOW_VOLTAGE_W,946688502.0265841,0x19B50007,1,FALSE logic
HIGH_CURRENT_W,946688502.0265841,0x19B50007,1,FALSE logic
HIGH_TEMPERATURE_W,946688502.0265841,0x19B50007,1,FALSE logic
CELL_OVERHEAT,946688502.0265841,0x19B50007,1,FALSE logic
NO_CURRENT_SENSOR,946688502.0265841,0x19B50007,1,FALSE logic
PACK_UNDER_VOLTAGE,946688502.0265841,0x19B50007,1,FALSE logic
VALIDITY,946688502.0265841,0x19B50007,1,39 state
APPS_RANGE_ERROR,946688502.0388021,0x18FF1515,1,"FALSE 0 no Error, 1 Error"
SAFETY_OK,946688502.0388021,0x18FF1515,1,"FALSE 0 no Error, 1 Error"
BRAKE,946688502.0388021,0x18FF1515,1,"0 1 noBrake, 2 Brake"
VCU_STATE,946688502.0388021,0x18FF1515,1,0
APS_PERC,946688502.0388021,0x18FF1515,1,"2.56 porcentagem pedal, precisão de 2 casas decimais"
TCELL_0,946688502.0685608,0x19B50800,1,-100.00 °C
TCELL_0,946688502.0691149,0x19B50800,1,28.00 °C
TCELL_1,946688502.0691149,0x19B50800,1,28.00 °C
TCELL_2,946688502.0691149,0x19B50800,1,28.00 °C
TCELL_3,946688502.0691149,0x19B50800,1,28.00 °C
TCELL_4,946688502.0691149,0x19B50800,1,28.00 °C
TCELL_5,946688502.0691149,0x19B50800,1,155.00 °C
TCELL_6,946688502.0691149,0x19B50800,1,155.00 °C
TCELL_7,946688502.0691149,0x19B50800,1,155.00 °C
TCELL_8,946688502.0815005,0x19B50801,1,155.00 °C
TCELL_9,946688502.0815005,0x19B50801,1,155.00 °C
TCELL_10,946688502.0815005,0x19B50801,1,155.00 °C
TCELL_11,946688502.0815005,0x19B50801,1,155.00 °C
TCELL_12,946688502.0815005,0x19B50801,1,155.00 °C
TCELL_13,946688502.0815005,0x19B50801,1,155.00 °C
TCELL_14,946688502.0815005,0x19B50801,1,155.00 °C
TCELL_15,946688502.0815005,0x19B50801,1,155.00 °C
TCELL_16,946688502.1048921,0x19B50802,1,28.00 °C
TCELL_17,946688502.1048921,0x19B50802,1,28.00 °C
TCELL_18,946688502.1048921,0x19B50802,1,28.00 °C
TCELL_19,946688502.1048921,0x19B50802,1,29.00 °C
TCELL_20,946688502.1048921,0x19B50802,1,28.00 °C
TCELL_21,946688502.1048921,0x19B50802,1,155.00 °C
TCELL_22,946688502.1048921,0x19B50802,1,155.00 °C
TCELL_23,946688502.1048921,0x19B50802,1,155.00 °C
TCELL_24,946688502.1181039,0x19B50803,1,155.00 °C
TCELL_25,946688502.1181039,0x19B50803,1,155.00 °C
TCELL_26,946688502.1181039,0x19B50803,1,155.00 °C
TCELL_27,946688502.1181039,0x19B50803,1,155.00 °C
TCELL_28,946688502.1181039,0x19B50803,1,155.00 °C
TCELL_29,946688502.1181039,0x19B50803,1,155.00 °C
TCELL_30,946688502.1181039,0x19B50803,1,155.00 °C
TCELL_31,946688502.1181039,0x19B50803,1,155.00 °C
APPS_RANGE_ERROR,946688502.1388037,0x18FF1515,1,"FALSE 0 no Error, 1 Error"
SAFETY_OK,946688502.1388037,0x18FF1515,1,"FALSE 0 no Error, 1 Error"
BRAKE,946688502.1388037,0x18FF1515,1,"0 1 noBrake, 2 Brake"
VCU_STATE,946688502.1388037,0x18FF1515,1,0
APS_PERC,946688502.1388037,0x18FF1515,1,"2.56 porcentagem pedal, precisão de 2 casas decimais"
UNDER_VOLTAGE,946688502.2295579,0x19B50007,1,FALSE logic
OVER_VOLTAGE,946688502.2295579,0x19B50007,1,FALSE logic
DISCHARGE_OVER_CURRENT,946688502.2295579,0x19B50007,1,FALSE logic
CHARGE_OVER_CURRENT,946688502.2295579,0x19B50007,1,FALSE logic
CELL_MODULE_OVERHEAT,946688502.2295579,0x19B50007,1,FALSE logic
LEAKAGE,946688502.2295579,0x19B50007,1,FALSE logic
NO_CELL_COMMUNICATION,946688502.2295579,0x19B50007,1,FALSE logic
LOW_VOLTAGE_W,946688502.2295579,0x19B50007,1,FALSE logic
HIGH_CURRENT_W,946688502.2295579,0x19B50007,1,FALSE logic
HIGH_TEMPERATURE_W,946688502.2295579,0x19B50007,1,FALSE logic
CELL_OVERHEAT,946688502.2295579,0x19B50007,1,FALSE logic
NO_CURRENT_SENSOR,946688502.2295579,0x19B50007,1,FALSE logic
PACK_UNDER_VOLTAGE,946688502.2295579,0x19B50007,1,FALSE logic
VALIDITY,946688502.2295579,0x19B50007,1,39 state
APPS_RANGE_ERROR,946688502.2387999,0x18FF1515,1,"FALSE 0 no Error, 1 Error"
SAFETY_OK,946688502.2387999,0x18FF1515,1,"FALSE 0 no Error, 1 Error"
BRAKE,946688502.2387999,0x18FF1515,1,"0 1 noBrake, 2 Brake"
VCU_STATE,946688502.2387999,0x18FF1515,1,0
APS_PERC,946688502.2387999,0x18FF1515,1,"2.56 porcentagem pedal, precisão de 2 casas decimais"
APPS_RANGE_ERROR,946688502.3387973,0x18FF1515,1,"FALSE 0 no Error, 1 Error"
SAFETY_OK,946688502.3387973,0x18FF1515,1,"FALSE 0 no Error, 1 Error"
BRAKE,946688502.3387973,0x18FF1515,1,"0 1 noBrake, 2 Brake"
VCU_STATE,946688502.3387973,0x18FF1515,1,0
APS_PERC,946688502.3387973,0x18FF1515,1,"2.56 porcentagem pedal, precisão de 2 casas decimais"
UNDER_VOLTAGE,946688502.4283143,0x19B50007,1,FALSE logic
OVER_VOLTAGE,946688502.4283143,0x19B50007,1,FALSE logic
DISCHARGE_OVER_CURRENT,946688502.4283143,0x19B50007,1,FALSE logic
CHARGE_OVER_CURRENT,946688502.4283143,0x19B50007,1,FALSE logic
CELL_MODULE_OVERHEAT,946688502.4283143,0x19B50007,1,FALSE logic
LEAKAGE,946688502.4283143,0x19B50007,1,FALSE logic
NO_CELL_COMMUNICATION,946688502.4283143,0x19B50007,1,FALSE logic
LOW_VOLTAGE_W,946688502.4283143,0x19B50007,1,FALSE logic
HIGH_CURRENT_W,946688502.4283143,0x19B50007,1,FALSE logic
HIGH_TEMPERATURE_W,946688502.4283143,0x19B50007,1,FALSE logic
CELL_OVERHEAT,946688502.4283143,0x19B50007,1,FALSE logic
NO_CURRENT_SENSOR,946688502.4283143,0x19B50007,1,FALSE logic
PACK_UNDER_VOLTAGE,946688502.4283143,0x19B50007,1,FALSE logic
VALIDITY,946688502.4283143,0x19B50007,1,39 state
APPS_RANGE_ERROR,946688502.4387995,0x18FF1515,1,"FALSE 0 no Error, 1 Error"
SAFETY_OK,946688502.4387995,0x18FF1515,1,"FALSE 0 no Error, 1 Error"
BRAKE,946688502.4387995,0x18FF1515,1,"0 1 noBrake, 2 Brake"
VCU_STATE,946688502.4387995,0x18FF1515,1,0
APS_PERC,946688502.4387995,0x18FF1515,1,"2.56 porcentagem pedal, precisão de 2 casas decimais"
VCELL_0,946688502.5274321,0x19B50100,1,2.00 V
VCELL_0,946688502.5280932,0x19B50100,1,3.96 V
VCELL_1,946688502.5280932,0x19B50100,1,3.95 V
VCELL_2,946688502.5280932,0x19B50100,1,3.95 V
VCELL_3,946688502.5280932,0x19B50100,1,3.95 V
VCELL_4,946688502.5280932,0x19B50100,1,3.95 V
VCELL_5,946688502.5280932,0x19B50100,1,3.95 V
VCELL_6,946688502.5280932,0x19B50100,1,3.95 V
VCELL_7,946688502.5280932,0x19B50100,1,3.95 V
APPS_RANGE_ERROR,946688502.5388042,0x18FF1515,1,"FALSE 0 no Error, 1 Error"
SAFETY_OK,946688502.5388042,0x18FF1515,1,"FALSE 0 no Error, 1 Error"
BRAKE,946688502.5388042,0x18FF1515,1,"0 1 noBrake, 2 Brake"
VCU_STATE,946688502.5388042,0x18FF1515,1,0
APS_PERC,946688502.5388042,0x18FF1515,1,"2.56 porcentagem pedal, precisão de 2 casas decimais"
VCELL_8,946688502.5520169,0x19B50101,1,3.95 V
VCELL_9,946688502.5520169,0x19B50101,1,3.95 V
VCELL_10,946688502.5520169,0x19B50101,1,3.95 V
VCELL_11,946688502.5520169,0x19B50101,1,3.95 V
VCELL_12,946688502.5520169,0x19B50101,1,3.95 V
VCELL_13,946688502.5520169,0x19B50101,1,3.95 V
VCELL_14,946688502.5520169,0x19B50101,1,3.95 V
VCELL_15,946688502.5520169,0x19B50101,1,3.95 V
VCELL_16,946688502.5672172,0x19B50102,1,3.95 V
VCELL_17,946688502.5672172,0x19B50102,1,3.95 V
VCELL_18,946688502.5672172,0x19B50102,1,3.95 V
VCELL_19,946688502.5672172,0x19B50102,1,3.95 V
VCELL_20,946688502.5672172,0x19B50102,1,3.95 V
VCELL_21,946688502.5672172,0x19B50102,1,3.97 V
VCELL_22,946688502.5672172,0x19B50102,1,3.95 V
VCELL_23,946688502.5672172,0x19B50102,1,3.95 V
VCELL_24,946688502.5798397,0x19B50103,1,3.95 V
VCELL_25,946688502.5798397,0x19B50103,1,3.96 V
VCELL_26,946688502.5798397,0x19B50103,1,3.95 V
VCELL_27,946688502.5798397,0x19B50103,1,3.95 V
VCELL_28,946688502.5798397,0x19B50103,1,3.97 V
VCELL_29,946688502.5798397,0x19B50103,1,3.95 V
VCELL_30,946688502.5798397,0x19B50103,1,3.95 V
VCELL_31,946688502.5798397,0x19B50103,1,3.95 V
VCELL_32,946688502.5922252,0x19B50104,1,3.94 V
VCELL_33,946688502.5922252,0x19B50104,1,3.95 V
VCELL_34,946688502.5922252,0x19B50104,1,3.95 V
VCELL_35,946688502.5922252,0x19B50104,1,3.95 V
VCELL_36,946688502.5922252,0x19B50104,1,3.95 V
VCELL_37,946688502.5922252,0x19B50104,1,3.95 V
VCELL_38,946688502.5922252,0x19B50104,1,3.95 V
VCELL_39,946688502.5922252,0x19B50104,1,3.95 V
VCELL_40,946688502.6046515,0x19B50105,1,3.95 V
VCELL_41,946688502.6046515,0x19B50105,1,3.95 V
VCELL_42,946688502.6046515,0x19B50105,1,3.95 V
VCELL_43,946688502.6046515,0x19B50105,1,3.95 V
VCELL_44,946688502.6046515,0x19B50105,1,3.95 V
VCELL_45,946688502.6046515,0x19B50105,1,3.95 V
VCELL_46,946688502.6046515,0x19B50105,1,3.95 V
VCELL_47,946688502.6046515,0x19B50105,1,3.95 V
VCELL_48,946688502.6295362,0x19B50106,1,3.95 V
VCELL_49,946688502.6295362,0x19B50106,1,3.95 V
VCELL_50,946688502.6295362,0x19B50106,1,3.95 V
VCELL_51,946688502.6295362,0x19B50106,1,3.95 V
VCELL_52,946688502.6295362,0x19B50106,1,3.95 V
VCELL_53,946688502.6295362,0x19B50106,1,3.95 V
VCELL_54,946688502.6295362,0x19B50106,1,3.95 V
VCELL_55,946688502.6295362,0x19B50106,1,3.95 V
APPS_RANGE_ERROR,946688502.6388038,0x18FF1515,1,"FALSE 0 no Error, 1 Error"
SAFETY_OK,946688502.6388038,0x18FF1515,1,"FALSE 0 no Error, 1 Error"
BRAKE,946688502.6388038,0x18FF1515,1,"0 1 noBrake, 2 Brake"
VCU_STATE,946688502.6388038,0x18FF1515,1,0
APS_PERC,946688502.6388038,0x18FF1515,1,"2.56 porcentagem pedal, precisão de 2 casas decimais"
UNDER_VOLTAGE,946688502.6399797,0x19B50007,1,FALSE logic
OVER_VOLTAGE,946688502.6399797,0x19B50007,1,FALSE logic
DISCHARGE_OVER_CURRENT,946688502.6399797,0x19B50007,1,FALSE logic
CHARGE_OVER_CURRENT,946688502.6399797,0x19B50007,1,FALSE logic
CELL_MODULE_OVERHEAT,946688502.6399797,0x19B50007,1,FALSE logic
LEAKAGE,946688502.6399797,0x19B50007,1,FALSE logic
NO_CELL_COMMUNICATION,946688502.6399797,0x19B50007,1,FALSE logic
LOW_VOLTAGE_W,946688502.6399797,0x19B50007,1,FALSE logic
HIGH_CURRENT_W,946688502.6399797,0x19B50007,1,FALSE logic
HIGH_TEMPERATURE_W,946688502.6399797,0x19B50007,1,FALSE logic
CELL_OVERHEAT,946688502.6399797,0x19B50007,1,FALSE logic
NO_CURRENT_SENSOR,946688502.6399797,0x19B50007,1,FALSE logic
PACK_UNDER_VOLTAGE,946688502.6399797,0x19B50007,1,FALSE logic
VALIDITY,946688502.6399797,0x19B50007,1,39 state
VCELL_56,946688502.6544305,0x19B50107,1,3.95 V
VCELL_57,946688502.6544305,0x19B50107,1,3.95 V
VCELL_58,946688502.6544305,0x19B50107,1,3.95 V
VCELL_59,946688502.6544305,0x19B50107,1,3.95 V
VCELL_60,946688502.6544305,0x19B50107,1,3.95 V
VCELL_61,946688502.6544305,0x19B50107,1,3.95 V
VCELL_62,946688502.6544305,0x19B50107,1,3.95 V
VCELL_63,946688502.6544305,0x19B50107,1,3.95 V
VCELL_64,946688502.6680778,0x19B50108,1,3.92 V
VCELL_65,946688502.6680778,0x19B50108,1,3.94 V
VCELL_66,946688502.6680778,0x19B50108,1,3.95 V
VCELL_67,946688502.6680778,0x19B50108,1,3.95 V
VCELL_68,946688502.6680778,0x19B50108,1,3.96 V
VCELL_69,946688502.6680778,0x19B50108,1,3.96 V
VCELL_70,946688502.6680778,0x19B50108,1,3.94 V
VCELL_71,946688502.6680778,0x19B50108,1,3.95 V
VCELL_72,946688502.6825529,0x19B50109,1,3.97 V
VCELL_73,946688502.6825529,0x19B50109,1,3.95 V
VCELL_74,946688502.6825529,0x19B50109,1,3.95 V
VCELL_75,946688502.6825529,0x19B50109,1,3.96 V
VCELL_76,946688502.6825529,0x19B50109,1,3.94 V
VCELL_77,946688502.6825529,0x19B50109,1,3.95 V
VCELL_78,946688502.6825529,0x19B50109,1,3.95 V
VCELL_79,946688502.6825529,0x19B50109,1,3.95 V
VCELL_80,946688502.6958058,0x19B5010A,1,3.95 V
VCELL_81,946688502.6958058,0x19B5010A,1,3.95 V
VCELL_82,946688502.6958058,0x19B5010A,1,3.95 V
VCELL_83,946688502.6958058,0x19B5010A,1,3.95 V
VCELL_84,946688502.6958058,0x19B5010A,1,3.95 V
VCELL_85,946688502.6958058,0x19B5010A,1,3.95 V
VCELL_86,946688502.6958058,0x19B5010A,1,3.95 V
VCELL_87,946688502.6958058,0x19B5010A,1,3.95 V
VCELL_88,946688502.7080462,0x19B5010B,1,3.95 V
VCELL_89,946688502.7080462,0x19B5010B,1,3.95 V
VCELL_90,946688502.7080462,0x19B5010B,1,3.95 V
VCELL_91,946688502.7080462,0x19B5010B,1,3.98 V
VCELL_92,946688502.7080462,0x19B5010B,1,3.97 V
VCELL_93,946688502.7080462,0x19B5010B,1,3.95 V
VCELL_94,946688502.7080462,0x19B5010B,1,3.95 V
VCELL_95,946688502.7080462,0x19B5010B,1,3.95 V
APPS_RANGE_ERROR,946688502.7388014,0x18FF1515,1,"FALSE 0 no Error, 1 Error"
SAFETY_OK,946688502.7388014,0x18FF1515,1,"FALSE 0 no Error, 1 Error"
BRAKE,946688502.7388014,0x18FF1515,1,"0 1 noBrake, 2 Brake"
VCU_STATE,946688502.7388014,0x18FF1515,1,0
APS_PERC,946688502.7388014,0x18FF1515,1,"2.56 porcentagem pedal, precisão de 2 casas decimais"
UNDER_VOLTAGE,946688502.8262576,0x19B50007,1,FALSE logic
OVER_VOLTAGE,946688502.8262576,0x19B50007,1,FALSE logic
DISCHARGE_OVER_CURRENT,946688502.8262576,0x19B50007,1,FALSE logic
CHARGE_OVER_CURRENT,946688502.8262576,0x19B50007,1,FALSE logic
CELL_MODULE_OVERHEAT,946688502.8262576,0x19B50007,1,FALSE logic
LEAKAGE,946688502.8262576,0x19B50007,1,FALSE logic
NO_CELL_COMMUNICATION,946688502.8262576,0x19B50007,1,FALSE logic
LOW_VOLTAGE_W,946688502.8262576,0x19B50007,1,FALSE logic
HIGH_CURRENT_W,946688502.8262576,0x19B50007,1,FALSE logic
HIGH_TEMPERATURE_W,946688502.8262576,0x19B50007,1,FALSE logic
CELL_OVERHEAT,946688502.8262576,0x19B50007,1,FALSE logic
NO_CURRENT_SENSOR,946688502.8262576,0x19B50007,1,FALSE logic
PACK_UNDER_VOLTAGE,946688502.8262576,0x19B50007,1,FALSE logic
VALIDITY,946688502.8262576,0x19B50007,1,39 state
APPS_RANGE_ERROR,946688502.8387913,0x18FF1515,1,"FALSE 0 no Error, 1 Error"
SAFETY_OK,946688502.8387913,0x18FF1515,1,"FALSE 0 no Error, 1 Error"
BRAKE,946688502.8387913,0x18FF1515,1,"0 1 noBrake, 2 Brake"
VCU_STATE,946688502.8387913,0x18FF1515,1,0
APS_PERC,946688502.8387913,0x18FF1515,1,"2.56 porcentagem pedal, precisão de 2 casas decimais"
APPS_RANGE_ERROR,946688502.9387921,0x18FF1515,1,"FALSE 0 no Error, 1 Error"
SAFETY_OK,946688502.9387921,0x18FF1515,1,"FALSE 0 no Error, 1 Error"
BRAKE,946688502.9387921,0x18FF1515,1,"0 1 noBrake, 2 Brake"
VCU_STATE,946688502.9387921,0x18FF1515,1,0
APS_PERC,946688502.9387921,0x18FF1515,1,"2.56 porcentagem pedal, precisão de 2 casas decimais"
UNDER_VOLTAGE,946688503.0261438,0x19B50007,1,FALSE logic
OVER_VOLTAGE,946688503.0261438,0x19B50007,1,FALSE logic
DISCHARGE_OVER_CURRENT,946688503.0261438,0x19B50007,1,FALSE logic
CHARGE_OVER_CURRENT,946688503.0261438,0x19B50007,1,FALSE logic
CELL_MODULE_OVERHEAT,946688503.0261438,0x19B50007,1,FALSE logic
LEAKAGE,946688503.0261438,0x19B50007,1,FALSE logic
NO_CELL_COMMUNICATION,946688503.0261438,0x19B50007,1,FALSE logic
LOW_VOLTAGE_W,946688503.0261438,0x19B50007,1,FALSE logic
HIGH_CURRENT_W,946688503.0261438,0x19B50007,1,FALSE logic
HIGH_TEMPERATURE_W,946688503.0261438,0x19B50007,1,FALSE logic
CELL_OVERHEAT,946688503.0261438,0x19B50007,1,FALSE logic
NO_CURRENT_SENSOR,946688503.0261438,0x19B50007,1,FALSE logic
PACK_UNDER_VOLTAGE,946688503.0261438,0x19B50007,1,FALSE logic
VALIDITY,946688503.0261438,0x19B50007,1,39 state
APPS_RANGE_ERROR,946688503.0387958,0x18FF1515,1,"FALSE 0 no Error, 1 Error"
SAFETY_OK,946688503.0387958,0x18FF1515,1,"FALSE 0 no Error, 1 Error"
BRAKE,946688503.0387958,0x18FF1515,1,"0 1 noBrake, 2 Brake"
VCU_STATE,946688503.0387958,0x18FF1515,1,0
APS_PERC,946688503.0387958,0x18FF1515,1,"2.56 porcentagem pedal, precisão de 2 casas decimais"
APPS_RANGE_ERROR,946688503.1387974,0x18FF1515,1,"FALSE 0 no Error, 1 Error"
SAFETY_OK,946688503.1387974,0x18FF1515,1,"FALSE 0 no Error, 1 Error"
BRAKE,946688503.1387974,0x18FF1515,1,"0 1 noBrake, 2 Brake"
VCU_STATE,946688503.1387974,0x18FF1515,1,0
APS_PERC,946688503.1387974,0x18FF1515,1,"2.56 porcentagem pedal, precisão de 2 casas decimais"
UNDER_VOLTAGE,946688503.2297364,0x19B50007,1,FALSE logic
OVER_VOLTAGE,946688503.2297364,0x19B50007,1,FALSE logic
DISCHARGE_OVER_CURRENT,946688503.2297364,0x19B50007,1,FALSE logic
CHARGE_OVER_CURRENT,946688503.2297364,0x19B50007,1,FALSE logic
CELL_MODULE_OVERHEAT,946688503.2297364,0x19B50007,1,FALSE logic
LEAKAGE,946688503.2297364,0x19B50007,1,FALSE logic
NO_CELL_COMMUNICATION,946688503.2297364,0x19B50007,1,FALSE logic
LOW_VOLTAGE_W,946688503.2297364,0x19B50007,1,FALSE logic
HIGH_CURRENT_W,946688503.2297364,0x19B50007,1,FALSE logic
HIGH_TEMPERATURE_W,946688503.2297364,0x19B50007,1,FALSE logic
CELL_OVERHEAT,946688503.2297364,0x19B50007,1,FALSE logic
NO_CURRENT_SENSOR,946688503.2297364,0x19B50007,1,FALSE logic
PACK_UNDER_VOLTAGE,946688503.2297364,0x19B50007,1,FALSE logic
VALIDITY,946688503.2297364,0x19B50007,1,39 state
APPS_RANGE_ERROR,946688503.2387918,0x18FF1515,1,"FALSE 0 no Error, 1 Error"
SAFETY_OK,946688503.2387918,0x18FF1515,1,"FALSE 0 no Error, 1 Error"
BRAKE,946688503.2387918,0x18FF1515,1,"0 1 noBrake, 2 Brake"
VCU_STATE,946688503.2387918,0x18FF1515,1,0
APS_PERC,946688503.2387918,0x18FF1515,1,"2.56 porcentagem pedal, precisão de 2 casas decimais"
APPS_RANGE_ERROR,946688503.3387995,0x18FF1515,1,"FALSE 0 no Error, 1 Error"
SAFETY_OK,946688503.3387995,0x18FF1515,1,"FALSE 0 no Error, 1 Error"
BRAKE,946688503.3387995,0x18FF1515,1,"0 1 noBrake, 2 Brake"
VCU_STATE,946688503.3387995,0x18FF1515,1,0
APS_PERC,946688503.3387995,0x18FF1515,1,"2.56 porcentagem pedal, precisão de 2 casas decimais"
UNDER_VOLTAGE,946688503.4260242,0x19B50007,1,FALSE logic
OVER_VOLTAGE,946688503.4260242,0x19B50007,1,FALSE logic
DISCHARGE_OVER_CURRENT,946688503.4260242,0x19B50007,1,FALSE logic
CHARGE_OVER_CURRENT,946688503.4260242,0x19B50007,1,FALSE logic
CELL_MODULE_OVERHEAT,946688503.4260242,0x19B50007,1,FALSE logic
LEAKAGE,946688503.4260242,0x19B50007,1,FALSE logic
NO_CELL_COMMUNICATION,946688503.4260242,0x19B50007,1,FALSE logic
LOW_VOLTAGE_W,946688503.4260242,0x19B50007,1,FALSE logic
HIGH_CURRENT_W,946688503.4260242,0x19B50007,1,FALSE logic
HIGH_TEMPERATURE_W,946688503.4260242,0x19B50007,1,FALSE logic
CELL_OVERHEAT,946688503.4260242,0x19B50007,1,FALSE logic
NO_CURRENT_SENSOR,946688503.4260242,0x19B50007,1,FALSE logic
PACK_UNDER_VOLTAGE,946688503.4260242,0x19B50007,1,FALSE logic
VALIDITY,946688503.4260242,0x19B50007,1,39 state
APPS_RANGE_ERROR,946688503.4387923,0x18FF1515,1,"FALSE 0 no Error, 1 Error"
SAFETY_OK,946688503.4387923,0x18FF1515,1,"FALSE 0 no Error, 1 Error"
BRAKE,946688503.4387923,0x18FF1515,1,"0 1 noBrake, 2 Brake"
VCU_STATE,946688503.4387923,0x18FF1515,1,0
APS_PERC,946688503.4387923,0x18FF1515,1,"2.56 porcentagem pedal, precisão de 2 casas decimais"
APPS_RANGE_ERROR,946688503.5388021,0x18FF1515,1,"FALSE 0 no Error, 1 Error"
SAFETY_OK,946688503.5388021,0x18FF1515,1,"FALSE 0 no Error, 1 Error"
BRAKE,946688503.5388021,0x18FF1515,1,"0 1 noBrake, 2 Brake"
VCU_STATE,946688503.5388021,0x18FF1515,1,0
APS_PERC,946688503.5388021,0x18FF1515,1,"2.56 porcentagem pedal, precisão de 2 casas decimais"
UNDER_VOLTAGE,946688503.6292368,0x19B50007,1,FALSE logic
OVER_VOLTAGE,946688503.6292368,0x19B50007,1,FALSE logic
DISCHARGE_OVER_CURRENT,946688503.6292368,0x19B50007,1,FALSE logic
CHARGE_OVER_CURRENT,946688503.6292368,0x19B50007,1,FALSE logic
CELL_MODULE_OVERHEAT,946688503.6292368,0x19B50007,1,FALSE logic
LEAKAGE,946688503.6292368,0x19B50007,1,FALSE logic
NO_CELL_COMMUNICATION,946688503.6292368,0x19B50007,1,FALSE logic
LOW_VOLTAGE_W,946688503.6292368,0x19B50007,1,FALSE logic
HIGH_CURRENT_W,946688503.6292368,0x19B50007,1,FALSE logic
HIGH_TEMPERATURE_W,946688503.6292368,0x19B50007,1,FALSE logic
CELL_OVERHEAT,946688503.6292368,0x19B50007,1,FALSE logic
NO_CURRENT_SENSOR,946688503.6292368,0x19B50007,1,FALSE logic
PACK_UNDER_VOLTAGE,946688503.6292368,0x19B50007,1,FALSE logic
VALIDITY,946688503.6292368,0x19B50007,1,39 state
APPS_RANGE_ERROR,946688503.6387868,0x18FF1515,1,"FALSE 0 no Error, 1 Error"
SAFETY_OK,946688503.6387868,0x18FF1515,1,"FALSE 0 no Error, 1 Error"
BRAKE,946688503.6387868,0x18FF1515,1,"0 1 noBrake, 2 Brake"
VCU_STATE,946688503.6387868,0x18FF1515,1,0
APS_PERC,946688503.6387868,0x18FF1515,1,"2.56 porcentagem pedal, precisão de 2 casas decimais"
APPS_RANGE_ERROR,946688503.7387866,0x18FF1515,1,"FALSE 0 no Error, 1 Error"
SAFETY_OK,946688503.7387866,0x18FF1515,1,"FALSE 0 no Error, 1 Error"
BRAKE,946688503.7387866,0x18FF1515,1,"0 1 noBrake, 2 Brake"
VCU_STATE,946688503.7387866,0x18FF1515,1,0
APS_PERC,946688503.7387866,0x18FF1515,1,"2.56 porcentagem pedal, precisão de 2 casas decimais"
APPS_RANGE_ERROR,946688503.838804,0x18FF1515,1,"FALSE 0 no Error, 1 Error"
SAFETY_OK,946688503.838804,0x18FF1515,1,"FALSE 0 no Error, 1 Error"
BRAKE,946688503.838804,0x18FF1515,1,"0 1 noBrake, 2 Brake"
VCU_STATE,946688503.838804,0x18FF1515,1,0
APS_PERC,946688503.838804,0x18FF1515,1,"2.56 porcentagem pedal, precisão de 2 casas decimais"
UNDER_VOLTAGE,946688503.8544614,0x19B50007,1,FALSE logic
OVER_VOLTAGE,946688503.8544614,0x19B50007,1,FALSE logic
DISCHARGE_OVER_CURRENT,946688503.8544614,0x19B50007,1,FALSE logic
CHARGE_OVER_CURRENT,946688503.8544614,0x19B50007,1,FALSE logic
CELL_MODULE_OVERHEAT,946688503.8544614,0x19B50007,1,FALSE logic
LEAKAGE,946688503.8544614,0x19B50007,1,FALSE logic
NO_CELL_COMMUNICATION,946688503.8544614,0x19B50007,1,FALSE logic
LOW_VOLTAGE_W,946688503.8544614,0x19B50007,1,FALSE logic
HIGH_CURRENT_W,946688503.8544614,0x19B50007,1,FALSE logic
HIGH_TEMPERATURE_W,946688503.8544614,0x19B50007,1,FALSE logic
CELL_OVERHEAT,946688503.8544614,0x19B50007,1,FALSE logic
NO_CURRENT_SENSOR,946688503.8544614,0x19B50007,1,FALSE logic
PACK_UNDER_VOLTAGE,946688503.8544614,0x19B50007,1,FALSE logic
VALIDITY,946688503.8544614,0x19B50007,1,39 state
APPS_RANGE_ERROR,946688503.9387854,0x18FF1515,1,"FALSE 0 no Error, 1 Error"
SAFETY_OK,946688503.9387854,0x18FF1515,1,"FALSE 0 no Error, 1 Error"
BRAKE,946688503.9387854,0x18FF1515,1,"0 1 noBrake, 2 Brake"
VCU_STATE,946688503.9387854,0x18FF1515,1,0
APS_PERC,946688503.9387854,0x18FF1515,1,"2.56 porcentagem pedal, precisão de 2 casas decimais"
TCELL_0,946688503.9972064,0x19B50800,1,-100.00 °C
TCELL_0,946688503.9977758,0x19B50800,1,28.00 °C
TCELL_1,946688503.9977758,0x19B50800,1,28.00 °C
TCELL_2,946688503.9977758,0x19B50800,1,28.00 °C
TCELL_3,946688503.9977758,0x19B50800,1,28.00 °C
TCELL_4,946688503.9977758,0x19B50800,1,28.00 °C
TCELL_5,946688503.9977758,0x19B50800,1,155.00 °C
TCELL_6,946688503.9977758,0x19B50800,1,155.00 °C
TCELL_7,946688503.9977758,0x19B50800,1,155.00 °C
TCELL_8,946688504.0101893,0x19B50801,1,155.00 °C
TCELL_9,946688504.0101893,0x19B50801,1,155.00 °C
TCELL_10,946688504.0101893,0x19B50801,1,155.00 °C
TCELL_11,946688504.0101893,0x19B50801,1,155.00 °C
TCELL_12,946688504.0101893,0x19B50801,1,155.00 °C
TCELL_13,946688504.0101893,0x19B50801,1,155.00 °C
TCELL_14,946688504.0101893,0x19B50801,1,155.00 °C
TCELL_15,946688504.0101893,0x19B50801,1,155.00 °C
TCELL_16,946688504.0227411,0x19B50802,1,28.00 °C
TCELL_17,946688504.0227411,0x19B50802,1,28.00 °C
TCELL_18,946688504.0227411,0x19B50802,1,28.00 °C
TCELL_19,946688504.0227411,0x19B50802,1,29.00 °C
TCELL_20,946688504.0227411,0x19B50802,1,28.00 °C
TCELL_21,946688504.0227411,0x19B50802,1,155.00 °C
TCELL_22,946688504.0227411,0x19B50802,1,155.00 °C
TCELL_23,946688504.0227411,0x19B50802,1,155.00 °C
UNDER_VOLTAGE,946688504.0309136,0x19B50007,1,FALSE logic
OVER_VOLTAGE,946688504.0309136,0x19B50007,1,FALSE logic
DISCHARGE_OVER_CURRENT,946688504.0309136,0x19B50007,1,FALSE logic
CHARGE_OVER_CURRENT,946688504.0309136,0x19B50007,1,FALSE logic
CELL_MODULE_OVERHEAT,946688504.0309136,0x19B50007,1,FALSE logic
LEAKAGE,946688504.0309136,0x19B50007,1,FALSE logic
NO_CELL_COMMUNICATION,946688504.0309136,0x19B50007,1,FALSE logic
LOW_VOLTAGE_W,946688504.0309136,0x19B50007,1,FALSE logic
HIGH_CURRENT_W,946688504.0309136,0x19B50007,1,FALSE logic
HIGH_TEMPERATURE_W,946688504.0309136,0x19B50007,1,FALSE logic
CELL_OVERHEAT,946688504.0309136,0x19B50007,1,FALSE logic
NO_CURRENT_SENSOR,946688504.0309136,0x19B50007,1,FALSE logic
PACK_UNDER_VOLTAGE,946688504.0309136,0x19B50007,1,FALSE logic
VALIDITY,946688504.0309136,0x19B50007,1,39 state
APPS_RANGE_ERROR,946688504.0387853,0x18FF1515,1,"FALSE 0 no Error, 1 Error"
SAFETY_OK,946688504.0387853,0x18FF1515,1,"FALSE 0 no Error, 1 Error"
BRAKE,946688504.0387853,0x18FF1515,1,"0 1 noBrake, 2 Brake"
VCU_STATE,946688504.0387853,0x18FF1515,1,0
APS_PERC,946688504.0387853,0x18FF1515,1,"2.56 porcentagem pedal, precisão de 2 casas decimais"
TCELL_24,946688504.0476286,0x19B50803,1,155.00 °C
TCELL_25,946688504.0476286,0x19B50803,1,155.00 °C
TCELL_26,946688504.0476286,0x19B50803,1,155.00 °C
TCELL_27,946688504.0476286,0x19B50803,1,155.00 °C
TCELL_28,946688504.0476286,0x19B50803,1,155.00 °C
TCELL_29,946688504.0476286,0x19B50803,1,155.00 °C
TCELL_30,946688504.0476286,0x19B50803,1,155.00 °C
TCELL_31,946688504.0476286,0x19B50803,1,155.00 °C
APPS_RANGE_ERROR,946688504.1387827,0x18FF1515,1,"FALSE 0 no Error, 1 Error"
SAFETY_OK,946688504.1387827,0x18FF1515,1,"FALSE 0 no Error, 1 Error"
BRAKE,946688504.1387827,0x18FF1515,1,"0 1 noBrake, 2 Brake"
VCU_STATE,946688504.1387827,0x18FF1515,1,0
APS_PERC,946688504.1387827,0x18FF1515,1,"2.56 porcentagem pedal, precisão de 2 casas decimais"
UNDER_VOLTAGE,946688504.2241961,0x19B50007,1,FALSE logic
OVER_VOLTAGE,946688504.2241961,0x19B50007,1,FALSE logic
DISCHARGE_OVER_CURRENT,946688504.2241961,0x19B50007,1,FALSE logic
CHARGE_OVER_CURRENT,946688504.2241961,0x19B50007,1,FALSE logic
CELL_MODULE_OVERHEAT,946688504.2241961,0x19B50007,1,FALSE logic
LEAKAGE,946688504.2241961,0x19B50007,1,FALSE logic
NO_CELL_COMMUNICATION,946688504.2241961,0x19B50007,1,FALSE logic
LOW_VOLTAGE_W,946688504.2241961,0x19B50007,1,FALSE logic
HIGH_CURRENT_W,946688504.2241961,0x19B50007,1,FALSE logic
HIGH_TEMPERATURE_W,946688504.2241961,0x19B50007,1,FALSE logic
CELL_OVERHEAT,946688504.2241961,0x19B50007,1,FALSE logic
NO_CURRENT_SENSOR,946688504.2241961,0x19B50007,1,FALSE logic
PACK_UNDER_VOLTAGE,946688504.2241961,0x19B50007,1,FALSE logic
VALIDITY,946688504.2241961,0x19B50007,1,39 state
APPS_RANGE_ERROR,946688504.2388074,0x18FF1515,1,"FALSE 0 no Error, 1 Error"
SAFETY_OK,946688504.2388074,0x18FF1515,1,"FALSE 0 no Error, 1 Error"
BRAKE,946688504.2388074,0x18FF1515,1,"0 1 noBrake, 2 Brake"
VCU_STATE,946688504.2388074,0x18FF1515,1,0
APS_PERC,946688504.2388074,0x18FF1515,1,"2.56 porcentagem pedal, precisão de 2 casas decimais"
APPS_RANGE_ERROR,946688504.338787,0x18FF1515,1,"FALSE 0 no Error, 1 Error"
SAFETY_OK,946688504.338787,0x18FF1515,1,"FALSE 0 no Error, 1 Error"
BRAKE,946688504.338787,0x18FF1515,1,"0 1 noBrake, 2 Brake"
VCU_STATE,946688504.338787,0x18FF1515,1,0
APS_PERC,946688504.338787,0x18FF1515,1,"2.56 porcentagem pedal, precisão de 2 casas decimais"
UNDER_VOLTAGE,946688504.422946,0x19B50007,1,FALSE logic
OVER_VOLTAGE,946688504.422946,0x19B50007,1,FALSE logic
DISCHARGE_OVER_CURRENT,946688504.422946,0x19B50007,1,FALSE logic
CHARGE_OVER_CURRENT,946688504.422946,0x19B50007,1,FALSE logic
CELL_MODULE_OVERHEAT,946688504.422946,0x19B50007,1,FALSE logic
LEAKAGE,946688504.422946,0x19B50007,1,FALSE logic
NO_CELL_COMMUNICATION,946688504.422946,0x19B50007,1,FALSE logic
LOW_VOLTAGE_W,946688504.422946,0x19B50007,1,FALSE logic
HIGH_CURRENT_W,946688504.422946,0x19B50007,1,FALSE logic
HIGH_TEMPERATURE_W,946688504.422946,0x19B50007,1,FALSE logic
CELL_OVERHEAT,946688504.422946,0x19B50007,1,FALSE logic
NO_CURRENT_SENSOR,946688504.422946,0x19B50007,1,FALSE logic
PACK_UNDER_VOLTAGE,946688504.422946,0x19B50007,1,FALSE logic
VALIDITY,946688504.422946,0x19B50007,1,39 state
APPS_RANGE_ERROR,946688504.4387826,0x18FF1515,1,"FALSE 0 no Error, 1 Error"
SAFETY_OK,946688504.4387826,0x18FF1515,1,"FALSE 0 no Error, 1 Error"
BRAKE,946688504.4387826,0x18FF1515,1,"0 1 noBrake, 2 Brake"
VCU_STATE,946688504.4387826,0x18FF1515,1,0
APS_PERC,946688504.4387826,0x18FF1515,1,"2.56 porcentagem pedal, precisão de 2 casas decimais"
VCELL_0,946688504.4540685,0x19B50100,1,2.00 V
VCELL_0,946688504.4548473,0x19B50100,1,3.96 V
VCELL_1,946688504.4548473,0x19B50100,1,3.95 V
VCELL_2,946688504.4548473,0x19B50100,1,3.95 V
VCELL_3,946688504.4548473,0x19B50100,1,3.95 V
VCELL_4,946688504.4548473,0x19B50100,1,3.95 V
VCELL_5,946688504.4548473,0x19B50100,1,3.95 V
VCELL_6,946688504.4548473,0x19B50100,1,3.95 V
VCELL_7,946688504.4548473,0x19B50100,1,3.95 V
VCELL_8,946688504.4672155,0x19B50101,1,3.95 V
VCELL_9,946688504.4672155,0x19B50101,1,3.95 V
VCELL_10,946688504.4672155,0x19B50101,1,3.95 V
VCELL_11,946688504.4672155,0x19B50101,1,3.95 V
VCELL_12,946688504.4672155,0x19B50101,1,3.95 V
VCELL_13,946688504.4672155,0x19B50101,1,3.95 V
VCELL_14,946688504.4672155,0x19B50101,1,3.95 V
VCELL_15,946688504.4672155,0x19B50101,1,3.95 V
VCELL_16,946688504.49056,0x19B50102,1,3.95 V
VCELL_17,946688504.49056,0x19B50102,1,3.95 V
VCELL_18,946688504.49056,0x19B50102,1,3.95 V
VCELL_19,946688504.49056,0x19B50102,1,3.95 V
VCELL_20,946688504.49056,0x19B50102,1,3.95 V
VCELL_21,946688504.49056,0x19B50102,1,3.97 V
VCELL_22,946688504.49056,0x19B50102,1,3.95 V
VCELL_23,946688504.49056,0x19B50102,1,3.95 V
VCELL_24,946688504.5061246,0x19B50103,1,3.95 V
VCELL_25,946688504.5061246,0x19B50103,1,3.96 V
VCELL_26,946688504.5061246,0x19B50103,1,3.95 V
VCELL_27,946688504.5061246,0x19B50103,1,3.95 V
VCELL_28,946688504.5061246,0x19B50103,1,3.97 V
VCELL_29,946688504.5061246,0x19B50103,1,3.95 V
VCELL_30,946688504.5061246,0x19B50103,1,3.95 V
VCELL_31,946688504.5061246,0x19B50103,1,3.95 V
VCELL_32,946688504.5187898,0x19B50104,1,3.94 V
VCELL_33,946688504.5187898,0x19B50104,1,3.95 V
VCELL_34,946688504.5187898,0x19B50104,1,3.95 V
VCELL_35,946688504.5187898,0x19B50104,1,3.95 V
VCELL_36,946688504.5187898,0x19B50104,1,3.95 V
VCELL_37,946688504.5187898,0x19B50104,1,3.95 V
VCELL_38,946688504.5187898,0x19B50104,1,3.95 V
VCELL_39,946688504.5187898,0x19B50104,1,3.95 V
VCELL_40,946688504.5312643,0x19B50105,1,3.95 V
VCELL_41,946688504.5312643,0x19B50105,1,3.95 V
VCELL_42,946688504.5312643,0x19B50105,1,3.95 V
VCELL_43,946688504.5312643,0x19B50105,1,3.95 V
VCELL_44,946688504.5312643,0x19B50105,1,3.95 V
VCELL_45,946688504.5312643,0x19B50105,1,3.95 V
VCELL_46,946688504.5312643,0x19B50105,1,3.95 V
VCELL_47,946688504.5312643,0x19B50105,1,3.95 V
APPS_RANGE_ERROR,946688504.5387865,0x18FF1515,1,"FALSE 0 no Error, 1 Error"
SAFETY_OK,946688504.5387865,0x18FF1515,1,"FALSE 0 no Error, 1 Error"
BRAKE,946688504.5387865,0x18FF1515,1,"0 1 noBrake, 2 Brake"
VCU_STATE,946688504.5387865,0x18FF1515,1,0
APS_PERC,946688504.5387865,0x18FF1515,1,"2.56 porcentagem pedal, precisão de 2 casas decimais"
VCELL_48,946688504.544934,0x19B50106,1,3.95 V
VCELL_49,946688504.544934,0x19B50106,1,3.95 V
VCELL_50,946688504.544934,0x19B50106,1,3.95 V
VCELL_51,946688504.544934,0x19B50106,1,3.95 V
VCELL_52,946688504.544934,0x19B50106,1,3.95 V
VCELL_53,946688504.544934,0x19B50106,1,3.95 V
VCELL_54,946688504.544934,0x19B50106,1,3.95 V
VCELL_55,946688504.544934,0x19B50106,1,3.95 V
VCELL_56,946688504.5688137,0x19B50107,1,3.95 V
VCELL_57,946688504.5688137,0x19B50107,1,3.95 V
VCELL_58,946688504.5688137,0x19B50107,1,3.95 V
VCELL_59,946688504.5688137,0x19B50107,1,3.95 V
VCELL_60,946688504.5688137,0x19B50107,1,3.95 V
VCELL_61,946688504.5688137,0x19B50107,1,3.95 V
VCELL_62,946688504.5688137,0x19B50107,1,3.95 V
VCELL_63,946688504.5688137,0x19B50107,1,3.95 V
VCELL_64,946688504.5812163,0x19B50108,1,3.92 V
VCELL_65,946688504.5812163,0x19B50108,1,3.94 V
VCELL_66,946688504.5812163,0x19B50108,1,3.95 V
VCELL_67,946688504.5812163,0x19B50108,1,3.95 V
VCELL_68,946688504.5812163,0x19B50108,1,3.96 V
VCELL_69,946688504.5812163,0x19B50108,1,3.96 V
VCELL_70,946688504.5812163,0x19B50108,1,3.94 V
VCELL_71,946688504.5812163,0x19B50108,1,3.95 V
VCELL_72,946688504.594647,0x19B50109,1,3.97 V
VCELL_73,946688504.594647,0x19B50109,1,3.95 V
VCELL_74,946688504.594647,0x19B50109,1,3.95 V
VCELL_75,946688504.594647,0x19B50109,1,3.96 V
VCELL_76,946688504.594647,0x19B50109,1,3.94 V
VCELL_77,946688504.594647,0x19B50109,1,3.95 V
VCELL_78,946688504.594647,0x19B50109,1,3.95 V
VCELL_79,946688504.594647,0x19B50109,1,3.95 V
VCELL_80,946688504.6091402,0x19B5010A,1,3.95 V
VCELL_81,946688504.6091402,0x19B5010A,1,3.95 V
VCELL_82,946688504.6091402,0x19B5010A,1,3.95 V
VCELL_83,946688504.6091402,0x19B5010A,1,3.95 V
VCELL_84,946688504.6091402,0x19B5010A,1,3.95 V
VCELL_85,946688504.6091402,0x19B5010A,1,3.95 V
VCELL_86,946688504.6091402,0x19B5010A,1,3.95 V
VCELL_87,946688504.6091402,0x19B5010A,1,3.95 V
VCELL_88,946688504.6217338,0x19B5010B,1,3.95 V
VCELL_89,946688504.6217338,0x19B5010B,1,3.95 V
VCELL_90,946688504.6217338,0x19B5010B,1,3.95 V
VCELL_91,946688504.6217338,0x19B5010B,1,3.98 V
VCELL_92,946688504.6217338,0x19B5010B,1,3.97 V
VCELL_93,946688504.6217338,0x19B5010B,1,3.95 V
VCELL_94,946688504.6217338,0x19B5010B,1,3.95 V
VCELL_95,946688504.6217338,0x19B5010B,1,3.95 V
UNDER_VOLTAGE,946688504.6319836,0x19B50007,1,FALSE logic
OVER_VOLTAGE,946688504.6319836,0x19B50007,1,FALSE logic
DISCHARGE_OVER_CURRENT,946688504.6319836,0x19B50007,1,FALSE logic
CHARGE_OVER_CURRENT,946688504.6319836,0x19B50007,1,FALSE logic
CELL_MODULE_OVERHEAT,946688504.6319836,0x19B50007,1,FALSE logic
LEAKAGE,946688504.6319836,0x19B50007,1,FALSE logic
NO_CELL_COMMUNICATION,946688504.6319836,0x19B50007,1,FALSE logic
LOW_VOLTAGE_W,946688504.6319836,0x19B50007,1,FALSE logic
HIGH_CURRENT_W,946688504.6319836,0x19B50007,1,FALSE logic
HIGH_TEMPERATURE_W,946688504.6319836,0x19B50007,1,FALSE logic
CELL_OVERHEAT,946688504.6319836,0x19B50007,1,FALSE logic
NO_CURRENT_SENSOR,946688504.6319836,0x19B50007,1,FALSE logic
PACK_UNDER_VOLTAGE,946688504.6319836,0x19B50007,1,FALSE logic
VALIDITY,946688504.6319836,0x19B50007,1,39 state
APPS_RANGE_ERROR,946688504.6387794,0x18FF1515,1,"FALSE 0 no Error, 1 Error"
SAFETY_OK,946688504.6387794,0x18FF1515,1,"FALSE 0 no Error, 1 Error"
BRAKE,946688504.6387794,0x18FF1515,1,"0 1 noBrake, 2 Brake"
VCU_STATE,946688504.6387794,0x18FF1515,1,0
APS_PERC,946688504.6387794,0x18FF1515,1,"2.56 porcentagem pedal, precisão de 2 casas decimais"
APPS_RANGE_ERROR,946688504.7387806,0x18FF1515,1,"FALSE 0 no Error, 1 Error"
SAFETY_OK,946688504.7387806,0x18FF1515,1,"FALSE 0 no Error, 1 Error"
BRAKE,946688504.7387806,0x18FF1515,1,"0 1 noBrake, 2 Brake"
VCU_STATE,946688504.7387806,0x18FF1515,1,0
APS_PERC,946688504.7387806,0x18FF1515,1,"2.56 porcentagem pedal, precisão de 2 casas decimais"
UNDER_VOLTAGE,946688504.8210622,0x19B50007,1,FALSE logic
OVER_VOLTAGE,946688504.8210622,0x19B50007,1,FALSE logic
DISCHARGE_OVER_CURRENT,946688504.8210622,0x19B50007,1,FALSE logic
CHARGE_OVER_CURRENT,946688504.8210622,0x19B50007,1,FALSE logic
CELL_MODULE_OVERHEAT,946688504.8210622,0x19B50007,1,FALSE logic
LEAKAGE,946688504.8210622,0x19B50007,1,FALSE logic
NO_CELL_COMMUNICATION,946688504.8210622,0x19B50007,1,FALSE logic
LOW_VOLTAGE_W,946688504.8210622,0x19B50007,1,FALSE logic
HIGH_CURRENT_W,946688504.8210622,0x19B50007,1,FALSE logic
HIGH_TEMPERATURE_W,946688504.8210622,0x19B50007,1,FALSE logic
CELL_OVERHEAT,946688504.8210622,0x19B50007,1,FALSE logic
NO_CURRENT_SENSOR,946688504.8210622,0x19B50007,1,FALSE logic
PACK_UNDER_VOLTAGE,946688504.8210622,0x19B50007,1,FALSE logic
VALIDITY,946688504.8210622,0x19B50007,1,39 state
APPS_RANGE_ERROR,946688504.8387892,0x18FF1515,1,"FALSE 0 no Error, 1 Error"
SAFETY_OK,946688504.8387892,0x18FF1515,1,"FALSE 0 no Error, 1 Error"
BRAKE,946688504.8387892,0x18FF1515,1,"0 1 noBrake, 2 Brake"
VCU_STATE,946688504.8387892,0x18FF1515,1,0
APS_PERC,946688504.8387892,0x18FF1515,1,"2.56 porcentagem pedal, precisão de 2 casas decimais"
APPS_RANGE_ERROR,946688504.9387779,0x18FF1515,1,"FALSE 0 no Error, 1 Error"
SAFETY_OK,946688504.9387779,0x18FF1515,1,"FALSE 0 no Error, 1 Error"
BRAKE,946688504.9387779,0x18FF1515,1,"0 1 noBrake, 2 Brake"
VCU_STATE,946688504.9387779,0x18FF1515,1,0
APS_PERC,946688504.9387779,0x18FF1515,1,"2.56 porcentagem pedal, precisão de 2 casas decimais"
UNDER_VOLTAGE,946688505.0197409,0x19B50007,1,FALSE logic
OVER_VOLTAGE,946688505.0197409,0x19B50007,1,FALSE logic
DISCHARGE_OVER_CURRENT,946688505.0197409,0x19B50007,1,FALSE logic
CHARGE_OVER_CURRENT,946688505.0197409,0x19B50007,1,FALSE logic
CELL_MODULE_OVERHEAT,946688505.0197409,0x19B50007,1,FALSE logic
LEAKAGE,946688505.0197409,0x19B50007,1,FALSE logic
NO_CELL_COMMUNICATION,946688505.0197409,0x19B50007,1,FALSE logic
LOW_VOLTAGE_W,946688505.0197409,0x19B50007,1,FALSE logic
HIGH_CURRENT_W,946688505.0197409,0x19B50007,1,FALSE logic
HIGH_TEMPERATURE_W,946688505.0197409,0x19B50007,1,FALSE logic
CELL_OVERHEAT,946688505.0197409,0x19B50007,1,FALSE logic
NO_CURRENT_SENSOR,946688505.0197409,0x19B50007,1,FALSE logic
PACK_UNDER_VOLTAGE,946688505.0197409,0x19B50007,1,FALSE logic
VALIDITY,946688505.0197409,0x19B50007,1,39 state
APPS_RANGE_ERROR,946688505.0387846,0x18FF1515,1,"FALSE 0 no Error, 1 Error"
SAFETY_OK,946688505.0387846,0x18FF1515,1,"FALSE 0 no Error, 1 Error"
BRAKE,946688505.0387846,0x18FF1515,1,"0 1 noBrake, 2 Brake"
VCU_STATE,946688505.0387846,0x18FF1515,1,0
APS_PERC,946688505.0387846,0x18FF1515,1,"2.56 porcentagem pedal, precisão de 2 casas decimais"
APPS_RANGE_ERROR,946688505.1387739,0x18FF1515,1,"FALSE 0 no Error, 1 Error"
SAFETY_OK,946688505.1387739,0x18FF1515,1,"FALSE 0 no Error, 1 Error"
BRAKE,946688505.1387739,0x18FF1515,1,"0 1 noBrake, 2 Brake"
VCU_STATE,946688505.1387739,0x18FF1515,1,0
APS_PERC,946688505.1387739,0x18FF1515,1,"2.56 porcentagem pedal, precisão de 2 casas decimais"
UNDER_VOLTAGE,946688505.2218535,0x19B50007,1,FALSE logic
OVER_VOLTAGE,946688505.2218535,0x19B50007,1,FALSE logic
DISCHARGE_OVER_CURRENT,946688505.2218535,0x19B50007,1,FALSE logic
CHARGE_OVER_CURRENT,946688505.2218535,0x19B50007,1,FALSE logic
CELL_MODULE_OVERHEAT,946688505.2218535,0x19B50007,1,FALSE logic
LEAKAGE,946688505.2218535,0x19B50007,1,FALSE logic
NO_CELL_COMMUNICATION,946688505.2218535,0x19B50007,1,FALSE logic
LOW_VOLTAGE_W,946688505.2218535,0x19B50007,1,FALSE logic
HIGH_CURRENT_W,946688505.2218535,0x19B50007,1,FALSE logic
HIGH_TEMPERATURE_W,946688505.2218535,0x19B50007,1,FALSE logic
CELL_OVERHEAT,946688505.2218535,0x19B50007,1,FALSE logic
NO_CURRENT_SENSOR,946688505.2218535,0x19B50007,1,FALSE logic
PACK_UNDER_VOLTAGE,946688505.2218535,0x19B50007,1,FALSE logic
VALIDITY,946688505.2218535,0x19B50007,1,39 state
APPS_RANGE_ERROR,946688505.2387744,0x18FF1515,1,"FALSE 0 no Error, 1 Error"
SAFETY_OK,946688505.2387744,0x18FF1515,1,"FALSE 0 no Error, 1 Error"
BRAKE,946688505.2387744,0x18FF1515,1,"0 1 noBrake, 2 Brake"
VCU_STATE,946688505.2387744,0x18FF1515,1,0
APS_PERC,946688505.2387744,0x18FF1515,1,"2.56 porcentagem pedal, precisão de 2 casas decimais"
APPS_RANGE_ERROR,946688505.3387747,0x18FF1515,1,"FALSE 0 no Error, 1 Error"
SAFETY_OK,946688505.3387747,0x18FF1515,1,"FALSE 0 no Error, 1 Error"
BRAKE,946688505.3387747,0x18FF1515,1,"0 1 noBrake, 2 Brake"
VCU_STATE,946688505.3387747,0x18FF1515,1,0
APS_PERC,946688505.3387747,0x18FF1515,1,"2.56 porcentagem pedal, precisão de 2 casas decimais"
UNDER_VOLTAGE,946688505.4211402,0x19B50007,1,FALSE logic
OVER_VOLTAGE,946688505.4211402,0x19B50007,1,FALSE logic
DISCHARGE_OVER_CURRENT,946688505.4211402,0x19B50007,1,FALSE logic
CHARGE_OVER_CURRENT,946688505.4211402,0x19B50007,1,FALSE logic
CELL_MODULE_OVERHEAT,946688505.4211402,0x19B50007,1,FALSE logic
LEAKAGE,946688505.4211402,0x19B50007,1,FALSE logic
NO_CELL_COMMUNICATION,946688505.4211402,0x19B50007,1,FALSE logic
LOW_VOLTAGE_W,946688505.4211402,0x19B50007,1,FALSE logic
HIGH_CURRENT_W,946688505.4211402,0x19B50007,1,FALSE logic
HIGH_TEMPERATURE_W,946688505.4211402,0x19B50007,1,FALSE logic
CELL_OVERHEAT,946688505.4211402,0x19B50007,1,FALSE logic
NO_CURRENT_SENSOR,946688505.4211402,0x19B50007,1,FALSE logic
PACK_UNDER_VOLTAGE,946688505.4211402,0x19B50007,1,FALSE logic
VALIDITY,946688505.4211402,0x19B50007,1,39 state
APPS_RANGE_ERROR,946688505.4387697,0x18FF1515,1,"FALSE 0 no Error, 1 Error"
SAFETY_OK,946688505.4387697,0x18FF1515,1,"FALSE 0 no Error, 1 Error"
BRAKE,946688505.4387697,0x18FF1515,1,"0 1 noBrake, 2 Brake"
VCU_STATE,946688505.4387697,0x18FF1515,1,0
APS_PERC,946688505.4387697,0x18FF1515,1,"2.56 porcentagem pedal, precisão de 2 casas decimais"
APPS_RANGE_ERROR,946688505.5387872,0x18FF1515,1,"FALSE 0 no Error, 1 Error"
SAFETY_OK,946688505.5387872,0x18FF1515,1,"FALSE 0 no Error, 1 Error"
BRAKE,946688505.5387872,0x18FF1515,1,"0 1 noBrake, 2 Brake"
VCU_STATE,946688505.5387872,0x18FF1515,1,0
APS_PERC,946688505.5387872,0x18FF1515,1,"2.56 porcentagem pedal, precisão de 2 casas decimais"
UNDER_VOLTAGE,946688505.6250708,0x19B50007,1,FALSE logic
OVER_VOLTAGE,946688505.6250708,0x19B50007,1,FALSE logic
DISCHARGE_OVER_CURRENT,946688505.6250708,0x19B50007,1,FALSE logic
CHARGE_OVER_CURRENT,946688505.6250708,0x19B50007,1,FALSE logic
CELL_MODULE_OVERHEAT,946688505.6250708,0x19B50007,1,FALSE logic
LEAKAGE,946688505.6250708,0x19B50007,1,FALSE logic
NO_CELL_COMMUNICATION,946688505.6250708,0x19B50007,1,FALSE logic
LOW_VOLTAGE_W,946688505.6250708,0x19B50007,1,FALSE logic
HIGH_CURRENT_W,946688505.6250708,0x19B50007,1,FALSE logic
HIGH_TEMPERATURE_W,946688505.6250708,0x19B50007,1,FALSE logic
CELL_OVERHEAT,946688505.6250708,0x19B50007,1,FALSE logic
NO_CURRENT_SENSOR,946688505.6250708,0x19B50007,1,FALSE logic
PACK_UNDER_VOLTAGE,946688505.6250708,0x19B50007,1,FALSE logic
VALIDITY,946688505.6250708,0x19B50007,1,39 state
APPS_RANGE_ERROR,946688505.6387699,0x18FF1515,1,"FALSE 0 no Error, 1 Error"
SAFETY_OK,946688505.6387699,0x18FF1515,1,"FALSE 0 no Error, 1 Error"
BRAKE,946688505.6387699,0x18FF1515,1,"0 1 noBrake, 2 Brake"
VCU_STATE,946688505.6387699,0x18FF1515,1,0
APS_PERC,946688505.6387699,0x18FF1515,1,"2.56 porcentagem pedal, precisão de 2 casas decimais"
APPS_RANGE_ERROR,946688505.7387724,0x18FF1515,1,"FALSE 0 no Error, 1 Error"
SAFETY_OK,946688505.7387724,0x18FF1515,1,"FALSE 0 no Error, 1 Error"
BRAKE,946688505.7387724,0x18FF1515,1,"0 1 noBrake, 2 Brake"
VCU_STATE,946688505.7387724,0x18FF1515,1,0
APS_PERC,946688505.7387724,0x18FF1515,1,"2.56 porcentagem pedal, precisão de 2 casas decimais"
UNDER_VOLTAGE,946688505.8263932,0x19B50007,1,FALSE logic
OVER_VOLTAGE,946688505.8263932,0x19B50007,1,FALSE logic
DISCHARGE_OVER_CURRENT,946688505.8263932,0x19B50007,1,FALSE logic
CHARGE_OVER_CURRENT,946688505.8263932,0x19B50007,1,FALSE logic
CELL_MODULE_OVERHEAT,946688505.8263932,0x19B50007,1,FALSE logic
LEAKAGE,946688505.8263932,0x19B50007,1,FALSE logic
NO_CELL_COMMUNICATION,946688505.8263932,0x19B50007,1,FALSE logic
LOW_VOLTAGE_W,946688505.8263932,0x19B50007,1,FALSE logic
HIGH_CURRENT_W,946688505.8263932,0x19B50007,1,FALSE logic
HIGH_TEMPERATURE_W,946688505.8263932,0x19B50007,1,FALSE logic
CELL_OVERHEAT,946688505.8263932,0x19B50007,1,FALSE logic
NO_CURRENT_SENSOR,946688505.8263932,0x19B50007,1,FALSE logic
PACK_UNDER_VOLTAGE,946688505.8263932,0x19B50007,1,FALSE logic
VALIDITY,946688505.8263932,0x19B50007,1,39 state
APPS_RANGE_ERROR,946688505.8387678,0x18FF1515,1,"FALSE 0 no Error, 1 Error"
SAFETY_OK,946688505.8387678,0x18FF1515,1,"FALSE 0 no Error, 1 Error"
BRAKE,946688505.8387678,0x18FF1515,1,"0 1 noBrake, 2 Brake"
VCU_STATE,946688505.8387678,0x18FF1515,1,0
APS_PERC,946688505.8387678,0x18FF1515,1,"2.56 porcentagem pedal, precisão de 2 casas decimais"
APPS_RANGE_ERROR,946688505.9387747,0x18FF1515,1,"FALSE 0 no Error, 1 Error"
SAFETY_OK,946688505.9387747,0x18FF1515,1,"FALSE 0 no Error, 1 Error"
BRAKE,946688505.9387747,0x18FF1515,1,"0 1 noBrake, 2 Brake"
VCU_STATE,946688505.9387747,0x18FF1515,1,0
APS_PERC,946688505.9387747,0x18FF1515,1,"2.56 porcentagem pedal, precisão de 2 casas decimais"
UNDER_VOLTAGE,946688506.027825,0x19B50007,1,FALSE logic
OVER_VOLTAGE,946688506.027825,0x19B50007,1,FALSE logic
DISCHARGE_OVER_CURRENT,946688506.027825,0x19B50007,1,FALSE logic
CHARGE_OVER_CURRENT,946688506.027825,0x19B50007,1,FALSE logic
CELL_MODULE_OVERHEAT,946688506.027825,0x19B50007,1,FALSE logic
LEAKAGE,946688506.027825,0x19B50007,1,FALSE logic
NO_CELL_COMMUNICATION,946688506.027825,0x19B50007,1,FALSE logic
LOW_VOLTAGE_W,946688506.027825,0x19B50007,1,FALSE logic
HIGH_CURRENT_W,946688506.027825,0x19B50007,1,FALSE logic
HIGH_TEMPERATURE_W,946688506.027825,0x19B50007,1,FALSE logic
CELL_OVERHEAT,946688506.027825,0x19B50007,1,FALSE logic
NO_CURRENT_SENSOR,946688506.027825,0x19B50007,1,FALSE logic
PACK_UNDER_VOLTAGE,946688506.027825,0x19B50007,1,FALSE logic
VALIDITY,946688506.027825,0x19B50007,1,39 state
APPS_RANGE_ERROR,946688506.0388271,0x18FF1515,1,"FALSE 0 no Error, 1 Error"
SAFETY_OK,946688506.0388271,0x18FF1515,1,"FALSE 0 no Error, 1 Error"
BRAKE,946688506.0388271,0x18FF1515,1,"0 1 noBrake, 2 Brake"
VCU_STATE,946688506.0388271,0x18FF1515,1,0
APS_PERC,946688506.0388271,0x18FF1515,1,"2.56 porcentagem pedal, precisão de 2 casas decimais"
APPS_RANGE_ERROR,946688506.1387737,0x18FF1515,1,"FALSE 0 no Error, 1 Error"
SAFETY_OK,946688506.1387737,0x18FF1515,1,"FALSE 0 no Error, 1 Error"
BRAKE,946688506.1387737,0x18FF1515,1,"0 1 noBrake, 2 Brake"
VCU_STATE,946688506.1387737,0x18FF1515,1,0
APS_PERC,946688506.1387737,0x18FF1515,1,"2.56 porcentagem pedal, precisão de 2 casas decimais"
APPS_RANGE_ERROR,946688506.2387632,0x18FF1515,1,"FALSE 0 no Error, 1 Error"
SAFETY_OK,946688506.2387632,0x18FF1515,1,"FALSE 0 no Error, 1 Error"
BRAKE,946688506.2387632,0x18FF1515,1,"0 1 noBrake, 2 Brake"
VCU_STATE,946688506.2387632,0x18FF1515,1,0
APS_PERC,946688506.2387632,0x18FF1515,1,"2.56 porcentagem pedal, precisão de 2 casas decimais"
UNDER_VOLTAGE,946688506.2411175,0x19B50007,1,FALSE logic
OVER_VOLTAGE,946688506.2411175,0x19B50007,1,FALSE logic
DISCHARGE_OVER_CURRENT,946688506.2411175,0x19B50007,1,FALSE logic
CHARGE_OVER_CURRENT,946688506.2411175,0x19B50007,1,FALSE logic
CELL_MODULE_OVERHEAT,946688506.2411175,0x19B50007,1,FALSE logic
LEAKAGE,946688506.2411175,0x19B50007,1,FALSE logic
NO_CELL_COMMUNICATION,946688506.2411175,0x19B50007,1,FALSE logic
LOW_VOLTAGE_W,946688506.2411175,0x19B50007,1,FALSE logic
HIGH_CURRENT_W,946688506.2411175,0x19B50007,1,FALSE logic
HIGH_TEMPERATURE_W,946688506.2411175,0x19B50007,1,FALSE logic
CELL_OVERHEAT,946688506.2411175,0x19B50007,1,FALSE logic
NO_CURRENT_SENSOR,946688506.2411175,0x19B50007,1,FALSE logic
PACK_UNDER_VOLTAGE,946688506.2411175,0x19B50007,1,FALSE logic
VALIDITY,946688506.2411175,0x19B50007,1,39 state
APPS_RANGE_ERROR,946688506.3387674,0x18FF1515,1,"FALSE 0 no Error, 1 Error"
SAFETY_OK,946688506.3387674,0x18FF1515,1,"FALSE 0 no Error, 1 Error"
BRAKE,946688506.3387674,0x18FF1515,1,"0 1 noBrake, 2 Brake"
VCU_STATE,946688506.3387674,0x18FF1515,1,0
APS_PERC,946688506.3387674,0x18FF1515,1,"2.56 porcentagem pedal, precisão de 2 casas decimais"
UNDER_VOLTAGE,946688506.4197655,0x19B50007,1,FALSE logic
OVER_VOLTAGE,946688506.4197655,0x19B50007,1,FALSE logic
DISCHARGE_OVER_CURRENT,946688506.4197655,0x19B50007,1,FALSE logic
CHARGE_OVER_CURRENT,946688506.4197655,0x19B50007,1,FALSE logic
CELL_MODULE_OVERHEAT,946688506.4197655,0x19B50007,1,FALSE logic
LEAKAGE,946688506.4197655,0x19B50007,1,FALSE logic
NO_CELL_COMMUNICATION,946688506.4197655,0x19B50007,1,FALSE logic
LOW_VOLTAGE_W,946688506.4197655,0x19B50007,1,FALSE logic
HIGH_CURRENT_W,946688506.4197655,0x19B50007,1,FALSE logic
HIGH_TEMPERATURE_W,946688506.4197655,0x19B50007,1,FALSE logic
CELL_OVERHEAT,946688506.4197655,0x19B50007,1,FALSE logic
NO_CURRENT_SENSOR,946688506.4197655,0x19B50007,1,FALSE logic
PACK_UNDER_VOLTAGE,946688506.4197655,0x19B50007,1,FALSE logic
VALIDITY,946688506.4197655,0x19B50007,1,39 state
APPS_RANGE_ERROR,946688506.4387598,0x18FF1515,1,"FALSE 0 no Error, 1 Error"
SAFETY_OK,946688506.4387598,0x18FF1515,1,"FALSE 0 no Error, 1 Error"
BRAKE,946688506.4387598,0x18FF1515,1,"0 1 noBrake, 2 Brake"
VCU_STATE,946688506.4387598,0x18FF1515,1,0
APS_PERC,946688506.4387598,0x18FF1515,1,"2.56 porcentagem pedal, precisão de 2 casas decimais"
APPS_RANGE_ERROR,946688506.5387616,0x18FF1515,1,"FALSE 0 no Error, 1 Error"
SAFETY_OK,946688506.5387616,0x18FF1515,1,"FALSE 0 no Error, 1 Error"
BRAKE,946688506.5387616,0x18FF1515,1,"0 1 noBrake, 2 Brake"
VCU_STATE,946688506.5387616,0x18FF1515,1,0
APS_PERC,946688506.5387616,0x18FF1515,1,"2.56 porcentagem pedal, precisão de 2 casas decimais"
UNDER_VOLTAGE,946688506.6195,0x19B50007,1,FALSE logic
OVER_VOLTAGE,946688506.6195,0x19B50007,1,FALSE logic
DISCHARGE_OVER_CURRENT,946688506.6195,0x19B50007,1,FALSE logic
CHARGE_OVER_CURRENT,946688506.6195,0x19B50007,1,FALSE logic
CELL_MODULE_OVERHEAT,946688506.6195,0x19B50007,1,FALSE logic
LEAKAGE,946688506.6195,0x19B50007,1,FALSE logic
NO_CELL_COMMUNICATION,946688506.6195,0x19B50007,1,FALSE logic
LOW_VOLTAGE_W,946688506.6195,0x19B50007,1,FALSE logic
HIGH_CURRENT_W,946688506.6195,0x19B50007,1,FALSE logic
HIGH_TEMPERATURE_W,946688506.6195,0x19B50007,1,FALSE logic
CELL_OVERHEAT,946688506.6195,0x19B50007,1,FALSE logic
NO_CURRENT_SENSOR,946688506.6195,0x19B50007,1,FALSE logic
PACK_UNDER_VOLTAGE,946688506.6195,0x19B50007,1,FALSE logic
VALIDITY,946688506.6195,0x19B50007,1,39 state
APPS_RANGE_ERROR,946688506.6387625,0x18FF1515,1,"FALSE 0 no Error, 1 Error"
SAFETY_OK,946688506.6387625,0x18FF1515,1,"FALSE 0 no Error, 1 Error"
BRAKE,946688506.6387625,0x18FF1515,1,"0 1 noBrake, 2 Brake"
VCU_STATE,946688506.6387625,0x18FF1515,1,0
APS_PERC,946688506.6387625,0x18FF1515,1,"2.56 porcentagem pedal, precisão de 2 casas decimais"
APPS_RANGE_ERROR,946688506.73877,0x18FF1515,1,"FALSE 0 no Error, 1 Error"
SAFETY_OK,946688506.73877,0x18FF1515,1,"FALSE 0 no Error, 1 Error"
BRAKE,946688506.73877,0x18FF1515,1,"0 1 noBrake, 2 Brake"
VCU_STATE,946688506.73877,0x18FF1515,1,0
APS_PERC,946688506.73877,0x18FF1515,1,"2.56 porcentagem pedal, precisão de 2 casas decimais"
APPS_RANGE_ERROR,946688506.8387659,0x18FF1515,1,"FALSE 0 no Error, 1 Error"
SAFETY_OK,946688506.8387659,0x18FF1515,1,"FALSE 0 no Error, 1 Error"
BRAKE,946688506.8387659,0x18FF1515,1,"0 1 noBrake, 2 Brake"
VCU_STATE,946688506.8387659,0x18FF1515,1,0
APS_PERC,946688506.8387659,0x18FF1515,1,"2.56 porcentagem pedal, precisão de 2 casas decimais"
UNDER_VOLTAGE,946688506.8592738,0x19B50007,1,FALSE logic
OVER_VOLTAGE,946688506.8592738,0x19B50007,1,FALSE logic
DISCHARGE_OVER_CURRENT,946688506.8592738,0x19B50007,1,FALSE logic
CHARGE_OVER_CURRENT,946688506.8592738,0x19B50007,1,FALSE logic
CELL_MODULE_OVERHEAT,946688506.8592738,0x19B50007,1,FALSE logic
LEAKAGE,946688506.8592738,0x19B50007,1,FALSE logic
NO_CELL_COMMUNICATION,946688506.8592738,0x19B50007,1,FALSE logic
LOW_VOLTAGE_W,946688506.8592738,0x19B50007,1,FALSE logic
HIGH_CURRENT_W,946688506.8592738,0x19B50007,1,FALSE logic
HIGH_TEMPERATURE_W,946688506.8592738,0x19B50007,1,FALSE logic
CELL_OVERHEAT,946688506.8592738,0x19B50007,1,FALSE logic
NO_CURRENT_SENSOR,946688506.8592738,0x19B50007,1,FALSE logic
PACK_UNDER_VOLTAGE,946688506.8592738,0x19B50007,1,FALSE logic
VALIDITY,946688506.8592738,0x19B50007,1,39 state
APPS_RANGE_ERROR,946688506.9387585,0x18FF1515,1,"FALSE 0 no Error, 1 Error"
SAFETY_OK,946688506.9387585,0x18FF1515,1,"FALSE 0 no Error, 1 Error"
BRAKE,946688506.9387585,0x18FF1515,1,"0 1 noBrake, 2 Brake"
VCU_STATE,946688506.9387585,0x18FF1515,1,0
APS_PERC,946688506.9387585,0x18FF1515,1,"2.56 porcentagem pedal, precisão de 2 casas decimais"
UNDER_VOLTAGE,946688507.0227603,0x19B50007,1,FALSE logic
OVER_VOLTAGE,946688507.0227603,0x19B50007,1,FALSE logic
DISCHARGE_OVER_CURRENT,946688507.0227603,0x19B50007,1,FALSE logic
CHARGE_OVER_CURRENT,946688507.0227603,0x19B50007,1,FALSE logic
CELL_MODULE_OVERHEAT,946688507.0227603,0x19B50007,1,FALSE logic
LEAKAGE,946688507.0227603,0x19B50007,1,FALSE logic
NO_CELL_COMMUNICATION,946688507.0227603,0x19B50007,1,FALSE logic
LOW_VOLTAGE_W,946688507.0227603,0x19B50007,1,FALSE logic
HIGH_CURRENT_W,946688507.0227603,0x19B50007,1,FALSE logic
HIGH_TEMPERATURE_W,946688507.0227603,0x19B50007,1,FALSE logic
CELL_OVERHEAT,946688507.0227603,0x19B50007,1,FALSE logic
NO_CURRENT_SENSOR,946688507.0227603,0x19B50007,1,FALSE logic
PACK_UNDER_VOLTAGE,946688507.0227603,0x19B50007,1,FALSE logic
VALIDITY,946688507.0227603,0x19B50007,1,39 state
APPS_RANGE_ERROR,946688507.0387558,0x18FF1515,1,"FALSE 0 no Error, 1 Error"
SAFETY_OK,946688507.0387558,0x18FF1515,1,"FALSE 0 no Error, 1 Error"
BRAKE,946688507.0387558,0x18FF1515,1,"0 1 noBrake, 2 Brake"
VCU_STATE,946688507.0387558,0x18FF1515,1,0
APS_PERC,946688507.0387558,0x18FF1515,1,"2.56 porcentagem pedal, precisão de 2 casas decimais"
APPS_RANGE_ERROR,946688507.1387621,0x18FF1515,1,"FALSE 0 no Error, 1 Error"
SAFETY_OK,946688507.1387621,0x18FF1515,1,"FALSE 0 no Error, 1 Error"
BRAKE,946688507.1387621,0x18FF1515,1,"0 1 noBrake, 2 Brake"
VCU_STATE,946688507.1387621,0x18FF1515,1,0
APS_PERC,946688507.1387621,0x18FF1515,1,"2.56 porcentagem pedal, precisão de 2 casas decimais"
TCELL_0,946688507.1539413,0x19B50800,1,-100.00 °C
TCELL_0,946688507.1545502,0x19B50800,1,28.00 °C
TCELL_1,946688507.1545502,0x19B50800,1,28.00 °C
TCELL_2,946688507.1545502,0x19B50800,1,28.00 °C
TCELL_3,946688507.1545502,0x19B50800,1,28.00 °C
TCELL_4,946688507.1545502,0x19B50800,1,28.00 °C
TCELL_5,946688507.1545502,0x19B50800,1,155.00 °C
TCELL_6,946688507.1545502,0x19B50800,1,155.00 °C
TCELL_7,946688507.1545502,0x19B50800,1,155.00 °C
TCELL_8,946688507.1745025,0x19B50801,1,155.00 °C
TCELL_9,946688507.1745025,0x19B50801,1,155.00 °C
TCELL_10,946688507.1745025,0x19B50801,1,155.00 °C
TCELL_11,946688507.1745025,0x19B50801,1,155.00 °C
TCELL_12,946688507.1745025,0x19B50801,1,155.00 °C
TCELL_13,946688507.1745025,0x19B50801,1,155.00 °C
TCELL_14,946688507.1745025,0x19B50801,1,155.00 °C
TCELL_15,946688507.1745025,0x19B50801,1,155.00 °C
TCELL_16,946688507.2021604,0x19B50802,1,28.00 °C
TCELL_17,946688507.2021604,0x19B50802,1,28.00 °C
TCELL_18,946688507.2021604,0x19B50802,1,28.00 °C
TCELL_19,946688507.2021604,0x19B50802,1,29.00 °C
TCELL_20,946688507.2021604,0x19B50802,1,28.00 °C
TCELL_21,946688507.2021604,0x19B50802,1,155.00 °C
TCELL_22,946688507.2021604,0x19B50802,1,155.00 °C
TCELL_23,946688507.2021604,0x19B50802,1,155.00 °C
TCELL_24,946688507.2176348,0x19B50803,1,155.00 °C
TCELL_25,946688507.2176348,0x19B50803,1,155.00 °C
TCELL_26,946688507.2176348,0x19B50803,1,155.00 °C
TCELL_27,946688507.2176348,0x19B50803,1,155.00 °C
TCELL_28,946688507.2176348,0x19B50803,1,155.00 °C
TCELL_29,946688507.2176348,0x19B50803,1,155.00 °C
TCELL_30,946688507.2176348,0x19B50803,1,155.00 °C
TCELL_31,946688507.2176348,0x19B50803,1,155.00 °C
APPS_RANGE_ERROR,946688507.2387595,0x18FF1515,1,"FALSE 0 no Error, 1 Error"
SAFETY_OK,946688507.2387595,0x18FF1515,1,"FALSE 0 no Error, 1 Error"
BRAKE,946688507.2387595,0x18FF1515,1,"0 1 noBrake, 2 Brake"
VCU_STATE,946688507.2387595,0x18FF1515,1,0
APS_PERC,946688507.2387595,0x18FF1515,1,"2.56 porcentagem pedal, precisão de 2 casas decimais"
UNDER_VOLTAGE,946688507.2396224,0x19B50007,1,FALSE logic
OVER_VOLTAGE,946688507.2396224,0x19B50007,1,FALSE logic
DISCHARGE_OVER_CURRENT,946688507.2396224,0x19B50007,1,FALSE logic
CHARGE_OVER_CURRENT,946688507.2396224,0x19B50007,1,FALSE logic
CELL_MODULE_OVERHEAT,946688507.2396224,0x19B50007,1,FALSE logic
LEAKAGE,946688507.2396224,0x19B50007,1,FALSE logic
NO_CELL_COMMUNICATION,946688507.2396224,0x19B50007,1,FALSE logic
LOW_VOLTAGE_W,946688507.2396224,0x19B50007,1,FALSE logic
HIGH_CURRENT_W,946688507.2396224,0x19B50007,1,FALSE logic
HIGH_TEMPERATURE_W,946688507.2396224,0x19B50007,1,FALSE logic
CELL_OVERHEAT,946688507.2396224,0x19B50007,1,FALSE logic
NO_CURRENT_SENSOR,946688507.2396224,0x19B50007,1,FALSE logic
PACK_UNDER_VOLTAGE,946688507.2396224,0x19B50007,1,FALSE logic
VALIDITY,946688507.2396224,0x19B50007,1,39 state
APPS_RANGE_ERROR,946688507.3387523,0x18FF1515,1,"FALSE 0 no Error, 1 Error"
SAFETY_OK,946688507.3387523,0x18FF1515,1,"FALSE 0 no Error, 1 Error"
BRAKE,946688507.3387523,0x18FF1515,1,"0 1 noBrake, 2 Brake"
VCU_STATE,946688507.3387523,0x18FF1515,1,0
APS_PERC,946688507.3387523,0x18FF1515,1,"2.56 porcentagem pedal, precisão de 2 casas decimais"
UNDER_VOLTAGE,946688507.4253815,0x19B50007,1,FALSE logic
OVER_VOLTAGE,946688507.4253815,0x19B50007,1,FALSE logic
DISCHARGE_OVER_CURRENT,946688507.4253815,0x19B50007,1,FALSE logic
CHARGE_OVER_CURRENT,946688507.4253815,0x19B50007,1,FALSE logic
CELL_MODULE_OVERHEAT,946688507.4253815,0x19B50007,1,FALSE logic
LEAKAGE,946688507.4253815,0x19B50007,1,FALSE logic
NO_CELL_COMMUNICATION,946688507.4253815,0x19B50007,1,FALSE logic
LOW_VOLTAGE_W,946688507.4253815,0x19B50007,1,FALSE logic
HIGH_CURRENT_W,946688507.4253815,0x19B50007,1,FALSE logic
HIGH_TEMPERATURE_W,946688507.4253815,0x19B50007,1,FALSE logic
CELL_OVERHEAT,946688507.4253815,0x19B50007,1,FALSE logic
NO_CURRENT_SENSOR,946688507.4253815,0x19B50007,1,FALSE logic
PACK_UNDER_VOLTAGE,946688507.4253815,0x19B50007,1,FALSE logic
VALIDITY,946688507.4253815,0x19B50007,1,39 state
APPS_RANGE_ERROR,946688507.4387583,0x18FF1515,1,"FALSE 0 no Error, 1 Error"
SAFETY_OK,946688507.4387583,0x18FF1515,1,"FALSE 0 no Error, 1 Error"
BRAKE,946688507.4387583,0x18FF1515,1,"0 1 noBrake, 2 Brake"
VCU_STATE,946688507.4387583,0x18FF1515,1,0
APS_PERC,946688507.4387583,0x18FF1515,1,"2.56 porcentagem pedal, precisão de 2 casas decimais"
APPS_RANGE_ERROR,946688507.538752,0x18FF1515,1,"FALSE 0 no Error, 1 Error"
SAFETY_OK,946688507.538752,0x18FF1515,1,"FALSE 0 no Error, 1 Error"
BRAKE,946688507.538752,0x18FF1515,1,"0 1 noBrake, 2 Brake"
VCU_STATE,946688507.538752,0x18FF1515,1,0
APS_PERC,946688507.538752,0x18FF1515,1,"2.56 porcentagem pedal, precisão de 2 casas decimais"
UNDER_VOLTAGE,946688507.6254635,0x19B50007,1,FALSE logic
OVER_VOLTAGE,946688507.6254635,0x19B50007,1,FALSE logic
DISCHARGE_OVER_CURRENT,946688507.6254635,0x19B50007,1,FALSE logic
CHARGE_OVER_CURRENT,946688507.6254635,0x19B50007,1,FALSE logic
CELL_MODULE_OVERHEAT,946688507.6254635,0x19B50007,1,FALSE logic
LEAKAGE,946688507.6254635,0x19B50007,1,FALSE logic
NO_CELL_COMMUNICATION,946688507.6254635,0x19B50007,1,FALSE logic
LOW_VOLTAGE_W,946688507.6254635,0x19B50007,1,FALSE logic
HIGH_CURRENT_W,946688507.6254635,0x19B50007,1,FALSE logic
HIGH_TEMPERATURE_W,946688507.6254635,0x19B50007,1,FALSE logic
CELL_OVERHEAT,946688507.6254635,0x19B50007,1,FALSE logic
NO_CURRENT_SENSOR,946688507.6254635,0x19B50007,1,FALSE logic
PACK_UNDER_VOLTAGE,946688507.6254635,0x19B50007,1,FALSE logic
VALIDITY,946688507.6254635,0x19B50007,1,39 state
APPS_RANGE_ERROR,946688507.6387614,0x18FF1515,1,"FALSE 0 no Error, 1 Error"
SAFETY_OK,946688507.6387614,0x18FF1515,1,"FALSE 0 no Error, 1 Error"
BRAKE,946688507.6387614,0x18FF1515,1,"0 1 noBrake, 2 Brake"
VCU_STATE,946688507.6387614,0x18FF1515,1,0
APS_PERC,946688507.6387614,0x18FF1515,1,"2.56 porcentagem pedal, precisão de 2 casas decimais"
APPS_RANGE_ERROR,946688507.738754,0x18FF1515,1,"FALSE 0 no Error, 1 Error"
SAFETY_OK,946688507.738754,0x18FF1515,1,"FALSE 0 no Error, 1 Error"
BRAKE,946688507.738754,0x18FF1515,1,"0 1 noBrake, 2 Brake"
VCU_STATE,946688507.738754,0x18FF1515,1,0
APS_PERC,946688507.738754,0x18FF1515,1,"2.56 porcentagem pedal, precisão de 2 casas decimais"
UNDER_VOLTAGE,946688507.8168465,0x19B50007,1,FALSE logic
OVER_VOLTAGE,946688507.8168465,0x19B50007,1,FALSE logic
DISCHARGE_OVER_CURRENT,946688507.8168465,0x19B50007,1,FALSE logic
CHARGE_OVER_CURRENT,946688507.8168465,0x19B50007,1,FALSE logic
CELL_MODULE_OVERHEAT,946688507.8168465,0x19B50007,1,FALSE logic
LEAKAGE,946688507.8168465,0x19B50007,1,FALSE logic
NO_CELL_COMMUNICATION,946688507.8168465,0x19B50007,1,FALSE logic
LOW_VOLTAGE_W,946688507.8168465,0x19B50007,1,FALSE logic
HIGH_CURRENT_W,946688507.8168465,0x19B50007,1,FALSE logic
HIGH_TEMPERATURE_W,946688507.8168465,0x19B50007,1,FALSE logic
CELL_OVERHEAT,946688507.8168465,0x19B50007,1,FALSE logic
NO_CURRENT_SENSOR,946688507.8168465,0x19B50007,1,FALSE logic
PACK_UNDER_VOLTAGE,946688507.8168465,0x19B50007,1,FALSE logic
VALIDITY,946688507.8168465,0x19B50007,1,39 state
APPS_RANGE_ERROR,946688507.8387519,0x18FF1515,1,"FALSE 0 no Error, 1 Error"
SAFETY_OK,946688507.8387519,0x18FF1515,1,"FALSE 0 no Error, 1 Error"
BRAKE,946688507.8387519,0x18FF1515,1,"0 1 noBrake, 2 Brake"
VCU_STATE,946688507.8387519,0x18FF1515,1,0
APS_PERC,946688507.8387519,0x18FF1515,1,"2.56 porcentagem pedal, precisão de 2 casas decimais"
APPS_RANGE_ERROR,946688507.938773,0x18FF1515,1,"FALSE 0 no Error, 1 Error"
SAFETY_OK,946688507.938773,0x18FF1515,1,"FALSE 0 no Error, 1 Error"
BRAKE,946688507.938773,0x18FF1515,1,"0 1 noBrake, 2 Brake"
VCU_STATE,946688507.938773,0x18FF1515,1,0
APS_PERC,946688507.938773,0x18FF1515,1,"2.56 porcentagem pedal, precisão de 2 casas decimais"
UNDER_VOLTAGE,946688508.0165777,0x19B50007,1,FALSE logic
OVER_VOLTAGE,946688508.0165777,0x19B50007,1,FALSE logic
DISCHARGE_OVER_CURRENT,946688508.0165777,0x19B50007,1,FALSE logic
CHARGE_OVER_CURRENT,946688508.0165777,0x19B50007,1,FALSE logic
CELL_MODULE_OVERHEAT,946688508.0165777,0x19B50007,1,FALSE logic
LEAKAGE,946688508.0165777,0x19B50007,1,FALSE logic
NO_CELL_COMMUNICATION,946688508.0165777,0x19B50007,1,FALSE logic
LOW_VOLTAGE_W,946688508.0165777,0x19B50007,1,FALSE logic
HIGH_CURRENT_W,946688508.0165777,0x19B50007,1,FALSE logic
HIGH_TEMPERATURE_W,946688508.0165777,0x19B50007,1,FALSE logic
CELL_OVERHEAT,946688508.0165777,0x19B50007,1,FALSE logic
NO_CURRENT_SENSOR,946688508.0165777,0x19B50007,1,FALSE logic
PACK_UNDER_VOLTAGE,946688508.0165777,0x19B50007,1,FALSE logic
VALIDITY,946688508.0165777,0x19B50007,1,39 state
APPS_RANGE_ERROR,946688508.0387546,0x18FF1515,1,"FALSE 0 no Error, 1 Error"
SAFETY_OK,946688508.0387546,0x18FF1515,1,"FALSE 0 no Error, 1 Error"
BRAKE,946688508.0387546,0x18FF1515,1,"0 1 noBrake, 2 Brake"
VCU_STATE,946688508.0387546,0x18FF1515,1,0
APS_PERC,946688508.0387546,0x18FF1515,1,"2.56 porcentagem pedal, precisão de 2 casas decimais"
VCELL_0,946688508.0584276,0x19B50100,1,2.00 V
VCELL_0,946688508.0591702,0x19B50100,1,3.96 V
VCELL_1,946688508.0591702,0x19B50100,1,3.95 V
VCELL_2,946688508.0591702,0x19B50100,1,3.95 V
VCELL_3,946688508.0591702,0x19B50100,1,3.95 V
VCELL_4,946688508.0591702,0x19B50100,1,3.95 V
VCELL_5,946688508.0591702,0x19B50100,1,3.95 V
VCELL_6,946688508.0591702,0x19B50100,1,3.95 V
VCELL_7,946688508.0591702,0x19B50100,1,3.95 V
VCELL_8,946688508.0715663,0x19B50101,1,3.95 V
VCELL_9,946688508.0715663,0x19B50101,1,3.95 V
VCELL_10,946688508.0715663,0x19B50101,1,3.95 V
VCELL_11,946688508.0715663,0x19B50101,1,3.95 V
VCELL_12,946688508.0715663,0x19B50101,1,3.95 V
VCELL_13,946688508.0715663,0x19B50101,1,3.95 V
VCELL_14,946688508.0715663,0x19B50101,1,3.95 V
VCELL_15,946688508.0715663,0x19B50101,1,3.95 V
VCELL_16,946688508.0948843,0x19B50102,1,3.95 V
VCELL_17,946688508.0948843,0x19B50102,1,3.95 V
VCELL_18,946688508.0948843,0x19B50102,1,3.95 V
VCELL_19,946688508.0948843,0x19B50102,1,3.95 V
VCELL_20,946688508.0948843,0x19B50102,1,3.95 V
VCELL_21,946688508.0948843,0x19B50102,1,3.97 V
VCELL_22,946688508.0948843,0x19B50102,1,3.95 V
VCELL_23,946688508.0948843,0x19B50102,1,3.95 V
VCELL_24,946688508.1081868,0x19B50103,1,3.95 V
VCELL_25,946688508.1081868,0x19B50103,1,3.96 V
VCELL_26,946688508.1081868,0x19B50103,1,3.95 V
VCELL_27,946688508.1081868,0x19B50103,1,3.95 V
VCELL_28,946688508.1081868,0x19B50103,1,3.97 V
VCELL_29,946688508.1081868,0x19B50103,1,3.95 V
VCELL_30,946688508.1081868,0x19B50103,1,3.95 V
VCELL_31,946688508.1081868,0x19B50103,1,3.95 V
VCELL_32,946688508.1213824,0x19B50104,1,3.94 V
VCELL_33,946688508.1213824,0x19B50104,1,3.95 V
VCELL_34,946688508.1213824,0x19B50104,1,3.95 V
VCELL_35,946688508.1213824,0x19B50104,1,3.95 V
VCELL_36,946688508.1213824,0x19B50104,1,3.95 V
VCELL_37,946688508.1213824,0x19B50104,1,3.95 V
VCELL_38,946688508.1213824,0x19B50104,1,3.95 V
VCELL_39,946688508.1213824,0x19B50104,1,3.95 V
VCELL_40,946688508.1367162,0x19B50105,1,3.95 V
VCELL_41,946688508.1367162,0x19B50105,1,3.95 V
VCELL_42,946688508.1367162,0x19B50105,1,3.95 V
VCELL_43,946688508.1367162,0x19B50105,1,3.95 V
VCELL_44,946688508.1367162,0x19B50105,1,3.95 V
VCELL_45,946688508.1367162,0x19B50105,1,3.95 V
VCELL_46,946688508.1367162,0x19B50105,1,3.95 V
VCELL_47,946688508.1367162,0x19B50105,1,3.95 V
APPS_RANGE_ERROR,946688508.1387634,0x18FF1515,1,"FALSE 0 no Error, 1 Error"
SAFETY_OK,946688508.1387634,0x18FF1515,1,"FALSE 0 no Error, 1 Error"
BRAKE,946688508.1387634,0x18FF1515,1,"0 1 noBrake, 2 Brake"
VCU_STATE,946688508.1387634,0x18FF1515,1,0
APS_PERC,946688508.1387634,0x18FF1515,1,"2.56 porcentagem pedal, precisão de 2 casas decimais"
VCELL_48,946688508.1493376,0x19B50106,1,3.95 V
VCELL_49,946688508.1493376,0x19B50106,1,3.95 V
VCELL_50,946688508.1493376,0x19B50106,1,3.95 V
VCELL_51,946688508.1493376,0x19B50106,1,3.95 V
VCELL_52,946688508.1493376,0x19B50106,1,3.95 V
VCELL_53,946688508.1493376,0x19B50106,1,3.95 V
VCELL_54,946688508.1493376,0x19B50106,1,3.95 V
VCELL_55,946688508.1493376,0x19B50106,1,3.95 V
VCELL_56,946688508.1616757,0x19B50107,1,3.95 V
VCELL_57,946688508.1616757,0x19B50107,1,3.95 V
VCELL_58,946688508.1616757,0x19B50107,1,3.95 V
VCELL_59,946688508.1616757,0x19B50107,1,3.95 V
VCELL_60,946688508.1616757,0x19B50107,1,3.95 V
VCELL_61,946688508.1616757,0x19B50107,1,3.95 V
VCELL_62,946688508.1616757,0x19B50107,1,3.95 V
VCELL_63,946688508.1616757,0x19B50107,1,3.95 V
VCELL_64,946688508.1853061,0x19B50108,1,3.92 V
VCELL_65,946688508.1853061,0x19B50108,1,3.94 V
VCELL_66,946688508.1853061,0x19B50108,1,3.95 V
VCELL_67,946688508.1853061,0x19B50108,1,3.95 V
VCELL_68,946688508.1853061,0x19B50108,1,3.96 V
VCELL_69,946688508.1853061,0x19B50108,1,3.96 V
VCELL_70,946688508.1853061,0x19B50108,1,3.94 V
VCELL_71,946688508.1853061,0x19B50108,1,3.95 V
VCELL_72,946688508.1987885,0x19B50109,1,3.97 V
VCELL_73,946688508.1987885,0x19B50109,1,3.95 V
VCELL_74,946688508.1987885,0x19B50109,1,3.95 V
VCELL_75,946688508.1987885,0x19B50109,1,3.96 V
VCELL_76,946688508.1987885,0x19B50109,1,3.94 V
VCELL_77,946688508.1987885,0x19B50109,1,3.95 V
VCELL_78,946688508.1987885,0x19B50109,1,3.95 V
VCELL_79,946688508.1987885,0x19B50109,1,3.95 V
VCELL_80,946688508.2115139,0x19B5010A,1,3.95 V
VCELL_81,946688508.2115139,0x19B5010A,1,3.95 V
VCELL_82,946688508.2115139,0x19B5010A,1,3.95 V
VCELL_83,946688508.2115139,0x19B5010A,1,3.95 V
VCELL_84,946688508.2115139,0x19B5010A,1,3.95 V
VCELL_85,946688508.2115139,0x19B5010A,1,3.95 V
VCELL_86,946688508.2115139,0x19B5010A,1,3.95 V
VCELL_87,946688508.2115139,0x19B5010A,1,3.95 V
UNDER_VOLTAGE,946688508.2218163,0x19B50007,1,FALSE logic
OVER_VOLTAGE,946688508.2218163,0x19B50007,1,FALSE logic
DISCHARGE_OVER_CURRENT,946688508.2218163,0x19B50007,1,FALSE logic
CHARGE_OVER_CURRENT,946688508.2218163,0x19B50007,1,FALSE logic
CELL_MODULE_OVERHEAT,946688508.2218163,0x19B50007,1,FALSE logic
LEAKAGE,946688508.2218163,0x19B50007,1,FALSE logic
NO_CELL_COMMUNICATION,946688508.2218163,0x19B50007,1,FALSE logic
LOW_VOLTAGE_W,946688508.2218163,0x19B50007,1,FALSE logic
HIGH_CURRENT_W,946688508.2218163,0x19B50007,1,FALSE logic
HIGH_TEMPERATURE_W,946688508.2218163,0x19B50007,1,FALSE logic
CELL_OVERHEAT,946688508.2218163,0x19B50007,1,FALSE logic
NO_CURRENT_SENSOR,946688508.2218163,0x19B50007,1,FALSE logic
PACK_UNDER_VOLTAGE,946688508.2218163,0x19B50007,1,FALSE logic
VALIDITY,946688508.2218163,0x19B50007,1,39 state
VCELL_88,946688508.2368084,0x19B5010B,1,3.95 V
VCELL_89,946688508.2368084,0x19B5010B,1,3.95 V
VCELL_90,946688508.2368084,0x19B5010B,1,3.95 V
VCELL_91,946688508.2368084,0x19B5010B,1,3.98 V
VCELL_92,946688508.2368084,0x19B5010B,1,3.97 V
VCELL_93,946688508.2368084,0x19B5010B,1,3.95 V
VCELL_94,946688508.2368084,0x19B5010B,1,3.95 V
VCELL_95,946688508.2368084,0x19B5010B,1,3.95 V
APPS_RANGE_ERROR,946688508.2387462,0x18FF1515,1,"FALSE 0 no Error, 1 Error"
SAFETY_OK,946688508.2387462,0x18FF1515,1,"FALSE 0 no Error, 1 Error"
BRAKE,946688508.2387462,0x18FF1515,1,"0 1 noBrake, 2 Brake"
VCU_STATE,946688508.2387462,0x18FF1515,1,0
APS_PERC,946688508.2387462,0x18FF1515,1,"2.56 porcentagem pedal, precisão de 2 casas decimais"
APPS_RANGE_ERROR,946688508.3387448,0x18FF1515,1,"FALSE 0 no Error, 1 Error"
SAFETY_OK,946688508.3387448,0x18FF1515,1,"FALSE 0 no Error, 1 Error"
BRAKE,946688508.3387448,0x18FF1515,1,"0 1 noBrake, 2 Brake"
VCU_STATE,946688508.3387448,0x18FF1515,1,0
APS_PERC,946688508.3387448,0x18FF1515,1,"2.56 porcentagem pedal, precisão de 2 casas decimais"
UNDER_VOLTAGE,946688508.4144943,0x19B50007,1,FALSE logic
OVER_VOLTAGE,946688508.4144943,0x19B50007,1,FALSE logic
DISCHARGE_OVER_CURRENT,946688508.4144943,0x19B50007,1,FALSE logic
CHARGE_OVER_CURRENT,946688508.4144943,0x19B50007,1,FALSE logic
CELL_MODULE_OVERHEAT,946688508.4144943,0x19B50007,1,FALSE logic
LEAKAGE,946688508.4144943,0x19B50007,1,FALSE logic
NO_CELL_COMMUNICATION,946688508.4144943,0x19B50007,1,FALSE logic
LOW_VOLTAGE_W,946688508.4144943,0x19B50007,1,FALSE logic
HIGH_CURRENT_W,946688508.4144943,0x19B50007,1,FALSE logic
HIGH_TEMPERATURE_W,946688508.4144943,0x19B50007,1,FALSE logic
CELL_OVERHEAT,946688508.4144943,0x19B50007,1,FALSE logic
NO_CURRENT_SENSOR,946688508.4144943,0x19B50007,1,FALSE logic
PACK_UNDER_VOLTAGE,946688508.4144943,0x19B50007,1,FALSE logic
VALIDITY,946688508.4144943,0x19B50007,1,39 state
APPS_RANGE_ERROR,946688508.4387462,0x18FF1515,1,"FALSE 0 no Error, 1 Error"
SAFETY_OK,946688508.4387462,0x18FF1515,1,"FALSE 0 no Error, 1 Error"
BRAKE,946688508.4387462,0x18FF1515,1,"0 1 noBrake, 2 Brake"
VCU_STATE,946688508.4387462,0x18FF1515,1,0
APS_PERC,946688508.4387462,0x18FF1515,1,"2.56 porcentagem pedal, precisão de 2 casas decimais"
APPS_RANGE_ERROR,946688508.5387402,0x18FF1515,1,"FALSE 0 no Error, 1 Error"
SAFETY_OK,946688508.5387402,0x18FF1515,1,"FALSE 0 no Error, 1 Error"
BRAKE,946688508.5387402,0x18FF1515,1,"0 1 noBrake, 2 Brake"
VCU_STATE,946688508.5387402,0x18FF1515,1,0
APS_PERC,946688508.5387402,0x18FF1515,1,"2.56 porcentagem pedal, precisão de 2 casas decimais"
UNDER_VOLTAGE,946688508.6196129,0x19B50007,1,FALSE logic
OVER_VOLTAGE,946688508.6196129,0x19B50007,1,FALSE logic
DISCHARGE_OVER_CURRENT,946688508.6196129,0x19B50007,1,FALSE logic
CHARGE_OVER_CURRENT,946688508.6196129,0x19B50007,1,FALSE logic
CELL_MODULE_OVERHEAT,946688508.6196129,0x19B50007,1,FALSE logic
LEAKAGE,946688508.6196129,0x19B50007,1,FALSE logic
NO_CELL_COMMUNICATION,946688508.6196129,0x19B50007,1,FALSE logic
LOW_VOLTAGE_W,946688508.6196129,0x19B50007,1,FALSE logic
HIGH_CURRENT_W,946688508.6196129,0x19B50007,1,FALSE logic
HIGH_TEMPERATURE_W,946688508.6196129,0x19B50007,1,FALSE logic
CELL_OVERHEAT,946688508.6196129,0x19B50007,1,FALSE logic
NO_CURRENT_SENSOR,946688508.6196129,0x19B50007,1,FALSE logic
PACK_UNDER_VOLTAGE,946688508.6196129,0x19B50007,1,FALSE logic
VALIDITY,946688508.6196129,0x19B50007,1,39 state
APPS_RANGE_ERROR,946688508.638741,0x18FF1515,1,"FALSE 0 no Error, 1 Error"
SAFETY_OK,946688508.638741,0x18FF1515,1,"FALSE 0 no Error, 1 Error"
BRAKE,946688508.638741,0x18FF1515,1,"0 1 noBrake, 2 Brake"
VCU_STATE,946688508.638741,0x18FF1515,1,0
APS_PERC,946688508.638741,0x18FF1515,1,"2.56 porcentagem pedal, precisão de 2 casas decimais"
APPS_RANGE_ERROR,946688508.7387393,0x18FF1515,1,"FALSE 0 no Error, 1 Error"
SAFETY_OK,946688508.7387393,0x18FF1515,1,"FALSE 0 no Error, 1 Error"
BRAKE,946688508.7387393,0x18FF1515,1,"0 1 noBrake, 2 Brake"
VCU_STATE,946688508.7387393,0x18FF1515,1,0
APS_PERC,946688508.7387393,0x18FF1515,1,"2.56 porcentagem pedal, precisão de 2 casas decimais"
UNDER_VOLTAGE,946688508.8153255,0x19B50007,1,FALSE logic
OVER_VOLTAGE,946688508.8153255,0x19B50007,1,FALSE logic
DISCHARGE_OVER_CURRENT,946688508.8153255,0x19B50007,1,FALSE logic
CHARGE_OVER_CURRENT,946688508.8153255,0x19B50007,1,FALSE logic
CELL_MODULE_OVERHEAT,946688508.8153255,0x19B50007,1,FALSE logic
LEAKAGE,946688508.8153255,0x19B50007,1,FALSE logic
NO_CELL_COMMUNICATION,946688508.8153255,0x19B50007,1,FALSE logic
LOW_VOLTAGE_W,946688508.8153255,0x19B50007,1,FALSE logic
HIGH_CURRENT_W,946688508.8153255,0x19B50007,1,FALSE logic
HIGH_TEMPERATURE_W,946688508.8153255,0x19B50007,1,FALSE logic
CELL_OVERHEAT,946688508.8153255,0x19B50007,1,FALSE logic
NO_CURRENT_SENSOR,946688508.8153255,0x19B50007,1,FALSE logic
PACK_UNDER_VOLTAGE,946688508.8153255,0x19B50007,1,FALSE logic
VALIDITY,946688508.8153255,0x19B50007,1,39 state
APPS_RANGE_ERROR,946688508.8387402,0x18FF1515,1,"FALSE 0 no Error, 1 Error"
SAFETY_OK,946688508.8387402,0x18FF1515,1,"FALSE 0 no Error, 1 Error"
BRAKE,946688508.8387402,0x18FF1515,1,"0 1 noBrake, 2 Brake"
VCU_STATE,946688508.8387402,0x18FF1515,1,0
APS_PERC,946688508.8387402,0x18FF1515,1,"2.56 porcentagem pedal, precisão de 2 casas decimais"
APPS_RANGE_ERROR,946688508.9387621,0x18FF1515,1,"FALSE 0 no Error, 1 Error"
SAFETY_OK,946688508.9387621,0x18FF1515,1,"FALSE 0 no Error, 1 Error"
BRAKE,946688508.9387621,0x18FF1515,1,"0 1 noBrake, 2 Brake"
VCU_STATE,946688508.9387621,0x18FF1515,1,0
APS_PERC,946688508.9387621,0x18FF1515,1,"2.56 porcentagem pedal, precisão de 2 casas decimais"
UNDER_VOLTAGE,946688509.0149376,0x19B50007,1,FALSE logic
OVER_VOLTAGE,946688509.0149376,0x19B50007,1,FALSE logic
DISCHARGE_OVER_CURRENT,946688509.0149376,0x19B50007,1,FALSE logic
CHARGE_OVER_CURRENT,946688509.0149376,0x19B50007,1,FALSE logic
CELL_MODULE_OVERHEAT,946688509.0149376,0x19B50007,1,FALSE logic
LEAKAGE,946688509.0149376,0x19B50007,1,FALSE logic
NO_CELL_COMMUNICATION,946688509.0149376,0x19B50007,1,FALSE logic
LOW_VOLTAGE_W,946688509.0149376,0x19B50007,1,FALSE logic
HIGH_CURRENT_W,946688509.0149376,0x19B50007,1,FALSE logic
HIGH_TEMPERATURE_W,946688509.0149376,0x19B50007,1,FALSE logic
CELL_OVERHEAT,946688509.0149376,0x19B50007,1,FALSE logic
NO_CURRENT_SENSOR,946688509.0149376,0x19B50007,1,FALSE logic
PACK_UNDER_VOLTAGE,946688509.0149376,0x19B50007,1,FALSE logic
VALIDITY,946688509.0149376,0x19B50007,1,39 state
APPS_RANGE_ERROR,946688509.0387441,0x18FF1515,1,"FALSE 0 no Error, 1 Error"
SAFETY_OK,946688509.0387441,0x18FF1515,1,"FALSE 0 no Error, 1 Error"
BRAKE,946688509.0387441,0x18FF1515,1,"0 1 noBrake, 2 Brake"
VCU_STATE,946688509.0387441,0x18FF1515,1,0
APS_PERC,946688509.0387441,0x18FF1515,1,"2.56 porcentagem pedal, precisão de 2 casas decimais"
APPS_RANGE_ERROR,946688509.1387461,0x18FF1515,1,"FALSE 0 no Error, 1 Error"
SAFETY_OK,946688509.1387461,0x18FF1515,1,"FALSE 0 no Error, 1 Error"
BRAKE,946688509.1387461,0x18FF1515,1,"0 1 noBrake, 2 Brake"
VCU_STATE,946688509.1387461,0x18FF1515,1,0
APS_PERC,946688509.1387461,0x18FF1515,1,"2.56 porcentagem pedal, precisão de 2 casas decimais"
UNDER_VOLTAGE,946688509.2193321,0x19B50007,1,FALSE logic
OVER_VOLTAGE,946688509.2193321,0x19B50007,1,FALSE logic
DISCHARGE_OVER_CURRENT,946688509.2193321,0x19B50007,1,FALSE logic
CHARGE_OVER_CURRENT,946688509.2193321,0x19B50007,1,FALSE logic
CELL_MODULE_OVERHEAT,946688509.2193321,0x19B50007,1,FALSE logic
LEAKAGE,946688509.2193321,0x19B50007,1,FALSE logic
NO_CELL_COMMUNICATION,946688509.2193321,0x19B50007,1,FALSE logic
LOW_VOLTAGE_W,946688509.2193321,0x19B50007,1,FALSE logic
HIGH_CURRENT_W,946688509.2193321,0x19B50007,1,FALSE logic
HIGH_TEMPERATURE_W,946688509.2193321,0x19B50007,1,FALSE logic
CELL_OVERHEAT,946688509.2193321,0x19B50007,1,FALSE logic
NO_CURRENT_SENSOR,946688509.2193321,0x19B50007,1,FALSE logic
PACK_UNDER_VOLTAGE,946688509.2193321,0x19B50007,1,FALSE logic
VALIDITY,946688509.2193321,0x19B50007,1,39 state
APPS_RANGE_ERROR,946688509.2387414,0x18FF1515,1,"FALSE 0 no Error, 1 Error"
SAFETY_OK,946688509.2387414,0x18FF1515,1,"FALSE 0 no Error, 1 Error"
BRAKE,946688509.2387414,0x18FF1515,1,"0 1 noBrake, 2 Brake"
VCU_STATE,946688509.2387414,0x18FF1515,1,0
APS_PERC,946688509.2387414,0x18FF1515,1,"2.56 porcentagem pedal, precisão de 2 casas decimais"
APPS_RANGE_ERROR,946688509.3387432,0x18FF1515,1,"FALSE 0 no Error, 1 Error"
SAFETY_OK,946688509.3387432,0x18FF1515,1,"FALSE 0 no Error, 1 Error"
BRAKE,946688509.3387432,0x18FF1515,1,"0 1 noBrake, 2 Brake"
VCU_STATE,946688509.3387432,0x18FF1515,1,0
APS_PERC,946688509.3387432,0x18FF1515,1,"2.56 porcentagem pedal, precisão de 2 casas decimais"
UNDER_VOLTAGE,946688509.415518,0x19B50007,1,FALSE logic
OVER_VOLTAGE,946688509.415518,0x19B50007,1,FALSE logic
DISCHARGE_OVER_CURRENT,946688509.415518,0x19B50007,1,FALSE logic
CHARGE_OVER_CURRENT,946688509.415518,0x19B50007,1,FALSE logic
CELL_MODULE_OVERHEAT,946688509.415518,0x19B50007,1,FALSE logic
LEAKAGE,946688509.415518,0x19B50007,1,FALSE logic
NO_CELL_COMMUNICATION,946688509.415518,0x19B50007,1,FALSE logic
LOW_VOLTAGE_W,946688509.415518,0x19B50007,1,FALSE logic
HIGH_CURRENT_W,946688509.415518,0x19B50007,1,FALSE logic
HIGH_TEMPERATURE_W,946688509.415518,0x19B50007,1,FALSE logic
CELL_OVERHEAT,946688509.415518,0x19B50007,1,FALSE logic
NO_CURRENT_SENSOR,946688509.415518,0x19B50007,1,FALSE logic
PACK_UNDER_VOLTAGE,946688509.415518,0x19B50007,1,FALSE logic
VALIDITY,946688509.415518,0x19B50007,1,39 state
APPS_RANGE_ERROR,946688509.4387403,0x18FF1515,1,"FALSE 0 no Error, 1 Error"
SAFETY_OK,946688509.4387403,0x18FF1515,1,"FALSE 0 no Error, 1 Error"
BRAKE,946688509.4387403,0x18FF1515,1,"0 1 noBrake, 2 Brake"
VCU_STATE,946688509.4387403,0x18FF1515,1,0
APS_PERC,946688509.4387403,0x18FF1515,1,"2.56 porcentagem pedal, precisão de 2 casas decimais"
TCELL_0,946688509.4866368,0x19B50800,1,-100.00 °C
TCELL_0,946688509.4872161,0x19B50800,1,28.00 °C
TCELL_1,946688509.4872161,0x19B50800,1,28.00 °C
TCELL_2,946688509.4872161,0x19B50800,1,28.00 °C
TCELL_3,946688509.4872161,0x19B50800,1,28.00 °C
TCELL_4,946688509.4872161,0x19B50800,1,28.00 °C
TCELL_5,946688509.4872161,0x19B50800,1,155.00 °C
TCELL_6,946688509.4872161,0x19B50800,1,155.00 °C
TCELL_7,946688509.4872161,0x19B50800,1,155.00 °C
TCELL_8,946688509.501664,0x19B50801,1,155.00 °C
TCELL_9,946688509.501664,0x19B50801,1,155.00 °C
TCELL_10,946688509.501664,0x19B50801,1,155.00 °C
TCELL_11,946688509.501664,0x19B50801,1,155.00 °C
TCELL_12,946688509.501664,0x19B50801,1,155.00 °C
TCELL_13,946688509.501664,0x19B50801,1,155.00 °C
TCELL_14,946688509.501664,0x19B50801,1,155.00 °C
TCELL_15,946688509.501664,0x19B50801,1,155.00 °C
TCELL_16,946688509.5151458,0x19B50802,1,28.00 °C
TCELL_17,946688509.5151458,0x19B50802,1,28.00 °C
TCELL_18,946688509.5151458,0x19B50802,1,28.00 °C
TCELL_19,946688509.5151458,0x19B50802,1,29.00 °C
TCELL_20,946688509.5151458,0x19B50802,1,28.00 °C
TCELL_21,946688509.5151458,0x19B50802,1,155.00 °C
TCELL_22,946688509.5151458,0x19B50802,1,155.00 °C
TCELL_23,946688509.5151458,0x19B50802,1,155.00 °C
TCELL_24,946688509.5273688,0x19B50803,1,155.00 °C
TCELL_25,946688509.5273688,0x19B50803,1,155.00 °C
TCELL_26,946688509.5273688,0x19B50803,1,155.00 °C
TCELL_27,946688509.5273688,0x19B50803,1,155.00 °C
TCELL_28,946688509.5273688,0x19B50803,1,155.00 °C
TCELL_29,946688509.5273688,0x19B50803,1,155.00 °C
TCELL_30,946688509.5273688,0x19B50803,1,155.00 °C
TCELL_31,946688509.5273688,0x19B50803,1,155.00 °C
APPS_RANGE_ERROR,946688509.5387418,0x18FF1515,1,"FALSE 0 no Error, 1 Error"
SAFETY_OK,946688509.5387418,0x18FF1515,1,"FALSE 0 no Error, 1 Error"
BRAKE,946688509.5387418,0x18FF1515,1,"0 1 noBrake, 2 Brake"
VCU_STATE,946688509.5387418,0x18FF1515,1,0
APS_PERC,946688509.5387418,0x18FF1515,1,"2.56 porcentagem pedal, precisão de 2 casas decimais"
UNDER_VOLTAGE,946688509.6121058,0x19B50007,1,FALSE logic
OVER_VOLTAGE,946688509.6121058,0x19B50007,1,FALSE logic
DISCHARGE_OVER_CURRENT,946688509.6121058,0x19B50007,1,FALSE logic
CHARGE_OVER_CURRENT,946688509.6121058,0x19B50007,1,FALSE logic
CELL_MODULE_OVERHEAT,946688509.6121058,0x19B50007,1,FALSE logic
LEAKAGE,946688509.6121058,0x19B50007,1,FALSE logic
NO_CELL_COMMUNICATION,946688509.6121058,0x19B50007,1,FALSE logic
LOW_VOLTAGE_W,946688509.6121058,0x19B50007,1,FALSE logic
HIGH_CURRENT_W,946688509.6121058,0x19B50007,1,FALSE logic
HIGH_TEMPERATURE_W,946688509.6121058,0x19B50007,1,FALSE logic
CELL_OVERHEAT,946688509.6121058,0x19B50007,1,FALSE logic
NO_CURRENT_SENSOR,946688509.6121058,0x19B50007,1,FALSE logic
PACK_UNDER_VOLTAGE,946688509.6121058,0x19B50007,1,FALSE logic
VALIDITY,946688509.6121058,0x19B50007,1,39 state
APPS_RANGE_ERROR,946688509.6387277,0x18FF1515,1,"FALSE 0 no Error, 1 Error"
SAFETY_OK,946688509.6387277,0x18FF1515,1,"FALSE 0 no Error, 1 Error"
BRAKE,946688509.6387277,0x18FF1515,1,"0 1 noBrake, 2 Brake"
VCU_STATE,946688509.6387277,0x18FF1515,1,0
APS_PERC,946688509.6387277,0x18FF1515,1,"2.56 porcentagem pedal, precisão de 2 casas decimais"
APPS_RANGE_ERROR,946688509.7387354,0x18FF1515,1,"FALSE 0 no Error, 1 Error"
SAFETY_OK,946688509.7387354,0x18FF1515,1,"FALSE 0 no Error, 1 Error"
BRAKE,946688509.7387354,0x18FF1515,1,"0 1 noBrake, 2 Brake"
VCU_STATE,946688509.7387354,0x18FF1515,1,0
APS_PERC,946688509.7387354,0x18FF1515,1,"2.56 porcentagem pedal, precisão de 2 casas decimais"
UNDER_VOLTAGE,946688509.8120499,0x19B50007,1,FALSE logic
OVER_VOLTAGE,946688509.8120499,0x19B50007,1,FALSE logic
DISCHARGE_OVER_CURRENT,946688509.8120499,0x19B50007,1,FALSE logic
CHARGE_OVER_CURRENT,946688509.8120499,0x19B50007,1,FALSE logic
CELL_MODULE_OVERHEAT,946688509.8120499,0x19B50007,1,FALSE logic
LEAKAGE,946688509.8120499,0x19B50007,1,FALSE logic
NO_CELL_COMMUNICATION,946688509.8120499,0x19B50007,1,FALSE logic
LOW_VOLTAGE_W,946688509.8120499,0x19B50007,1,FALSE logic
HIGH_CURRENT_W,946688509.8120499,0x19B50007,1,FALSE logic
HIGH_TEMPERATURE_W,946688509.8120499,0x19B50007,1,FALSE logic
CELL_OVERHEAT,946688509.8120499,0x19B50007,1,FALSE logic
NO_CURRENT_SENSOR,946688509.8120499,0x19B50007,1,FALSE logic
PACK_UNDER_VOLTAGE,946688509.8120499,0x19B50007,1,FALSE logic
VALIDITY,946688509.8120499,0x19B50007,1,39 state
APPS_RANGE_ERROR,946688509.838728,0x18FF1515,1,"FALSE 0 no Error, 1 Error"
SAFETY_OK,946688509.838728,0x18FF1515,1,"FALSE 0 no Error, 1 Error"
BRAKE,946688509.838728,0x18FF1515,1,"0 1 noBrake, 2 Brake"
VCU_STATE,946688509.838728,0x18FF1515,1,0
APS_PERC,946688509.838728,0x18FF1515,1,"2.56 porcentagem pedal, precisão de 2 casas decimais"
APPS_RANGE_ERROR,946688509.9387382,0x18FF1515,1,"FALSE 0 no Error, 1 Error"
SAFETY_OK,946688509.9387382,0x18FF1515,1,"FALSE 0 no Error, 1 Error"
BRAKE,946688509.9387382,0x18FF1515,1,"0 1 noBrake, 2 Brake"
VCU_STATE,946688509.9387382,0x18FF1515,1,0
APS_PERC,946688509.9387382,0x18FF1515,1,"2.56 porcentagem pedal, precisão de 2 casas decimais"
VCELL_0,946688509.9651357,0x19B50100,1,2.00 V
VCELL_0,946688509.9658859,0x19B50100,1,3.96 V
VCELL_1,946688509.9658859,0x19B50100,1,3.95 V
VCELL_2,946688509.9658859,0x19B50100,1,3.95 V
VCELL_3,946688509.9658859,0x19B50100,1,3.95 V
VCELL_4,946688509.9658859,0x19B50100,1,3.95 V
VCELL_5,946688509.9658859,0x19B50100,1,3.95 V
VCELL_6,946688509.9658859,0x19B50100,1,3.95 V
VCELL_7,946688509.9658859,0x19B50100,1,3.95 V
VCELL_8,946688509.9782379,0x19B50101,1,3.95 V
VCELL_9,946688509.9782379,0x19B50101,1,3.95 V
VCELL_10,946688509.9782379,0x19B50101,1,3.95 V
VCELL_11,946688509.9782379,0x19B50101,1,3.95 V
VCELL_12,946688509.9782379,0x19B50101,1,3.95 V
VCELL_13,946688509.9782379,0x19B50101,1,3.95 V
VCELL_14,946688509.9782379,0x19B50101,1,3.95 V
VCELL_15,946688509.9782379,0x19B50101,1,3.95 V
VCELL_16,946688509.9906136,0x19B50102,1,3.95 V
VCELL_17,946688509.9906136,0x19B50102,1,3.95 V
VCELL_18,946688509.9906136,0x19B50102,1,3.95 V
VCELL_19,946688509.9906136,0x19B50102,1,3.95 V
VCELL_20,946688509.9906136,0x19B50102,1,3.95 V
VCELL_21,946688509.9906136,0x19B50102,1,3.97 V
VCELL_22,946688509.9906136,0x19B50102,1,3.95 V
VCELL_23,946688509.9906136,0x19B50102,1,3.95 V
VCELL_24,946688510.0174488,0x19B50103,1,3.95 V
VCELL_25,946688510.0174488,0x19B50103,1,3.96 V
VCELL_26,946688510.0174488,0x19B50103,1,3.95 V
VCELL_27,946688510.0174488,0x19B50103,1,3.95 V
VCELL_28,946688510.0174488,0x19B50103,1,3.97 V
VCELL_29,946688510.0174488,0x19B50103,1,3.95 V
VCELL_30,946688510.0174488,0x19B50103,1,3.95 V
VCELL_31,946688510.0174488,0x19B50103,1,3.95 V
UNDER_VOLTAGE,946688510.027778,0x19B50007,1,FALSE logic
OVER_VOLTAGE,946688510.027778,0x19B50007,1,FALSE logic
DISCHARGE_OVER_CURRENT,946688510.027778,0x19B50007,1,FALSE logic
CHARGE_OVER_CURRENT,946688510.027778,0x19B50007,1,FALSE logic
CELL_MODULE_OVERHEAT,946688510.027778,0x19B50007,1,FALSE logic
LEAKAGE,946688510.027778,0x19B50007,1,FALSE logic
NO_CELL_COMMUNICATION,946688510.027778,0x19B50007,1,FALSE logic
LOW_VOLTAGE_W,946688510.027778,0x19B50007,1,FALSE logic
HIGH_CURRENT_W,946688510.027778,0x19B50007,1,FALSE logic
HIGH_TEMPERATURE_W,946688510.027778,0x19B50007,1,FALSE logic
CELL_OVERHEAT,946688510.027778,0x19B50007,1,FALSE logic
NO_CURRENT_SENSOR,946688510.027778,0x19B50007,1,FALSE logic
PACK_UNDER_VOLTAGE,946688510.027778,0x19B50007,1,FALSE logic
VALIDITY,946688510.027778,0x19B50007,1,39 state
APPS_RANGE_ERROR,946688510.0387276,0x18FF1515,1,"FALSE 0 no Error, 1 Error"
SAFETY_OK,946688510.0387276,0x18FF1515,1,"FALSE 0 no Error, 1 Error"
BRAKE,946688510.0387276,0x18FF1515,1,"0 1 noBrake, 2 Brake"
VCU_STATE,946688510.0387276,0x18FF1515,1,0
APS_PERC,946688510.0387276,0x18FF1515,1,"2.56 porcentagem pedal, precisão de 2 casas decimais"
VCELL_32,946688510.0421097,0x19B50104,1,3.94 V
VCELL_33,946688510.0421097,0x19B50104,1,3.95 V
VCELL_34,946688510.0421097,0x19B50104,1,3.95 V
VCELL_35,946688510.0421097,0x19B50104,1,3.95 V
VCELL_36,946688510.0421097,0x19B50104,1,3.95 V
VCELL_37,946688510.0421097,0x19B50104,1,3.95 V
VCELL_38,946688510.0421097,0x19B50104,1,3.95 V
VCELL_39,946688510.0421097,0x19B50104,1,3.95 V
VCELL_40,946688510.0558282,0x19B50105,1,3.95 V
VCELL_41,946688510.0558282,0x19B50105,1,3.95 V
VCELL_42,946688510.0558282,0x19B50105,1,3.95 V
VCELL_43,946688510.0558282,0x19B50105,1,3.95 V
VCELL_44,946688510.0558282,0x19B50105,1,3.95 V
VCELL_45,946688510.0558282,0x19B50105,1,3.95 V
VCELL_46,946688510.0558282,0x19B50105,1,3.95 V
VCELL_47,946688510.0558282,0x19B50105,1,3.95 V
VCELL_48,946688510.0682225,0x19B50106,1,3.95 V
VCELL_49,946688510.0682225,0x19B50106,1,3.95 V
VCELL_50,946688510.0682225,0x19B50106,1,3.95 V
VCELL_51,946688510.0682225,0x19B50106,1,3.95 V
VCELL_52,946688510.0682225,0x19B50106,1,3.95 V
VCELL_53,946688510.0682225,0x19B50106,1,3.95 V
VCELL_54,946688510.0682225,0x19B50106,1,3.95 V
VCELL_55,946688510.0682225,0x19B50106,1,3.95 V
VCELL_56,946688510.0808669,0x19B50107,1,3.95 V
VCELL_57,946688510.0808669,0x19B50107,1,3.95 V
VCELL_58,946688510.0808669,0x19B50107,1,3.95 V
VCELL_59,946688510.0808669,0x19B50107,1,3.95 V
VCELL_60,946688510.0808669,0x19B50107,1,3.95 V
VCELL_61,946688510.0808669,0x19B50107,1,3.95 V
VCELL_62,946688510.0808669,0x19B50107,1,3.95 V
VCELL_63,946688510.0808669,0x19B50107,1,3.95 V
VCELL_64,946688510.1051952,0x19B50108,1,3.92 V
VCELL_65,946688510.1051952,0x19B50108,1,3.94 V
VCELL_66,946688510.1051952,0x19B50108,1,3.95 V
VCELL_67,946688510.1051952,0x19B50108,1,3.95 V
VCELL_68,946688510.1051952,0x19B50108,1,3.96 V
VCELL_69,946688510.1051952,0x19B50108,1,3.96 V
VCELL_70,946688510.1051952,0x19B50108,1,3.94 V
VCELL_71,946688510.1051952,0x19B50108,1,3.95 V
VCELL_72,946688510.1203794,0x19B50109,1,3.97 V
VCELL_73,946688510.1203794,0x19B50109,1,3.95 V
VCELL_74,946688510.1203794,0x19B50109,1,3.95 V
VCELL_75,946688510.1203794,0x19B50109,1,3.96 V
VCELL_76,946688510.1203794,0x19B50109,1,3.94 V
VCELL_77,946688510.1203794,0x19B50109,1,3.95 V
VCELL_78,946688510.1203794,0x19B50109,1,3.95 V
VCELL_79,946688510.1203794,0x19B50109,1,3.95 V
VCELL_80,946688510.1336907,0x19B5010A,1,3.95 V
VCELL_81,946688510.1336907,0x19B5010A,1,3.95 V
VCELL_82,946688510.1336907,0x19B5010A,1,3.95 V
VCELL_83,946688510.1336907,0x19B5010A,1,3.95 V
VCELL_84,946688510.1336907,0x19B5010A,1,3.95 V
VCELL_85,946688510.1336907,0x19B5010A,1,3.95 V
VCELL_86,946688510.1336907,0x19B5010A,1,3.95 V
VCELL_87,946688510.1336907,0x19B5010A,1,3.95 V
APPS_RANGE_ERROR,946688510.1387267,0x18FF1515,1,"FALSE 0 no Error, 1 Error"
SAFETY_OK,946688510.1387267,0x18FF1515,1,"FALSE 0 no Error, 1 Error"
BRAKE,946688510.1387267,0x18FF1515,1,"0 1 noBrake, 2 Brake"
VCU_STATE,946688510.1387267,0x18FF1515,1,0
APS_PERC,946688510.1387267,0x18FF1515,1,"2.56 porcentagem pedal, precisão de 2 casas decimais"
VCELL_88,946688510.1460748,0x19B5010B,1,3.95 V
VCELL_89,946688510.1460748,0x19B5010B,1,3.95 V
VCELL_90,946688510.1460748,0x19B5010B,1,3.95 V
VCELL_91,946688510.1460748,0x19B5010B,1,3.98 V
VCELL_92,946688510.1460748,0x19B5010B,1,3.97 V
VCELL_93,946688510.1460748,0x19B5010B,1,3.95 V
VCELL_94,946688510.1460748,0x19B5010B,1,3.95 V
VCELL_95,946688510.1460748,0x19B5010B,1,3.95 V
UNDER_VOLTAGE,946688510.2142913,0x19B50007,1,FALSE logic
OVER_VOLTAGE,946688510.2142913,0x19B50007,1,FALSE logic
DISCHARGE_OVER_CURRENT,946688510.2142913,0x19B50007,1,FALSE logic
CHARGE_OVER_CURRENT,946688510.2142913,0x19B50007,1,FALSE logic
CELL_MODULE_OVERHEAT,946688510.2142913,0x19B50007,1,FALSE logic
LEAKAGE,946688510.2142913,0x19B50007,1,FALSE logic
NO_CELL_COMMUNICATION,946688510.2142913,0x19B50007,1,FALSE logic
LOW_VOLTAGE_W,946688510.2142913,0x19B50007,1,FALSE logic
HIGH_CURRENT_W,946688510.2142913,0x19B50007,1,FALSE logic
HIGH_TEMPERATURE_W,946688510.2142913,0x19B50007,1,FALSE logic
CELL_OVERHEAT,946688510.2142913,0x19B50007,1,FALSE logic
NO_CURRENT_SENSOR,946688510.2142913,0x19B50007,1,FALSE logic
PACK_UNDER_VOLTAGE,946688510.2142913,0x19B50007,1,FALSE logic
VALIDITY,946688510.2142913,0x19B50007,1,39 state
APPS_RANGE_ERROR,946688510.2387241,0x18FF1515,1,"FALSE 0 no Error, 1 Error"
SAFETY_OK,946688510.2387241,0x18FF1515,1,"FALSE 0 no Error, 1 Error"
BRAKE,946688510.2387241,0x18FF1515,1,"0 1 noBrake, 2 Brake"
VCU_STATE,946688510.2387241,0x18FF1515,1,0
APS_PERC,946688510.2387241,0x18FF1515,1,"2.56 porcentagem pedal, precisão de 2 casas decimais"
APPS_RANGE_ERROR,946688510.3387245,0x18FF1515,1,"FALSE 0 no Error, 1 Error"
SAFETY_OK,946688510.3387245,0x18FF1515,1,"FALSE 0 no Error, 1 Error"
BRAKE,946688510.3387245,0x18FF1515,1,"0 1 noBrake, 2 Brake"
VCU_STATE,946688510.3387245,0x18FF1515,1,0
APS_PERC,946688510.3387245,0x18FF1515,1,"2.56 porcentagem pedal, precisão de 2 casas decimais"
UNDER_VOLTAGE,946688510.4167078,0x19B50007,1,FALSE logic
OVER_VOLTAGE,946688510.4167078,0x19B50007,1,FALSE logic
DISCHARGE_OVER_CURRENT,946688510.4167078,0x19B50007,1,FALSE logic
CHARGE_OVER_CURRENT,946688510.4167078,0x19B50007,1,FALSE logic
CELL_MODULE_OVERHEAT,946688510.4167078,0x19B50007,1,FALSE logic
LEAKAGE,946688510.4167078,0x19B50007,1,FALSE logic
NO_CELL_COMMUNICATION,946688510.4167078,0x19B50007,1,FALSE logic
LOW_VOLTAGE_W,946688510.4167078,0x19B50007,1,FALSE logic
HIGH_CURRENT_W,946688510.4167078,0x19B50007,1,FALSE logic
HIGH_TEMPERATURE_W,946688510.4167078,0x19B50007,1,FALSE logic
CELL_OVERHEAT,946688510.4167078,0x19B50007,1,FALSE logic
NO_CURRENT_SENSOR,946688510.4167078,0x19B50007,1,FALSE logic
PACK_UNDER_VOLTAGE,946688510.4167078,0x19B50007,1,FALSE logic
VALIDITY,946688510.4167078,0x19B50007,1,39 state
APPS_RANGE_ERROR,946688510.4387318,0x18FF1515,1,"FALSE 0 no Error, 1 Error"
SAFETY_OK,946688510.4387318,0x18FF1515,1,"FALSE 0 no Error, 1 Error"
BRAKE,946688510.4387318,0x18FF1515,1,"0 1 noBrake, 2 Brake"
VCU_STATE,946688510.4387318,0x18FF1515,1,0
APS_PERC,946688510.4387318,0x18FF1515,1,"2.56 porcentagem pedal, precisão de 2 casas decimais"
APPS_RANGE_ERROR,946688510.5387229,0x18FF1515,1,"FALSE 0 no Error, 1 Error"
SAFETY_OK,946688510.5387229,0x18FF1515,1,"FALSE 0 no Error, 1 Error"
BRAKE,946688510.5387229,0x18FF1515,1,"0 1 noBrake, 2 Brake"
VCU_STATE,946688510.5387229,0x18FF1515,1,0
APS_PERC,946688510.5387229,0x18FF1515,1,"2.56 porcentagem pedal, precisão de 2 casas decimais"
UNDER_VOLTAGE,946688510.6134703,0x19B50007,1,FALSE logic
OVER_VOLTAGE,946688510.6134703,0x19B50007,1,FALSE logic
DISCHARGE_OVER_CURRENT,946688510.6134703,0x19B50007,1,FALSE logic
CHARGE_OVER_CURRENT,946688510.6134703,0x19B50007,1,FALSE logic
CELL_MODULE_OVERHEAT,946688510.6134703,0x19B50007,1,FALSE logic
LEAKAGE,946688510.6134703,0x19B50007,1,FALSE logic
NO_CELL_COMMUNICATION,946688510.6134703,0x19B50007,1,FALSE logic
LOW_VOLTAGE_W,946688510.6134703,0x19B50007,1,FALSE logic
HIGH_CURRENT_W,946688510.6134703,0x19B50007,1,FALSE logic
HIGH_TEMPERATURE_W,946688510.6134703,0x19B50007,1,FALSE logic
CELL_OVERHEAT,946688510.6134703,0x19B50007,1,FALSE logic
NO_CURRENT_SENSOR,946688510.6134703,0x19B50007,1,FALSE logic
PACK_UNDER_VOLTAGE,946688510.6134703,0x19B50007,1,FALSE logic
VALIDITY,946688510.6134703,0x19B50007,1,39 state
APPS_RANGE_ERROR,946688510.6387286,0x18FF1515,1,"FALSE 0 no Error, 1 Error"
SAFETY_OK,946688510.6387286,0x18FF1515,1,"FALSE 0 no Error, 1 Error"
BRAKE,946688510.6387286,0x18FF1515,1,"0 1 noBrake, 2 Brake"
VCU_STATE,946688510.6387286,0x18FF1515,1,0
APS_PERC,946688510.6387286,0x18FF1515,1,"2.56 porcentagem pedal, precisão de 2 casas decimais"
APPS_RANGE_ERROR,946688510.7387229,0x18FF1515,1,"FALSE 0 no Error, 1 Error"
SAFETY_OK,946688510.7387229,0x18FF1515,1,"FALSE 0 no Error, 1 Error"
BRAKE,946688510.7387229,0x18FF1515,1,"0 1 noBrake, 2 Brake"
VCU_STATE,946688510.7387229,0x18FF1515,1,0
APS_PERC,946688510.7387229,0x18FF1515,1,"2.56 porcentagem pedal, precisão de 2 casas decimais"
UNDER_VOLTAGE,946688510.8133211,0x19B50007,1,FALSE logic
OVER_VOLTAGE,946688510.8133211,0x19B50007,1,FALSE logic
DISCHARGE_OVER_CURRENT,946688510.8133211,0x19B50007,1,FALSE logic
CHARGE_OVER_CURRENT,946688510.8133211,0x19B50007,1,FALSE logic
CELL_MODULE_OVERHEAT,946688510.8133211,0x19B50007,1,FALSE logic
LEAKAGE,946688510.8133211,0x19B50007,1,FALSE logic
NO_CELL_COMMUNICATION,946688510.8133211,0x19B50007,1,FALSE logic
LOW_VOLTAGE_W,946688510.8133211,0x19B50007,1,FALSE logic
HIGH_CURRENT_W,946688510.8133211,0x19B50007,1,FALSE logic
HIGH_TEMPERATURE_W,946688510.8133211,0x19B50007,1,FALSE logic
CELL_OVERHEAT,946688510.8133211,0x19B50007,1,FALSE logic
NO_CURRENT_SENSOR,946688510.8133211,0x19B50007,1,FALSE logic
PACK_UNDER_VOLTAGE,946688510.8133211,0x19B50007,1,FALSE logic
VALIDITY,946688510.8133211,0x19B50007,1,39 state
APPS_RANGE_ERROR,946688510.8387258,0x18FF1515,1,"FALSE 0 no Error, 1 Error"
SAFETY_OK,946688510.8387258,0x18FF1515,1,"FALSE 0 no Error, 1 Error"
BRAKE,946688510.8387258,0x18FF1515,1,"0 1 noBrake, 2 Brake"
VCU_STATE,946688510.8387258,0x18FF1515,1,0
APS_PERC,946688510.8387258,0x18FF1515,1,"2.56 porcentagem pedal, precisão de 2 casas decimais"
APPS_RANGE_ERROR,946688510.9387268,0x18FF1515,1,"FALSE 0 no Error, 1 Error"
SAFETY_OK,946688510.9387268,0x18FF1515,1,"FALSE 0 no Error, 1 Error"
BRAKE,946688510.9387268,0x18FF1515,1,"0 1 noBrake, 2 Brake"
VCU_STATE,946688510.9387268,0x18FF1515,1,0
APS_PERC,946688510.9387268,0x18FF1515,1,"2.56 porcentagem pedal, precisão de 2 casas decimais"
UNDER_VOLTAGE,946688511.0328484,0x19B50007,1,FALSE logic
OVER_VOLTAGE,946688511.0328484,0x19B50007,1,FALSE logic
DISCHARGE_OVER_CURRENT,946688511.0328484,0x19B50007,1,FALSE logic
CHARGE_OVER_CURRENT,946688511.0328484,0x19B50007,1,FALSE logic
CELL_MODULE_OVERHEAT,946688511.0328484,0x19B50007,1,FALSE logic
LEAKAGE,946688511.0328484,0x19B50007,1,FALSE logic
NO_CELL_COMMUNICATION,946688511.0328484,0x19B50007,1,FALSE logic
LOW_VOLTAGE_W,946688511.0328484,0x19B50007,1,FALSE logic
HIGH_CURRENT_W,946688511.0328484,0x19B50007,1,FALSE logic
HIGH_TEMPERATURE_W,946688511.0328484,0x19B50007,1,FALSE logic
CELL_OVERHEAT,946688511.0328484,0x19B50007,1,FALSE logic
NO_CURRENT_SENSOR,946688511.0328484,0x19B50007,1,FALSE logic
PACK_UNDER_VOLTAGE,946688511.0328484,0x19B50007,1,FALSE logic
VALIDITY,946688511.0328484,0x19B50007,1,39 state
APPS_RANGE_ERROR,946688511.038729,0x18FF1515,1,"FALSE 0 no Error, 1 Error"
SAFETY_OK,946688511.038729,0x18FF1515,1,"FALSE 0 no Error, 1 Error"
BRAKE,946688511.038729,0x18FF1515,1,"0 1 noBrake, 2 Brake"
VCU_STATE,946688511.038729,0x18FF1515,1,0
APS_PERC,946688511.038729,0x18FF1515,1,"2.56 porcentagem pedal, precisão de 2 casas decimais"
APPS_RANGE_ERROR,946688511.1387159,0x18FF1515,1,"FALSE 0 no Error, 1 Error"
SAFETY_OK,946688511.1387159,0x18FF1515,1,"FALSE 0 no Error, 1 Error"
BRAKE,946688511.1387159,0x18FF1515,1,"0 1 noBrake, 2 Brake"
VCU_STATE,946688511.1387159,0x18FF1515,1,0
APS_PERC,946688511.1387159,0x18FF1515,1,"2.56 porcentagem pedal, precisão de 2 casas decimais"
UNDER_VOLTAGE,946688511.2107633,0x19B50007,1,FALSE logic
OVER_VOLTAGE,946688511.2107633,0x19B50007,1,FALSE logic
DISCHARGE_OVER_CURRENT,946688511.2107633,0x19B50007,1,FALSE logic
CHARGE_OVER_CURRENT,946688511.2107633,0x19B50007,1,FALSE logic
CELL_MODULE_OVERHEAT,946688511.2107633,0x19B50007,1,FALSE logic
LEAKAGE,946688511.2107633,0x19B50007,1,FALSE logic
NO_CELL_COMMUNICATION,946688511.2107633,0x19B50007,1,FALSE logic
LOW_VOLTAGE_W,946688511.2107633,0x19B50007,1,FALSE logic
HIGH_CURRENT_W,946688511.2107633,0x19B50007,1,FALSE logic
HIGH_TEMPERATURE_W,946688511.2107633,0x19B50007,1,FALSE logic
CELL_OVERHEAT,946688511.2107633,0x19B50007,1,FALSE logic
NO_CURRENT_SENSOR,946688511.2107633,0x19B50007,1,FALSE logic
PACK_UNDER_VOLTAGE,946688511.2107633,0x19B50007,1,FALSE logic
VALIDITY,946688511.2107633,0x19B50007,1,39 state
APPS_RANGE_ERROR,946688511.2387149,0x18FF1515,1,"FALSE 0 no Error, 1 Error"
SAFETY_OK,946688511.2387149,0x18FF1515,1,"FALSE 0 no Error, 1 Error"
BRAKE,946688511.2387149,0x18FF1515,1,"0 1 noBrake, 2 Brake"
VCU_STATE,946688511.2387149,0x18FF1515,1,0
APS_PERC,946688511.2387149,0x18FF1515,1,"2.56 porcentagem pedal, precisão de 2 casas decimais"
TCELL_0,946688511.3336986,0x19B50800,1,-100.00 °C
TCELL_0,946688511.3342837,0x19B50800,1,28.00 °C
TCELL_1,946688511.3342837,0x19B50800,1,28.00 °C
TCELL_2,946688511.3342837,0x19B50800,1,28.00 °C
TCELL_3,946688511.3342837,0x19B50800,1,28.00 °C
TCELL_4,946688511.3342837,0x19B50800,1,28.00 °C
TCELL_5,946688511.3342837,0x19B50800,1,155.00 °C
TCELL_6,946688511.3342837,0x19B50800,1,155.00 °C
TCELL_7,946688511.3342837,0x19B50800,1,155.00 °C
APPS_RANGE_ERROR,946688511.3387175,0x18FF1515,1,"FALSE 0 no Error, 1 Error"
SAFETY_OK,946688511.3387175,0x18FF1515,1,"FALSE 0 no Error, 1 Error"
BRAKE,946688511.3387175,0x18FF1515,1,"0 1 noBrake, 2 Brake"
VCU_STATE,946688511.3387175,0x18FF1515,1,0
APS_PERC,946688511.3387175,0x18FF1515,1,"2.56 porcentagem pedal, precisão de 2 casas decimais"
TCELL_8,946688511.3470017,0x19B50801,1,155.00 °C
TCELL_9,946688511.3470017,0x19B50801,1,155.00 °C
TCELL_10,946688511.3470017,0x19B50801,1,155.00 °C
TCELL_11,946688511.3470017,0x19B50801,1,155.00 °C
TCELL_12,946688511.3470017,0x19B50801,1,155.00 °C
TCELL_13,946688511.3470017,0x19B50801,1,155.00 °C
TCELL_14,946688511.3470017,0x19B50801,1,155.00 °C
TCELL_15,946688511.3470017,0x19B50801,1,155.00 °C
TCELL_16,946688511.3592701,0x19B50802,1,28.00 °C
TCELL_17,946688511.3592701,0x19B50802,1,28.00 °C
TCELL_18,946688511.3592701,0x19B50802,1,28.00 °C
TCELL_19,946688511.3592701,0x19B50802,1,29.00 °C
TCELL_20,946688511.3592701,0x19B50802,1,28.00 °C
TCELL_21,946688511.3592701,0x19B50802,1,155.00 °C
TCELL_22,946688511.3592701,0x19B50802,1,155.00 °C
TCELL_23,946688511.3592701,0x19B50802,1,155.00 °C
TCELL_24,946688511.3837717,0x19B50803,1,155.00 °C
TCELL_25,946688511.3837717,0x19B50803,1,155.00 °C
TCELL_26,946688511.3837717,0x19B50803,1,155.00 °C
TCELL_27,946688511.3837717,0x19B50803,1,155.00 °C
TCELL_28,946688511.3837717,0x19B50803,1,155.00 °C
TCELL_29,946688511.3837717,0x19B50803,1,155.00 °C
TCELL_30,946688511.3837717,0x19B50803,1,155.00 °C
TCELL_31,946688511.3837717,0x19B50803,1,155.00 °C
UNDER_VOLTAGE,946688511.4222022,0x19B50007,1,FALSE logic
OVER_VOLTAGE,946688511.4222022,0x19B50007,1,FALSE logic
DISCHARGE_OVER_CURRENT,946688511.4222022,0x19B50007,1,FALSE logic
CHARGE_OVER_CURRENT,946688511.4222022,0x19B50007,1,FALSE logic
CELL_MODULE_OVERHEAT,946688511.4222022,0x19B50007,1,FALSE logic
LEAKAGE,946688511.4222022,0x19B50007,1,FALSE logic
NO_CELL_COMMUNICATION,946688511.4222022,0x19B50007,1,FALSE logic
LOW_VOLTAGE_W,946688511.4222022,0x19B50007,1,FALSE logic
HIGH_CURRENT_W,946688511.4222022,0x19B50007,1,FALSE logic
HIGH_TEMPERATURE_W,946688511.4222022,0x19B50007,1,FALSE logic
CELL_OVERHEAT,946688511.4222022,0x19B50007,1,FALSE logic
NO_CURRENT_SENSOR,946688511.4222022,0x19B50007,1,FALSE logic
PACK_UNDER_VOLTAGE,946688511.4222022,0x19B50007,1,FALSE logic
VALIDITY,946688511.4222022,0x19B50007,1,39 state
APPS_RANGE_ERROR,946688511.4387172,0x18FF1515,1,"FALSE 0 no Error, 1 Error"
SAFETY_OK,946688511.4387172,0x18FF1515,1,"FALSE 0 no Error, 1 Error"
BRAKE,946688511.4387172,0x18FF1515,1,"0 1 noBrake, 2 Brake"
VCU_STATE,946688511.4387172,0x18FF1515,1,0
APS_PERC,946688511.4387172,0x18FF1515,1,"2.56 porcentagem pedal, precisão de 2 casas decimais"
APPS_RANGE_ERROR,946688511.5387139,0x18FF1515,1,"FALSE 0 no Error, 1 Error"
SAFETY_OK,946688511.5387139,0x18FF1515,1,"FALSE 0 no Error, 1 Error"
BRAKE,946688511.5387139,0x18FF1515,1,"0 1 noBrake, 2 Brake"
VCU_STATE,946688511.5387139,0x18FF1515,1,0
APS_PERC,946688511.5387139,0x18FF1515,1,"2.56 porcentagem pedal, precisão de 2 casas decimais"
UNDER_VOLTAGE,946688511.6105964,0x19B50007,1,FALSE logic
OVER_VOLTAGE,946688511.6105964,0x19B50007,1,FALSE logic
DISCHARGE_OVER_CURRENT,946688511.6105964,0x19B50007,1,FALSE logic
CHARGE_OVER_CURRENT,946688511.6105964,0x19B50007,1,FALSE logic
CELL_MODULE_OVERHEAT,946688511.6105964,0x19B50007,1,FALSE logic
LEAKAGE,946688511.6105964,0x19B50007,1,FALSE logic
NO_CELL_COMMUNICATION,946688511.6105964,0x19B50007,1,FALSE logic
LOW_VOLTAGE_W,946688511.6105964,0x19B50007,1,FALSE logic
HIGH_CURRENT_W,946688511.6105964,0x19B50007,1,FALSE logic
HIGH_TEMPERATURE_W,946688511.6105964,0x19B50007,1,FALSE logic
CELL_OVERHEAT,946688511.6105964,0x19B50007,1,FALSE logic
NO_CURRENT_SENSOR,946688511.6105964,0x19B50007,1,FALSE logic
PACK_UNDER_VOLTAGE,946688511.6105964,0x19B50007,1,FALSE logic
VALIDITY,946688511.6105964,0x19B50007,1,39 state
APPS_RANGE_ERROR,946688511.638712,0x18FF1515,1,"FALSE 0 no Error, 1 Error"
SAFETY_OK,946688511.638712,0x18FF1515,1,"FALSE 0 no Error, 1 Error"
BRAKE,946688511.638712,0x18FF1515,1,"0 1 noBrake, 2 Brake"
VCU_STATE,946688511.638712,0x18FF1515,1,0
APS_PERC,946688511.638712,0x18FF1515,1,"2.56 porcentagem pedal, precisão de 2 casas decimais"
APPS_RANGE_ERROR,946688511.7387165,0x18FF1515,1,"FALSE 0 no Error, 1 Error"
SAFETY_OK,946688511.7387165,0x18FF1515,1,"FALSE 0 no Error, 1 Error"
BRAKE,946688511.7387165,0x18FF1515,1,"0 1 noBrake, 2 Brake"
VCU_STATE,946688511.7387165,0x18FF1515,1,0
APS_PERC,946688511.7387165,0x18FF1515,1,"2.56 porcentagem pedal, precisão de 2 casas decimais"
VCELL_0,946688511.782892,0x19B50100,1,2.00 V
VCELL_0,946688511.7834512,0x19B50100,1,3.96 V
VCELL_1,946688511.7834512,0x19B50100,1,3.95 V
VCELL_2,946688511.7834512,0x19B50100,1,3.95 V
VCELL_3,946688511.7834512,0x19B50100,1,3.95 V
VCELL_4,946688511.7834512,0x19B50100,1,3.95 V
VCELL_5,946688511.7834512,0x19B50100,1,3.95 V
VCELL_6,946688511.7834512,0x19B50100,1,3.95 V
VCELL_7,946688511.7834512,0x19B50100,1,3.95 V
VCELL_8,946688511.7958723,0x19B50101,1,3.95 V
VCELL_9,946688511.7958723,0x19B50101,1,3.95 V
VCELL_10,946688511.7958723,0x19B50101,1,3.95 V
VCELL_11,946688511.7958723,0x19B50101,1,3.95 V
VCELL_12,946688511.7958723,0x19B50101,1,3.95 V
VCELL_13,946688511.7958723,0x19B50101,1,3.95 V
VCELL_14,946688511.7958723,0x19B50101,1,3.95 V
VCELL_15,946688511.7958723,0x19B50101,1,3.95 V
VCELL_16,946688511.8114034,0x19B50102,1,3.95 V
VCELL_17,946688511.8114034,0x19B50102,1,3.95 V
VCELL_18,946688511.8114034,0x19B50102,1,3.95 V
VCELL_19,946688511.8114034,0x19B50102,1,3.95 V
VCELL_20,946688511.8114034,0x19B50102,1,3.95 V
VCELL_21,946688511.8114034,0x19B50102,1,3.97 V
VCELL_22,946688511.8114034,0x19B50102,1,3.95 V
VCELL_23,946688511.8114034,0x19B50102,1,3.95 V
UNDER_VOLTAGE,946688511.8207359,0x19B50007,1,FALSE logic
OVER_VOLTAGE,946688511.8207359,0x19B50007,1,FALSE logic
DISCHARGE_OVER_CURRENT,946688511.8207359,0x19B50007,1,FALSE logic
CHARGE_OVER_CURRENT,946688511.8207359,0x19B50007,1,FALSE logic
CELL_MODULE_OVERHEAT,946688511.8207359,0x19B50007,1,FALSE logic
LEAKAGE,946688511.8207359,0x19B50007,1,FALSE logic
NO_CELL_COMMUNICATION,946688511.8207359,0x19B50007,1,FALSE logic
LOW_VOLTAGE_W,946688511.8207359,0x19B50007,1,FALSE logic
HIGH_CURRENT_W,946688511.8207359,0x19B50007,1,FALSE logic
HIGH_TEMPERATURE_W,946688511.8207359,0x19B50007,1,FALSE logic
CELL_OVERHEAT,946688511.8207359,0x19B50007,1,FALSE logic
NO_CURRENT_SENSOR,946688511.8207359,0x19B50007,1,FALSE logic
PACK_UNDER_VOLTAGE,946688511.8207359,0x19B50007,1,FALSE logic
VALIDITY,946688511.8207359,0x19B50007,1,39 state
VCELL_24,946688511.8356853,0x19B50103,1,3.95 V
VCELL_25,946688511.8356853,0x19B50103,1,3.96 V
VCELL_26,946688511.8356853,0x19B50103,1,3.95 V
VCELL_27,946688511.8356853,0x19B50103,1,3.95 V
VCELL_28,946688511.8356853,0x19B50103,1,3.97 V
VCELL_29,946688511.8356853,0x19B50103,1,3.95 V
VCELL_30,946688511.8356853,0x19B50103,1,3.95 V
VCELL_31,946688511.8356853,0x19B50103,1,3.95 V
APPS_RANGE_ERROR,946688511.8387109,0x18FF1515,1,"FALSE 0 no Error, 1 Error"
SAFETY_OK,946688511.8387109,0x18FF1515,1,"FALSE 0 no Error, 1 Error"
BRAKE,946688511.8387109,0x18FF1515,1,"0 1 noBrake, 2 Brake"
VCU_STATE,946688511.8387109,0x18FF1515,1,0
APS_PERC,946688511.8387109,0x18FF1515,1,"2.56 porcentagem pedal, precisão de 2 casas decimais"
VCELL_32,946688511.8862724,0x19B50104,1,3.94 V
VCELL_33,946688511.8862724,0x19B50104,1,3.95 V
VCELL_34,946688511.8862724,0x19B50104,1,3.95 V
VCELL_35,946688511.8862724,0x19B50104,1,3.95 V
VCELL_36,946688511.8862724,0x19B50104,1,3.95 V
VCELL_37,946688511.8862724,0x19B50104,1,3.95 V
VCELL_38,946688511.8862724,0x19B50104,1,3.95 V
VCELL_39,946688511.8862724,0x19B50104,1,3.95 V
VCELL_40,946688511.8985503,0x19B50105,1,3.95 V
VCELL_41,946688511.8985503,0x19B50105,1,3.95 V
VCELL_42,946688511.8985503,0x19B50105,1,3.95 V
VCELL_43,946688511.8985503,0x19B50105,1,3.95 V
VCELL_44,946688511.8985503,0x19B50105,1,3.95 V
VCELL_45,946688511.8985503,0x19B50105,1,3.95 V
VCELL_46,946688511.8985503,0x19B50105,1,3.95 V
VCELL_47,946688511.8985503,0x19B50105,1,3.95 V
VCELL_48,946688511.9121151,0x19B50106,1,3.95 V
VCELL_49,946688511.9121151,0x19B50106,1,3.95 V
VCELL_50,946688511.9121151,0x19B50106,1,3.95 V
VCELL_51,946688511.9121151,0x19B50106,1,3.95 V
VCELL_52,946688511.9121151,0x19B50106,1,3.95 V
VCELL_53,946688511.9121151,0x19B50106,1,3.95 V
VCELL_54,946688511.9121151,0x19B50106,1,3.95 V
VCELL_55,946688511.9121151,0x19B50106,1,3.95 V
VCELL_56,946688511.9267361,0x19B50107,1,3.95 V
VCELL_57,946688511.9267361,0x19B50107,1,3.95 V
VCELL_58,946688511.9267361,0x19B50107,1,3.95 V
VCELL_59,946688511.9267361,0x19B50107,1,3.95 V
VCELL_60,946688511.9267361,0x19B50107,1,3.95 V
VCELL_61,946688511.9267361,0x19B50107,1,3.95 V
VCELL_62,946688511.9267361,0x19B50107,1,3.95 V
VCELL_63,946688511.9267361,0x19B50107,1,3.95 V
APPS_RANGE_ERROR,946688511.938716,0x18FF1515,1,"FALSE 0 no Error, 1 Error"
SAFETY_OK,946688511.938716,0x18FF1515,1,"FALSE 0 no Error, 1 Error"
BRAKE,946688511.938716,0x18FF1515,1,"0 1 noBrake, 2 Brake"
VCU_STATE,946688511.938716,0x18FF1515,1,0
APS_PERC,946688511.938716,0x18FF1515,1,"2.56 porcentagem pedal, precisão de 2 casas decimais"
VCELL_64,946688511.9393305,0x19B50108,1,3.92 V
VCELL_65,946688511.9393305,0x19B50108,1,3.94 V
VCELL_66,946688511.9393305,0x19B50108,1,3.95 V
VCELL_67,946688511.9393305,0x19B50108,1,3.95 V
VCELL_68,946688511.9393305,0x19B50108,1,3.96 V
VCELL_69,946688511.9393305,0x19B50108,1,3.96 V
VCELL_70,946688511.9393305,0x19B50108,1,3.94 V
VCELL_71,946688511.9393305,0x19B50108,1,3.95 V
VCELL_72,946688511.9640452,0x19B50109,1,3.97 V
VCELL_73,946688511.9640452,0x19B50109,1,3.95 V
VCELL_74,946688511.9640452,0x19B50109,1,3.95 V
VCELL_75,946688511.9640452,0x19B50109,1,3.96 V
VCELL_76,946688511.9640452,0x19B50109,1,3.94 V
VCELL_77,946688511.9640452,0x19B50109,1,3.95 V
VCELL_78,946688511.9640452,0x19B50109,1,3.95 V
VCELL_79,946688511.9640452,0x19B50109,1,3.95 V
VCELL_80,946688511.9763602,0x19B5010A,1,3.95 V
VCELL_81,946688511.9763602,0x19B5010A,1,3.95 V
VCELL_82,946688511.9763602,0x19B5010A,1,3.95 V
VCELL_83,946688511.9763602,0x19B5010A,1,3.95 V
VCELL_84,946688511.9763602,0x19B5010A,1,3.95 V
VCELL_85,946688511.9763602,0x19B5010A,1,3.95 V
VCELL_86,946688511.9763602,0x19B5010A,1,3.95 V
VCELL_87,946688511.9763602,0x19B5010A,1,3.95 V
UNDER_VOLTAGE,946688512.0108262,0x19B50007,1,FALSE logic
OVER_VOLTAGE,946688512.0108262,0x19B50007,1,FALSE logic
DISCHARGE_OVER_CURRENT,946688512.0108262,0x19B50007,1,FALSE logic
CHARGE_OVER_CURRENT,946688512.0108262,0x19B50007,1,FALSE logic
CELL_MODULE_OVERHEAT,946688512.0108262,0x19B50007,1,FALSE logic
LEAKAGE,946688512.0108262,0x19B50007,1,FALSE logic
NO_CELL_COMMUNICATION,946688512.0108262,0x19B50007,1,FALSE logic
LOW_VOLTAGE_W,946688512.0108262,0x19B50007,1,FALSE logic
HIGH_CURRENT_W,946688512.0108262,0x19B50007,1,FALSE logic
HIGH_TEMPERATURE_W,946688512.0108262,0x19B50007,1,FALSE logic
CELL_OVERHEAT,946688512.0108262,0x19B50007,1,FALSE logic
NO_CURRENT_SENSOR,946688512.0108262,0x19B50007,1,FALSE logic
PACK_UNDER_VOLTAGE,946688512.0108262,0x19B50007,1,FALSE logic
VALIDITY,946688512.0108262,0x19B50007,1,39 state
APPS_RANGE_ERROR,946688512.0387181,0x18FF1515,1,"FALSE 0 no Error, 1 Error"
SAFETY_OK,946688512.0387181,0x18FF1515,1,"FALSE 0 no Error, 1 Error"
BRAKE,946688512.0387181,0x18FF1515,1,"0 1 noBrake, 2 Brake"
VCU_STATE,946688512.0387181,0x18FF1515,1,0
APS_PERC,946688512.0387181,0x18FF1515,1,"2.56 porcentagem pedal, precisão de 2 casas decimais"
APPS_RANGE_ERROR,946688512.1387075,0x18FF1515,1,"FALSE 0 no Error, 1 Error"
SAFETY_OK,946688512.1387075,0x18FF1515,1,"FALSE 0 no Error, 1 Error"
BRAKE,946688512.1387075,0x18FF1515,1,"0 1 noBrake, 2 Brake"
VCU_STATE,946688512.1387075,0x18FF1515,1,0
APS_PERC,946688512.1387075,0x18FF1515,1,"2.56 porcentagem pedal, precisão de 2 casas decimais"
UNDER_VOLTAGE,946688512.2160679,0x19B50007,1,FALSE logic
OVER_VOLTAGE,946688512.2160679,0x19B50007,1,FALSE logic
DISCHARGE_OVER_CURRENT,946688512.2160679,0x19B50007,1,FALSE logic
CHARGE_OVER_CURRENT,946688512.2160679,0x19B50007,1,FALSE logic
CELL_MODULE_OVERHEAT,946688512.2160679,0x19B50007,1,FALSE logic
LEAKAGE,946688512.2160679,0x19B50007,1,FALSE logic
NO_CELL_COMMUNICATION,946688512.2160679,0x19B50007,1,FALSE logic
LOW_VOLTAGE_W,946688512.2160679,0x19B50007,1,FALSE logic
HIGH_CURRENT_W,946688512.2160679,0x19B50007,1,FALSE logic
HIGH_TEMPERATURE_W,946688512.2160679,0x19B50007,1,FALSE logic
CELL_OVERHEAT,946688512.2160679,0x19B50007,1,FALSE logic
NO_CURRENT_SENSOR,946688512.2160679,0x19B50007,1,FALSE logic
PACK_UNDER_VOLTAGE,946688512.2160679,0x19B50007,1,FALSE logic
VALIDITY,946688512.2160679,0x19B50007,1,39 state
APPS_RANGE_ERROR,946688512.2387081,0x18FF1515,1,"FALSE 0 no Error, 1 Error"
SAFETY_OK,946688512.2387081,0x18FF1515,1,"FALSE 0 no Error, 1 Error"
BRAKE,946688512.2387081,0x18FF1515,1,"0 1 noBrake, 2 Brake"
VCU_STATE,946688512.2387081,0x18FF1515,1,0
APS_PERC,946688512.2387081,0x18FF1515,1,"2.56 porcentagem pedal, precisão de 2 casas decimais"
APPS_RANGE_ERROR,946688512.3387136,0x18FF1515,1,"FALSE 0 no Error, 1 Error"
SAFETY_OK,946688512.3387136,0x18FF1515,1,"FALSE 0 no Error, 1 Error"
BRAKE,946688512.3387136,0x18FF1515,1,"0 1 noBrake, 2 Brake"
VCU_STATE,946688512.3387136,0x18FF1515,1,0
APS_PERC,946688512.3387136,0x18FF1515,1,"2.56 porcentagem pedal, precisão de 2 casas decimais"
UNDER_VOLTAGE,946688512.415089,0x19B50007,1,FALSE logic
OVER_VOLTAGE,946688512.415089,0x19B50007,1,FALSE logic
DISCHARGE_OVER_CURRENT,946688512.415089,0x19B50007,1,FALSE logic
CHARGE_OVER_CURRENT,946688512.415089,0x19B50007,1,FALSE logic
CELL_MODULE_OVERHEAT,946688512.415089,0x19B50007,1,FALSE logic
LEAKAGE,946688512.415089,0x19B50007,1,FALSE logic
NO_CELL_COMMUNICATION,946688512.415089,0x19B50007,1,FALSE logic
LOW_VOLTAGE_W,946688512.415089,0x19B50007,1,FALSE logic
HIGH_CURRENT_W,946688512.415089,0x19B50007,1,FALSE logic
HIGH_TEMPERATURE_W,946688512.415089,0x19B50007,1,FALSE logic
CELL_OVERHEAT,946688512.415089,0x19B50007,1,FALSE logic
NO_CURRENT_SENSOR,946688512.415089,0x19B50007,1,FALSE logic
PACK_UNDER_VOLTAGE,946688512.415089,0x19B50007,1,FALSE logic
VALIDITY,946688512.415089,0x19B50007,1,39 state
APPS_RANGE_ERROR,946688512.4387124,0x18FF1515,1,"FALSE 0 no Error, 1 Error"
SAFETY_OK,946688512.4387124,0x18FF1515,1,"FALSE 0 no Error, 1 Error"
BRAKE,946688512.4387124,0x18FF1515,1,"0 1 noBrake, 2 Brake"
VCU_STATE,946688512.4387124,0x18FF1515,1,0
APS_PERC,946688512.4387124,0x18FF1515,1,"2.56 porcentagem pedal, precisão de 2 casas decimais"
APPS_RANGE_ERROR,946688512.5387124,0x18FF1515,1,"FALSE 0 no Error, 1 Error"
SAFETY_OK,946688512.5387124,0x18FF1515,1,"FALSE 0 no Error, 1 Error"
BRAKE,946688512.5387124,0x18FF1515,1,"0 1 noBrake, 2 Brake"
VCU_STATE,946688512.5387124,0x18FF1515,1,0
APS_PERC,946688512.5387124,0x18FF1515,1,"2.56 porcentagem pedal, precisão de 2 casas decimais"
UNDER_VOLTAGE,946688512.6104312,0x19B50007,1,FALSE logic
OVER_VOLTAGE,946688512.6104312,0x19B50007,1,FALSE logic
DISCHARGE_OVER_CURRENT,946688512.6104312,0x19B50007,1,FALSE logic
CHARGE_OVER_CURRENT,946688512.6104312,0x19B50007,1,FALSE logic
CELL_MODULE_OVERHEAT,946688512.6104312,0x19B50007,1,FALSE logic
LEAKAGE,946688512.6104312,0x19B50007,1,FALSE logic
NO_CELL_COMMUNICATION,946688512.6104312,0x19B50007,1,FALSE logic
LOW_VOLTAGE_W,946688512.6104312,0x19B50007,1,FALSE logic
HIGH_CURRENT_W,946688512.6104312,0x19B50007,1,FALSE logic
HIGH_TEMPERATURE_W,946688512.6104312,0x19B50007,1,FALSE logic
CELL_OVERHEAT,946688512.6104312,0x19B50007,1,FALSE logic
NO_CURRENT_SENSOR,946688512.6104312,0x19B50007,1,FALSE logic
PACK_UNDER_VOLTAGE,946688512.6104312,0x19B50007,1,FALSE logic
VALIDITY,946688512.6104312,0x19B50007,1,39 state
APPS_RANGE_ERROR,946688512.6386951,0x18FF1515,1,"FALSE 0 no Error, 1 Error"
SAFETY_OK,946688512.6386951,0x18FF1515,1,"FALSE 0 no Error, 1 Error"
BRAKE,946688512.6386951,0x18FF1515,1,"0 1 noBrake, 2 Brake"
VCU_STATE,946688512.6386951,0x18FF1515,1,0
APS_PERC,946688512.6386951,0x18FF1515,1,"2.56 porcentagem pedal, precisão de 2 casas decimais"
APPS_RANGE_ERROR,946688512.7387064,0x18FF1515,1,"FALSE 0 no Error, 1 Error"
SAFETY_OK,946688512.7387064,0x18FF1515,1,"FALSE 0 no Error, 1 Error"
BRAKE,946688512.7387064,0x18FF1515,1,"0 1 noBrake, 2 Brake"
VCU_STATE,946688512.7387064,0x18FF1515,1,0
APS_PERC,946688512.7387064,0x18FF1515,1,"2.56 porcentagem pedal, precisão de 2 casas decimais"
UNDER_VOLTAGE,946688512.8098397,0x19B50007,1,FALSE logic
OVER_VOLTAGE,946688512.8098397,0x19B50007,1,FALSE logic
DISCHARGE_OVER_CURRENT,946688512.8098397,0x19B50007,1,FALSE logic
CHARGE_OVER_CURRENT,946688512.8098397,0x19B50007,1,FALSE logic
CELL_MODULE_OVERHEAT,946688512.8098397,0x19B50007,1,FALSE logic
LEAKAGE,946688512.8098397,0x19B50007,1,FALSE logic
NO_CELL_COMMUNICATION,946688512.8098397,0x19B50007,1,FALSE logic
LOW_VOLTAGE_W,946688512.8098397,0x19B50007,1,FALSE logic
HIGH_CURRENT_W,946688512.8098397,0x19B50007,1,FALSE logic
HIGH_TEMPERATURE_W,946688512.8098397,0x19B50007,1,FALSE logic
CELL_OVERHEAT,946688512.8098397,0x19B50007,1,FALSE logic
NO_CURRENT_SENSOR,946688512.8098397,0x19B50007,1,FALSE logic
PACK_UNDER_VOLTAGE,946688512.8098397,0x19B50007,1,FALSE logic
VALIDITY,946688512.8098397,0x19B50007,1,39 state
APPS_RANGE_ERROR,946688512.8387017,0x18FF1515,1,"FALSE 0 no Error, 1 Error"
SAFETY_OK,946688512.8387017,0x18FF1515,1,"FALSE 0 no Error, 1 Error"
BRAKE,946688512.8387017,0x18FF1515,1,"0 1 noBrake, 2 Brake"
VCU_STATE,946688512.8387017,0x18FF1515,1,0
APS_PERC,946688512.8387017,0x18FF1515,1,"2.56 porcentagem pedal, precisão de 2 casas decimais"
APPS_RANGE_ERROR,946688512.938698,0x18FF1515,1,"FALSE 0 no Error, 1 Error"
SAFETY_OK,946688512.938698,0x18FF1515,1,"FALSE 0 no Error, 1 Error"
BRAKE,946688512.938698,0x18FF1515,1,"0 1 noBrake, 2 Brake"
VCU_STATE,946688512.938698,0x18FF1515,1,0
APS_PERC,946688512.938698,0x18FF1515,1,"2.56 porcentagem pedal, precisão de 2 casas decimais"
UNDER_VOLTAGE,946688513.009164,0x19B50007,1,FALSE logic
OVER_VOLTAGE,946688513.009164,0x19B50007,1,FALSE logic
DISCHARGE_OVER_CURRENT,946688513.009164,0x19B50007,1,FALSE logic
CHARGE_OVER_CURRENT,946688513.009164,0x19B50007,1,FALSE logic
CELL_MODULE_OVERHEAT,946688513.009164,0x19B50007,1,FALSE logic
LEAKAGE,946688513.009164,0x19B50007,1,FALSE logic
NO_CELL_COMMUNICATION,946688513.009164,0x19B50007,1,FALSE logic
LOW_VOLTAGE_W,946688513.009164,0x19B50007,1,FALSE logic
HIGH_CURRENT_W,946688513.009164,0x19B50007,1,FALSE logic
HIGH_TEMPERATURE_W,946688513.009164,0x19B50007,1,FALSE logic
CELL_OVERHEAT,946688513.009164,0x19B50007,1,FALSE logic
NO_CURRENT_SENSOR,946688513.009164,0x19B50007,1,FALSE logic
PACK_UNDER_VOLTAGE,946688513.009164,0x19B50007,1,FALSE logic
VALIDITY,946688513.009164,0x19B50007,1,39 state
APPS_RANGE_ERROR,946688513.0386968,0x18FF1515,1,"FALSE 0 no Error, 1 Error"
SAFETY_OK,946688513.0386968,0x18FF1515,1,"FALSE 0 no Error, 1 Error"
BRAKE,946688513.0386968,0x18FF1515,1,"0 1 noBrake, 2 Brake"
VCU_STATE,946688513.0386968,0x18FF1515,1,0
APS_PERC,946688513.0386968,0x18FF1515,1,"2.56 porcentagem pedal, precisão de 2 casas decimais"
VCELL_88,946688513.1309149,0x19B5010B,1,3.95 V
VCELL_89,946688513.1309149,0x19B5010B,1,3.95 V
VCELL_90,946688513.1309149,0x19B5010B,1,3.95 V
VCELL_91,946688513.1309149,0x19B5010B,1,3.98 V
VCELL_92,946688513.1309149,0x19B5010B,1,3.97 V
VCELL_93,946688513.1309149,0x19B5010B,1,3.95 V
VCELL_94,946688513.1309149,0x19B5010B,1,3.95 V
VCELL_95,946688513.1309149,0x19B5010B,1,3.95 V
APPS_RANGE_ERROR,946688513.1386951,0x18FF1515,1,"FALSE 0 no Error, 1 Error"
SAFETY_OK,946688513.1386951,0x18FF1515,1,"FALSE 0 no Error, 1 Error"
BRAKE,946688513.1386951,0x18FF1515,1,"0 1 noBrake, 2 Brake"
VCU_STATE,946688513.1386951,0x18FF1515,1,0
APS_PERC,946688513.1386951,0x18FF1515,1,"2.56 porcentagem pedal, precisão de 2 casas decimais"
UNDER_VOLTAGE,946688513.2155116,0x19B50007,1,FALSE logic
OVER_VOLTAGE,946688513.2155116,0x19B50007,1,FALSE logic
DISCHARGE_OVER_CURRENT,946688513.2155116,0x19B50007,1,FALSE logic
CHARGE_OVER_CURRENT,946688513.2155116,0x19B50007,1,FALSE logic
CELL_MODULE_OVERHEAT,946688513.2155116,0x19B50007,1,FALSE logic
LEAKAGE,946688513.2155116,0x19B50007,1,FALSE logic
NO_CELL_COMMUNICATION,946688513.2155116,0x19B50007,1,FALSE logic
LOW_VOLTAGE_W,946688513.2155116,0x19B50007,1,FALSE logic
HIGH_CURRENT_W,946688513.2155116,0x19B50007,1,FALSE logic
HIGH_TEMPERATURE_W,946688513.2155116,0x19B50007,1,FALSE logic
CELL_OVERHEAT,946688513.2155116,0x19B50007,1,FALSE logic
NO_CURRENT_SENSOR,946688513.2155116,0x19B50007,1,FALSE logic
PACK_UNDER_VOLTAGE,946688513.2155116,0x19B50007,1,FALSE logic
VALIDITY,946688513.2155116,0x19B50007,1,39 state
APPS_RANGE_ERROR,946688513.2387061,0x18FF1515,1,"FALSE 0 no Error, 1 Error"
SAFETY_OK,946688513.2387061,0x18FF1515,1,"FALSE 0 no Error, 1 Error"
BRAKE,946688513.2387061,0x18FF1515,1,"0 1 noBrake, 2 Brake"
VCU_STATE,946688513.2387061,0x18FF1515,1,0
APS_PERC,946688513.2387061,0x18FF1515,1,"2.56 porcentagem pedal, precisão de 2 casas decimais"
APPS_RANGE_ERROR,946688513.3387035,0x18FF1515,1,"FALSE 0 no Error, 1 Error"
SAFETY_OK,946688513.3387035,0x18FF1515,1,"FALSE 0 no Error, 1 Error"
BRAKE,946688513.3387035,0x18FF1515,1,"0 1 noBrake, 2 Brake"
VCU_STATE,946688513.3387035,0x18FF1515,1,0
APS_PERC,946688513.3387035,0x18FF1515,1,"2.56 porcentagem pedal, precisão de 2 casas decimais"
UNDER_VOLTAGE,946688513.4146599,0x19B50007,1,FALSE logic
OVER_VOLTAGE,946688513.4146599,0x19B50007,1,FALSE logic
DISCHARGE_OVER_CURRENT,946688513.4146599,0x19B50007,1,FALSE logic
CHARGE_OVER_CURRENT,946688513.4146599,0x19B50007,1,FALSE logic
CELL_MODULE_OVERHEAT,946688513.4146599,0x19B50007,1,FALSE logic
LEAKAGE,946688513.4146599,0x19B50007,1,FALSE logic
NO_CELL_COMMUNICATION,946688513.4146599,0x19B50007,1,FALSE logic
LOW_VOLTAGE_W,946688513.4146599,0x19B50007,1,FALSE logic
HIGH_CURRENT_W,946688513.4146599,0x19B50007,1,FALSE logic
HIGH_TEMPERATURE_W,946688513.4146599,0x19B50007,1,FALSE logic
CELL_OVERHEAT,946688513.4146599,0x19B50007,1,FALSE logic
NO_CURRENT_SENSOR,946688513.4146599,0x19B50007,1,FALSE logic
PACK_UNDER_VOLTAGE,946688513.4146599,0x19B50007,1,FALSE logic
VALIDITY,946688513.4146599,0x19B50007,1,39 state
APPS_RANGE_ERROR,946688513.4386826,0x18FF1515,1,"FALSE 0 no Error, 1 Error"
SAFETY_OK,946688513.4386826,0x18FF1515,1,"FALSE 0 no Error, 1 Error"
BRAKE,946688513.4386826,0x18FF1515,1,"0 1 noBrake, 2 Brake"
VCU_STATE,946688513.4386826,0x18FF1515,1,0
APS_PERC,946688513.4386826,0x18FF1515,1,"2.56 porcentagem pedal, precisão de 2 casas decimais"
APPS_RANGE_ERROR,946688513.5386875,0x18FF1515,1,"FALSE 0 no Error, 1 Error"
SAFETY_OK,946688513.5386875,0x18FF1515,1,"FALSE 0 no Error, 1 Error"
BRAKE,946688513.5386875,0x18FF1515,1,"0 1 noBrake, 2 Brake"
VCU_STATE,946688513.5386875,0x18FF1515,1,0
APS_PERC,946688513.5386875,0x18FF1515,1,"2.56 porcentagem pedal, precisão de 2 casas decimais"
UNDER_VOLTAGE,946688513.6111411,0x19B50007,1,FALSE logic
OVER_VOLTAGE,946688513.6111411,0x19B50007,1,FALSE logic
DISCHARGE_OVER_CURRENT,946688513.6111411,0x19B50007,1,FALSE logic
CHARGE_OVER_CURRENT,946688513.6111411,0x19B50007,1,FALSE logic
CELL_MODULE_OVERHEAT,946688513.6111411,0x19B50007,1,FALSE logic
LEAKAGE,946688513.6111411,0x19B50007,1,FALSE logic
NO_CELL_COMMUNICATION,946688513.6111411,0x19B50007,1,FALSE logic
LOW_VOLTAGE_W,946688513.6111411,0x19B50007,1,FALSE logic
HIGH_CURRENT_W,946688513.6111411,0x19B50007,1,FALSE logic
HIGH_TEMPERATURE_W,946688513.6111411,0x19B50007,1,FALSE logic
CELL_OVERHEAT,946688513.6111411,0x19B50007,1,FALSE logic
NO_CURRENT_SENSOR,946688513.6111411,0x19B50007,1,FALSE logic
PACK_UNDER_VOLTAGE,946688513.6111411,0x19B50007,1,FALSE logic
VALIDITY,946688513.6111411,0x19B50007,1,39 state
APPS_RANGE_ERROR,946688513.6386844,0x18FF1515,1,"FALSE 0 no Error, 1 Error"
SAFETY_OK,946688513.6386844,0x18FF1515,1,"FALSE 0 no Error, 1 Error"
BRAKE,946688513.6386844,0x18FF1515,1,"0 1 noBrake, 2 Brake"
VCU_STATE,946688513.6386844,0x18FF1515,1,0
APS_PERC,946688513.6386844,0x18FF1515,1,"2.56 porcentagem pedal, precisão de 2 casas decimais"
APPS_RANGE_ERROR,946688513.7387199,0x18FF1515,1,"FALSE 0 no Error, 1 Error"
SAFETY_OK,946688513.7387199,0x18FF1515,1,"FALSE 0 no Error, 1 Error"
BRAKE,946688513.7387199,0x18FF1515,1,"0 1 noBrake, 2 Brake"
VCU_STATE,946688513.7387199,0x18FF1515,1,0
APS_PERC,946688513.7387199,0x18FF1515,1,"2.56 porcentagem pedal, precisão de 2 casas decimais"
UNDER_VOLTAGE,946688513.8051925,0x19B50007,1,FALSE logic
OVER_VOLTAGE,946688513.8051925,0x19B50007,1,FALSE logic
DISCHARGE_OVER_CURRENT,946688513.8051925,0x19B50007,1,FALSE logic
CHARGE_OVER_CURRENT,946688513.8051925,0x19B50007,1,FALSE logic
CELL_MODULE_OVERHEAT,946688513.8051925,0x19B50007,1,FALSE logic
LEAKAGE,946688513.8051925,0x19B50007,1,FALSE logic
NO_CELL_COMMUNICATION,946688513.8051925,0x19B50007,1,FALSE logic
LOW_VOLTAGE_W,946688513.8051925,0x19B50007,1,FALSE logic
HIGH_CURRENT_W,946688513.8051925,0x19B50007,1,FALSE logic
HIGH_TEMPERATURE_W,946688513.8051925,0x19B50007,1,FALSE logic
CELL_OVERHEAT,946688513.8051925,0x19B50007,1,FALSE logic
NO_CURRENT_SENSOR,946688513.8051925,0x19B50007,1,FALSE logic
PACK_UNDER_VOLTAGE,946688513.8051925,0x19B50007,1,FALSE logic
VALIDITY,946688513.8051925,0x19B50007,1,39 state
APPS_RANGE_ERROR,946688513.8387046,0x18FF1515,1,"FALSE 0 no Error, 1 Error"
SAFETY_OK,946688513.8387046,0x18FF1515,1,"FALSE 0 no Error, 1 Error"
BRAKE,946688513.8387046,0x18FF1515,1,"0 1 noBrake, 2 Brake"
VCU_STATE,946688513.8387046,0x18FF1515,1,0
APS_PERC,946688513.8387046,0x18FF1515,1,"2.56 porcentagem pedal, precisão de 2 casas decimais"
APPS_RANGE_ERROR,946688513.9386954,0x18FF1515,1,"FALSE 0 no Error, 1 Error"
SAFETY_OK,946688513.9386954,0x18FF1515,1,"FALSE 0 no Error, 1 Error"
BRAKE,946688513.9386954,0x18FF1515,1,"0 1 noBrake, 2 Brake"
VCU_STATE,946688513.9386954,0x18FF1515,1,0
APS_PERC,946688513.9386954,0x18FF1515,1,"2.56 porcentagem pedal, precisão de 2 casas decimais"
UNDER_VOLTAGE,946688514.0111464,0x19B50007,1,FALSE logic
OVER_VOLTAGE,946688514.0111464,0x19B50007,1,FALSE logic
DISCHARGE_OVER_CURRENT,946688514.0111464,0x19B50007,1,FALSE logic
CHARGE_OVER_CURRENT,946688514.0111464,0x19B50007,1,FALSE logic
CELL_MODULE_OVERHEAT,946688514.0111464,0x19B50007,1,FALSE logic
LEAKAGE,946688514.0111464,0x19B50007,1,FALSE logic
NO_CELL_COMMUNICATION,946688514.0111464,0x19B50007,1,FALSE logic
LOW_VOLTAGE_W,946688514.0111464,0x19B50007,1,FALSE logic
HIGH_CURRENT_W,946688514.0111464,0x19B50007,1,FALSE logic
HIGH_TEMPERATURE_W,946688514.0111464,0x19B50007,1,FALSE logic
CELL_OVERHEAT,946688514.0111464,0x19B50007,1,FALSE logic
NO_CURRENT_SENSOR,946688514.0111464,0x19B50007,1,FALSE logic
PACK_UNDER_VOLTAGE,946688514.0111464,0x19B50007,1,FALSE logic
VALIDITY,946688514.0111464,0x19B50007,1,39 state
APPS_RANGE_ERROR,946688514.0386891,0x18FF1515,1,"FALSE 0 no Error, 1 Error"
SAFETY_OK,946688514.0386891,0x18FF1515,1,"FALSE 0 no Error, 1 Error"
BRAKE,946688514.0386891,0x18FF1515,1,"0 1 noBrake, 2 Brake"
VCU_STATE,946688514.0386891,0x18FF1515,1,0
APS_PERC,946688514.0386891,0x18FF1515,1,"2.56 porcentagem pedal, precisão de 2 casas decimais"
APPS_RANGE_ERROR,946688514.1387024,0x18FF1515,1,"FALSE 0 no Error, 1 Error"
SAFETY_OK,946688514.1387024,0x18FF1515,1,"FALSE 0 no Error, 1 Error"
BRAKE,946688514.1387024,0x18FF1515,1,"0 1 noBrake, 2 Brake"
VCU_STATE,946688514.1387024,0x18FF1515,1,0
APS_PERC,946688514.1387024,0x18FF1515,1,"2.56 porcentagem pedal, precisão de 2 casas decimais"
UNDER_VOLTAGE,946688514.2164692,0x19B50007,1,FALSE logic
OVER_VOLTAGE,946688514.2164692,0x19B50007,1,FALSE logic
DISCHARGE_OVER_CURRENT,946688514.2164692,0x19B50007,1,FALSE logic
CHARGE_OVER_CURRENT,946688514.2164692,0x19B50007,1,FALSE logic
CELL_MODULE_OVERHEAT,946688514.2164692,0x19B50007,1,FALSE logic
LEAKAGE,946688514.2164692,0x19B50007,1,FALSE logic
NO_CELL_COMMUNICATION,946688514.2164692,0x19B50007,1,FALSE logic
LOW_VOLTAGE_W,946688514.2164692,0x19B50007,1,FALSE logic
HIGH_CURRENT_W,946688514.2164692,0x19B50007,1,FALSE logic
HIGH_TEMPERATURE_W,946688514.2164692,0x19B50007,1,FALSE logic
CELL_OVERHEAT,946688514.2164692,0x19B50007,1,FALSE logic
NO_CURRENT_SENSOR,946688514.2164692,0x19B50007,1,FALSE logic
PACK_UNDER_VOLTAGE,946688514.2164692,0x19B50007,1,FALSE logic
VALIDITY,946688514.2164692,0x19B50007,1,39 state
APPS_RANGE_ERROR,946688514.2386843,0x18FF1515,1,"FALSE 0 no Error, 1 Error"
SAFETY_OK,946688514.2386843,0x18FF1515,1,"FALSE 0 no Error, 1 Error"
BRAKE,946688514.2386843,0x18FF1515,1,"0 1 noBrake, 2 Brake"
VCU_STATE,946688514.2386843,0x18FF1515,1,0
APS_PERC,946688514.2386843,0x18FF1515,1,"2.56 porcentagem pedal, precisão de 2 casas decimais"
APPS_RANGE_ERROR,946688514.3386931,0x18FF1515,1,"FALSE 0 no Error, 1 Error"
SAFETY_OK,946688514.3386931,0x18FF1515,1,"FALSE 0 no Error, 1 Error"
BRAKE,946688514.3386931,0x18FF1515,1,"0 1 noBrake, 2 Brake"
VCU_STATE,946688514.3386931,0x18FF1515,1,0
APS_PERC,946688514.3386931,0x18FF1515,1,"2.56 porcentagem pedal, precisão de 2 casas decimais"
UNDER_VOLTAGE,946688514.4053303,0x19B50007,1,FALSE logic
OVER_VOLTAGE,946688514.4053303,0x19B50007,1,FALSE logic
DISCHARGE_OVER_CURRENT,946688514.4053303,0x19B50007,1,FALSE logic
CHARGE_OVER_CURRENT,946688514.4053303,0x19B50007,1,FALSE logic
CELL_MODULE_OVERHEAT,946688514.4053303,0x19B50007,1,FALSE logic
LEAKAGE,946688514.4053303,0x19B50007,1,FALSE logic
NO_CELL_COMMUNICATION,946688514.4053303,0x19B50007,1,FALSE logic
LOW_VOLTAGE_W,946688514.4053303,0x19B50007,1,FALSE logic
HIGH_CURRENT_W,946688514.4053303,0x19B50007,1,FALSE logic
HIGH_TEMPERATURE_W,946688514.4053303,0x19B50007,1,FALSE logic
CELL_OVERHEAT,946688514.4053303,0x19B50007,1,FALSE logic
NO_CURRENT_SENSOR,946688514.4053303,0x19B50007,1,FALSE logic
PACK_UNDER_VOLTAGE,946688514.4053303,0x19B50007,1,FALSE logic
VALIDITY,946688514.4053303,0x19B50007,1,39 state
APPS_RANGE_ERROR,946688514.4386866,0x18FF1515,1,"FALSE 0 no Error, 1 Error"
SAFETY_OK,946688514.4386866,0x18FF1515,1,"FALSE 0 no Error, 1 Error"
BRAKE,946688514.4386866,0x18FF1515,1,"0 1 noBrake, 2 Brake"
VCU_STATE,946688514.4386866,0x18FF1515,1,0
APS_PERC,946688514.4386866,0x18FF1515,1,"2.56 porcentagem pedal, precisão de 2 casas decimais"
TCELL_0,946688514.5183568,0x19B50800,1,-100.00 °C
TCELL_0,946688514.5189334,0x19B50800,1,28.00 °C
TCELL_1,946688514.5189334,0x19B50800,1,28.00 °C
TCELL_2,946688514.5189334,0x19B50800,1,28.00 °C
TCELL_3,946688514.5189334,0x19B50800,1,28.00 °C
TCELL_4,946688514.5189334,0x19B50800,1,28.00 °C
TCELL_5,946688514.5189334,0x19B50800,1,155.00 °C
TCELL_6,946688514.5189334,0x19B50800,1,155.00 °C
TCELL_7,946688514.5189334,0x19B50800,1,155.00 °C
APPS_RANGE_ERROR,946688514.538689,0x18FF1515,1,"FALSE 0 no Error, 1 Error"
SAFETY_OK,946688514.538689,0x18FF1515,1,"FALSE 0 no Error, 1 Error"
BRAKE,946688514.538689,0x18FF1515,1,"0 1 noBrake, 2 Brake"
VCU_STATE,946688514.538689,0x18FF1515,1,0
APS_PERC,946688514.538689,0x18FF1515,1,"2.56 porcentagem pedal, precisão de 2 casas decimais"
TCELL_8,946688514.5424595,0x19B50801,1,155.00 °C
TCELL_9,946688514.5424595,0x19B50801,1,155.00 °C
TCELL_10,946688514.5424595,0x19B50801,1,155.00 °C
TCELL_11,946688514.5424595,0x19B50801,1,155.00 °C
TCELL_12,946688514.5424595,0x19B50801,1,155.00 °C
TCELL_13,946688514.5424595,0x19B50801,1,155.00 °C
TCELL_14,946688514.5424595,0x19B50801,1,155.00 °C
TCELL_15,946688514.5424595,0x19B50801,1,155.00 °C
TCELL_16,946688514.5579091,0x19B50802,1,28.00 °C
TCELL_17,946688514.5579091,0x19B50802,1,28.00 °C
TCELL_18,946688514.5579091,0x19B50802,1,28.00 °C
TCELL_19,946688514.5579091,0x19B50802,1,29.00 °C
TCELL_20,946688514.5579091,0x19B50802,1,28.00 °C
TCELL_21,946688514.5579091,0x19B50802,1,155.00 °C
TCELL_22,946688514.5579091,0x19B50802,1,155.00 °C
TCELL_23,946688514.5579091,0x19B50802,1,155.00 °C
TCELL_24,946688514.5704832,0x19B50803,1,155.00 °C
TCELL_25,946688514.5704832,0x19B50803,1,155.00 °C
TCELL_26,946688514.5704832,0x19B50803,1,155.00 °C
TCELL_27,946688514.5704832,0x19B50803,1,155.00 °C
TCELL_28,946688514.5704832,0x19B50803,1,155.00 °C
TCELL_29,946688514.5704832,0x19B50803,1,155.00 °C
TCELL_30,946688514.5704832,0x19B50803,1,155.00 °C
TCELL_31,946688514.5704832,0x19B50803,1,155.00 °C
UNDER_VOLTAGE,946688514.6056923,0x19B50007,1,FALSE logic
OVER_VOLTAGE,946688514.6056923,0x19B50007,1,FALSE logic
DISCHARGE_OVER_CURRENT,946688514.6056923,0x19B50007,1,FALSE logic
CHARGE_OVER_CURRENT,946688514.6056923,0x19B50007,1,FALSE logic
CELL_MODULE_OVERHEAT,946688514.6056923,0x19B50007,1,FALSE logic
LEAKAGE,946688514.6056923,0x19B50007,1,FALSE logic
NO_CELL_COMMUNICATION,946688514.6056923,0x19B50007,1,FALSE logic
LOW_VOLTAGE_W,946688514.6056923,0x19B50007,1,FALSE logic
HIGH_CURRENT_W,946688514.6056923,0x19B50007,1,FALSE logic
HIGH_TEMPERATURE_W,946688514.6056923,0x19B50007,1,FALSE logic
CELL_OVERHEAT,946688514.6056923,0x19B50007,1,FALSE logic
NO_CURRENT_SENSOR,946688514.6056923,0x19B50007,1,FALSE logic
PACK_UNDER_VOLTAGE,946688514.6056923,0x19B50007,1,FALSE logic
VALIDITY,946688514.6056923,0x19B50007,1,39 state
APPS_RANGE_ERROR,946688514.6386819,0x18FF1515,1,"FALSE 0 no Error, 1 Error"
SAFETY_OK,946688514.6386819,0x18FF1515,1,"FALSE 0 no Error, 1 Error"
BRAKE,946688514.6386819,0x18FF1515,1,"0 1 noBrake, 2 Brake"
VCU_STATE,946688514.6386819,0x18FF1515,1,0
APS_PERC,946688514.6386819,0x18FF1515,1,"2.56 porcentagem pedal, precisão de 2 casas decimais"
APPS_RANGE_ERROR,946688514.7386844,0x18FF1515,1,"FALSE 0 no Error, 1 Error"
SAFETY_OK,946688514.7386844,0x18FF1515,1,"FALSE 0 no Error, 1 Error"
BRAKE,946688514.7386844,0x18FF1515,1,"0 1 noBrake, 2 Brake"
VCU_STATE,946688514.7386844,0x18FF1515,1,0
APS_PERC,946688514.7386844,0x18FF1515,1,"2.56 porcentagem pedal, precisão de 2 casas decimais"
UNDER_VOLTAGE,946688514.806031,0x19B50007,1,FALSE logic
OVER_VOLTAGE,946688514.806031,0x19B50007,1,FALSE logic
DISCHARGE_OVER_CURRENT,946688514.806031,0x19B50007,1,FALSE logic
CHARGE_OVER_CURRENT,946688514.806031,0x19B50007,1,FALSE logic
CELL_MODULE_OVERHEAT,946688514.806031,0x19B50007,1,FALSE logic
LEAKAGE,946688514.806031,0x19B50007,1,FALSE logic
NO_CELL_COMMUNICATION,946688514.806031,0x19B50007,1,FALSE logic
LOW_VOLTAGE_W,946688514.806031,0x19B50007,1,FALSE logic
HIGH_CURRENT_W,946688514.806031,0x19B50007,1,FALSE logic
HIGH_TEMPERATURE_W,946688514.806031,0x19B50007,1,FALSE logic
CELL_OVERHEAT,946688514.806031,0x19B50007,1,FALSE logic
NO_CURRENT_SENSOR,946688514.806031,0x19B50007,1,FALSE logic
PACK_UNDER_VOLTAGE,946688514.806031,0x19B50007,1,FALSE logic
VALIDITY,946688514.806031,0x19B50007,1,39 state
APPS_RANGE_ERROR,946688514.8386868,0x18FF1515,1,"FALSE 0 no Error, 1 Error"
SAFETY_OK,946688514.8386868,0x18FF1515,1,"FALSE 0 no Error, 1 Error"
BRAKE,946688514.8386868,0x18FF1515,1,"0 1 noBrake, 2 Brake"
VCU_STATE,946688514.8386868,0x18FF1515,1,0
APS_PERC,946688514.8386868,0x18FF1515,1,"2.56 porcentagem pedal, precisão de 2 casas decimais"
APPS_RANGE_ERROR,946688514.9386802,0x18FF1515,1,"FALSE 0 no Error, 1 Error"
SAFETY_OK,946688514.9386802,0x18FF1515,1,"FALSE 0 no Error, 1 Error"
BRAKE,946688514.9386802,0x18FF1515,1,"0 1 noBrake, 2 Brake"
VCU_STATE,946688514.9386802,0x18FF1515,1,0
APS_PERC,946688514.9386802,0x18FF1515,1,"2.56 porcentagem pedal, precisão de 2 casas decimais"
UNDER_VOLTAGE,946688515.0056019,0x19B50007,1,FALSE logic
OVER_VOLTAGE,946688515.0056019,0x19B50007,1,FALSE logic
DISCHARGE_OVER_CURRENT,946688515.0056019,0x19B50007,1,FALSE logic
CHARGE_OVER_CURRENT,946688515.0056019,0x19B50007,1,FALSE logic
CELL_MODULE_OVERHEAT,946688515.0056019,0x19B50007,1,FALSE logic
LEAKAGE,946688515.0056019,0x19B50007,1,FALSE logic
NO_CELL_COMMUNICATION,946688515.0056019,0x19B50007,1,FALSE logic
LOW_VOLTAGE_W,946688515.0056019,0x19B50007,1,FALSE logic
HIGH_CURRENT_W,946688515.0056019,0x19B50007,1,FALSE logic
HIGH_TEMPERATURE_W,946688515.0056019,0x19B50007,1,FALSE logic
CELL_OVERHEAT,946688515.0056019,0x19B50007,1,FALSE logic
NO_CURRENT_SENSOR,946688515.0056019,0x19B50007,1,FALSE logic
PACK_UNDER_VOLTAGE,946688515.0056019,0x19B50007,1,FALSE logic
VALIDITY,946688515.0056019,0x19B50007,1,39 state
VCELL_0,946688515.0198658,0x19B50100,1,2.00 V
VCELL_0,946688515.0204276,0x19B50100,1,3.96 V
VCELL_1,946688515.0204276,0x19B50100,1,3.95 V
VCELL_2,946688515.0204276,0x19B50100,1,3.95 V
VCELL_3,946688515.0204276,0x19B50100,1,3.95 V
VCELL_4,946688515.0204276,0x19B50100,1,3.95 V
VCELL_5,946688515.0204276,0x19B50100,1,3.95 V
VCELL_6,946688515.0204276,0x19B50100,1,3.95 V
VCELL_7,946688515.0204276,0x19B50100,1,3.95 V
VCELL_8,946688515.0328339,0x19B50101,1,3.95 V
VCELL_9,946688515.0328339,0x19B50101,1,3.95 V
VCELL_10,946688515.0328339,0x19B50101,1,3.95 V
VCELL_11,946688515.0328339,0x19B50101,1,3.95 V
VCELL_12,946688515.0328339,0x19B50101,1,3.95 V
VCELL_13,946688515.0328339,0x19B50101,1,3.95 V
VCELL_14,946688515.0328339,0x19B50101,1,3.95 V
VCELL_15,946688515.0328339,0x19B50101,1,3.95 V
APPS_RANGE_ERROR,946688515.0386921,0x18FF1515,1,"FALSE 0 no Error, 1 Error"
SAFETY_OK,946688515.0386921,0x18FF1515,1,"FALSE 0 no Error, 1 Error"
BRAKE,946688515.0386921,0x18FF1515,1,"0 1 noBrake, 2 Brake"
VCU_STATE,946688515.0386921,0x18FF1515,1,0
APS_PERC,946688515.0386921,0x18FF1515,1,"2.56 porcentagem pedal, precisão de 2 casas decimais"
VCELL_16,946688515.0461934,0x19B50102,1,3.95 V
VCELL_17,946688515.0461934,0x19B50102,1,3.95 V
VCELL_18,946688515.0461934,0x19B50102,1,3.95 V
VCELL_19,946688515.0461934,0x19B50102,1,3.95 V
VCELL_20,946688515.0461934,0x19B50102,1,3.95 V
VCELL_21,946688515.0461934,0x19B50102,1,3.97 V
VCELL_22,946688515.0461934,0x19B50102,1,3.95 V
VCELL_23,946688515.0461934,0x19B50102,1,3.95 V
VCELL_24,946688515.0590208,0x19B50103,1,3.95 V
VCELL_25,946688515.0590208,0x19B50103,1,3.96 V
VCELL_26,946688515.0590208,0x19B50103,1,3.95 V
VCELL_27,946688515.0590208,0x19B50103,1,3.95 V
VCELL_28,946688515.0590208,0x19B50103,1,3.97 V
VCELL_29,946688515.0590208,0x19B50103,1,3.95 V
VCELL_30,946688515.0590208,0x19B50103,1,3.95 V
VCELL_31,946688515.0590208,0x19B50103,1,3.95 V
VCELL_32,946688515.0714002,0x19B50104,1,3.94 V
VCELL_33,946688515.0714002,0x19B50104,1,3.95 V
VCELL_34,946688515.0714002,0x19B50104,1,3.95 V
VCELL_35,946688515.0714002,0x19B50104,1,3.95 V
VCELL_36,946688515.0714002,0x19B50104,1,3.95 V
VCELL_37,946688515.0714002,0x19B50104,1,3.95 V
VCELL_38,946688515.0714002,0x19B50104,1,3.95 V
VCELL_39,946688515.0714002,0x19B50104,1,3.95 V
VCELL_40,946688515.0985407,0x19B50105,1,3.95 V
VCELL_41,946688515.0985407,0x19B50105,1,3.95 V
VCELL_42,946688515.0985407,0x19B50105,1,3.95 V
VCELL_43,946688515.0985407,0x19B50105,1,3.95 V
VCELL_44,946688515.0985407,0x19B50105,1,3.95 V
VCELL_45,946688515.0985407,0x19B50105,1,3.95 V
VCELL_46,946688515.0985407,0x19B50105,1,3.95 V
VCELL_47,946688515.0985407,0x19B50105,1,3.95 V
VCELL_48,946688515.1109415,0x19B50106,1,3.95 V
VCELL_49,946688515.1109415,0x19B50106,1,3.95 V
VCELL_50,946688515.1109415,0x19B50106,1,3.95 V
VCELL_51,946688515.1109415,0x19B50106,1,3.95 V
VCELL_52,946688515.1109415,0x19B50106,1,3.95 V
VCELL_53,946688515.1109415,0x19B50106,1,3.95 V
VCELL_54,946688515.1109415,0x19B50106,1,3.95 V
VCELL_55,946688515.1109415,0x19B50106,1,3.95 V
VCELL_56,946688515.1235468,0x19B50107,1,3.95 V
VCELL_57,946688515.1235468,0x19B50107,1,3.95 V
VCELL_58,946688515.1235468,0x19B50107,1,3.95 V
VCELL_59,946688515.1235468,0x19B50107,1,3.95 V
VCELL_60,946688515.1235468,0x19B50107,1,3.95 V
VCELL_61,946688515.1235468,0x19B50107,1,3.95 V
VCELL_62,946688515.1235468,0x19B50107,1,3.95 V
VCELL_63,946688515.1235468,0x19B50107,1,3.95 V
VCELL_64,946688515.1369113,0x19B50108,1,3.92 V
VCELL_65,946688515.1369113,0x19B50108,1,3.94 V
VCELL_66,946688515.1369113,0x19B50108,1,3.95 V
VCELL_67,946688515.1369113,0x19B50108,1,3.95 V
VCELL_68,946688515.1369113,0x19B50108,1,3.96 V
VCELL_69,946688515.1369113,0x19B50108,1,3.96 V
VCELL_70,946688515.1369113,0x19B50108,1,3.94 V
VCELL_71,946688515.1369113,0x19B50108,1,3.95 V
APPS_RANGE_ERROR,946688515.1386775,0x18FF1515,1,"FALSE 0 no Error, 1 Error"
SAFETY_OK,946688515.1386775,0x18FF1515,1,"FALSE 0 no Error, 1 Error"
BRAKE,946688515.1386775,0x18FF1515,1,"0 1 noBrake, 2 Brake"
VCU_STATE,946688515.1386775,0x18FF1515,1,0
APS_PERC,946688515.1386775,0x18FF1515,1,"2.56 porcentagem pedal, precisão de 2 casas decimais"
VCELL_72,946688515.1498367,0x19B50109,1,3.97 V
VCELL_73,946688515.1498367,0x19B50109,1,3.95 V
VCELL_74,946688515.1498367,0x19B50109,1,3.95 V
VCELL_75,946688515.1498367,0x19B50109,1,3.96 V
VCELL_76,946688515.1498367,0x19B50109,1,3.94 V
VCELL_77,946688515.1498367,0x19B50109,1,3.95 V
VCELL_78,946688515.1498367,0x19B50109,1,3.95 V
VCELL_79,946688515.1498367,0x19B50109,1,3.95 V
VCELL_80,946688515.1731972,0x19B5010A,1,3.95 V
VCELL_81,946688515.1731972,0x19B5010A,1,3.95 V
VCELL_82,946688515.1731972,0x19B5010A,1,3.95 V
VCELL_83,946688515.1731972,0x19B5010A,1,3.95 V
VCELL_84,946688515.1731972,0x19B5010A,1,3.95 V
VCELL_85,946688515.1731972,0x19B5010A,1,3.95 V
VCELL_86,946688515.1731972,0x19B5010A,1,3.95 V
VCELL_87,946688515.1731972,0x19B5010A,1,3.95 V
VCELL_88,946688515.186444,0x19B5010B,1,3.95 V
VCELL_89,946688515.186444,0x19B5010B,1,3.95 V
VCELL_90,946688515.186444,0x19B5010B,1,3.95 V
VCELL_91,946688515.186444,0x19B5010B,1,3.98 V
VCELL_92,946688515.186444,0x19B5010B,1,3.97 V
VCELL_93,946688515.186444,0x19B5010B,1,3.95 V
VCELL_94,946688515.186444,0x19B5010B,1,3.95 V
VCELL_95,946688515.186444,0x19B5010B,1,3.95 V
UNDER_VOLTAGE,946688515.210432,0x19B50007,1,FALSE logic
OVER_VOLTAGE,946688515.210432,0x19B50007,1,FALSE logic
DISCHARGE_OVER_CURRENT,946688515.210432,0x19B50007,1,FALSE logic
CHARGE_OVER_CURRENT,946688515.210432,0x19B50007,1,FALSE logic
CELL_MODULE_OVERHEAT,946688515.210432,0x19B50007,1,FALSE logic
LEAKAGE,946688515.210432,0x19B50007,1,FALSE logic
NO_CELL_COMMUNICATION,946688515.210432,0x19B50007,1,FALSE logic
LOW_VOLTAGE_W,946688515.210432,0x19B50007,1,FALSE logic
HIGH_CURRENT_W,946688515.210432,0x19B50007,1,FALSE logic
HIGH_TEMPERATURE_W,946688515.210432,0x19B50007,1,FALSE logic
CELL_OVERHEAT,946688515.210432,0x19B50007,1,FALSE logic
NO_CURRENT_SENSOR,946688515.210432,0x19B50007,1,FALSE logic
PACK_UNDER_VOLTAGE,946688515.210432,0x19B50007,1,FALSE logic
VALIDITY,946688515.210432,0x19B50007,1,39 state
APPS_RANGE_ERROR,946688515.2386798,0x18FF1515,1,"FALSE 0 no Error, 1 Error"
SAFETY_OK,946688515.2386798,0x18FF1515,1,"FALSE 0 no Error, 1 Error"
BRAKE,946688515.2386798,0x18FF1515,1,"0 1 noBrake, 2 Brake"
VCU_STATE,946688515.2386798,0x18FF1515,1,0
APS_PERC,946688515.2386798,0x18FF1515,1,"2.56 porcentagem pedal, precisão de 2 casas decimais"
APPS_RANGE_ERROR,946688515.3386751,0x18FF1515,1,"FALSE 0 no Error, 1 Error"
SAFETY_OK,946688515.3386751,0x18FF1515,1,"FALSE 0 no Error, 1 Error"
BRAKE,946688515.3386751,0x18FF1515,1,"0 1 noBrake, 2 Brake"
VCU_STATE,946688515.3386751,0x18FF1515,1,0
APS_PERC,946688515.3386751,0x18FF1515,1,"2.56 porcentagem pedal, precisão de 2 casas decimais"
UNDER_VOLTAGE,946688515.4059583,0x19B50007,1,FALSE logic
OVER_VOLTAGE,946688515.4059583,0x19B50007,1,FALSE logic
DISCHARGE_OVER_CURRENT,946688515.4059583,0x19B50007,1,FALSE logic
CHARGE_OVER_CURRENT,946688515.4059583,0x19B50007,1,FALSE logic
CELL_MODULE_OVERHEAT,946688515.4059583,0x19B50007,1,FALSE logic
LEAKAGE,946688515.4059583,0x19B50007,1,FALSE logic
NO_CELL_COMMUNICATION,946688515.4059583,0x19B50007,1,FALSE logic
LOW_VOLTAGE_W,946688515.4059583,0x19B50007,1,FALSE logic
HIGH_CURRENT_W,946688515.4059583,0x19B50007,1,FALSE logic
HIGH_TEMPERATURE_W,946688515.4059583,0x19B50007,1,FALSE logic
CELL_OVERHEAT,946688515.4059583,0x19B50007,1,FALSE logic
NO_CURRENT_SENSOR,946688515.4059583,0x19B50007,1,FALSE logic
PACK_UNDER_VOLTAGE,946688515.4059583,0x19B50007,1,FALSE logic
VALIDITY,946688515.4059583,0x19B50007,1,39 state
APPS_RANGE_ERROR,946688515.4386787,0x18FF1515,1,"FALSE 0 no Error, 1 Error"
SAFETY_OK,946688515.4386787,0x18FF1515,1,"FALSE 0 no Error, 1 Error"
BRAKE,946688515.4386787,0x18FF1515,1,"0 1 noBrake, 2 Brake"
VCU_STATE,946688515.4386787,0x18FF1515,1,0
APS_PERC,946688515.4386787,0x18FF1515,1,"2.56 porcentagem pedal, precisão de 2 casas decimais"
APPS_RANGE_ERROR,946688515.5386755,0x18FF1515,1,"FALSE 0 no Error, 1 Error"
SAFETY_OK,946688515.5386755,0x18FF1515,1,"FALSE 0 no Error, 1 Error"
BRAKE,946688515.5386755,0x18FF1515,1,"0 1 noBrake, 2 Brake"
VCU_STATE,946688515.5386755,0x18FF1515,1,0
APS_PERC,946688515.5386755,0x18FF1515,1,"2.56 porcentagem pedal, precisão de 2 casas decimais"
UNDER_VOLTAGE,946688515.6067147,0x19B50007,1,FALSE logic
OVER_VOLTAGE,946688515.6067147,0x19B50007,1,FALSE logic
DISCHARGE_OVER_CURRENT,946688515.6067147,0x19B50007,1,FALSE logic
CHARGE_OVER_CURRENT,946688515.6067147,0x19B50007,1,FALSE logic
CELL_MODULE_OVERHEAT,946688515.6067147,0x19B50007,1,FALSE logic
LEAKAGE,946688515.6067147,0x19B50007,1,FALSE logic
NO_CELL_COMMUNICATION,946688515.6067147,0x19B50007,1,FALSE logic
LOW_VOLTAGE_W,946688515.6067147,0x19B50007,1,FALSE logic
HIGH_CURRENT_W,946688515.6067147,0x19B50007,1,FALSE logic
HIGH_TEMPERATURE_W,946688515.6067147,0x19B50007,1,FALSE logic
CELL_OVERHEAT,946688515.6067147,0x19B50007,1,FALSE logic
NO_CURRENT_SENSOR,946688515.6067147,0x19B50007,1,FALSE logic
PACK_UNDER_VOLTAGE,946688515.6067147,0x19B50007,1,FALSE logic
VALIDITY,946688515.6067147,0x19B50007,1,39 state
APPS_RANGE_ERROR,946688515.6388088,0x18FF1515,1,"FALSE 0 no Error, 1 Error"
SAFETY_OK,946688515.6388088,0x18FF1515,1,"FALSE 0 no Error, 1 Error"
BRAKE,946688515.6388088,0x18FF1515,1,"0 1 noBrake, 2 Brake"
VCU_STATE,946688515.6388088,0x18FF1515,1,0
APS_PERC,946688515.6388088,0x18FF1515,1,"2.56 porcentagem pedal, precisão de 2 casas decimais"
APPS_RANGE_ERROR,946688515.7386764,0x18FF1515,1,"FALSE 0 no Error, 1 Error"
SAFETY_OK,946688515.7386764,0x18FF1515,1,"FALSE 0 no Error, 1 Error"
BRAKE,946688515.7386764,0x18FF1515,1,"0 1 noBrake, 2 Brake"
VCU_STATE,946688515.7386764,0x18FF1515,1,0
APS_PERC,946688515.7386764,0x18FF1515,1,"2.56 porcentagem pedal, precisão de 2 casas decimais"
UNDER_VOLTAGE,946688515.8047239,0x19B50007,1,FALSE logic
OVER_VOLTAGE,946688515.8047239,0x19B50007,1,FALSE logic
DISCHARGE_OVER_CURRENT,946688515.8047239,0x19B50007,1,FALSE logic
CHARGE_OVER_CURRENT,946688515.8047239,0x19B50007,1,FALSE logic
CELL_MODULE_OVERHEAT,946688515.8047239,0x19B50007,1,FALSE logic
LEAKAGE,946688515.8047239,0x19B50007,1,FALSE logic
NO_CELL_COMMUNICATION,946688515.8047239,0x19B50007,1,FALSE logic
LOW_VOLTAGE_W,946688515.8047239,0x19B50007,1,FALSE logic
HIGH_CURRENT_W,946688515.8047239,0x19B50007,1,FALSE logic
HIGH_TEMPERATURE_W,946688515.8047239,0x19B50007,1,FALSE logic
CELL_OVERHEAT,946688515.8047239,0x19B50007,1,FALSE logic
NO_CURRENT_SENSOR,946688515.8047239,0x19B50007,1,FALSE logic
PACK_UNDER_VOLTAGE,946688515.8047239,0x19B50007,1,FALSE logic
VALIDITY,946688515.8047239,0x19B50007,1,39 state
APPS_RANGE_ERROR,946688515.8386707,0x18FF1515,1,"FALSE 0 no Error, 1 Error"
SAFETY_OK,946688515.8386707,0x18FF1515,1,"FALSE 0 no Error, 1 Error"
BRAKE,946688515.8386707,0x18FF1515,1,"0 1 noBrake, 2 Brake"
VCU_STATE,946688515.8386707,0x18FF1515,1,0
APS_PERC,946688515.8386707,0x18FF1515,1,"2.56 porcentagem pedal, precisão de 2 casas decimais"
APPS_RANGE_ERROR,946688515.9386685,0x18FF1515,1,"FALSE 0 no Error, 1 Error"
SAFETY_OK,946688515.9386685,0x18FF1515,1,"FALSE 0 no Error, 1 Error"
BRAKE,946688515.9386685,0x18FF1515,1,"0 1 noBrake, 2 Brake"
VCU_STATE,946688515.9386685,0x18FF1515,1,0
APS_PERC,946688515.9386685,0x18FF1515,1,"2.56 porcentagem pedal, precisão de 2 casas decimais"
UNDER_VOLTAGE,946688516.0047977,0x19B50007,1,FALSE logic
OVER_VOLTAGE,946688516.0047977,0x19B50007,1,FALSE logic
DISCHARGE_OVER_CURRENT,946688516.0047977,0x19B50007,1,FALSE logic
CHARGE_OVER_CURRENT,946688516.0047977,0x19B50007,1,FALSE logic
CELL_MODULE_OVERHEAT,946688516.0047977,0x19B50007,1,FALSE logic
LEAKAGE,946688516.0047977,0x19B50007,1,FALSE logic
NO_CELL_COMMUNICATION,946688516.0047977,0x19B50007,1,FALSE logic
LOW_VOLTAGE_W,946688516.0047977,0x19B50007,1,FALSE logic
HIGH_CURRENT_W,946688516.0047977,0x19B50007,1,FALSE logic
HIGH_TEMPERATURE_W,946688516.0047977,0x19B50007,1,FALSE logic
CELL_OVERHEAT,946688516.0047977,0x19B50007,1,FALSE logic
NO_CURRENT_SENSOR,946688516.0047977,0x19B50007,1,FALSE logic
PACK_UNDER_VOLTAGE,946688516.0047977,0x19B50007,1,FALSE logic
VALIDITY,946688516.0047977,0x19B50007,1,39 state
APPS_RANGE_ERROR,946688516.0387058,0x18FF1515,1,"FALSE 0 no Error, 1 Error"
SAFETY_OK,946688516.0387058,0x18FF1515,1,"FALSE 0 no Error, 1 Error"
BRAKE,946688516.0387058,0x18FF1515,1,"0 1 noBrake, 2 Brake"
VCU_STATE,946688516.0387058,0x18FF1515,1,0
APS_PERC,946688516.0387058,0x18FF1515,1,"2.56 porcentagem pedal, precisão de 2 casas decimais"
APPS_RANGE_ERROR,946688516.138669,0x18FF1515,1,"FALSE 0 no Error, 1 Error"
SAFETY_OK,946688516.138669,0x18FF1515,1,"FALSE 0 no Error, 1 Error"
BRAKE,946688516.138669,0x18FF1515,1,"0 1 noBrake, 2 Brake"
VCU_STATE,946688516.138669,0x18FF1515,1,0
APS_PERC,946688516.138669,0x18FF1515,1,"2.56 porcentagem pedal, precisão de 2 casas decimais"
UNDER_VOLTAGE,946688516.2095681,0x19B50007,1,FALSE logic
OVER_VOLTAGE,946688516.2095681,0x19B50007,1,FALSE logic
DISCHARGE_OVER_CURRENT,946688516.2095681,0x19B50007,1,FALSE logic
CHARGE_OVER_CURRENT,946688516.2095681,0x19B50007,1,FALSE logic
CELL_MODULE_OVERHEAT,946688516.2095681,0x19B50007,1,FALSE logic
LEAKAGE,946688516.2095681,0x19B50007,1,FALSE logic
NO_CELL_COMMUNICATION,946688516.2095681,0x19B50007,1,FALSE logic
LOW_VOLTAGE_W,946688516.2095681,0x19B50007,1,FALSE logic
HIGH_CURRENT_W,946688516.2095681,0x19B50007,1,FALSE logic
HIGH_TEMPERATURE_W,946688516.2095681,0x19B50007,1,FALSE logic
CELL_OVERHEAT,946688516.2095681,0x19B50007,1,FALSE logic
NO_CURRENT_SENSOR,946688516.2095681,0x19B50007,1,FALSE logic
PACK_UNDER_VOLTAGE,946688516.2095681,0x19B50007,1,FALSE logic
VALIDITY,946688516.2095681,0x19B50007,1,39 state
APPS_RANGE_ERROR,946688516.2386696,0x18FF1515,1,"FALSE 0 no Error, 1 Error"
SAFETY_OK,946688516.2386696,0x18FF1515,1,"FALSE 0 no Error, 1 Error"
BRAKE,946688516.2386696,0x18FF1515,1,"0 1 noBrake, 2 Brake"
VCU_STATE,946688516.2386696,0x18FF1515,1,0
APS_PERC,946688516.2386696,0x18FF1515,1,"2.56 porcentagem pedal, precisão de 2 casas decimais"
APPS_RANGE_ERROR,946688516.3388134,0x18FF1515,1,"FALSE 0 no Error, 1 Error"
SAFETY_OK,946688516.3388134,0x18FF1515,1,"FALSE 0 no Error, 1 Error"
BRAKE,946688516.3388134,0x18FF1515,1,"0 1 noBrake, 2 Brake"
VCU_STATE,946688516.3388134,0x18FF1515,1,0
APS_PERC,946688516.3388134,0x18FF1515,1,"2.56 porcentagem pedal, precisão de 2 casas decimais"
UNDER_VOLTAGE,946688516.405168,0x19B50007,1,FALSE logic
OVER_VOLTAGE,946688516.405168,0x19B50007,1,FALSE logic
DISCHARGE_OVER_CURRENT,946688516.405168,0x19B50007,1,FALSE logic
CHARGE_OVER_CURRENT,946688516.405168,0x19B50007,1,FALSE logic
CELL_MODULE_OVERHEAT,946688516.405168,0x19B50007,1,FALSE logic
LEAKAGE,946688516.405168,0x19B50007,1,FALSE logic
NO_CELL_COMMUNICATION,946688516.405168,0x19B50007,1,FALSE logic
LOW_VOLTAGE_W,946688516.405168,0x19B50007,1,FALSE logic
HIGH_CURRENT_W,946688516.405168,0x19B50007,1,FALSE logic
HIGH_TEMPERATURE_W,946688516.405168,0x19B50007,1,FALSE logic
CELL_OVERHEAT,946688516.405168,0x19B50007,1,FALSE logic
NO_CURRENT_SENSOR,946688516.405168,0x19B50007,1,FALSE logic
PACK_UNDER_VOLTAGE,946688516.405168,0x19B50007,1,FALSE logic
VALIDITY,946688516.405168,0x19B50007,1,39 state
APPS_RANGE_ERROR,946688516.4386746,0x18FF1515,1,"FALSE 0 no Error, 1 Error"
SAFETY_OK,946688516.4386746,0x18FF1515,1,"FALSE 0 no Error, 1 Error"
BRAKE,946688516.4386746,0x18FF1515,1,"0 1 noBrake, 2 Brake"
VCU_STATE,946688516.4386746,0x18FF1515,1,0
APS_PERC,946688516.4386746,0x18FF1515,1,"2.56 porcentagem pedal, precisão de 2 casas decimais"
TCELL_0,946688516.4986811,0x19B50800,1,-100.00 °C
TCELL_0,946688516.4992517,0x19B50800,1,28.00 °C
TCELL_1,946688516.4992517,0x19B50800,1,28.00 °C
TCELL_2,946688516.4992517,0x19B50800,1,28.00 °C
TCELL_3,946688516.4992517,0x19B50800,1,28.00 °C
TCELL_4,946688516.4992517,0x19B50800,1,28.00 °C
TCELL_5,946688516.4992517,0x19B50800,1,155.00 °C
TCELL_6,946688516.4992517,0x19B50800,1,155.00 °C
TCELL_7,946688516.4992517,0x19B50800,1,155.00 °C
TCELL_8,946688516.5115305,0x19B50801,1,155.00 °C
TCELL_9,946688516.5115305,0x19B50801,1,155.00 °C
TCELL_10,946688516.5115305,0x19B50801,1,155.00 °C
TCELL_11,946688516.5115305,0x19B50801,1,155.00 °C
TCELL_12,946688516.5115305,0x19B50801,1,155.00 °C
TCELL_13,946688516.5115305,0x19B50801,1,155.00 °C
TCELL_14,946688516.5115305,0x19B50801,1,155.00 °C
TCELL_15,946688516.5115305,0x19B50801,1,155.00 °C
TCELL_16,946688516.5249778,0x19B50802,1,28.00 °C
TCELL_17,946688516.5249778,0x19B50802,1,28.00 °C
TCELL_18,946688516.5249778,0x19B50802,1,28.00 °C
TCELL_19,946688516.5249778,0x19B50802,1,29.00 °C
TCELL_20,946688516.5249778,0x19B50802,1,28.00 °C
TCELL_21,946688516.5249778,0x19B50802,1,155.00 °C
TCELL_22,946688516.5249778,0x19B50802,1,155.00 °C
TCELL_23,946688516.5249778,0x19B50802,1,155.00 °C
TCELL_24,946688516.5373774,0x19B50803,1,155.00 °C
TCELL_25,946688516.5373774,0x19B50803,1,155.00 °C
TCELL_26,946688516.5373774,0x19B50803,1,155.00 °C
TCELL_27,946688516.5373774,0x19B50803,1,155.00 °C
TCELL_28,946688516.5373774,0x19B50803,1,155.00 °C
TCELL_29,946688516.5373774,0x19B50803,1,155.00 °C
TCELL_30,946688516.5373774,0x19B50803,1,155.00 °C
TCELL_31,946688516.5373774,0x19B50803,1,155.00 °C
APPS_RANGE_ERROR,946688516.5386654,0x18FF1515,1,"FALSE 0 no Error, 1 Error"
SAFETY_OK,946688516.5386654,0x18FF1515,1,"FALSE 0 no Error, 1 Error"
BRAKE,946688516.5386654,0x18FF1515,1,"0 1 noBrake, 2 Brake"
VCU_STATE,946688516.5386654,0x18FF1515,1,0
APS_PERC,946688516.5386654,0x18FF1515,1,"2.56 porcentagem pedal, precisão de 2 casas decimais"
UNDER_VOLTAGE,946688516.6106886,0x19B50007,1,FALSE logic
OVER_VOLTAGE,946688516.6106886,0x19B50007,1,FALSE logic
DISCHARGE_OVER_CURRENT,946688516.6106886,0x19B50007,1,FALSE logic
CHARGE_OVER_CURRENT,946688516.6106886,0x19B50007,1,FALSE logic
CELL_MODULE_OVERHEAT,946688516.6106886,0x19B50007,1,FALSE logic
LEAKAGE,946688516.6106886,0x19B50007,1,FALSE logic
NO_CELL_COMMUNICATION,946688516.6106886,0x19B50007,1,FALSE logic
LOW_VOLTAGE_W,946688516.6106886,0x19B50007,1,FALSE logic
HIGH_CURRENT_W,946688516.6106886,0x19B50007,1,FALSE logic
HIGH_TEMPERATURE_W,946688516.6106886,0x19B50007,1,FALSE logic
CELL_OVERHEAT,946688516.6106886,0x19B50007,1,FALSE logic
NO_CURRENT_SENSOR,946688516.6106886,0x19B50007,1,FALSE logic
PACK_UNDER_VOLTAGE,946688516.6106886,0x19B50007,1,FALSE logic
VALIDITY,946688516.6106886,0x19B50007,1,39 state
APPS_RANGE_ERROR,946688516.63894,0x18FF1515,1,"FALSE 0 no Error, 1 Error"
SAFETY_OK,946688516.63894,0x18FF1515,1,"FALSE 0 no Error, 1 Error"
BRAKE,946688516.63894,0x18FF1515,1,"0 1 noBrake, 2 Brake"
VCU_STATE,946688516.63894,0x18FF1515,1,0
APS_PERC,946688516.63894,0x18FF1515,1,"2.56 porcentagem pedal, precisão de 2 casas decimais"
APPS_RANGE_ERROR,946688516.7386757,0x18FF1515,1,"FALSE 0 no Error, 1 Error"
SAFETY_OK,946688516.7386757,0x18FF1515,1,"FALSE 0 no Error, 1 Error"
BRAKE,946688516.7386757,0x18FF1515,1,"0 1 noBrake, 2 Brake"
VCU_STATE,946688516.7386757,0x18FF1515,1,0
APS_PERC,946688516.7386757,0x18FF1515,1,"2.56 porcentagem pedal, precisão de 2 casas decimais"
UNDER_VOLTAGE,946688516.8072584,0x19B50007,1,FALSE logic
OVER_VOLTAGE,946688516.8072584,0x19B50007,1,FALSE logic
DISCHARGE_OVER_CURRENT,946688516.8072584,0x19B50007,1,FALSE logic
CHARGE_OVER_CURRENT,946688516.8072584,0x19B50007,1,FALSE logic
CELL_MODULE_OVERHEAT,946688516.8072584,0x19B50007,1,FALSE logic
LEAKAGE,946688516.8072584,0x19B50007,1,FALSE logic
NO_CELL_COMMUNICATION,946688516.8072584,0x19B50007,1,FALSE logic
LOW_VOLTAGE_W,946688516.8072584,0x19B50007,1,FALSE logic
HIGH_CURRENT_W,946688516.8072584,0x19B50007,1,FALSE logic
HIGH_TEMPERATURE_W,946688516.8072584,0x19B50007,1,FALSE logic
CELL_OVERHEAT,946688516.8072584,0x19B50007,1,FALSE logic
NO_CURRENT_SENSOR,946688516.8072584,0x19B50007,1,FALSE logic
PACK_UNDER_VOLTAGE,946688516.8072584,0x19B50007,1,FALSE logic
VALIDITY,946688516.8072584,0x19B50007,1,39 state
APPS_RANGE_ERROR,946688516.838665,0x18FF1515,1,"FALSE 0 no Error, 1 Error"
SAFETY_OK,946688516.838665,0x18FF1515,1,"FALSE 0 no Error, 1 Error"
BRAKE,946688516.838665,0x18FF1515,1,"0 1 noBrake, 2 Brake"
VCU_STATE,946688516.838665,0x18FF1515,1,0
APS_PERC,946688516.838665,0x18FF1515,1,"2.56 porcentagem pedal, precisão de 2 casas decimais"
APPS_RANGE_ERROR,946688516.938673,0x18FF1515,1,"FALSE 0 no Error, 1 Error"
SAFETY_OK,946688516.938673,0x18FF1515,1,"FALSE 0 no Error, 1 Error"
BRAKE,946688516.938673,0x18FF1515,1,"0 1 noBrake, 2 Brake"
VCU_STATE,946688516.938673,0x18FF1515,1,0
APS_PERC,946688516.938673,0x18FF1515,1,"2.56 porcentagem pedal, precisão de 2 casas decimais"
VCELL_0,946688516.9933445,0x19B50100,1,2.00 V
VCELL_0,946688516.9939048,0x19B50100,1,3.96 V
VCELL_1,946688516.9939048,0x19B50100,1,3.95 V
VCELL_2,946688516.9939048,0x19B50100,1,3.95 V
VCELL_3,946688516.9939048,0x19B50100,1,3.95 V
VCELL_4,946688516.9939048,0x19B50100,1,3.95 V
VCELL_5,946688516.9939048,0x19B50100,1,3.95 V
VCELL_6,946688516.9939048,0x19B50100,1,3.95 V
VCELL_7,946688516.9939048,0x19B50100,1,3.95 V
UNDER_VOLTAGE,946688517.0038874,0x19B50007,1,FALSE logic
OVER_VOLTAGE,946688517.0038874,0x19B50007,1,FALSE logic
DISCHARGE_OVER_CURRENT,946688517.0038874,0x19B50007,1,FALSE logic
CHARGE_OVER_CURRENT,946688517.0038874,0x19B50007,1,FALSE logic
CELL_MODULE_OVERHEAT,946688517.0038874,0x19B50007,1,FALSE logic
LEAKAGE,946688517.0038874,0x19B50007,1,FALSE logic
NO_CELL_COMMUNICATION,946688517.0038874,0x19B50007,1,FALSE logic
LOW_VOLTAGE_W,946688517.0038874,0x19B50007,1,FALSE logic
HIGH_CURRENT_W,946688517.0038874,0x19B50007,1,FALSE logic
HIGH_TEMPERATURE_W,946688517.0038874,0x19B50007,1,FALSE logic
CELL_OVERHEAT,946688517.0038874,0x19B50007,1,FALSE logic
NO_CURRENT_SENSOR,946688517.0038874,0x19B50007,1,FALSE logic
PACK_UNDER_VOLTAGE,946688517.0038874,0x19B50007,1,FALSE logic
VALIDITY,946688517.0038874,0x19B50007,1,39 state
VCELL_8,946688517.0188365,0x19B50101,1,3.95 V
VCELL_9,946688517.0188365,0x19B50101,1,3.95 V
VCELL_10,946688517.0188365,0x19B50101,1,3.95 V
VCELL_11,946688517.0188365,0x19B50101,1,3.95 V
VCELL_12,946688517.0188365,0x19B50101,1,3.95 V
VCELL_13,946688517.0188365,0x19B50101,1,3.95 V
VCELL_14,946688517.0188365,0x19B50101,1,3.95 V
VCELL_15,946688517.0188365,0x19B50101,1,3.95 V
VCELL_16,946688517.0311872,0x19B50102,1,3.95 V
VCELL_17,946688517.0311872,0x19B50102,1,3.95 V
VCELL_18,946688517.0311872,0x19B50102,1,3.95 V
VCELL_19,946688517.0311872,0x19B50102,1,3.95 V
VCELL_20,946688517.0311872,0x19B50102,1,3.95 V
VCELL_21,946688517.0311872,0x19B50102,1,3.97 V
VCELL_22,946688517.0311872,0x19B50102,1,3.95 V
VCELL_23,946688517.0311872,0x19B50102,1,3.95 V
APPS_RANGE_ERROR,946688517.0386612,0x18FF1515,1,"FALSE 0 no Error, 1 Error"
SAFETY_OK,946688517.0386612,0x18FF1515,1,"FALSE 0 no Error, 1 Error"
BRAKE,946688517.0386612,0x18FF1515,1,"0 1 noBrake, 2 Brake"
VCU_STATE,946688517.0386612,0x18FF1515,1,0
APS_PERC,946688517.0386612,0x18FF1515,1,"2.56 porcentagem pedal, precisão de 2 casas decimais"
VCELL_24,946688517.0558735,0x19B50103,1,3.95 V
VCELL_25,946688517.0558735,0x19B50103,1,3.96 V
VCELL_26,946688517.0558735,0x19B50103,1,3.95 V
VCELL_27,946688517.0558735,0x19B50103,1,3.95 V
VCELL_28,946688517.0558735,0x19B50103,1,3.97 V
VCELL_29,946688517.0558735,0x19B50103,1,3.95 V
VCELL_30,946688517.0558735,0x19B50103,1,3.95 V
VCELL_31,946688517.0558735,0x19B50103,1,3.95 V
VCELL_32,946688517.0705632,0x19B50104,1,3.94 V
VCELL_33,946688517.0705632,0x19B50104,1,3.95 V
VCELL_34,946688517.0705632,0x19B50104,1,3.95 V
VCELL_35,946688517.0705632,0x19B50104,1,3.95 V
VCELL_36,946688517.0705632,0x19B50104,1,3.95 V
VCELL_37,946688517.0705632,0x19B50104,1,3.95 V
VCELL_38,946688517.0705632,0x19B50104,1,3.95 V
VCELL_39,946688517.0705632,0x19B50104,1,3.95 V
VCELL_40,946688517.0840601,0x19B50105,1,3.95 V
VCELL_41,946688517.0840601,0x19B50105,1,3.95 V
VCELL_42,946688517.0840601,0x19B50105,1,3.95 V
VCELL_43,946688517.0840601,0x19B50105,1,3.95 V
VCELL_44,946688517.0840601,0x19B50105,1,3.95 V
VCELL_45,946688517.0840601,0x19B50105,1,3.95 V
VCELL_46,946688517.0840601,0x19B50105,1,3.95 V
VCELL_47,946688517.0840601,0x19B50105,1,3.95 V
VCELL_48,946688517.0970088,0x19B50106,1,3.95 V
VCELL_49,946688517.0970088,0x19B50106,1,3.95 V
VCELL_50,946688517.0970088,0x19B50106,1,3.95 V
VCELL_51,946688517.0970088,0x19B50106,1,3.95 V
VCELL_52,946688517.0970088,0x19B50106,1,3.95 V
VCELL_53,946688517.0970088,0x19B50106,1,3.95 V
VCELL_54,946688517.0970088,0x19B50106,1,3.95 V
VCELL_55,946688517.0970088,0x19B50106,1,3.95 V
VCELL_56,946688517.1096258,0x19B50107,1,3.95 V
VCELL_57,946688517.1096258,0x19B50107,1,3.95 V
VCELL_58,946688517.1096258,0x19B50107,1,3.95 V
VCELL_59,946688517.1096258,0x19B50107,1,3.95 V
VCELL_60,946688517.1096258,0x19B50107,1,3.95 V
VCELL_61,946688517.1096258,0x19B50107,1,3.95 V
VCELL_62,946688517.1096258,0x19B50107,1,3.95 V
VCELL_63,946688517.1096258,0x19B50107,1,3.95 V
VCELL_64,946688517.1341172,0x19B50108,1,3.92 V
VCELL_65,946688517.1341172,0x19B50108,1,3.94 V
VCELL_66,946688517.1341172,0x19B50108,1,3.95 V
VCELL_67,946688517.1341172,0x19B50108,1,3.95 V
VCELL_68,946688517.1341172,0x19B50108,1,3.96 V
VCELL_69,946688517.1341172,0x19B50108,1,3.96 V
VCELL_70,946688517.1341172,0x19B50108,1,3.94 V
VCELL_71,946688517.1341172,0x19B50108,1,3.95 V
APPS_RANGE_ERROR,946688517.1386626,0x18FF1515,1,"FALSE 0 no Error, 1 Error"
SAFETY_OK,946688517.1386626,0x18FF1515,1,"FALSE 0 no Error, 1 Error"
BRAKE,946688517.1386626,0x18FF1515,1,"0 1 noBrake, 2 Brake"
VCU_STATE,946688517.1386626,0x18FF1515,1,0
APS_PERC,946688517.1386626,0x18FF1515,1,"2.56 porcentagem pedal, precisão de 2 casas decimais"
VCELL_72,946688517.1467153,0x19B50109,1,3.97 V
VCELL_73,946688517.1467153,0x19B50109,1,3.95 V
VCELL_74,946688517.1467153,0x19B50109,1,3.95 V
VCELL_75,946688517.1467153,0x19B50109,1,3.96 V
VCELL_76,946688517.1467153,0x19B50109,1,3.94 V
VCELL_77,946688517.1467153,0x19B50109,1,3.95 V
VCELL_78,946688517.1467153,0x19B50109,1,3.95 V
VCELL_79,946688517.1467153,0x19B50109,1,3.95 V
VCELL_80,946688517.1593888,0x19B5010A,1,3.95 V
VCELL_81,946688517.1593888,0x19B5010A,1,3.95 V
VCELL_82,946688517.1593888,0x19B5010A,1,3.95 V
VCELL_83,946688517.1593888,0x19B5010A,1,3.95 V
VCELL_84,946688517.1593888,0x19B5010A,1,3.95 V
VCELL_85,946688517.1593888,0x19B5010A,1,3.95 V
VCELL_86,946688517.1593888,0x19B5010A,1,3.95 V
VCELL_87,946688517.1593888,0x19B5010A,1,3.95 V
VCELL_88,946688517.1749002,0x19B5010B,1,3.95 V
VCELL_89,946688517.1749002,0x19B5010B,1,3.95 V
VCELL_90,946688517.1749002,0x19B5010B,1,3.95 V
VCELL_91,946688517.1749002,0x19B5010B,1,3.98 V
VCELL_92,946688517.1749002,0x19B5010B,1,3.97 V
VCELL_93,946688517.1749002,0x19B5010B,1,3.95 V
VCELL_94,946688517.1749002,0x19B5010B,1,3.95 V
VCELL_95,946688517.1749002,0x19B5010B,1,3.95 V
UNDER_VOLTAGE,946688517.2129897,0x19B50007,1,FALSE logic
OVER_VOLTAGE,946688517.2129897,0x19B50007,1,FALSE logic
DISCHARGE_OVER_CURRENT,946688517.2129897,0x19B50007,1,FALSE logic
CHARGE_OVER_CURRENT,946688517.2129897,0x19B50007,1,FALSE logic
CELL_MODULE_OVERHEAT,946688517.2129897,0x19B50007,1,FALSE logic
LEAKAGE,946688517.2129897,0x19B50007,1,FALSE logic
NO_CELL_COMMUNICATION,946688517.2129897,0x19B50007,1,FALSE logic
LOW_VOLTAGE_W,946688517.2129897,0x19B50007,1,FALSE logic
HIGH_CURRENT_W,946688517.2129897,0x19B50007,1,FALSE logic
HIGH_TEMPERATURE_W,946688517.2129897,0x19B50007,1,FALSE logic
CELL_OVERHEAT,946688517.2129897,0x19B50007,1,FALSE logic
NO_CURRENT_SENSOR,946688517.2129897,0x19B50007,1,FALSE logic
PACK_UNDER_VOLTAGE,946688517.2129897,0x19B50007,1,FALSE logic
VALIDITY,946688517.2129897,0x19B50007,1,39 state
APPS_RANGE_ERROR,946688517.238667,0x18FF1515,1,"FALSE 0 no Error, 1 Error"
SAFETY_OK,946688517.238667,0x18FF1515,1,"FALSE 0 no Error, 1 Error"
BRAKE,946688517.238667,0x18FF1515,1,"0 1 noBrake, 2 Brake"
VCU_STATE,946688517.238667,0x18FF1515,1,0
APS_PERC,946688517.238667,0x18FF1515,1,"2.56 porcentagem pedal, precisão de 2 casas decimais"
APPS_RANGE_ERROR,946688517.3386552,0x18FF1515,1,"FALSE 0 no Error, 1 Error"
SAFETY_OK,946688517.3386552,0x18FF1515,1,"FALSE 0 no Error, 1 Error"
BRAKE,946688517.3386552,0x18FF1515,1,"0 1 noBrake, 2 Brake"
VCU_STATE,946688517.3386552,0x18FF1515,1,0
APS_PERC,946688517.3386552,0x18FF1515,1,"2.56 porcentagem pedal, precisão de 2 casas decimais"
UNDER_VOLTAGE,946688517.3997498,0x19B50007,1,FALSE logic
OVER_VOLTAGE,946688517.3997498,0x19B50007,1,FALSE logic
DISCHARGE_OVER_CURRENT,946688517.3997498,0x19B50007,1,FALSE logic
CHARGE_OVER_CURRENT,946688517.3997498,0x19B50007,1,FALSE logic
CELL_MODULE_OVERHEAT,946688517.3997498,0x19B50007,1,FALSE logic
LEAKAGE,946688517.3997498,0x19B50007,1,FALSE logic
NO_CELL_COMMUNICATION,946688517.3997498,0x19B50007,1,FALSE logic
LOW_VOLTAGE_W,946688517.3997498,0x19B50007,1,FALSE logic
HIGH_CURRENT_W,946688517.3997498,0x19B50007,1,FALSE logic
HIGH_TEMPERATURE_W,946688517.3997498,0x19B50007,1,FALSE logic
CELL_OVERHEAT,946688517.3997498,0x19B50007,1,FALSE logic
NO_CURRENT_SENSOR,946688517.3997498,0x19B50007,1,FALSE logic
PACK_UNDER_VOLTAGE,946688517.3997498,0x19B50007,1,FALSE logic
VALIDITY,946688517.3997498,0x19B50007,1,39 state
APPS_RANGE_ERROR,946688517.4386543,0x18FF1515,1,"FALSE 0 no Error, 1 Error"
SAFETY_OK,946688517.4386543,0x18FF1515,1,"FALSE 0 no Error, 1 Error"
BRAKE,946688517.4386543,0x18FF1515,1,"0 1 noBrake, 2 Brake"
VCU_STATE,946688517.4386543,0x18FF1515,1,0
APS_PERC,946688517.4386543,0x18FF1515,1,"2.56 porcentagem pedal, precisão de 2 casas decimais"
APPS_RANGE_ERROR,946688517.5386606,0x18FF1515,1,"FALSE 0 no Error, 1 Error"
SAFETY_OK,946688517.5386606,0x18FF1515,1,"FALSE 0 no Error, 1 Error"
BRAKE,946688517.5386606,0x18FF1515,1,"0 1 noBrake, 2 Brake"
VCU_STATE,946688517.5386606,0x18FF1515,1,0
APS_PERC,946688517.5386606,0x18FF1515,1,"2.56 porcentagem pedal, precisão de 2 casas decimais"
UNDER_VOLTAGE,946688517.6123031,0x19B50007,1,FALSE logic
OVER_VOLTAGE,946688517.6123031,0x19B50007,1,FALSE logic
DISCHARGE_OVER_CURRENT,946688517.6123031,0x19B50007,1,FALSE logic
CHARGE_OVER_CURRENT,946688517.6123031,0x19B50007,1,FALSE logic
CELL_MODULE_OVERHEAT,946688517.6123031,0x19B50007,1,FALSE logic
LEAKAGE,946688517.6123031,0x19B50007,1,FALSE logic
NO_CELL_COMMUNICATION,946688517.6123031,0x19B50007,1,FALSE logic
LOW_VOLTAGE_W,946688517.6123031,0x19B50007,1,FALSE logic
HIGH_CURRENT_W,946688517.6123031,0x19B50007,1,FALSE logic
HIGH_TEMPERATURE_W,946688517.6123031,0x19B50007,1,FALSE logic
CELL_OVERHEAT,946688517.6123031,0x19B50007,1,FALSE logic
NO_CURRENT_SENSOR,946688517.6123031,0x19B50007,1,FALSE logic
PACK_UNDER_VOLTAGE,946688517.6123031,0x19B50007,1,FALSE logic
VALIDITY,946688517.6123031,0x19B50007,1,39 state
APPS_RANGE_ERROR,946688517.6386521,0x18FF1515,1,"FALSE 0 no Error, 1 Error"
SAFETY_OK,946688517.6386521,0x18FF1515,1,"FALSE 0 no Error, 1 Error"
BRAKE,946688517.6386521,0x18FF1515,1,"0 1 noBrake, 2 Brake"
VCU_STATE,946688517.6386521,0x18FF1515,1,0
APS_PERC,946688517.6386521,0x18FF1515,1,"2.56 porcentagem pedal, precisão de 2 casas decimais"
APPS_RANGE_ERROR,946688517.738661,0x18FF1515,1,"FALSE 0 no Error, 1 Error"
SAFETY_OK,946688517.738661,0x18FF1515,1,"FALSE 0 no Error, 1 Error"
BRAKE,946688517.738661,0x18FF1515,1,"0 1 noBrake, 2 Brake"
VCU_STATE,946688517.738661,0x18FF1515,1,0
APS_PERC,946688517.738661,0x18FF1515,1,"2.56 porcentagem pedal, precisão de 2 casas decimais"
UNDER_VOLTAGE,946688517.8000505,0x19B50007,1,FALSE logic
OVER_VOLTAGE,946688517.8000505,0x19B50007,1,FALSE logic
DISCHARGE_OVER_CURRENT,946688517.8000505,0x19B50007,1,FALSE logic
CHARGE_OVER_CURRENT,946688517.8000505,0x19B50007,1,FALSE logic
CELL_MODULE_OVERHEAT,946688517.8000505,0x19B50007,1,FALSE logic
LEAKAGE,946688517.8000505,0x19B50007,1,FALSE logic
NO_CELL_COMMUNICATION,946688517.8000505,0x19B50007,1,FALSE logic
LOW_VOLTAGE_W,946688517.8000505,0x19B50007,1,FALSE logic
HIGH_CURRENT_W,946688517.8000505,0x19B50007,1,FALSE logic
HIGH_TEMPERATURE_W,946688517.8000505,0x19B50007,1,FALSE logic
CELL_OVERHEAT,946688517.8000505,0x19B50007,1,FALSE logic
NO_CURRENT_SENSOR,946688517.8000505,0x19B50007,1,FALSE logic
PACK_UNDER_VOLTAGE,946688517.8000505,0x19B50007,1,FALSE logic
VALIDITY,946688517.8000505,0x19B50007,1,39 state
APPS_RANGE_ERROR,946688517.8386632,0x18FF1515,1,"FALSE 0 no Error, 1 Error"
SAFETY_OK,946688517.8386632,0x18FF1515,1,"FALSE 0 no Error, 1 Error"
BRAKE,946688517.8386632,0x18FF1515,1,"0 1 noBrake, 2 Brake"
VCU_STATE,946688517.8386632,0x18FF1515,1,0
APS_PERC,946688517.8386632,0x18FF1515,1,"2.56 porcentagem pedal, precisão de 2 casas decimais"
APPS_RANGE_ERROR,946688517.93865,0x18FF1515,1,"FALSE 0 no Error, 1 Error"
SAFETY_OK,946688517.93865,0x18FF1515,1,"FALSE 0 no Error, 1 Error"
BRAKE,946688517.93865,0x18FF1515,1,"0 1 noBrake, 2 Brake"
VCU_STATE,946688517.93865,0x18FF1515,1,0
APS_PERC,946688517.93865,0x18FF1515,1,"2.56 porcentagem pedal, precisão de 2 casas decimais"
UNDER_VOLTAGE,946688518.001523,0x19B50007,1,FALSE logic
OVER_VOLTAGE,946688518.001523,0x19B50007,1,FALSE logic
DISCHARGE_OVER_CURRENT,946688518.001523,0x19B50007,1,FALSE logic
CHARGE_OVER_CURRENT,946688518.001523,0x19B50007,1,FALSE logic
CELL_MODULE_OVERHEAT,946688518.001523,0x19B50007,1,FALSE logic
LEAKAGE,946688518.001523,0x19B50007,1,FALSE logic
NO_CELL_COMMUNICATION,946688518.001523,0x19B50007,1,FALSE logic
LOW_VOLTAGE_W,946688518.001523,0x19B50007,1,FALSE logic
HIGH_CURRENT_W,946688518.001523,0x19B50007,1,FALSE logic
HIGH_TEMPERATURE_W,946688518.001523,0x19B50007,1,FALSE logic
CELL_OVERHEAT,946688518.001523,0x19B50007,1,FALSE logic
NO_CURRENT_SENSOR,946688518.001523,0x19B50007,1,FALSE logic
PACK_UNDER_VOLTAGE,946688518.001523,0x19B50007,1,FALSE logic
VALIDITY,946688518.001523,0x19B50007,1,39 state
APPS_RANGE_ERROR,946688518.0386508,0x18FF1515,1,"FALSE 0 no Error, 1 Error"
SAFETY_OK,946688518.0386508,0x18FF1515,1,"FALSE 0 no Error, 1 Error"
BRAKE,946688518.0386508,0x18FF1515,1,"0 1 noBrake, 2 Brake"
VCU_STATE,946688518.0386508,0x18FF1515,1,0
APS_PERC,946688518.0386508,0x18FF1515,1,"2.56 porcentagem pedal, precisão de 2 casas decimais"
APPS_RANGE_ERROR,946688518.1386534,0x18FF1515,1,"FALSE 0 no Error, 1 Error"
SAFETY_OK,946688518.1386534,0x18FF1515,1,"FALSE 0 no Error, 1 Error"
BRAKE,946688518.1386534,0x18FF1515,1,"0 1 noBrake, 2 Brake"
VCU_STATE,946688518.1386534,0x18FF1515,1,0
APS_PERC,946688518.1386534,0x18FF1515,1,"2.56 porcentagem pedal, precisão de 2 casas decimais"
UNDER_VOLTAGE,946688518.2006034,0x19B50007,1,FALSE logic
OVER_VOLTAGE,946688518.2006034,0x19B50007,1,FALSE logic
DISCHARGE_OVER_CURRENT,946688518.2006034,0x19B50007,1,FALSE logic
CHARGE_OVER_CURRENT,946688518.2006034,0x19B50007,1,FALSE logic
CELL_MODULE_OVERHEAT,946688518.2006034,0x19B50007,1,FALSE logic
LEAKAGE,946688518.2006034,0x19B50007,1,FALSE logic
NO_CELL_COMMUNICATION,946688518.2006034,0x19B50007,1,FALSE logic
LOW_VOLTAGE_W,946688518.2006034,0x19B50007,1,FALSE logic
HIGH_CURRENT_W,946688518.2006034,0x19B50007,1,FALSE logic
HIGH_TEMPERATURE_W,946688518.2006034,0x19B50007,1,FALSE logic
CELL_OVERHEAT,946688518.2006034,0x19B50007,1,FALSE logic
NO_CURRENT_SENSOR,946688518.2006034,0x19B50007,1,FALSE logic
PACK_UNDER_VOLTAGE,946688518.2006034,0x19B50007,1,FALSE logic
VALIDITY,946688518.2006034,0x19B50007,1,39 state
APPS_RANGE_ERROR,946688518.2386559,0x18FF1515,1,"FALSE 0 no Error, 1 Error"
SAFETY_OK,946688518.2386559,0x18FF1515,1,"FALSE 0 no Error, 1 Error"
BRAKE,946688518.2386559,0x18FF1515,1,"0 1 noBrake, 2 Brake"
VCU_STATE,946688518.2386559,0x18FF1515,1,0
APS_PERC,946688518.2386559,0x18FF1515,1,"2.56 porcentagem pedal, precisão de 2 casas decimais"
APPS_RANGE_ERROR,946688518.3386489,0x18FF1515,1,"FALSE 0 no Error, 1 Error"
SAFETY_OK,946688518.3386489,0x18FF1515,1,"FALSE 0 no Error, 1 Error"
BRAKE,946688518.3386489,0x18FF1515,1,"0 1 noBrake, 2 Brake"
VCU_STATE,946688518.3386489,0x18FF1515,1,0
APS_PERC,946688518.3386489,0x18FF1515,1,"2.56 porcentagem pedal, precisão de 2 casas decimais"
UNDER_VOLTAGE,946688518.4012574,0x19B50007,1,FALSE logic
OVER_VOLTAGE,946688518.4012574,0x19B50007,1,FALSE logic
DISCHARGE_OVER_CURRENT,946688518.4012574,0x19B50007,1,FALSE logic
CHARGE_OVER_CURRENT,946688518.4012574,0x19B50007,1,FALSE logic
CELL_MODULE_OVERHEAT,946688518.4012574,0x19B50007,1,FALSE logic
LEAKAGE,946688518.4012574,0x19B50007,1,FALSE logic
NO_CELL_COMMUNICATION,946688518.4012574,0x19B50007,1,FALSE logic
LOW_VOLTAGE_W,946688518.4012574,0x19B50007,1,FALSE logic
HIGH_CURRENT_W,946688518.4012574,0x19B50007,1,FALSE logic
HIGH_TEMPERATURE_W,946688518.4012574,0x19B50007,1,FALSE logic
CELL_OVERHEAT,946688518.4012574,0x19B50007,1,FALSE logic
NO_CURRENT_SENSOR,946688518.4012574,0x19B50007,1,FALSE logic
PACK_UNDER_VOLTAGE,946688518.4012574,0x19B50007,1,FALSE logic
VALIDITY,946688518.4012574,0x19B50007,1,39 state
APPS_RANGE_ERROR,946688518.4386485,0x18FF1515,1,"FALSE 0 no Error, 1 Error"
SAFETY_OK,946688518.4386485,0x18FF1515,1,"FALSE 0 no Error, 1 Error"
BRAKE,946688518.4386485,0x18FF1515,1,"0 1 noBrake, 2 Brake"
VCU_STATE,946688518.4386485,0x18FF1515,1,0
APS_PERC,946688518.4386485,0x18FF1515,1,"2.56 porcentagem pedal, precisão de 2 casas decimais"
APPS_RANGE_ERROR,946688518.538645,0x18FF1515,1,"FALSE 0 no Error, 1 Error"
SAFETY_OK,946688518.538645,0x18FF1515,1,"FALSE 0 no Error, 1 Error"
BRAKE,946688518.538645,0x18FF1515,1,"0 1 noBrake, 2 Brake"
VCU_STATE,946688518.538645,0x18FF1515,1,0
APS_PERC,946688518.538645,0x18FF1515,1,"2.56 porcentagem pedal, precisão de 2 casas decimais"
UNDER_VOLTAGE,946688518.6099023,0x19B50007,1,FALSE logic
OVER_VOLTAGE,946688518.6099023,0x19B50007,1,FALSE logic
DISCHARGE_OVER_CURRENT,946688518.6099023,0x19B50007,1,FALSE logic
CHARGE_OVER_CURRENT,946688518.6099023,0x19B50007,1,FALSE logic
CELL_MODULE_OVERHEAT,946688518.6099023,0x19B50007,1,FALSE logic
LEAKAGE,946688518.6099023,0x19B50007,1,FALSE logic
NO_CELL_COMMUNICATION,946688518.6099023,0x19B50007,1,FALSE logic
LOW_VOLTAGE_W,946688518.6099023,0x19B50007,1,FALSE logic
HIGH_CURRENT_W,946688518.6099023,0x19B50007,1,FALSE logic
HIGH_TEMPERATURE_W,946688518.6099023,0x19B50007,1,FALSE logic
CELL_OVERHEAT,946688518.6099023,0x19B50007,1,FALSE logic
NO_CURRENT_SENSOR,946688518.6099023,0x19B50007,1,FALSE logic
PACK_UNDER_VOLTAGE,946688518.6099023,0x19B50007,1,FALSE logic
VALIDITY,946688518.6099023,0x19B50007,1,39 state
APPS_RANGE_ERROR,946688518.6386586,0x18FF1515,1,"FALSE 0 no Error, 1 Error"
SAFETY_OK,946688518.6386586,0x18FF1515,1,"FALSE 0 no Error, 1 Error"
BRAKE,946688518.6386586,0x18FF1515,1,"0 1 noBrake, 2 Brake"
VCU_STATE,946688518.6386586,0x18FF1515,1,0
APS_PERC,946688518.6386586,0x18FF1515,1,"2.56 porcentagem pedal, precisão de 2 casas decimais"
APPS_RANGE_ERROR,946688518.7386426,0x18FF1515,1,"FALSE 0 no Error, 1 Error"
SAFETY_OK,946688518.7386426,0x18FF1515,1,"FALSE 0 no Error, 1 Error"
BRAKE,946688518.7386426,0x18FF1515,1,"0 1 noBrake, 2 Brake"
VCU_STATE,946688518.7386426,0x18FF1515,1,0
APS_PERC,946688518.7386426,0x18FF1515,1,"2.56 porcentagem pedal, precisão de 2 casas decimais"
UNDER_VOLTAGE,946688518.8056046,0x19B50007,1,FALSE logic
OVER_VOLTAGE,946688518.8056046,0x19B50007,1,FALSE logic
DISCHARGE_OVER_CURRENT,946688518.8056046,0x19B50007,1,FALSE logic
CHARGE_OVER_CURRENT,946688518.8056046,0x19B50007,1,FALSE logic
CELL_MODULE_OVERHEAT,946688518.8056046,0x19B50007,1,FALSE logic
LEAKAGE,946688518.8056046,0x19B50007,1,FALSE logic
NO_CELL_COMMUNICATION,946688518.8056046,0x19B50007,1,FALSE logic
LOW_VOLTAGE_W,946688518.8056046,0x19B50007,1,FALSE logic
HIGH_CURRENT_W,946688518.8056046,0x19B50007,1,FALSE logic
HIGH_TEMPERATURE_W,946688518.8056046,0x19B50007,1,FALSE logic
CELL_OVERHEAT,946688518.8056046,0x19B50007,1,FALSE logic
NO_CURRENT_SENSOR,946688518.8056046,0x19B50007,1,FALSE logic
PACK_UNDER_VOLTAGE,946688518.8056046,0x19B50007,1,FALSE logic
VALIDITY,946688518.8056046,0x19B50007,1,39 state
APPS_RANGE_ERROR,946688518.8386415,0x18FF1515,1,"FALSE 0 no Error, 1 Error"
SAFETY_OK,946688518.8386415,0x18FF1515,1,"FALSE 0 no Error, 1 Error"
BRAKE,946688518.8386415,0x18FF1515,1,"0 1 noBrake, 2 Brake"
VCU_STATE,946688518.8386415,0x18FF1515,1,0
APS_PERC,946688518.8386415,0x18FF1515,1,"2.56 porcentagem pedal, precisão de 2 casas decimais"
APPS_RANGE_ERROR,946688518.9386415,0x18FF1515,1,"FALSE 0 no Error, 1 Error"
SAFETY_OK,946688518.9386415,0x18FF1515,1,"FALSE 0 no Error, 1 Error"
BRAKE,946688518.9386415,0x18FF1515,1,"0 1 noBrake, 2 Brake"
VCU_STATE,946688518.9386415,0x18FF1515,1,0
APS_PERC,946688518.9386415,0x18FF1515,1,"2.56 porcentagem pedal, precisão de 2 casas decimais"
TCELL_0,946688518.9801139,0x19B50800,1,-100.00 °C
TCELL_0,946688518.9806378,0x19B50800,1,28.00 °C
TCELL_1,946688518.9806378,0x19B50800,1,28.00 °C
TCELL_2,946688518.9806378,0x19B50800,1,28.00 °C
TCELL_3,946688518.9806378,0x19B50800,1,28.00 °C
TCELL_4,946688518.9806378,0x19B50800,1,28.00 °C
TCELL_5,946688518.9806378,0x19B50800,1,155.00 °C
TCELL_6,946688518.9806378,0x19B50800,1,155.00 °C
TCELL_7,946688518.9806378,0x19B50800,1,155.00 °C
TCELL_8,946688518.9934762,0x19B50801,1,155.00 °C
TCELL_9,946688518.9934762,0x19B50801,1,155.00 °C
TCELL_10,946688518.9934762,0x19B50801,1,155.00 °C
TCELL_11,946688518.9934762,0x19B50801,1,155.00 °C
TCELL_12,946688518.9934762,0x19B50801,1,155.00 °C
TCELL_13,946688518.9934762,0x19B50801,1,155.00 °C
TCELL_14,946688518.9934762,0x19B50801,1,155.00 °C
TCELL_15,946688518.9934762,0x19B50801,1,155.00 °C
UNDER_VOLTAGE,946688519.0036772,0x19B50007,1,FALSE logic
OVER_VOLTAGE,946688519.0036772,0x19B50007,1,FALSE logic
DISCHARGE_OVER_CURRENT,946688519.0036772,0x19B50007,1,FALSE logic
CHARGE_OVER_CURRENT,946688519.0036772,0x19B50007,1,FALSE logic
CELL_MODULE_OVERHEAT,946688519.0036772,0x19B50007,1,FALSE logic
LEAKAGE,946688519.0036772,0x19B50007,1,FALSE logic
NO_CELL_COMMUNICATION,946688519.0036772,0x19B50007,1,FALSE logic
LOW_VOLTAGE_W,946688519.0036772,0x19B50007,1,FALSE logic
HIGH_CURRENT_W,946688519.0036772,0x19B50007,1,FALSE logic
HIGH_TEMPERATURE_W,946688519.0036772,0x19B50007,1,FALSE logic
CELL_OVERHEAT,946688519.0036772,0x19B50007,1,FALSE logic
NO_CURRENT_SENSOR,946688519.0036772,0x19B50007,1,FALSE logic
PACK_UNDER_VOLTAGE,946688519.0036772,0x19B50007,1,FALSE logic
VALIDITY,946688519.0036772,0x19B50007,1,39 state
TCELL_16,946688519.0178758,0x19B50802,1,28.00 °C
TCELL_17,946688519.0178758,0x19B50802,1,28.00 °C
TCELL_18,946688519.0178758,0x19B50802,1,28.00 °C
TCELL_19,946688519.0178758,0x19B50802,1,29.00 °C
TCELL_20,946688519.0178758,0x19B50802,1,28.00 °C
TCELL_21,946688519.0178758,0x19B50802,1,155.00 °C
TCELL_22,946688519.0178758,0x19B50802,1,155.00 °C
TCELL_23,946688519.0178758,0x19B50802,1,155.00 °C
TCELL_24,946688519.0313677,0x19B50803,1,155.00 °C
TCELL_25,946688519.0313677,0x19B50803,1,155.00 °C
TCELL_26,946688519.0313677,0x19B50803,1,155.00 °C
TCELL_27,946688519.0313677,0x19B50803,1,155.00 °C
TCELL_28,946688519.0313677,0x19B50803,1,155.00 °C
TCELL_29,946688519.0313677,0x19B50803,1,155.00 °C
TCELL_30,946688519.0313677,0x19B50803,1,155.00 °C
TCELL_31,946688519.0313677,0x19B50803,1,155.00 °C
APPS_RANGE_ERROR,946688519.0386484,0x18FF1515,1,"FALSE 0 no Error, 1 Error"
SAFETY_OK,946688519.0386484,0x18FF1515,1,"FALSE 0 no Error, 1 Error"
BRAKE,946688519.0386484,0x18FF1515,1,"0 1 noBrake, 2 Brake"
VCU_STATE,946688519.0386484,0x18FF1515,1,0
APS_PERC,946688519.0386484,0x18FF1515,1,"2.56 porcentagem pedal, precisão de 2 casas decimais"
APPS_RANGE_ERROR,946688519.138641,0x18FF1515,1,"FALSE 0 no Error, 1 Error"
SAFETY_OK,946688519.138641,0x18FF1515,1,"FALSE 0 no Error, 1 Error"
BRAKE,946688519.138641,0x18FF1515,1,"0 1 noBrake, 2 Brake"
VCU_STATE,946688519.138641,0x18FF1515,1,0
APS_PERC,946688519.138641,0x18FF1515,1,"2.56 porcentagem pedal, precisão de 2 casas decimais"
UNDER_VOLTAGE,946688519.1988816,0x19B50007,1,FALSE logic
OVER_VOLTAGE,946688519.1988816,0x19B50007,1,FALSE logic
DISCHARGE_OVER_CURRENT,946688519.1988816,0x19B50007,1,FALSE logic
CHARGE_OVER_CURRENT,946688519.1988816,0x19B50007,1,FALSE logic
CELL_MODULE_OVERHEAT,946688519.1988816,0x19B50007,1,FALSE logic
LEAKAGE,946688519.1988816,0x19B50007,1,FALSE logic
NO_CELL_COMMUNICATION,946688519.1988816,0x19B50007,1,FALSE logic
LOW_VOLTAGE_W,946688519.1988816,0x19B50007,1,FALSE logic
HIGH_CURRENT_W,946688519.1988816,0x19B50007,1,FALSE logic
HIGH_TEMPERATURE_W,946688519.1988816,0x19B50007,1,FALSE logic
CELL_OVERHEAT,946688519.1988816,0x19B50007,1,FALSE logic
NO_CURRENT_SENSOR,946688519.1988816,0x19B50007,1,FALSE logic
PACK_UNDER_VOLTAGE,946688519.1988816,0x19B50007,1,FALSE logic
VALIDITY,946688519.1988816,0x19B50007,1,39 state
APPS_RANGE_ERROR,946688519.23864,0x18FF1515,1,"FALSE 0 no Error, 1 Error"
SAFETY_OK,946688519.23864,0x18FF1515,1,"FALSE 0 no Error, 1 Error"
BRAKE,946688519.23864,0x18FF1515,1,"0 1 noBrake, 2 Brake"
VCU_STATE,946688519.23864,0x18FF1515,1,0
APS_PERC,946688519.23864,0x18FF1515,1,"2.56 porcentagem pedal, precisão de 2 casas decimais"
APPS_RANGE_ERROR,946688519.3386351,0x18FF1515,1,"FALSE 0 no Error, 1 Error"
SAFETY_OK,946688519.3386351,0x18FF1515,1,"FALSE 0 no Error, 1 Error"
BRAKE,946688519.3386351,0x18FF1515,1,"0 1 noBrake, 2 Brake"
VCU_STATE,946688519.3386351,0x18FF1515,1,0
APS_PERC,946688519.3386351,0x18FF1515,1,"2.56 porcentagem pedal, precisão de 2 casas decimais"
UNDER_VOLTAGE,946688519.4025646,0x19B50007,1,FALSE logic
OVER_VOLTAGE,946688519.4025646,0x19B50007,1,FALSE logic
DISCHARGE_OVER_CURRENT,946688519.4025646,0x19B50007,1,FALSE logic
CHARGE_OVER_CURRENT,946688519.4025646,0x19B50007,1,FALSE logic
CELL_MODULE_OVERHEAT,946688519.4025646,0x19B50007,1,FALSE logic
LEAKAGE,946688519.4025646,0x19B50007,1,FALSE logic
NO_CELL_COMMUNICATION,946688519.4025646,0x19B50007,1,FALSE logic
LOW_VOLTAGE_W,946688519.4025646,0x19B50007,1,FALSE logic
HIGH_CURRENT_W,946688519.4025646,0x19B50007,1,FALSE logic
HIGH_TEMPERATURE_W,946688519.4025646,0x19B50007,1,FALSE logic
CELL_OVERHEAT,946688519.4025646,0x19B50007,1,FALSE logic
NO_CURRENT_SENSOR,946688519.4025646,0x19B50007,1,FALSE logic
PACK_UNDER_VOLTAGE,946688519.4025646,0x19B50007,1,FALSE logic
VALIDITY,946688519.4025646,0x19B50007,1,39 state
VCELL_0,946688519.4302464,0x19B50100,1,2.00 V
VCELL_0,946688519.4308065,0x19B50100,1,3.96 V
VCELL_1,946688519.4308065,0x19B50100,1,3.95 V
VCELL_2,946688519.4308065,0x19B50100,1,3.95 V
VCELL_3,946688519.4308065,0x19B50100,1,3.95 V
VCELL_4,946688519.4308065,0x19B50100,1,3.95 V
VCELL_5,946688519.4308065,0x19B50100,1,3.95 V
VCELL_6,946688519.4308065,0x19B50100,1,3.95 V
VCELL_7,946688519.4308065,0x19B50100,1,3.95 V
APPS_RANGE_ERROR,946688519.4386376,0x18FF1515,1,"FALSE 0 no Error, 1 Error"
SAFETY_OK,946688519.4386376,0x18FF1515,1,"FALSE 0 no Error, 1 Error"
BRAKE,946688519.4386376,0x18FF1515,1,"0 1 noBrake, 2 Brake"
VCU_STATE,946688519.4386376,0x18FF1515,1,0
APS_PERC,946688519.4386376,0x18FF1515,1,"2.56 porcentagem pedal, precisão de 2 casas decimais"
VCELL_8,946688519.4433635,0x19B50101,1,3.95 V
VCELL_9,946688519.4433635,0x19B50101,1,3.95 V
VCELL_10,946688519.4433635,0x19B50101,1,3.95 V
VCELL_11,946688519.4433635,0x19B50101,1,3.95 V
VCELL_12,946688519.4433635,0x19B50101,1,3.95 V
VCELL_13,946688519.4433635,0x19B50101,1,3.95 V
VCELL_14,946688519.4433635,0x19B50101,1,3.95 V
VCELL_15,946688519.4433635,0x19B50101,1,3.95 V
VCELL_16,946688519.4558728,0x19B50102,1,3.95 V
VCELL_17,946688519.4558728,0x19B50102,1,3.95 V
VCELL_18,946688519.4558728,0x19B50102,1,3.95 V
VCELL_19,946688519.4558728,0x19B50102,1,3.95 V
VCELL_20,946688519.4558728,0x19B50102,1,3.95 V
VCELL_21,946688519.4558728,0x19B50102,1,3.97 V
VCELL_22,946688519.4558728,0x19B50102,1,3.95 V
VCELL_23,946688519.4558728,0x19B50102,1,3.95 V
VCELL_24,946688519.4691029,0x19B50103,1,3.95 V
VCELL_25,946688519.4691029,0x19B50103,1,3.96 V
VCELL_26,946688519.4691029,0x19B50103,1,3.95 V
VCELL_27,946688519.4691029,0x19B50103,1,3.95 V
VCELL_28,946688519.4691029,0x19B50103,1,3.97 V
VCELL_29,946688519.4691029,0x19B50103,1,3.95 V
VCELL_30,946688519.4691029,0x19B50103,1,3.95 V
VCELL_31,946688519.4691029,0x19B50103,1,3.95 V
VCELL_32,946688519.4951031,0x19B50104,1,3.94 V
VCELL_33,946688519.4951031,0x19B50104,1,3.95 V
VCELL_34,946688519.4951031,0x19B50104,1,3.95 V
VCELL_35,946688519.4951031,0x19B50104,1,3.95 V
VCELL_36,946688519.4951031,0x19B50104,1,3.95 V
VCELL_37,946688519.4951031,0x19B50104,1,3.95 V
VCELL_38,946688519.4951031,0x19B50104,1,3.95 V
VCELL_39,946688519.4951031,0x19B50104,1,3.95 V
VCELL_40,946688519.5083328,0x19B50105,1,3.95 V
VCELL_41,946688519.5083328,0x19B50105,1,3.95 V
VCELL_42,946688519.5083328,0x19B50105,1,3.95 V
VCELL_43,946688519.5083328,0x19B50105,1,3.95 V
VCELL_44,946688519.5083328,0x19B50105,1,3.95 V
VCELL_45,946688519.5083328,0x19B50105,1,3.95 V
VCELL_46,946688519.5083328,0x19B50105,1,3.95 V
VCELL_47,946688519.5083328,0x19B50105,1,3.95 V
VCELL_48,946688519.5205963,0x19B50106,1,3.95 V
VCELL_49,946688519.5205963,0x19B50106,1,3.95 V
VCELL_50,946688519.5205963,0x19B50106,1,3.95 V
VCELL_51,946688519.5205963,0x19B50106,1,3.95 V
VCELL_52,946688519.5205963,0x19B50106,1,3.95 V
VCELL_53,946688519.5205963,0x19B50106,1,3.95 V
VCELL_54,946688519.5205963,0x19B50106,1,3.95 V
VCELL_55,946688519.5205963,0x19B50106,1,3.95 V
VCELL_56,946688519.5329795,0x19B50107,1,3.95 V
VCELL_57,946688519.5329795,0x19B50107,1,3.95 V
VCELL_58,946688519.5329795,0x19B50107,1,3.95 V
VCELL_59,946688519.5329795,0x19B50107,1,3.95 V
VCELL_60,946688519.5329795,0x19B50107,1,3.95 V
VCELL_61,946688519.5329795,0x19B50107,1,3.95 V
VCELL_62,946688519.5329795,0x19B50107,1,3.95 V
VCELL_63,946688519.5329795,0x19B50107,1,3.95 V
APPS_RANGE_ERROR,946688519.538637,0x18FF1515,1,"FALSE 0 no Error, 1 Error"
SAFETY_OK,946688519.538637,0x18FF1515,1,"FALSE 0 no Error, 1 Error"
BRAKE,946688519.538637,0x18FF1515,1,"0 1 noBrake, 2 Brake"
VCU_STATE,946688519.538637,0x18FF1515,1,0
APS_PERC,946688519.538637,0x18FF1515,1,"2.56 porcentagem pedal, precisão de 2 casas decimais"
VCELL_64,946688519.5456991,0x19B50108,1,3.92 V
VCELL_65,946688519.5456991,0x19B50108,1,3.94 V
VCELL_66,946688519.5456991,0x19B50108,1,3.95 V
VCELL_67,946688519.5456991,0x19B50108,1,3.95 V
VCELL_68,946688519.5456991,0x19B50108,1,3.96 V
VCELL_69,946688519.5456991,0x19B50108,1,3.96 V
VCELL_70,946688519.5456991,0x19B50108,1,3.94 V
VCELL_71,946688519.5456991,0x19B50108,1,3.95 V
VCELL_72,946688519.5592101,0x19B50109,1,3.97 V
VCELL_73,946688519.5592101,0x19B50109,1,3.95 V
VCELL_74,946688519.5592101,0x19B50109,1,3.95 V
VCELL_75,946688519.5592101,0x19B50109,1,3.96 V
VCELL_76,946688519.5592101,0x19B50109,1,3.94 V
VCELL_77,946688519.5592101,0x19B50109,1,3.95 V
VCELL_78,946688519.5592101,0x19B50109,1,3.95 V
VCELL_79,946688519.5592101,0x19B50109,1,3.95 V
VCELL_80,946688519.5828727,0x19B5010A,1,3.95 V
VCELL_81,946688519.5828727,0x19B5010A,1,3.95 V
VCELL_82,946688519.5828727,0x19B5010A,1,3.95 V
VCELL_83,946688519.5828727,0x19B5010A,1,3.95 V
VCELL_84,946688519.5828727,0x19B5010A,1,3.95 V
VCELL_85,946688519.5828727,0x19B5010A,1,3.95 V
VCELL_86,946688519.5828727,0x19B5010A,1,3.95 V
VCELL_87,946688519.5828727,0x19B5010A,1,3.95 V
VCELL_88,946688519.5985298,0x19B5010B,1,3.95 V
VCELL_89,946688519.5985298,0x19B5010B,1,3.95 V
VCELL_90,946688519.5985298,0x19B5010B,1,3.95 V
VCELL_91,946688519.5985298,0x19B5010B,1,3.98 V
VCELL_92,946688519.5985298,0x19B5010B,1,3.97 V
VCELL_93,946688519.5985298,0x19B5010B,1,3.95 V
VCELL_94,946688519.5985298,0x19B5010B,1,3.95 V
VCELL_95,946688519.5985298,0x19B5010B,1,3.95 V
UNDER_VOLTAGE,946688519.6079444,0x19B50007,1,FALSE logic
OVER_VOLTAGE,946688519.6079444,0x19B50007,1,FALSE logic
DISCHARGE_OVER_CURRENT,946688519.6079444,0x19B50007,1,FALSE logic
CHARGE_OVER_CURRENT,946688519.6079444,0x19B50007,1,FALSE logic
CELL_MODULE_OVERHEAT,946688519.6079444,0x19B50007,1,FALSE logic
LEAKAGE,946688519.6079444,0x19B50007,1,FALSE logic
NO_CELL_COMMUNICATION,946688519.6079444,0x19B50007,1,FALSE logic
LOW_VOLTAGE_W,946688519.6079444,0x19B50007,1,FALSE logic
HIGH_CURRENT_W,946688519.6079444,0x19B50007,1,FALSE logic
HIGH_TEMPERATURE_W,946688519.6079444,0x19B50007,1,FALSE logic
CELL_OVERHEAT,946688519.6079444,0x19B50007,1,FALSE logic
NO_CURRENT_SENSOR,946688519.6079444,0x19B50007,1,FALSE logic
PACK_UNDER_VOLTAGE,946688519.6079444,0x19B50007,1,FALSE logic
VALIDITY,946688519.6079444,0x19B50007,1,39 state
APPS_RANGE_ERROR,946688519.6386429,0x18FF1515,1,"FALSE 0 no Error, 1 Error"
SAFETY_OK,946688519.6386429,0x18FF1515,1,"FALSE 0 no Error, 1 Error"
BRAKE,946688519.6386429,0x18FF1515,1,"0 1 noBrake, 2 Brake"
VCU_STATE,946688519.6386429,0x18FF1515,1,0
APS_PERC,946688519.6386429,0x18FF1515,1,"2.56 porcentagem pedal, precisão de 2 casas decimais"
APPS_RANGE_ERROR,946688519.7386333,0x18FF1515,1,"FALSE 0 no Error, 1 Error"
SAFETY_OK,946688519.7386333,0x18FF1515,1,"FALSE 0 no Error, 1 Error"
BRAKE,946688519.7386333,0x18FF1515,1,"0 1 noBrake, 2 Brake"
VCU_STATE,946688519.7386333,0x18FF1515,1,0
APS_PERC,946688519.7386333,0x18FF1515,1,"2.56 porcentagem pedal, precisão de 2 casas decimais"
UNDER_VOLTAGE,946688519.7985972,0x19B50007,1,FALSE logic
OVER_VOLTAGE,946688519.7985972,0x19B50007,1,FALSE logic
DISCHARGE_OVER_CURRENT,946688519.7985972,0x19B50007,1,FALSE logic
CHARGE_OVER_CURRENT,946688519.7985972,0x19B50007,1,FALSE logic
CELL_MODULE_OVERHEAT,946688519.7985972,0x19B50007,1,FALSE logic
LEAKAGE,946688519.7985972,0x19B50007,1,FALSE logic
NO_CELL_COMMUNICATION,946688519.7985972,0x19B50007,1,FALSE logic
LOW_VOLTAGE_W,946688519.7985972,0x19B50007,1,FALSE logic
HIGH_CURRENT_W,946688519.7985972,0x19B50007,1,FALSE logic
HIGH_TEMPERATURE_W,946688519.7985972,0x19B50007,1,FALSE logic
CELL_OVERHEAT,946688519.7985972,0x19B50007,1,FALSE logic
NO_CURRENT_SENSOR,946688519.7985972,0x19B50007,1,FALSE logic
PACK_UNDER_VOLTAGE,946688519.7985972,0x19B50007,1,FALSE logic
VALIDITY,946688519.7985972,0x19B50007,1,39 state
APPS_RANGE_ERROR,946688519.8386333,0x18FF1515,1,"FALSE 0 no Error, 1 Error"
SAFETY_OK,946688519.8386333,0x18FF1515,1,"FALSE 0 no Error, 1 Error"
BRAKE,946688519.8386333,0x18FF1515,1,"0 1 noBrake, 2 Brake"
VCU_STATE,946688519.8386333,0x18FF1515,1,0
APS_PERC,946688519.8386333,0x18FF1515,1,"2.56 porcentagem pedal, precisão de 2 casas decimais"
APPS_RANGE_ERROR,946688519.9386327,0x18FF1515,1,"FALSE 0 no Error, 1 Error"
SAFETY_OK,946688519.9386327,0x18FF1515,1,"FALSE 0 no Error, 1 Error"
BRAKE,946688519.9386327,0x18FF1515,1,"0 1 noBrake, 2 Brake"
VCU_STATE,946688519.9386327,0x18FF1515,1,0
APS_PERC,946688519.9386327,0x18FF1515,1,"2.56 porcentagem pedal, precisão de 2 casas decimais"
UNDER_VOLTAGE,946688520.0022217,0x19B50007,1,FALSE logic
OVER_VOLTAGE,946688520.0022217,0x19B50007,1,FALSE logic
DISCHARGE_OVER_CURRENT,946688520.0022217,0x19B50007,1,FALSE logic
CHARGE_OVER_CURRENT,946688520.0022217,0x19B50007,1,FALSE logic
CELL_MODULE_OVERHEAT,946688520.0022217,0x19B50007,1,FALSE logic
LEAKAGE,946688520.0022217,0x19B50007,1,FALSE logic
NO_CELL_COMMUNICATION,946688520.0022217,0x19B50007,1,FALSE logic
LOW_VOLTAGE_W,946688520.0022217,0x19B50007,1,FALSE logic
HIGH_CURRENT_W,946688520.0022217,0x19B50007,1,FALSE logic
HIGH_TEMPERATURE_W,946688520.0022217,0x19B50007,1,FALSE logic
CELL_OVERHEAT,946688520.0022217,0x19B50007,1,FALSE logic
NO_CURRENT_SENSOR,946688520.0022217,0x19B50007,1,FALSE logic
PACK_UNDER_VOLTAGE,946688520.0022217,0x19B50007,1,FALSE logic
VALIDITY,946688520.0022217,0x19B50007,1,39 state
APPS_RANGE_ERROR,946688520.0386297,0x18FF1515,1,"FALSE 0 no Error, 1 Error"
SAFETY_OK,946688520.0386297,0x18FF1515,1,"FALSE 0 no Error, 1 Error"
BRAKE,946688520.0386297,0x18FF1515,1,"0 1 noBrake, 2 Brake"
VCU_STATE,946688520.0386297,0x18FF1515,1,0
APS_PERC,946688520.0386297,0x18FF1515,1,"2.56 porcentagem pedal, precisão de 2 casas decimais"
APPS_RANGE_ERROR,946688520.1386452,0x18FF1515,1,"FALSE 0 no Error, 1 Error"
SAFETY_OK,946688520.1386452,0x18FF1515,1,"FALSE 0 no Error, 1 Error"
BRAKE,946688520.1386452,0x18FF1515,1,"0 1 noBrake, 2 Brake"
VCU_STATE,946688520.1386452,0x18FF1515,1,0
APS_PERC,946688520.1386452,0x18FF1515,1,"2.56 porcentagem pedal, precisão de 2 casas decimais"
UNDER_VOLTAGE,946688520.1991044,0x19B50007,1,FALSE logic
OVER_VOLTAGE,946688520.1991044,0x19B50007,1,FALSE logic
DISCHARGE_OVER_CURRENT,946688520.1991044,0x19B50007,1,FALSE logic
CHARGE_OVER_CURRENT,946688520.1991044,0x19B50007,1,FALSE logic
CELL_MODULE_OVERHEAT,946688520.1991044,0x19B50007,1,FALSE logic
LEAKAGE,946688520.1991044,0x19B50007,1,FALSE logic
NO_CELL_COMMUNICATION,946688520.1991044,0x19B50007,1,FALSE logic
LOW_VOLTAGE_W,946688520.1991044,0x19B50007,1,FALSE logic
HIGH_CURRENT_W,946688520.1991044,0x19B50007,1,FALSE logic
HIGH_TEMPERATURE_W,946688520.1991044,0x19B50007,1,FALSE logic
CELL_OVERHEAT,946688520.1991044,0x19B50007,1,FALSE logic
NO_CURRENT_SENSOR,946688520.1991044,0x19B50007,1,FALSE logic
PACK_UNDER_VOLTAGE,946688520.1991044,0x19B50007,1,FALSE logic
VALIDITY,946688520.1991044,0x19B50007,1,39 state
APPS_RANGE_ERROR,946688520.2386355,0x18FF1515,1,"FALSE 0 no Error, 1 Error"
SAFETY_OK,946688520.2386355,0x18FF1515,1,"FALSE 0 no Error, 1 Error"
BRAKE,946688520.2386355,0x18FF1515,1,"0 1 noBrake, 2 Brake"
VCU_STATE,946688520.2386355,0x18FF1515,1,0
APS_PERC,946688520.2386355,0x18FF1515,1,"2.56 porcentagem pedal, precisão de 2 casas decimais"
APPS_RANGE_ERROR,946688520.3386351,0x18FF1515,1,"FALSE 0 no Error, 1 Error"
SAFETY_OK,946688520.3386351,0x18FF1515,1,"FALSE 0 no Error, 1 Error"
BRAKE,946688520.3386351,0x18FF1515,1,"0 1 noBrake, 2 Brake"
VCU_STATE,946688520.3386351,0x18FF1515,1,0
APS_PERC,946688520.3386351,0x18FF1515,1,"2.56 porcentagem pedal, precisão de 2 casas decimais"
UNDER_VOLTAGE,946688520.39458,0x19B50007,1,FALSE logic
OVER_VOLTAGE,946688520.39458,0x19B50007,1,FALSE logic
DISCHARGE_OVER_CURRENT,946688520.39458,0x19B50007,1,FALSE logic
CHARGE_OVER_CURRENT,946688520.39458,0x19B50007,1,FALSE logic
CELL_MODULE_OVERHEAT,946688520.39458,0x19B50007,1,FALSE logic
LEAKAGE,946688520.39458,0x19B50007,1,FALSE logic
NO_CELL_COMMUNICATION,946688520.39458,0x19B50007,1,FALSE logic
LOW_VOLTAGE_W,946688520.39458,0x19B50007,1,FALSE logic
HIGH_CURRENT_W,946688520.39458,0x19B50007,1,FALSE logic
HIGH_TEMPERATURE_W,946688520.39458,0x19B50007,1,FALSE logic
CELL_OVERHEAT,946688520.39458,0x19B50007,1,FALSE logic
NO_CURRENT_SENSOR,946688520.39458,0x19B50007,1,FALSE logic
PACK_UNDER_VOLTAGE,946688520.39458,0x19B50007,1,FALSE logic
VALIDITY,946688520.39458,0x19B50007,1,39 state
APPS_RANGE_ERROR,946688520.4386252,0x18FF1515,1,"FALSE 0 no Error, 1 Error"
SAFETY_OK,946688520.4386252,0x18FF1515,1,"FALSE 0 no Error, 1 Error"
BRAKE,946688520.4386252,0x18FF1515,1,"0 1 noBrake, 2 Brake"
VCU_STATE,946688520.4386252,0x18FF1515,1,0
APS_PERC,946688520.4386252,0x18FF1515,1,"2.56 porcentagem pedal, precisão de 2 casas decimais"
APPS_RANGE_ERROR,946688520.5386298,0x18FF1515,1,"FALSE 0 no Error, 1 Error"
SAFETY_OK,946688520.5386298,0x18FF1515,1,"FALSE 0 no Error, 1 Error"
BRAKE,946688520.5386298,0x18FF1515,1,"0 1 noBrake, 2 Brake"
VCU_STATE,946688520.5386298,0x18FF1515,1,0
APS_PERC,946688520.5386298,0x18FF1515,1,"2.56 porcentagem pedal, precisão de 2 casas decimais"
UNDER_VOLTAGE,946688520.5950416,0x19B50007,1,FALSE logic
OVER_VOLTAGE,946688520.5950416,0x19B50007,1,FALSE logic
DISCHARGE_OVER_CURRENT,946688520.5950416,0x19B50007,1,FALSE logic
CHARGE_OVER_CURRENT,946688520.5950416,0x19B50007,1,FALSE logic
CELL_MODULE_OVERHEAT,946688520.5950416,0x19B50007,1,FALSE logic
LEAKAGE,946688520.5950416,0x19B50007,1,FALSE logic
NO_CELL_COMMUNICATION,946688520.5950416,0x19B50007,1,FALSE logic
LOW_VOLTAGE_W,946688520.5950416,0x19B50007,1,FALSE logic
HIGH_CURRENT_W,946688520.5950416,0x19B50007,1,FALSE logic
HIGH_TEMPERATURE_W,946688520.5950416,0x19B50007,1,FALSE logic
CELL_OVERHEAT,946688520.5950416,0x19B50007,1,FALSE logic
NO_CURRENT_SENSOR,946688520.5950416,0x19B50007,1,FALSE logic
PACK_UNDER_VOLTAGE,946688520.5950416,0x19B50007,1,FALSE logic
VALIDITY,946688520.5950416,0x19B50007,1,39 state
APPS_RANGE_ERROR,946688520.6386242,0x18FF1515,1,"FALSE 0 no Error, 1 Error"
SAFETY_OK,946688520.6386242,0x18FF1515,1,"FALSE 0 no Error, 1 Error"
BRAKE,946688520.6386242,0x18FF1515,1,"0 1 noBrake, 2 Brake"
VCU_STATE,946688520.6386242,0x18FF1515,1,0
APS_PERC,946688520.6386242,0x18FF1515,1,"2.56 porcentagem pedal, precisão de 2 casas decimais"
APPS_RANGE_ERROR,946688520.7386243,0x18FF1515,1,"FALSE 0 no Error, 1 Error"
SAFETY_OK,946688520.7386243,0x18FF1515,1,"FALSE 0 no Error, 1 Error"
BRAKE,946688520.7386243,0x18FF1515,1,"0 1 noBrake, 2 Brake"
VCU_STATE,946688520.7386243,0x18FF1515,1,0
APS_PERC,946688520.7386243,0x18FF1515,1,"2.56 porcentagem pedal, precisão de 2 casas decimais"
UNDER_VOLTAGE,946688520.8064092,0x19B50007,1,FALSE logic
OVER_VOLTAGE,946688520.8064092,0x19B50007,1,FALSE logic
DISCHARGE_OVER_CURRENT,946688520.8064092,0x19B50007,1,FALSE logic
CHARGE_OVER_CURRENT,946688520.8064092,0x19B50007,1,FALSE logic
CELL_MODULE_OVERHEAT,946688520.8064092,0x19B50007,1,FALSE logic
LEAKAGE,946688520.8064092,0x19B50007,1,FALSE logic
NO_CELL_COMMUNICATION,946688520.8064092,0x19B50007,1,FALSE logic
LOW_VOLTAGE_W,946688520.8064092,0x19B50007,1,FALSE logic
HIGH_CURRENT_W,946688520.8064092,0x19B50007,1,FALSE logic
HIGH_TEMPERATURE_W,946688520.8064092,0x19B50007,1,FALSE logic
CELL_OVERHEAT,946688520.8064092,0x19B50007,1,FALSE logic
NO_CURRENT_SENSOR,946688520.8064092,0x19B50007,1,FALSE logic
PACK_UNDER_VOLTAGE,946688520.8064092,0x19B50007,1,FALSE logic
VALIDITY,946688520.8064092,0x19B50007,1,39 state
APPS_RANGE_ERROR,946688520.8386246,0x18FF1515,1,"FALSE 0 no Error, 1 Error"
SAFETY_OK,946688520.8386246,0x18FF1515,1,"FALSE 0 no Error, 1 Error"
BRAKE,946688520.8386246,0x18FF1515,1,"0 1 noBrake, 2 Brake"
VCU_STATE,946688520.8386246,0x18FF1515,1,0
APS_PERC,946688520.8386246,0x18FF1515,1,"2.56 porcentagem pedal, precisão de 2 casas decimais"
APPS_RANGE_ERROR,946688520.9386576,0x18FF1515,1,"FALSE 0 no Error, 1 Error"
SAFETY_OK,946688520.9386576,0x18FF1515,1,"FALSE 0 no Error, 1 Error"
BRAKE,946688520.9386576,0x18FF1515,1,"0 1 noBrake, 2 Brake"
VCU_STATE,946688520.9386576,0x18FF1515,1,0
APS_PERC,946688520.9386576,0x18FF1515,1,"2.56 porcentagem pedal, precisão de 2 casas decimais"
UNDER_VOLTAGE,946688520.9976896,0x19B50007,1,FALSE logic
OVER_VOLTAGE,946688520.9976896,0x19B50007,1,FALSE logic
DISCHARGE_OVER_CURRENT,946688520.9976896,0x19B50007,1,FALSE logic
CHARGE_OVER_CURRENT,946688520.9976896,0x19B50007,1,FALSE logic
CELL_MODULE_OVERHEAT,946688520.9976896,0x19B50007,1,FALSE logic
LEAKAGE,946688520.9976896,0x19B50007,1,FALSE logic
NO_CELL_COMMUNICATION,946688520.9976896,0x19B50007,1,FALSE logic
LOW_VOLTAGE_W,946688520.9976896,0x19B50007,1,FALSE logic
HIGH_CURRENT_W,946688520.9976896,0x19B50007,1,FALSE logic
HIGH_TEMPERATURE_W,946688520.9976896,0x19B50007,1,FALSE logic
CELL_OVERHEAT,946688520.9976896,0x19B50007,1,FALSE logic
NO_CURRENT_SENSOR,946688520.9976896,0x19B50007,1,FALSE logic
PACK_UNDER_VOLTAGE,946688520.9976896,0x19B50007,1,FALSE logic
VALIDITY,946688520.9976896,0x19B50007,1,39 state
APPS_RANGE_ERROR,946688521.0386188,0x18FF1515,1,"FALSE 0 no Error, 1 Error"
SAFETY_OK,946688521.0386188,0x18FF1515,1,"FALSE 0 no Error, 1 Error"
BRAKE,946688521.0386188,0x18FF1515,1,"0 1 noBrake, 2 Brake"
VCU_STATE,946688521.0386188,0x18FF1515,1,0
APS_PERC,946688521.0386188,0x18FF1515,1,"2.56 porcentagem pedal, precisão de 2 casas decimais"
APPS_RANGE_ERROR,946688521.1386168,0x18FF1515,1,"FALSE 0 no Error, 1 Error"
SAFETY_OK,946688521.1386168,0x18FF1515,1,"FALSE 0 no Error, 1 Error"
BRAKE,946688521.1386168,0x18FF1515,1,"0 1 noBrake, 2 Brake"
VCU_STATE,946688521.1386168,0x18FF1515,1,0
APS_PERC,946688521.1386168,0x18FF1515,1,"2.56 porcentagem pedal, precisão de 2 casas decimais"
UNDER_VOLTAGE,946688521.1975131,0x19B50007,1,FALSE logic
OVER_VOLTAGE,946688521.1975131,0x19B50007,1,FALSE logic
DISCHARGE_OVER_CURRENT,946688521.1975131,0x19B50007,1,FALSE logic
CHARGE_OVER_CURRENT,946688521.1975131,0x19B50007,1,FALSE logic
CELL_MODULE_OVERHEAT,946688521.1975131,0x19B50007,1,FALSE logic
LEAKAGE,946688521.1975131,0x19B50007,1,FALSE logic
NO_CELL_COMMUNICATION,946688521.1975131,0x19B50007,1,FALSE logic
LOW_VOLTAGE_W,946688521.1975131,0x19B50007,1,FALSE logic
HIGH_CURRENT_W,946688521.1975131,0x19B50007,1,FALSE logic
HIGH_TEMPERATURE_W,946688521.1975131,0x19B50007,1,FALSE logic
CELL_OVERHEAT,946688521.1975131,0x19B50007,1,FALSE logic
NO_CURRENT_SENSOR,946688521.1975131,0x19B50007,1,FALSE logic
PACK_UNDER_VOLTAGE,946688521.1975131,0x19B50007,1,FALSE logic
VALIDITY,946688521.1975131,0x19B50007,1,39 state
APPS_RANGE_ERROR,946688521.2386514,0x18FF1515,1,"FALSE 0 no Error, 1 Error"
SAFETY_OK,946688521.2386514,0x18FF1515,1,"FALSE 0 no Error, 1 Error"
BRAKE,946688521.2386514,0x18FF1515,1,"0 1 noBrake, 2 Brake"
VCU_STATE,946688521.2386514,0x18FF1515,1,0
APS_PERC,946688521.2386514,0x18FF1515,1,"2.56 porcentagem pedal, precisão de 2 casas decimais"
APPS_RANGE_ERROR,946688521.3386194,0x18FF1515,1,"FALSE 0 no Error, 1 Error"
SAFETY_OK,946688521.3386194,0x18FF1515,1,"FALSE 0 no Error, 1 Error"
BRAKE,946688521.3386194,0x18FF1515,1,"0 1 noBrake, 2 Brake"
VCU_STATE,946688521.3386194,0x18FF1515,1,0
APS_PERC,946688521.3386194,0x18FF1515,1,"2.56 porcentagem pedal, precisão de 2 casas decimais"
UNDER_VOLTAGE,946688521.395405,0x19B50007,1,FALSE logic
OVER_VOLTAGE,946688521.395405,0x19B50007,1,FALSE logic
DISCHARGE_OVER_CURRENT,946688521.395405,0x19B50007,1,FALSE logic
CHARGE_OVER_CURRENT,946688521.395405,0x19B50007,1,FALSE logic
CELL_MODULE_OVERHEAT,946688521.395405,0x19B50007,1,FALSE logic
LEAKAGE,946688521.395405,0x19B50007,1,FALSE logic
NO_CELL_COMMUNICATION,946688521.395405,0x19B50007,1,FALSE logic
LOW_VOLTAGE_W,946688521.395405,0x19B50007,1,FALSE logic
HIGH_CURRENT_W,946688521.395405,0x19B50007,1,FALSE logic
HIGH_TEMPERATURE_W,946688521.395405,0x19B50007,1,FALSE logic
CELL_OVERHEAT,946688521.395405,0x19B50007,1,FALSE logic
NO_CURRENT_SENSOR,946688521.395405,0x19B50007,1,FALSE logic
PACK_UNDER_VOLTAGE,946688521.395405,0x19B50007,1,FALSE logic
VALIDITY,946688521.395405,0x19B50007,1,39 state
APPS_RANGE_ERROR,946688521.4386226,0x18FF1515,1,"FALSE 0 no Error, 1 Error"
SAFETY_OK,946688521.4386226,0x18FF1515,1,"FALSE 0 no Error, 1 Error"
BRAKE,946688521.4386226,0x18FF1515,1,"0 1 noBrake, 2 Brake"
VCU_STATE,946688521.4386226,0x18FF1515,1,0
APS_PERC,946688521.4386226,0x18FF1515,1,"2.56 porcentagem pedal, precisão de 2 casas decimais"
APPS_RANGE_ERROR,946688521.5386233,0x18FF1515,1,"FALSE 0 no Error, 1 Error"
SAFETY_OK,946688521.5386233,0x18FF1515,1,"FALSE 0 no Error, 1 Error"
BRAKE,946688521.5386233,0x18FF1515,1,"0 1 noBrake, 2 Brake"
VCU_STATE,946688521.5386233,0x18FF1515,1,0
APS_PERC,946688521.5386233,0x18FF1515,1,"2.56 porcentagem pedal, precisão de 2 casas decimais"
TCELL_0,946688521.5768985,0x19B50800,1,-100.00 °C
TCELL_0,946688521.5774021,0x19B50800,1,28.00 °C
TCELL_1,946688521.5774021,0x19B50800,1,28.00 °C
TCELL_2,946688521.5774021,0x19B50800,1,28.00 °C
TCELL_3,946688521.5774021,0x19B50800,1,28.00 °C
TCELL_4,946688521.5774021,0x19B50800,1,28.00 °C
TCELL_5,946688521.5774021,0x19B50800,1,155.00 °C
TCELL_6,946688521.5774021,0x19B50800,1,155.00 °C
TCELL_7,946688521.5774021,0x19B50800,1,155.00 °C
TCELL_8,946688521.5900708,0x19B50801,1,155.00 °C
TCELL_9,946688521.5900708,0x19B50801,1,155.00 °C
TCELL_10,946688521.5900708,0x19B50801,1,155.00 °C
TCELL_11,946688521.5900708,0x19B50801,1,155.00 °C
TCELL_12,946688521.5900708,0x19B50801,1,155.00 °C
TCELL_13,946688521.5900708,0x19B50801,1,155.00 °C
TCELL_14,946688521.5900708,0x19B50801,1,155.00 °C
TCELL_15,946688521.5900708,0x19B50801,1,155.00 °C
UNDER_VOLTAGE,946688521.6002855,0x19B50007,1,FALSE logic
OVER_VOLTAGE,946688521.6002855,0x19B50007,1,FALSE logic
DISCHARGE_OVER_CURRENT,946688521.6002855,0x19B50007,1,FALSE logic
CHARGE_OVER_CURRENT,946688521.6002855,0x19B50007,1,FALSE logic
CELL_MODULE_OVERHEAT,946688521.6002855,0x19B50007,1,FALSE logic
LEAKAGE,946688521.6002855,0x19B50007,1,FALSE logic
NO_CELL_COMMUNICATION,946688521.6002855,0x19B50007,1,FALSE logic
LOW_VOLTAGE_W,946688521.6002855,0x19B50007,1,FALSE logic
HIGH_CURRENT_W,946688521.6002855,0x19B50007,1,FALSE logic
HIGH_TEMPERATURE_W,946688521.6002855,0x19B50007,1,FALSE logic
CELL_OVERHEAT,946688521.6002855,0x19B50007,1,FALSE logic
NO_CURRENT_SENSOR,946688521.6002855,0x19B50007,1,FALSE logic
PACK_UNDER_VOLTAGE,946688521.6002855,0x19B50007,1,FALSE logic
VALIDITY,946688521.6002855,0x19B50007,1,39 state
TCELL_16,946688521.6144109,0x19B50802,1,28.00 °C
TCELL_17,946688521.6144109,0x19B50802,1,28.00 °C
TCELL_18,946688521.6144109,0x19B50802,1,28.00 °C
TCELL_19,946688521.6144109,0x19B50802,1,29.00 °C
TCELL_20,946688521.6144109,0x19B50802,1,28.00 °C
TCELL_21,946688521.6144109,0x19B50802,1,155.00 °C
TCELL_22,946688521.6144109,0x19B50802,1,155.00 °C
TCELL_23,946688521.6144109,0x19B50802,1,155.00 °C
TCELL_24,946688521.626633,0x19B50803,1,155.00 °C
TCELL_25,946688521.626633,0x19B50803,1,155.00 °C
TCELL_26,946688521.626633,0x19B50803,1,155.00 °C
TCELL_27,946688521.626633,0x19B50803,1,155.00 °C
TCELL_28,946688521.626633,0x19B50803,1,155.00 °C
TCELL_29,946688521.626633,0x19B50803,1,155.00 °C
TCELL_30,946688521.626633,0x19B50803,1,155.00 °C
TCELL_31,946688521.626633,0x19B50803,1,155.00 °C
APPS_RANGE_ERROR,946688521.6386218,0x18FF1515,1,"FALSE 0 no Error, 1 Error"
SAFETY_OK,946688521.6386218,0x18FF1515,1,"FALSE 0 no Error, 1 Error"
BRAKE,946688521.6386218,0x18FF1515,1,"0 1 noBrake, 2 Brake"
VCU_STATE,946688521.6386218,0x18FF1515,1,0
APS_PERC,946688521.6386218,0x18FF1515,1,"2.56 porcentagem pedal, precisão de 2 casas decimais"
APPS_RANGE_ERROR,946688521.7386135,0x18FF1515,1,"FALSE 0 no Error, 1 Error"
SAFETY_OK,946688521.7386135,0x18FF1515,1,"FALSE 0 no Error, 1 Error"
BRAKE,946688521.7386135,0x18FF1515,1,"0 1 noBrake, 2 Brake"
VCU_STATE,946688521.7386135,0x18FF1515,1,0
APS_PERC,946688521.7386135,0x18FF1515,1,"2.56 porcentagem pedal, precisão de 2 casas decimais"
UNDER_VOLTAGE,946688521.7937156,0x19B50007,1,FALSE logic
OVER_VOLTAGE,946688521.7937156,0x19B50007,1,FALSE logic
DISCHARGE_OVER_CURRENT,946688521.7937156,0x19B50007,1,FALSE logic
CHARGE_OVER_CURRENT,946688521.7937156,0x19B50007,1,FALSE logic
CELL_MODULE_OVERHEAT,946688521.7937156,0x19B50007,1,FALSE logic
LEAKAGE,946688521.7937156,0x19B50007,1,FALSE logic
NO_CELL_COMMUNICATION,946688521.7937156,0x19B50007,1,FALSE logic
LOW_VOLTAGE_W,946688521.7937156,0x19B50007,1,FALSE logic
HIGH_CURRENT_W,946688521.7937156,0x19B50007,1,FALSE logic
HIGH_TEMPERATURE_W,946688521.7937156,0x19B50007,1,FALSE logic
CELL_OVERHEAT,946688521.7937156,0x19B50007,1,FALSE logic
NO_CURRENT_SENSOR,946688521.7937156,0x19B50007,1,FALSE logic
PACK_UNDER_VOLTAGE,946688521.7937156,0x19B50007,1,FALSE logic
VALIDITY,946688521.7937156,0x19B50007,1,39 state
APPS_RANGE_ERROR,946688521.8386203,0x18FF1515,1,"FALSE 0 no Error, 1 Error"
SAFETY_OK,946688521.8386203,0x18FF1515,1,"FALSE 0 no Error, 1 Error"
BRAKE,946688521.8386203,0x18FF1515,1,"0 1 noBrake, 2 Brake"
VCU_STATE,946688521.8386203,0x18FF1515,1,0
APS_PERC,946688521.8386203,0x18FF1515,1,"2.56 porcentagem pedal, precisão de 2 casas decimais"
APPS_RANGE_ERROR,946688521.9387848,0x18FF1515,1,"FALSE 0 no Error, 1 Error"
SAFETY_OK,946688521.9387848,0x18FF1515,1,"FALSE 0 no Error, 1 Error"
BRAKE,946688521.9387848,0x18FF1515,1,"0 1 noBrake, 2 Brake"
VCU_STATE,946688521.9387848,0x18FF1515,1,0
APS_PERC,946688521.9387848,0x18FF1515,1,"2.56 porcentagem pedal, precisão de 2 casas decimais"
UNDER_VOLTAGE,946688521.9925442,0x19B50007,1,FALSE logic
OVER_VOLTAGE,946688521.9925442,0x19B50007,1,FALSE logic
DISCHARGE_OVER_CURRENT,946688521.9925442,0x19B50007,1,FALSE logic
CHARGE_OVER_CURRENT,946688521.9925442,0x19B50007,1,FALSE logic
CELL_MODULE_OVERHEAT,946688521.9925442,0x19B50007,1,FALSE logic
LEAKAGE,946688521.9925442,0x19B50007,1,FALSE logic
NO_CELL_COMMUNICATION,946688521.9925442,0x19B50007,1,FALSE logic
LOW_VOLTAGE_W,946688521.9925442,0x19B50007,1,FALSE logic
HIGH_CURRENT_W,946688521.9925442,0x19B50007,1,FALSE logic
HIGH_TEMPERATURE_W,946688521.9925442,0x19B50007,1,FALSE logic
CELL_OVERHEAT,946688521.9925442,0x19B50007,1,FALSE logic
NO_CURRENT_SENSOR,946688521.9925442,0x19B50007,1,FALSE logic
PACK_UNDER_VOLTAGE,946688521.9925442,0x19B50007,1,FALSE logic
VALIDITY,946688521.9925442,0x19B50007,1,39 state
APPS_RANGE_ERROR,946688522.0386192,0x18FF1515,1,"FALSE 0 no Error, 1 Error"
SAFETY_OK,946688522.0386192,0x18FF1515,1,"FALSE 0 no Error, 1 Error"
BRAKE,946688522.0386192,0x18FF1515,1,"0 1 noBrake, 2 Brake"
VCU_STATE,946688522.0386192,0x18FF1515,1,0
APS_PERC,946688522.0386192,0x18FF1515,1,"2.56 porcentagem pedal, precisão de 2 casas decimais"
VCELL_0,946688522.0650495,0x19B50100,1,2.00 V
VCELL_0,946688522.0658051,0x19B50100,1,3.96 V
VCELL_1,946688522.0658051,0x19B50100,1,3.95 V
VCELL_2,946688522.0658051,0x19B50100,1,3.95 V
VCELL_3,946688522.0658051,0x19B50100,1,3.95 V
VCELL_4,946688522.0658051,0x19B50100,1,3.95 V
VCELL_5,946688522.0658051,0x19B50100,1,3.95 V
VCELL_6,946688522.0658051,0x19B50100,1,3.95 V
VCELL_7,946688522.0658051,0x19B50100,1,3.95 V
VCELL_8,946688522.0781149,0x19B50101,1,3.95 V
VCELL_9,946688522.0781149,0x19B50101,1,3.95 V
VCELL_10,946688522.0781149,0x19B50101,1,3.95 V
VCELL_11,946688522.0781149,0x19B50101,1,3.95 V
VCELL_12,946688522.0781149,0x19B50101,1,3.95 V
VCELL_13,946688522.0781149,0x19B50101,1,3.95 V
VCELL_14,946688522.0781149,0x19B50101,1,3.95 V
VCELL_15,946688522.0781149,0x19B50101,1,3.95 V
VCELL_16,946688522.0910137,0x19B50102,1,3.95 V
VCELL_17,946688522.0910137,0x19B50102,1,3.95 V
VCELL_18,946688522.0910137,0x19B50102,1,3.95 V
VCELL_19,946688522.0910137,0x19B50102,1,3.95 V
VCELL_20,946688522.0910137,0x19B50102,1,3.95 V
VCELL_21,946688522.0910137,0x19B50102,1,3.97 V
VCELL_22,946688522.0910137,0x19B50102,1,3.95 V
VCELL_23,946688522.0910137,0x19B50102,1,3.95 V
VCELL_24,946688522.1153022,0x19B50103,1,3.95 V
VCELL_25,946688522.1153022,0x19B50103,1,3.96 V
VCELL_26,946688522.1153022,0x19B50103,1,3.95 V
VCELL_27,946688522.1153022,0x19B50103,1,3.95 V
VCELL_28,946688522.1153022,0x19B50103,1,3.97 V
VCELL_29,946688522.1153022,0x19B50103,1,3.95 V
VCELL_30,946688522.1153022,0x19B50103,1,3.95 V
VCELL_31,946688522.1153022,0x19B50103,1,3.95 V
VCELL_32,946688522.1278661,0x19B50104,1,3.94 V
VCELL_33,946688522.1278661,0x19B50104,1,3.95 V
VCELL_34,946688522.1278661,0x19B50104,1,3.95 V
VCELL_35,946688522.1278661,0x19B50104,1,3.95 V
VCELL_36,946688522.1278661,0x19B50104,1,3.95 V
VCELL_37,946688522.1278661,0x19B50104,1,3.95 V
VCELL_38,946688522.1278661,0x19B50104,1,3.95 V
VCELL_39,946688522.1278661,0x19B50104,1,3.95 V
APPS_RANGE_ERROR,946688522.1386154,0x18FF1515,1,"FALSE 0 no Error, 1 Error"
SAFETY_OK,946688522.1386154,0x18FF1515,1,"FALSE 0 no Error, 1 Error"
BRAKE,946688522.1386154,0x18FF1515,1,"0 1 noBrake, 2 Brake"
VCU_STATE,946688522.1386154,0x18FF1515,1,0
APS_PERC,946688522.1386154,0x18FF1515,1,"2.56 porcentagem pedal, precisão de 2 casas decimais"
VCELL_40,946688522.1403909,0x19B50105,1,3.95 V
VCELL_41,946688522.1403909,0x19B50105,1,3.95 V
VCELL_42,946688522.1403909,0x19B50105,1,3.95 V
VCELL_43,946688522.1403909,0x19B50105,1,3.95 V
VCELL_44,946688522.1403909,0x19B50105,1,3.95 V
VCELL_45,946688522.1403909,0x19B50105,1,3.95 V
VCELL_46,946688522.1403909,0x19B50105,1,3.95 V
VCELL_47,946688522.1403909,0x19B50105,1,3.95 V
VCELL_48,946688522.15394,0x19B50106,1,3.95 V
VCELL_49,946688522.15394,0x19B50106,1,3.95 V
VCELL_50,946688522.15394,0x19B50106,1,3.95 V
VCELL_51,946688522.15394,0x19B50106,1,3.95 V
VCELL_52,946688522.15394,0x19B50106,1,3.95 V
VCELL_53,946688522.15394,0x19B50106,1,3.95 V
VCELL_54,946688522.15394,0x19B50106,1,3.95 V
VCELL_55,946688522.15394,0x19B50106,1,3.95 V
VCELL_56,946688522.1682782,0x19B50107,1,3.95 V
VCELL_57,946688522.1682782,0x19B50107,1,3.95 V
VCELL_58,946688522.1682782,0x19B50107,1,3.95 V
VCELL_59,946688522.1682782,0x19B50107,1,3.95 V
VCELL_60,946688522.1682782,0x19B50107,1,3.95 V
VCELL_61,946688522.1682782,0x19B50107,1,3.95 V
VCELL_62,946688522.1682782,0x19B50107,1,3.95 V
VCELL_63,946688522.1682782,0x19B50107,1,3.95 V
VCELL_64,946688522.1810694,0x19B50108,1,3.92 V
VCELL_65,946688522.1810694,0x19B50108,1,3.94 V
VCELL_66,946688522.1810694,0x19B50108,1,3.95 V
VCELL_67,946688522.1810694,0x19B50108,1,3.95 V
VCELL_68,946688522.1810694,0x19B50108,1,3.96 V
VCELL_69,946688522.1810694,0x19B50108,1,3.96 V
VCELL_70,946688522.1810694,0x19B50108,1,3.94 V
VCELL_71,946688522.1810694,0x19B50108,1,3.95 V
VCELL_72,946688522.2056876,0x19B50109,1,3.97 V
VCELL_73,946688522.2056876,0x19B50109,1,3.95 V
VCELL_74,946688522.2056876,0x19B50109,1,3.95 V
VCELL_75,946688522.2056876,0x19B50109,1,3.96 V
VCELL_76,946688522.2056876,0x19B50109,1,3.94 V
VCELL_77,946688522.2056876,0x19B50109,1,3.95 V
VCELL_78,946688522.2056876,0x19B50109,1,3.95 V
VCELL_79,946688522.2056876,0x19B50109,1,3.95 V
UNDER_VOLTAGE,946688522.2148944,0x19B50007,1,FALSE logic
OVER_VOLTAGE,946688522.2148944,0x19B50007,1,FALSE logic
DISCHARGE_OVER_CURRENT,946688522.2148944,0x19B50007,1,FALSE logic
CHARGE_OVER_CURRENT,946688522.2148944,0x19B50007,1,FALSE logic
CELL_MODULE_OVERHEAT,946688522.2148944,0x19B50007,1,FALSE logic
LEAKAGE,946688522.2148944,0x19B50007,1,FALSE logic
NO_CELL_COMMUNICATION,946688522.2148944,0x19B50007,1,FALSE logic
LOW_VOLTAGE_W,946688522.2148944,0x19B50007,1,FALSE logic
HIGH_CURRENT_W,946688522.2148944,0x19B50007,1,FALSE logic
HIGH_TEMPERATURE_W,946688522.2148944,0x19B50007,1,FALSE logic
CELL_OVERHEAT,946688522.2148944,0x19B50007,1,FALSE logic
NO_CURRENT_SENSOR,946688522.2148944,0x19B50007,1,FALSE logic
PACK_UNDER_VOLTAGE,946688522.2148944,0x19B50007,1,FALSE logic
VALIDITY,946688522.2148944,0x19B50007,1,39 state
VCELL_80,946688522.2301261,0x19B5010A,1,3.95 V
VCELL_81,946688522.2301261,0x19B5010A,1,3.95 V
VCELL_82,946688522.2301261,0x19B5010A,1,3.95 V
VCELL_83,946688522.2301261,0x19B5010A,1,3.95 V
VCELL_84,946688522.2301261,0x19B5010A,1,3.95 V
VCELL_85,946688522.2301261,0x19B5010A,1,3.95 V
VCELL_86,946688522.2301261,0x19B5010A,1,3.95 V
VCELL_87,946688522.2301261,0x19B5010A,1,3.95 V
APPS_RANGE_ERROR,946688522.2386167,0x18FF1515,1,"FALSE 0 no Error, 1 Error"
SAFETY_OK,946688522.2386167,0x18FF1515,1,"FALSE 0 no Error, 1 Error"
BRAKE,946688522.2386167,0x18FF1515,1,"0 1 noBrake, 2 Brake"
VCU_STATE,946688522.2386167,0x18FF1515,1,0
APS_PERC,946688522.2386167,0x18FF1515,1,"2.56 porcentagem pedal, precisão de 2 casas decimais"
VCELL_88,946688522.2427206,0x19B5010B,1,3.95 V
VCELL_89,946688522.2427206,0x19B5010B,1,3.95 V
VCELL_90,946688522.2427206,0x19B5010B,1,3.95 V
VCELL_91,946688522.2427206,0x19B5010B,1,3.98 V
VCELL_92,946688522.2427206,0x19B5010B,1,3.97 V
VCELL_93,946688522.2427206,0x19B5010B,1,3.95 V
VCELL_94,946688522.2427206,0x19B5010B,1,3.95 V
VCELL_95,946688522.2427206,0x19B5010B,1,3.95 V
APPS_RANGE_ERROR,946688522.3386203,0x18FF1515,1,"FALSE 0 no Error, 1 Error"
SAFETY_OK,946688522.3386203,0x18FF1515,1,"FALSE 0 no Error, 1 Error"
BRAKE,946688522.3386203,0x18FF1515,1,"0 1 noBrake, 2 Brake"
VCU_STATE,946688522.3386203,0x18FF1515,1,0
APS_PERC,946688522.3386203,0x18FF1515,1,"2.56 porcentagem pedal, precisão de 2 casas decimais"
UNDER_VOLTAGE,946688522.407496,0x19B50007,1,FALSE logic
OVER_VOLTAGE,946688522.407496,0x19B50007,1,FALSE logic
DISCHARGE_OVER_CURRENT,946688522.407496,0x19B50007,1,FALSE logic
CHARGE_OVER_CURRENT,946688522.407496,0x19B50007,1,FALSE logic
CELL_MODULE_OVERHEAT,946688522.407496,0x19B50007,1,FALSE logic
LEAKAGE,946688522.407496,0x19B50007,1,FALSE logic
NO_CELL_COMMUNICATION,946688522.407496,0x19B50007,1,FALSE logic
LOW_VOLTAGE_W,946688522.407496,0x19B50007,1,FALSE logic
HIGH_CURRENT_W,946688522.407496,0x19B50007,1,FALSE logic
HIGH_TEMPERATURE_W,946688522.407496,0x19B50007,1,FALSE logic
CELL_OVERHEAT,946688522.407496,0x19B50007,1,FALSE logic
NO_CURRENT_SENSOR,946688522.407496,0x19B50007,1,FALSE logic
PACK_UNDER_VOLTAGE,946688522.407496,0x19B50007,1,FALSE logic
VALIDITY,946688522.407496,0x19B50007,1,39 state
APPS_RANGE_ERROR,946688522.4386085,0x18FF1515,1,"FALSE 0 no Error, 1 Error"
SAFETY_OK,946688522.4386085,0x18FF1515,1,"FALSE 0 no Error, 1 Error"
BRAKE,946688522.4386085,0x18FF1515,1,"0 1 noBrake, 2 Brake"
VCU_STATE,946688522.4386085,0x18FF1515,1,0
APS_PERC,946688522.4386085,0x18FF1515,1,"2.56 porcentagem pedal, precisão de 2 casas decimais"
APPS_RANGE_ERROR,946688522.5386165,0x18FF1515,1,"FALSE 0 no Error, 1 Error"
SAFETY_OK,946688522.5386165,0x18FF1515,1,"FALSE 0 no Error, 1 Error"
BRAKE,946688522.5386165,0x18FF1515,1,"0 1 noBrake, 2 Brake"
VCU_STATE,946688522.5386165,0x18FF1515,1,0
APS_PERC,946688522.5386165,0x18FF1515,1,"2.56 porcentagem pedal, precisão de 2 casas decimais"
UNDER_VOLTAGE,946688522.620134,0x19B50007,1,FALSE logic
OVER_VOLTAGE,946688522.620134,0x19B50007,1,FALSE logic
DISCHARGE_OVER_CURRENT,946688522.620134,0x19B50007,1,FALSE logic
CHARGE_OVER_CURRENT,946688522.620134,0x19B50007,1,FALSE logic
CELL_MODULE_OVERHEAT,946688522.620134,0x19B50007,1,FALSE logic
LEAKAGE,946688522.620134,0x19B50007,1,FALSE logic
NO_CELL_COMMUNICATION,946688522.620134,0x19B50007,1,FALSE logic
LOW_VOLTAGE_W,946688522.620134,0x19B50007,1,FALSE logic
HIGH_CURRENT_W,946688522.620134,0x19B50007,1,FALSE logic
HIGH_TEMPERATURE_W,946688522.620134,0x19B50007,1,FALSE logic
CELL_OVERHEAT,946688522.620134,0x19B50007,1,FALSE logic
NO_CURRENT_SENSOR,946688522.620134,0x19B50007,1,FALSE logic
PACK_UNDER_VOLTAGE,946688522.620134,0x19B50007,1,FALSE logic
VALIDITY,946688522.620134,0x19B50007,1,39 state
APPS_RANGE_ERROR,946688522.6386082,0x18FF1515,1,"FALSE 0 no Error, 1 Error"
SAFETY_OK,946688522.6386082,0x18FF1515,1,"FALSE 0 no Error, 1 Error"
BRAKE,946688522.6386082,0x18FF1515,1,"0 1 noBrake, 2 Brake"
VCU_STATE,946688522.6386082,0x18FF1515,1,0
APS_PERC,946688522.6386082,0x18FF1515,1,"2.56 porcentagem pedal, precisão de 2 casas decimais"
APPS_RANGE_ERROR,946688522.7386055,0x18FF1515,1,"FALSE 0 no Error, 1 Error"
SAFETY_OK,946688522.7386055,0x18FF1515,1,"FALSE 0 no Error, 1 Error"
BRAKE,946688522.7386055,0x18FF1515,1,"0 1 noBrake, 2 Brake"
VCU_STATE,946688522.7386055,0x18FF1515,1,0
APS_PERC,946688522.7386055,0x18FF1515,1,"2.56 porcentagem pedal, precisão de 2 casas decimais"
UNDER_VOLTAGE,946688522.7916042,0x19B50007,1,FALSE logic
OVER_VOLTAGE,946688522.7916042,0x19B50007,1,FALSE logic
DISCHARGE_OVER_CURRENT,946688522.7916042,0x19B50007,1,FALSE logic
CHARGE_OVER_CURRENT,946688522.7916042,0x19B50007,1,FALSE logic
CELL_MODULE_OVERHEAT,946688522.7916042,0x19B50007,1,FALSE logic
LEAKAGE,946688522.7916042,0x19B50007,1,FALSE logic
NO_CELL_COMMUNICATION,946688522.7916042,0x19B50007,1,FALSE logic
LOW_VOLTAGE_W,946688522.7916042,0x19B50007,1,FALSE logic
HIGH_CURRENT_W,946688522.7916042,0x19B50007,1,FALSE logic
HIGH_TEMPERATURE_W,946688522.7916042,0x19B50007,1,FALSE logic
CELL_OVERHEAT,946688522.7916042,0x19B50007,1,FALSE logic
NO_CURRENT_SENSOR,946688522.7916042,0x19B50007,1,FALSE logic
PACK_UNDER_VOLTAGE,946688522.7916042,0x19B50007,1,FALSE logic
VALIDITY,946688522.7916042,0x19B50007,1,39 state
APPS_RANGE_ERROR,946688522.8386081,0x18FF1515,1,"FALSE 0 no Error, 1 Error"
SAFETY_OK,946688522.8386081,0x18FF1515,1,"FALSE 0 no Error, 1 Error"
BRAKE,946688522.8386081,0x18FF1515,1,"0 1 noBrake, 2 Brake"
VCU_STATE,946688522.8386081,0x18FF1515,1,0
APS_PERC,946688522.8386081,0x18FF1515,1,"2.56 porcentagem pedal, precisão de 2 casas decimais"
APPS_RANGE_ERROR,946688522.9386059,0x18FF1515,1,"FALSE 0 no Error, 1 Error"
SAFETY_OK,946688522.9386059,0x18FF1515,1,"FALSE 0 no Error, 1 Error"
BRAKE,946688522.9386059,0x18FF1515,1,"0 1 noBrake, 2 Brake"
VCU_STATE,946688522.9386059,0x18FF1515,1,0
APS_PERC,946688522.9386059,0x18FF1515,1,"2.56 porcentagem pedal, precisão de 2 casas decimais"
UNDER_VOLTAGE,946688522.9981217,0x19B50007,1,FALSE logic
OVER_VOLTAGE,946688522.9981217,0x19B50007,1,FALSE logic
DISCHARGE_OVER_CURRENT,946688522.9981217,0x19B50007,1,FALSE logic
CHARGE_OVER_CURRENT,946688522.9981217,0x19B50007,1,FALSE logic
CELL_MODULE_OVERHEAT,946688522.9981217,0x19B50007,1,FALSE logic
LEAKAGE,946688522.9981217,0x19B50007,1,FALSE logic
NO_CELL_COMMUNICATION,946688522.9981217,0x19B50007,1,FALSE logic
LOW_VOLTAGE_W,946688522.9981217,0x19B50007,1,FALSE logic
HIGH_CURRENT_W,946688522.9981217,0x19B50007,1,FALSE logic
HIGH_TEMPERATURE_W,946688522.9981217,0x19B50007,1,FALSE logic
CELL_OVERHEAT,946688522.9981217,0x19B50007,1,FALSE logic
NO_CURRENT_SENSOR,946688522.9981217,0x19B50007,1,FALSE logic
PACK_UNDER_VOLTAGE,946688522.9981217,0x19B50007,1,FALSE logic
VALIDITY,946688522.9981217,0x19B50007,1,39 state
APPS_RANGE_ERROR,946688523.0386041,0x18FF1515,1,"FALSE 0 no Error, 1 Error"
SAFETY_OK,946688523.0386041,0x18FF1515,1,"FALSE 0 no Error, 1 Error"
BRAKE,946688523.0386041,0x18FF1515,1,"0 1 noBrake, 2 Brake"
VCU_STATE,946688523.0386041,0x18FF1515,1,0
APS_PERC,946688523.0386041,0x18FF1515,1,"2.56 porcentagem pedal, precisão de 2 casas decimais"
APPS_RANGE_ERROR,946688523.138628,0x18FF1515,1,"FALSE 0 no Error, 1 Error"
SAFETY_OK,946688523.138628,0x18FF1515,1,"FALSE 0 no Error, 1 Error"
BRAKE,946688523.138628,0x18FF1515,1,"0 1 noBrake, 2 Brake"
VCU_STATE,946688523.138628,0x18FF1515,1,0
APS_PERC,946688523.138628,0x18FF1515,1,"2.56 porcentagem pedal, precisão de 2 casas decimais"
UNDER_VOLTAGE,946688523.20146,0x19B50007,1,FALSE logic
OVER_VOLTAGE,946688523.20146,0x19B50007,1,FALSE logic
DISCHARGE_OVER_CURRENT,946688523.20146,0x19B50007,1,FALSE logic
CHARGE_OVER_CURRENT,946688523.20146,0x19B50007,1,FALSE logic
CELL_MODULE_OVERHEAT,946688523.20146,0x19B50007,1,FALSE logic
LEAKAGE,946688523.20146,0x19B50007,1,FALSE logic
NO_CELL_COMMUNICATION,946688523.20146,0x19B50007,1,FALSE logic
LOW_VOLTAGE_W,946688523.20146,0x19B50007,1,FALSE logic
HIGH_CURRENT_W,946688523.20146,0x19B50007,1,FALSE logic
HIGH_TEMPERATURE_W,946688523.20146,0x19B50007,1,FALSE logic
CELL_OVERHEAT,946688523.20146,0x19B50007,1,FALSE logic
NO_CURRENT_SENSOR,946688523.20146,0x19B50007,1,FALSE logic
PACK_UNDER_VOLTAGE,946688523.20146,0x19B50007,1,FALSE logic
VALIDITY,946688523.20146,0x19B50007,1,39 state
APPS_RANGE_ERROR,946688523.2386044,0x18FF1515,1,"FALSE 0 no Error, 1 Error"
SAFETY_OK,946688523.2386044,0x18FF1515,1,"FALSE 0 no Error, 1 Error"
BRAKE,946688523.2386044,0x18FF1515,1,"0 1 noBrake, 2 Brake"
VCU_STATE,946688523.2386044,0x18FF1515,1,0
APS_PERC,946688523.2386044,0x18FF1515,1,"2.56 porcentagem pedal, precisão de 2 casas decimais"
APPS_RANGE_ERROR,946688523.3386017,0x18FF1515,1,"FALSE 0 no Error, 1 Error"
SAFETY_OK,946688523.3386017,0x18FF1515,1,"FALSE 0 no Error, 1 Error"
BRAKE,946688523.3386017,0x18FF1515,1,"0 1 noBrake, 2 Brake"
VCU_STATE,946688523.3386017,0x18FF1515,1,0
APS_PERC,946688523.3386017,0x18FF1515,1,"2.56 porcentagem pedal, precisão de 2 casas decimais"
UNDER_VOLTAGE,946688523.3904388,0x19B50007,1,FALSE logic
OVER_VOLTAGE,946688523.3904388,0x19B50007,1,FALSE logic
DISCHARGE_OVER_CURRENT,946688523.3904388,0x19B50007,1,FALSE logic
CHARGE_OVER_CURRENT,946688523.3904388,0x19B50007,1,FALSE logic
CELL_MODULE_OVERHEAT,946688523.3904388,0x19B50007,1,FALSE logic
LEAKAGE,946688523.3904388,0x19B50007,1,FALSE logic
NO_CELL_COMMUNICATION,946688523.3904388,0x19B50007,1,FALSE logic
LOW_VOLTAGE_W,946688523.3904388,0x19B50007,1,FALSE logic
HIGH_CURRENT_W,946688523.3904388,0x19B50007,1,FALSE logic
HIGH_TEMPERATURE_W,946688523.3904388,0x19B50007,1,FALSE logic
CELL_OVERHEAT,946688523.3904388,0x19B50007,1,FALSE logic
NO_CURRENT_SENSOR,946688523.3904388,0x19B50007,1,FALSE logic
PACK_UNDER_VOLTAGE,946688523.3904388,0x19B50007,1,FALSE logic
VALIDITY,946688523.3904388,0x19B50007,1,39 state
APPS_RANGE_ERROR,946688523.4386386,0x18FF1515,1,"FALSE 0 no Error, 1 Error"
SAFETY_OK,946688523.4386386,0x18FF1515,1,"FALSE 0 no Error, 1 Error"
BRAKE,946688523.4386386,0x18FF1515,1,"0 1 noBrake, 2 Brake"
VCU_STATE,946688523.4386386,0x18FF1515,1,0
APS_PERC,946688523.4386386,0x18FF1515,1,"2.56 porcentagem pedal, precisão de 2 casas decimais"
APPS_RANGE_ERROR,946688523.538606,0x18FF1515,1,"FALSE 0 no Error, 1 Error"
SAFETY_OK,946688523.538606,0x18FF1515,1,"FALSE 0 no Error, 1 Error"
BRAKE,946688523.538606,0x18FF1515,1,"0 1 noBrake, 2 Brake"
VCU_STATE,946688523.538606,0x18FF1515,1,0
APS_PERC,946688523.538606,0x18FF1515,1,"2.56 porcentagem pedal, precisão de 2 casas decimais"
UNDER_VOLTAGE,946688523.6018925,0x19B50007,1,FALSE logic
OVER_VOLTAGE,946688523.6018925,0x19B50007,1,FALSE logic
DISCHARGE_OVER_CURRENT,946688523.6018925,0x19B50007,1,FALSE logic
CHARGE_OVER_CURRENT,946688523.6018925,0x19B50007,1,FALSE logic
CELL_MODULE_OVERHEAT,946688523.6018925,0x19B50007,1,FALSE logic
LEAKAGE,946688523.6018925,0x19B50007,1,FALSE logic
NO_CELL_COMMUNICATION,946688523.6018925,0x19B50007,1,FALSE logic
LOW_VOLTAGE_W,946688523.6018925,0x19B50007,1,FALSE logic
HIGH_CURRENT_W,946688523.6018925,0x19B50007,1,FALSE logic
HIGH_TEMPERATURE_W,946688523.6018925,0x19B50007,1,FALSE logic
CELL_OVERHEAT,946688523.6018925,0x19B50007,1,FALSE logic
NO_CURRENT_SENSOR,946688523.6018925,0x19B50007,1,FALSE logic
PACK_UNDER_VOLTAGE,946688523.6018925,0x19B50007,1,FALSE logic
VALIDITY,946688523.6018925,0x19B50007,1,39 state
APPS_RANGE_ERROR,946688523.6386005,0x18FF1515,1,"FALSE 0 no Error, 1 Error"
SAFETY_OK,946688523.6386005,0x18FF1515,1,"FALSE 0 no Error, 1 Error"
BRAKE,946688523.6386005,0x18FF1515,1,"0 1 noBrake, 2 Brake"
VCU_STATE,946688523.6386005,0x18FF1515,1,0
APS_PERC,946688523.6386005,0x18FF1515,1,"2.56 porcentagem pedal, precisão de 2 casas decimais"
APPS_RANGE_ERROR,946688523.7385991,0x18FF1515,1,"FALSE 0 no Error, 1 Error"
SAFETY_OK,946688523.7385991,0x18FF1515,1,"FALSE 0 no Error, 1 Error"
BRAKE,946688523.7385991,0x18FF1515,1,"0 1 noBrake, 2 Brake"
VCU_STATE,946688523.7385991,0x18FF1515,1,0
APS_PERC,946688523.7385991,0x18FF1515,1,"2.56 porcentagem pedal, precisão de 2 casas decimais"
UNDER_VOLTAGE,946688523.7922328,0x19B50007,1,FALSE logic
OVER_VOLTAGE,946688523.7922328,0x19B50007,1,FALSE logic
DISCHARGE_OVER_CURRENT,946688523.7922328,0x19B50007,1,FALSE logic
CHARGE_OVER_CURRENT,946688523.7922328,0x19B50007,1,FALSE logic
CELL_MODULE_OVERHEAT,946688523.7922328,0x19B50007,1,FALSE logic
LEAKAGE,946688523.7922328,0x19B50007,1,FALSE logic
NO_CELL_COMMUNICATION,946688523.7922328,0x19B50007,1,FALSE logic
LOW_VOLTAGE_W,946688523.7922328,0x19B50007,1,FALSE logic
HIGH_CURRENT_W,946688523.7922328,0x19B50007,1,FALSE logic
HIGH_TEMPERATURE_W,946688523.7922328,0x19B50007,1,FALSE logic
CELL_OVERHEAT,946688523.7922328,0x19B50007,1,FALSE logic
NO_CURRENT_SENSOR,946688523.7922328,0x19B50007,1,FALSE logic
PACK_UNDER_VOLTAGE,946688523.7922328,0x19B50007,1,FALSE logic
VALIDITY,946688523.7922328,0x19B50007,1,39 state
APPS_RANGE_ERROR,946688523.8385963,0x18FF1515,1,"FALSE 0 no Error, 1 Error"
SAFETY_OK,946688523.8385963,0x18FF1515,1,"FALSE 0 no Error, 1 Error"
BRAKE,946688523.8385963,0x18FF1515,1,"0 1 noBrake, 2 Brake"
VCU_STATE,946688523.8385963,0x18FF1515,1,0
APS_PERC,946688523.8385963,0x18FF1515,1,"2.56 porcentagem pedal, precisão de 2 casas decimais"
APPS_RANGE_ERROR,946688523.9385945,0x18FF1515,1,"FALSE 0 no Error, 1 Error"
SAFETY_OK,946688523.9385945,0x18FF1515,1,"FALSE 0 no Error, 1 Error"
BRAKE,946688523.9385945,0x18FF1515,1,"0 1 noBrake, 2 Brake"
VCU_STATE,946688523.9385945,0x18FF1515,1,0
APS_PERC,946688523.9385945,0x18FF1515,1,"2.56 porcentagem pedal, precisão de 2 casas decimais"
UNDER_VOLTAGE,946688523.9953183,0x19B50007,1,FALSE logic
OVER_VOLTAGE,946688523.9953183,0x19B50007,1,FALSE logic
DISCHARGE_OVER_CURRENT,946688523.9953183,0x19B50007,1,FALSE logic
CHARGE_OVER_CURRENT,946688523.9953183,0x19B50007,1,FALSE logic
CELL_MODULE_OVERHEAT,946688523.9953183,0x19B50007,1,FALSE logic
LEAKAGE,946688523.9953183,0x19B50007,1,FALSE logic
NO_CELL_COMMUNICATION,946688523.9953183,0x19B50007,1,FALSE logic
LOW_VOLTAGE_W,946688523.9953183,0x19B50007,1,FALSE logic
HIGH_CURRENT_W,946688523.9953183,0x19B50007,1,FALSE logic
HIGH_TEMPERATURE_W,946688523.9953183,0x19B50007,1,FALSE logic
CELL_OVERHEAT,946688523.9953183,0x19B50007,1,FALSE logic
NO_CURRENT_SENSOR,946688523.9953183,0x19B50007,1,FALSE logic
PACK_UNDER_VOLTAGE,946688523.9953183,0x19B50007,1,FALSE logic
VALIDITY,946688523.9953183,0x19B50007,1,39 state
TCELL_0,946688524.0114053,0x19B50800,1,-100.00 °C
TCELL_0,946688524.0120008,0x19B50800,1,28.00 °C
TCELL_1,946688524.0120008,0x19B50800,1,28.00 °C
TCELL_2,946688524.0120008,0x19B50800,1,28.00 °C
TCELL_3,946688524.0120008,0x19B50800,1,28.00 °C
TCELL_4,946688524.0120008,0x19B50800,1,28.00 °C
TCELL_5,946688524.0120008,0x19B50800,1,155.00 °C
TCELL_6,946688524.0120008,0x19B50800,1,155.00 °C
TCELL_7,946688524.0120008,0x19B50800,1,155.00 °C
TCELL_8,946688524.024589,0x19B50801,1,155.00 °C
TCELL_9,946688524.024589,0x19B50801,1,155.00 °C
TCELL_10,946688524.024589,0x19B50801,1,155.00 °C
TCELL_11,946688524.024589,0x19B50801,1,155.00 °C
TCELL_12,946688524.024589,0x19B50801,1,155.00 °C
TCELL_13,946688524.024589,0x19B50801,1,155.00 °C
TCELL_14,946688524.024589,0x19B50801,1,155.00 °C
TCELL_15,946688524.024589,0x19B50801,1,155.00 °C
TCELL_16,946688524.0369017,0x19B50802,1,28.00 °C
TCELL_17,946688524.0369017,0x19B50802,1,28.00 °C
TCELL_18,946688524.0369017,0x19B50802,1,28.00 °C
TCELL_19,946688524.0369017,0x19B50802,1,29.00 °C
TCELL_20,946688524.0369017,0x19B50802,1,28.00 °C
TCELL_21,946688524.0369017,0x19B50802,1,155.00 °C
TCELL_22,946688524.0369017,0x19B50802,1,155.00 °C
TCELL_23,946688524.0369017,0x19B50802,1,155.00 °C
APPS_RANGE_ERROR,946688524.038592,0x18FF1515,1,"FALSE 0 no Error, 1 Error"
SAFETY_OK,946688524.038592,0x18FF1515,1,"FALSE 0 no Error, 1 Error"
BRAKE,946688524.038592,0x18FF1515,1,"0 1 noBrake, 2 Brake"
VCU_STATE,946688524.038592,0x18FF1515,1,0
APS_PERC,946688524.038592,0x18FF1515,1,"2.56 porcentagem pedal, precisão de 2 casas decimais"
TCELL_24,946688524.0496609,0x19B50803,1,155.00 °C
TCELL_25,946688524.0496609,0x19B50803,1,155.00 °C
TCELL_26,946688524.0496609,0x19B50803,1,155.00 °C
TCELL_27,946688524.0496609,0x19B50803,1,155.00 °C
TCELL_28,946688524.0496609,0x19B50803,1,155.00 °C
TCELL_29,946688524.0496609,0x19B50803,1,155.00 °C
TCELL_30,946688524.0496609,0x19B50803,1,155.00 °C
TCELL_31,946688524.0496609,0x19B50803,1,155.00 °C
APPS_RANGE_ERROR,946688524.138595,0x18FF1515,1,"FALSE 0 no Error, 1 Error"
SAFETY_OK,946688524.138595,0x18FF1515,1,"FALSE 0 no Error, 1 Error"
BRAKE,946688524.138595,0x18FF1515,1,"0 1 noBrake, 2 Brake"
VCU_STATE,946688524.138595,0x18FF1515,1,0
APS_PERC,946688524.138595,0x18FF1515,1,"2.56 porcentagem pedal, precisão de 2 casas decimais"
UNDER_VOLTAGE,946688524.2002612,0x19B50007,1,FALSE logic
OVER_VOLTAGE,946688524.2002612,0x19B50007,1,FALSE logic
DISCHARGE_OVER_CURRENT,946688524.2002612,0x19B50007,1,FALSE logic
CHARGE_OVER_CURRENT,946688524.2002612,0x19B50007,1,FALSE logic
CELL_MODULE_OVERHEAT,946688524.2002612,0x19B50007,1,FALSE logic
LEAKAGE,946688524.2002612,0x19B50007,1,FALSE logic
NO_CELL_COMMUNICATION,946688524.2002612,0x19B50007,1,FALSE logic
LOW_VOLTAGE_W,946688524.2002612,0x19B50007,1,FALSE logic
HIGH_CURRENT_W,946688524.2002612,0x19B50007,1,FALSE logic
HIGH_TEMPERATURE_W,946688524.2002612,0x19B50007,1,FALSE logic
CELL_OVERHEAT,946688524.2002612,0x19B50007,1,FALSE logic
NO_CURRENT_SENSOR,946688524.2002612,0x19B50007,1,FALSE logic
PACK_UNDER_VOLTAGE,946688524.2002612,0x19B50007,1,FALSE logic
VALIDITY,946688524.2002612,0x19B50007,1,39 state
APPS_RANGE_ERROR,946688524.2386059,0x18FF1515,1,"FALSE 0 no Error, 1 Error"
SAFETY_OK,946688524.2386059,0x18FF1515,1,"FALSE 0 no Error, 1 Error"
BRAKE,946688524.2386059,0x18FF1515,1,"0 1 noBrake, 2 Brake"
VCU_STATE,946688524.2386059,0x18FF1515,1,0
APS_PERC,946688524.2386059,0x18FF1515,1,"2.56 porcentagem pedal, precisão de 2 casas decimais"
APPS_RANGE_ERROR,946688524.3385931,0x18FF1515,1,"FALSE 0 no Error, 1 Error"
SAFETY_OK,946688524.3385931,0x18FF1515,1,"FALSE 0 no Error, 1 Error"
BRAKE,946688524.3385931,0x18FF1515,1,"0 1 noBrake, 2 Brake"
VCU_STATE,946688524.3385931,0x18FF1515,1,0
APS_PERC,946688524.3385931,0x18FF1515,1,"2.56 porcentagem pedal, precisão de 2 casas decimais"
UNDER_VOLTAGE,946688524.3881748,0x19B50007,1,FALSE logic
OVER_VOLTAGE,946688524.3881748,0x19B50007,1,FALSE logic
DISCHARGE_OVER_CURRENT,946688524.3881748,0x19B50007,1,FALSE logic
CHARGE_OVER_CURRENT,946688524.3881748,0x19B50007,1,FALSE logic
CELL_MODULE_OVERHEAT,946688524.3881748,0x19B50007,1,FALSE logic
LEAKAGE,946688524.3881748,0x19B50007,1,FALSE logic
NO_CELL_COMMUNICATION,946688524.3881748,0x19B50007,1,FALSE logic
LOW_VOLTAGE_W,946688524.3881748,0x19B50007,1,FALSE logic
HIGH_CURRENT_W,946688524.3881748,0x19B50007,1,FALSE logic
HIGH_TEMPERATURE_W,946688524.3881748,0x19B50007,1,FALSE logic
CELL_OVERHEAT,946688524.3881748,0x19B50007,1,FALSE logic
NO_CURRENT_SENSOR,946688524.3881748,0x19B50007,1,FALSE logic
PACK_UNDER_VOLTAGE,946688524.3881748,0x19B50007,1,FALSE logic
VALIDITY,946688524.3881748,0x19B50007,1,39 state
APPS_RANGE_ERROR,946688524.4386127,0x18FF1515,1,"FALSE 0 no Error, 1 Error"
SAFETY_OK,946688524.4386127,0x18FF1515,1,"FALSE 0 no Error, 1 Error"
BRAKE,946688524.4386127,0x18FF1515,1,"0 1 noBrake, 2 Brake"
VCU_STATE,946688524.4386127,0x18FF1515,1,0
APS_PERC,946688524.4386127,0x18FF1515,1,"2.56 porcentagem pedal, precisão de 2 casas decimais"
VCELL_0,946688524.4709904,0x19B50100,1,2.00 V
VCELL_0,946688524.4715822,0x19B50100,1,3.96 V
VCELL_1,946688524.4715822,0x19B50100,1,3.95 V
VCELL_2,946688524.4715822,0x19B50100,1,3.95 V
VCELL_3,946688524.4715822,0x19B50100,1,3.95 V
VCELL_4,946688524.4715822,0x19B50100,1,3.95 V
VCELL_5,946688524.4715822,0x19B50100,1,3.95 V
VCELL_6,946688524.4715822,0x19B50100,1,3.95 V
VCELL_7,946688524.4715822,0x19B50100,1,3.95 V
VCELL_8,946688524.4865421,0x19B50101,1,3.95 V
VCELL_9,946688524.4865421,0x19B50101,1,3.95 V
VCELL_10,946688524.4865421,0x19B50101,1,3.95 V
VCELL_11,946688524.4865421,0x19B50101,1,3.95 V
VCELL_12,946688524.4865421,0x19B50101,1,3.95 V
VCELL_13,946688524.4865421,0x19B50101,1,3.95 V
VCELL_14,946688524.4865421,0x19B50101,1,3.95 V
VCELL_15,946688524.4865421,0x19B50101,1,3.95 V
VCELL_16,946688524.4987767,0x19B50102,1,3.95 V
VCELL_17,946688524.4987767,0x19B50102,1,3.95 V
VCELL_18,946688524.4987767,0x19B50102,1,3.95 V
VCELL_19,946688524.4987767,0x19B50102,1,3.95 V
VCELL_20,946688524.4987767,0x19B50102,1,3.95 V
VCELL_21,946688524.4987767,0x19B50102,1,3.97 V
VCELL_22,946688524.4987767,0x19B50102,1,3.95 V
VCELL_23,946688524.4987767,0x19B50102,1,3.95 V
VCELL_24,946688524.5232621,0x19B50103,1,3.95 V
VCELL_25,946688524.5232621,0x19B50103,1,3.96 V
VCELL_26,946688524.5232621,0x19B50103,1,3.95 V
VCELL_27,946688524.5232621,0x19B50103,1,3.95 V
VCELL_28,946688524.5232621,0x19B50103,1,3.97 V
VCELL_29,946688524.5232621,0x19B50103,1,3.95 V
VCELL_30,946688524.5232621,0x19B50103,1,3.95 V
VCELL_31,946688524.5232621,0x19B50103,1,3.95 V
VCELL_32,946688524.5356503,0x19B50104,1,3.94 V
VCELL_33,946688524.5356503,0x19B50104,1,3.95 V
VCELL_34,946688524.5356503,0x19B50104,1,3.95 V
VCELL_35,946688524.5356503,0x19B50104,1,3.95 V
VCELL_36,946688524.5356503,0x19B50104,1,3.95 V
VCELL_37,946688524.5356503,0x19B50104,1,3.95 V
VCELL_38,946688524.5356503,0x19B50104,1,3.95 V
VCELL_39,946688524.5356503,0x19B50104,1,3.95 V
APPS_RANGE_ERROR,946688524.5385897,0x18FF1515,1,"FALSE 0 no Error, 1 Error"
SAFETY_OK,946688524.5385897,0x18FF1515,1,"FALSE 0 no Error, 1 Error"
BRAKE,946688524.5385897,0x18FF1515,1,"0 1 noBrake, 2 Brake"
VCU_STATE,946688524.5385897,0x18FF1515,1,0
APS_PERC,946688524.5385897,0x18FF1515,1,"2.56 porcentagem pedal, precisão de 2 casas decimais"
VCELL_40,946688524.5484289,0x19B50105,1,3.95 V
VCELL_41,946688524.5484289,0x19B50105,1,3.95 V
VCELL_42,946688524.5484289,0x19B50105,1,3.95 V
VCELL_43,946688524.5484289,0x19B50105,1,3.95 V
VCELL_44,946688524.5484289,0x19B50105,1,3.95 V
VCELL_45,946688524.5484289,0x19B50105,1,3.95 V
VCELL_46,946688524.5484289,0x19B50105,1,3.95 V
VCELL_47,946688524.5484289,0x19B50105,1,3.95 V
VCELL_48,946688524.5618782,0x19B50106,1,3.95 V
VCELL_49,946688524.5618782,0x19B50106,1,3.95 V
VCELL_50,946688524.5618782,0x19B50106,1,3.95 V
VCELL_51,946688524.5618782,0x19B50106,1,3.95 V
VCELL_52,946688524.5618782,0x19B50106,1,3.95 V
VCELL_53,946688524.5618782,0x19B50106,1,3.95 V
VCELL_54,946688524.5618782,0x19B50106,1,3.95 V
VCELL_55,946688524.5618782,0x19B50106,1,3.95 V
VCELL_56,946688524.5742972,0x19B50107,1,3.95 V
VCELL_57,946688524.5742972,0x19B50107,1,3.95 V
VCELL_58,946688524.5742972,0x19B50107,1,3.95 V
VCELL_59,946688524.5742972,0x19B50107,1,3.95 V
VCELL_60,946688524.5742972,0x19B50107,1,3.95 V
VCELL_61,946688524.5742972,0x19B50107,1,3.95 V
VCELL_62,946688524.5742972,0x19B50107,1,3.95 V
VCELL_63,946688524.5742972,0x19B50107,1,3.95 V
VCELL_64,946688524.6003095,0x19B50108,1,3.92 V
VCELL_65,946688524.6003095,0x19B50108,1,3.94 V
VCELL_66,946688524.6003095,0x19B50108,1,3.95 V
VCELL_67,946688524.6003095,0x19B50108,1,3.95 V
VCELL_68,946688524.6003095,0x19B50108,1,3.96 V
VCELL_69,946688524.6003095,0x19B50108,1,3.96 V
VCELL_70,946688524.6003095,0x19B50108,1,3.94 V
VCELL_71,946688524.6003095,0x19B50108,1,3.95 V
UNDER_VOLTAGE,946688524.6097163,0x19B50007,1,FALSE logic
OVER_VOLTAGE,946688524.6097163,0x19B50007,1,FALSE logic
DISCHARGE_OVER_CURRENT,946688524.6097163,0x19B50007,1,FALSE logic
CHARGE_OVER_CURRENT,946688524.6097163,0x19B50007,1,FALSE logic
CELL_MODULE_OVERHEAT,946688524.6097163,0x19B50007,1,FALSE logic
LEAKAGE,946688524.6097163,0x19B50007,1,FALSE logic
NO_CELL_COMMUNICATION,946688524.6097163,0x19B50007,1,FALSE logic
LOW_VOLTAGE_W,946688524.6097163,0x19B50007,1,FALSE logic
HIGH_CURRENT_W,946688524.6097163,0x19B50007,1,FALSE logic
HIGH_TEMPERATURE_W,946688524.6097163,0x19B50007,1,FALSE logic
CELL_OVERHEAT,946688524.6097163,0x19B50007,1,FALSE logic
NO_CURRENT_SENSOR,946688524.6097163,0x19B50007,1,FALSE logic
PACK_UNDER_VOLTAGE,946688524.6097163,0x19B50007,1,FALSE logic
VALIDITY,946688524.6097163,0x19B50007,1,39 state
VCELL_72,946688524.6246308,0x19B50109,1,3.97 V
VCELL_73,946688524.6246308,0x19B50109,1,3.95 V
VCELL_74,946688524.6246308,0x19B50109,1,3.95 V
VCELL_75,946688524.6246308,0x19B50109,1,3.96 V
VCELL_76,946688524.6246308,0x19B50109,1,3.94 V
VCELL_77,946688524.6246308,0x19B50109,1,3.95 V
VCELL_78,946688524.6246308,0x19B50109,1,3.95 V
VCELL_79,946688524.6246308,0x19B50109,1,3.95 V
VCELL_80,946688524.6370229,0x19B5010A,1,3.95 V
VCELL_81,946688524.6370229,0x19B5010A,1,3.95 V
VCELL_82,946688524.6370229,0x19B5010A,1,3.95 V
VCELL_83,946688524.6370229,0x19B5010A,1,3.95 V
VCELL_84,946688524.6370229,0x19B5010A,1,3.95 V
VCELL_85,946688524.6370229,0x19B5010A,1,3.95 V
VCELL_86,946688524.6370229,0x19B5010A,1,3.95 V
VCELL_87,946688524.6370229,0x19B5010A,1,3.95 V
APPS_RANGE_ERROR,946688524.6385928,0x18FF1515,1,"FALSE 0 no Error, 1 Error"
SAFETY_OK,946688524.6385928,0x18FF1515,1,"FALSE 0 no Error, 1 Error"
BRAKE,946688524.6385928,0x18FF1515,1,"0 1 noBrake, 2 Brake"
VCU_STATE,946688524.6385928,0x18FF1515,1,0
APS_PERC,946688524.6385928,0x18FF1515,1,"2.56 porcentagem pedal, precisão de 2 casas decimais"
VCELL_88,946688524.6506147,0x19B5010B,1,3.95 V
VCELL_89,946688524.6506147,0x19B5010B,1,3.95 V
VCELL_90,946688524.6506147,0x19B5010B,1,3.95 V
VCELL_91,946688524.6506147,0x19B5010B,1,3.98 V
VCELL_92,946688524.6506147,0x19B5010B,1,3.97 V
VCELL_93,946688524.6506147,0x19B5010B,1,3.95 V
VCELL_94,946688524.6506147,0x19B5010B,1,3.95 V
VCELL_95,946688524.6506147,0x19B5010B,1,3.95 V
APPS_RANGE_ERROR,946688524.7385937,0x18FF1515,1,"FALSE 0 no Error, 1 Error"
SAFETY_OK,946688524.7385937,0x18FF1515,1,"FALSE 0 no Error, 1 Error"
BRAKE,946688524.7385937,0x18FF1515,1,"0 1 noBrake, 2 Brake"
VCU_STATE,946688524.7385937,0x18FF1515,1,0
APS_PERC,946688524.7385937,0x18FF1515,1,"2.56 porcentagem pedal, precisão de 2 casas decimais"
UNDER_VOLTAGE,946688524.7901747,0x19B50007,1,FALSE logic
OVER_VOLTAGE,946688524.7901747,0x19B50007,1,FALSE logic
DISCHARGE_OVER_CURRENT,946688524.7901747,0x19B50007,1,FALSE logic
CHARGE_OVER_CURRENT,946688524.7901747,0x19B50007,1,FALSE logic
CELL_MODULE_OVERHEAT,946688524.7901747,0x19B50007,1,FALSE logic
LEAKAGE,946688524.7901747,0x19B50007,1,FALSE logic
NO_CELL_COMMUNICATION,946688524.7901747,0x19B50007,1,FALSE logic
LOW_VOLTAGE_W,946688524.7901747,0x19B50007,1,FALSE logic
HIGH_CURRENT_W,946688524.7901747,0x19B50007,1,FALSE logic
HIGH_TEMPERATURE_W,946688524.7901747,0x19B50007,1,FALSE logic
CELL_OVERHEAT,946688524.7901747,0x19B50007,1,FALSE logic
NO_CURRENT_SENSOR,946688524.7901747,0x19B50007,1,FALSE logic
PACK_UNDER_VOLTAGE,946688524.7901747,0x19B50007,1,FALSE logic
VALIDITY,946688524.7901747,0x19B50007,1,39 state
APPS_RANGE_ERROR,946688524.8386619,0x18FF1515,1,"FALSE 0 no Error, 1 Error"
SAFETY_OK,946688524.8386619,0x18FF1515,1,"FALSE 0 no Error, 1 Error"
BRAKE,946688524.8386619,0x18FF1515,1,"0 1 noBrake, 2 Brake"
VCU_STATE,946688524.8386619,0x18FF1515,1,0
APS_PERC,946688524.8386619,0x18FF1515,1,"2.56 porcentagem pedal, precisão de 2 casas decimais"
APPS_RANGE_ERROR,946688524.9386119,0x18FF1515,1,"FALSE 0 no Error, 1 Error"
SAFETY_OK,946688524.9386119,0x18FF1515,1,"FALSE 0 no Error, 1 Error"
BRAKE,946688524.9386119,0x18FF1515,1,"0 1 noBrake, 2 Brake"
VCU_STATE,946688524.9386119,0x18FF1515,1,0
APS_PERC,946688524.9386119,0x18FF1515,1,"2.56 porcentagem pedal, precisão de 2 casas decimais"
UNDER_VOLTAGE,946688524.9987215,0x19B50007,1,FALSE logic
OVER_VOLTAGE,946688524.9987215,0x19B50007,1,FALSE logic
DISCHARGE_OVER_CURRENT,946688524.9987215,0x19B50007,1,FALSE logic
CHARGE_OVER_CURRENT,946688524.9987215,0x19B50007,1,FALSE logic
CELL_MODULE_OVERHEAT,946688524.9987215,0x19B50007,1,FALSE logic
LEAKAGE,946688524.9987215,0x19B50007,1,FALSE logic
NO_CELL_COMMUNICATION,946688524.9987215,0x19B50007,1,FALSE logic
LOW_VOLTAGE_W,946688524.9987215,0x19B50007,1,FALSE logic
HIGH_CURRENT_W,946688524.9987215,0x19B50007,1,FALSE logic
HIGH_TEMPERATURE_W,946688524.9987215,0x19B50007,1,FALSE logic
CELL_OVERHEAT,946688524.9987215,0x19B50007,1,FALSE logic
NO_CURRENT_SENSOR,946688524.9987215,0x19B50007,1,FALSE logic
PACK_UNDER_VOLTAGE,946688524.9987215,0x19B50007,1,FALSE logic
VALIDITY,946688524.9987215,0x19B50007,1,39 state
APPS_RANGE_ERROR,946688525.0386057,0x18FF1515,1,"FALSE 0 no Error, 1 Error"
SAFETY_OK,946688525.0386057,0x18FF1515,1,"FALSE 0 no Error, 1 Error"
BRAKE,946688525.0386057,0x18FF1515,1,"0 1 noBrake, 2 Brake"
VCU_STATE,946688525.0386057,0x18FF1515,1,0
APS_PERC,946688525.0386057,0x18FF1515,1,"2.56 porcentagem pedal, precisão de 2 casas decimais"
APPS_RANGE_ERROR,946688525.1385857,0x18FF1515,1,"FALSE 0 no Error, 1 Error"
SAFETY_OK,946688525.1385857,0x18FF1515,1,"FALSE 0 no Error, 1 Error"
BRAKE,946688525.1385857,0x18FF1515,1,"0 1 noBrake, 2 Brake"
VCU_STATE,946688525.1385857,0x18FF1515,1,0
APS_PERC,946688525.1385857,0x18FF1515,1,"2.56 porcentagem pedal, precisão de 2 casas decimais"
UNDER_VOLTAGE,946688525.1867093,0x19B50007,1,FALSE logic
OVER_VOLTAGE,946688525.1867093,0x19B50007,1,FALSE logic
DISCHARGE_OVER_CURRENT,946688525.1867093,0x19B50007,1,FALSE logic
CHARGE_OVER_CURRENT,946688525.1867093,0x19B50007,1,FALSE logic
CELL_MODULE_OVERHEAT,946688525.1867093,0x19B50007,1,FALSE logic
LEAKAGE,946688525.1867093,0x19B50007,1,FALSE logic
NO_CELL_COMMUNICATION,946688525.1867093,0x19B50007,1,FALSE logic
LOW_VOLTAGE_W,946688525.1867093,0x19B50007,1,FALSE logic
HIGH_CURRENT_W,946688525.1867093,0x19B50007,1,FALSE logic
HIGH_TEMPERATURE_W,946688525.1867093,0x19B50007,1,FALSE logic
CELL_OVERHEAT,946688525.1867093,0x19B50007,1,FALSE logic
NO_CURRENT_SENSOR,946688525.1867093,0x19B50007,1,FALSE logic
PACK_UNDER_VOLTAGE,946688525.1867093,0x19B50007,1,FALSE logic
VALIDITY,946688525.1867093,0x19B50007,1,39 state
APPS_RANGE_ERROR,946688525.2385801,0x18FF1515,1,"FALSE 0 no Error, 1 Error"
SAFETY_OK,946688525.2385801,0x18FF1515,1,"FALSE 0 no Error, 1 Error"
BRAKE,946688525.2385801,0x18FF1515,1,"0 1 noBrake, 2 Brake"
VCU_STATE,946688525.2385801,0x18FF1515,1,0
APS_PERC,946688525.2385801,0x18FF1515,1,"2.56 porcentagem pedal, precisão de 2 casas decimais"
APPS_RANGE_ERROR,946688525.3385789,0x18FF1515,1,"FALSE 0 no Error, 1 Error"
SAFETY_OK,946688525.3385789,0x18FF1515,1,"FALSE 0 no Error, 1 Error"
BRAKE,946688525.3385789,0x18FF1515,1,"0 1 noBrake, 2 Brake"
VCU_STATE,946688525.3385789,0x18FF1515,1,0
APS_PERC,946688525.3385789,0x18FF1515,1,"2.56 porcentagem pedal, precisão de 2 casas decimais"
UNDER_VOLTAGE,946688525.3889381,0x19B50007,1,FALSE logic
OVER_VOLTAGE,946688525.3889381,0x19B50007,1,FALSE logic
DISCHARGE_OVER_CURRENT,946688525.3889381,0x19B50007,1,FALSE logic
CHARGE_OVER_CURRENT,946688525.3889381,0x19B50007,1,FALSE logic
CELL_MODULE_OVERHEAT,946688525.3889381,0x19B50007,1,FALSE logic
LEAKAGE,946688525.3889381,0x19B50007,1,FALSE logic
NO_CELL_COMMUNICATION,946688525.3889381,0x19B50007,1,FALSE logic
LOW_VOLTAGE_W,946688525.3889381,0x19B50007,1,FALSE logic
HIGH_CURRENT_W,946688525.3889381,0x19B50007,1,FALSE logic
HIGH_TEMPERATURE_W,946688525.3889381,0x19B50007,1,FALSE logic
CELL_OVERHEAT,946688525.3889381,0x19B50007,1,FALSE logic
NO_CURRENT_SENSOR,946688525.3889381,0x19B50007,1,FALSE logic
PACK_UNDER_VOLTAGE,946688525.3889381,0x19B50007,1,FALSE logic
VALIDITY,946688525.3889381,0x19B50007,1,39 state
APPS_RANGE_ERROR,946688525.4385803,0x18FF1515,1,"FALSE 0 no Error, 1 Error"
SAFETY_OK,946688525.4385803,0x18FF1515,1,"FALSE 0 no Error, 1 Error"
BRAKE,946688525.4385803,0x18FF1515,1,"0 1 noBrake, 2 Brake"
VCU_STATE,946688525.4385803,0x18FF1515,1,0
APS_PERC,946688525.4385803,0x18FF1515,1,"2.56 porcentagem pedal, precisão de 2 casas decimais"
APPS_RANGE_ERROR,946688525.5385814,0x18FF1515,1,"FALSE 0 no Error, 1 Error"
SAFETY_OK,946688525.5385814,0x18FF1515,1,"FALSE 0 no Error, 1 Error"
BRAKE,946688525.5385814,0x18FF1515,1,"0 1 noBrake, 2 Brake"
VCU_STATE,946688525.5385814,0x18FF1515,1,0
APS_PERC,946688525.5385814,0x18FF1515,1,"2.56 porcentagem pedal, precisão de 2 casas decimais"
UNDER_VOLTAGE,946688525.6023008,0x19B50007,1,FALSE logic
OVER_VOLTAGE,946688525.6023008,0x19B50007,1,FALSE logic
DISCHARGE_OVER_CURRENT,946688525.6023008,0x19B50007,1,FALSE logic
CHARGE_OVER_CURRENT,946688525.6023008,0x19B50007,1,FALSE logic
CELL_MODULE_OVERHEAT,946688525.6023008,0x19B50007,1,FALSE logic
LEAKAGE,946688525.6023008,0x19B50007,1,FALSE logic
NO_CELL_COMMUNICATION,946688525.6023008,0x19B50007,1,FALSE logic
LOW_VOLTAGE_W,946688525.6023008,0x19B50007,1,FALSE logic
HIGH_CURRENT_W,946688525.6023008,0x19B50007,1,FALSE logic
HIGH_TEMPERATURE_W,946688525.6023008,0x19B50007,1,FALSE logic
CELL_OVERHEAT,946688525.6023008,0x19B50007,1,FALSE logic
NO_CURRENT_SENSOR,946688525.6023008,0x19B50007,1,FALSE logic
PACK_UNDER_VOLTAGE,946688525.6023008,0x19B50007,1,FALSE logic
VALIDITY,946688525.6023008,0x19B50007,1,39 state
APPS_RANGE_ERROR,946688525.6385839,0x18FF1515,1,"FALSE 0 no Error, 1 Error"
SAFETY_OK,946688525.6385839,0x18FF1515,1,"FALSE 0 no Error, 1 Error"
BRAKE,946688525.6385839,0x18FF1515,1,"0 1 noBrake, 2 Brake"
VCU_STATE,946688525.6385839,0x18FF1515,1,0
APS_PERC,946688525.6385839,0x18FF1515,1,"2.56 porcentagem pedal, precisão de 2 casas decimais"
APPS_RANGE_ERROR,946688525.7385776,0x18FF1515,1,"FALSE 0 no Error, 1 Error"
SAFETY_OK,946688525.7385776,0x18FF1515,1,"FALSE 0 no Error, 1 Error"
BRAKE,946688525.7385776,0x18FF1515,1,"0 1 noBrake, 2 Brake"
VCU_STATE,946688525.7385776,0x18FF1515,1,0
APS_PERC,946688525.7385776,0x18FF1515,1,"2.56 porcentagem pedal, precisão de 2 casas decimais"
UNDER_VOLTAGE,946688525.7940129,0x19B50007,1,FALSE logic
OVER_VOLTAGE,946688525.7940129,0x19B50007,1,FALSE logic
DISCHARGE_OVER_CURRENT,946688525.7940129,0x19B50007,1,FALSE logic
CHARGE_OVER_CURRENT,946688525.7940129,0x19B50007,1,FALSE logic
CELL_MODULE_OVERHEAT,946688525.7940129,0x19B50007,1,FALSE logic
LEAKAGE,946688525.7940129,0x19B50007,1,FALSE logic
NO_CELL_COMMUNICATION,946688525.7940129,0x19B50007,1,FALSE logic
LOW_VOLTAGE_W,946688525.7940129,0x19B50007,1,FALSE logic
HIGH_CURRENT_W,946688525.7940129,0x19B50007,1,FALSE logic
HIGH_TEMPERATURE_W,946688525.7940129,0x19B50007,1,FALSE logic
CELL_OVERHEAT,946688525.7940129,0x19B50007,1,FALSE logic
NO_CURRENT_SENSOR,946688525.7940129,0x19B50007,1,FALSE logic
PACK_UNDER_VOLTAGE,946688525.7940129,0x19B50007,1,FALSE logic
VALIDITY,946688525.7940129,0x19B50007,1,39 state
APPS_RANGE_ERROR,946688525.8385876,0x18FF1515,1,"FALSE 0 no Error, 1 Error"
SAFETY_OK,946688525.8385876,0x18FF1515,1,"FALSE 0 no Error, 1 Error"
BRAKE,946688525.8385876,0x18FF1515,1,"0 1 noBrake, 2 Brake"
VCU_STATE,946688525.8385876,0x18FF1515,1,0
APS_PERC,946688525.8385876,0x18FF1515,1,"2.56 porcentagem pedal, precisão de 2 casas decimais"
TCELL_0,946688525.8927583,0x19B50800,1,-100.00 °C
TCELL_0,946688525.8933297,0x19B50800,1,28.00 °C
TCELL_1,946688525.8933297,0x19B50800,1,28.00 °C
TCELL_2,946688525.8933297,0x19B50800,1,28.00 °C
TCELL_3,946688525.8933297,0x19B50800,1,28.00 °C
TCELL_4,946688525.8933297,0x19B50800,1,28.00 °C
TCELL_5,946688525.8933297,0x19B50800,1,155.00 °C
TCELL_6,946688525.8933297,0x19B50800,1,155.00 °C
TCELL_7,946688525.8933297,0x19B50800,1,155.00 °C
TCELL_8,946688525.9056474,0x19B50801,1,155.00 °C
TCELL_9,946688525.9056474,0x19B50801,1,155.00 °C
TCELL_10,946688525.9056474,0x19B50801,1,155.00 °C
TCELL_11,946688525.9056474,0x19B50801,1,155.00 °C
TCELL_12,946688525.9056474,0x19B50801,1,155.00 °C
TCELL_13,946688525.9056474,0x19B50801,1,155.00 °C
TCELL_14,946688525.9056474,0x19B50801,1,155.00 °C
TCELL_15,946688525.9056474,0x19B50801,1,155.00 °C
TCELL_16,946688525.9188757,0x19B50802,1,28.00 °C
TCELL_17,946688525.9188757,0x19B50802,1,28.00 °C
TCELL_18,946688525.9188757,0x19B50802,1,28.00 °C
TCELL_19,946688525.9188757,0x19B50802,1,29.00 °C
TCELL_20,946688525.9188757,0x19B50802,1,28.00 °C
TCELL_21,946688525.9188757,0x19B50802,1,155.00 °C
TCELL_22,946688525.9188757,0x19B50802,1,155.00 °C
TCELL_23,946688525.9188757,0x19B50802,1,155.00 °C
TCELL_24,946688525.9314431,0x19B50803,1,155.00 °C
TCELL_25,946688525.9314431,0x19B50803,1,155.00 °C
TCELL_26,946688525.9314431,0x19B50803,1,155.00 °C
TCELL_27,946688525.9314431,0x19B50803,1,155.00 °C
TCELL_28,946688525.9314431,0x19B50803,1,155.00 °C
TCELL_29,946688525.9314431,0x19B50803,1,155.00 °C
TCELL_30,946688525.9314431,0x19B50803,1,155.00 °C
TCELL_31,946688525.9314431,0x19B50803,1,155.00 °C
APPS_RANGE_ERROR,946688525.93858,0x18FF1515,1,"FALSE 0 no Error, 1 Error"
SAFETY_OK,946688525.93858,0x18FF1515,1,"FALSE 0 no Error, 1 Error"
BRAKE,946688525.93858,0x18FF1515,1,"0 1 noBrake, 2 Brake"
VCU_STATE,946688525.93858,0x18FF1515,1,0
APS_PERC,946688525.93858,0x18FF1515,1,"2.56 porcentagem pedal, precisão de 2 casas decimais"
UNDER_VOLTAGE,946688525.9927777,0x19B50007,1,FALSE logic
OVER_VOLTAGE,946688525.9927777,0x19B50007,1,FALSE logic
DISCHARGE_OVER_CURRENT,946688525.9927777,0x19B50007,1,FALSE logic
CHARGE_OVER_CURRENT,946688525.9927777,0x19B50007,1,FALSE logic
CELL_MODULE_OVERHEAT,946688525.9927777,0x19B50007,1,FALSE logic
LEAKAGE,946688525.9927777,0x19B50007,1,FALSE logic
NO_CELL_COMMUNICATION,946688525.9927777,0x19B50007,1,FALSE logic
LOW_VOLTAGE_W,946688525.9927777,0x19B50007,1,FALSE logic
HIGH_CURRENT_W,946688525.9927777,0x19B50007,1,FALSE logic
HIGH_TEMPERATURE_W,946688525.9927777,0x19B50007,1,FALSE logic
CELL_OVERHEAT,946688525.9927777,0x19B50007,1,FALSE logic
NO_CURRENT_SENSOR,946688525.9927777,0x19B50007,1,FALSE logic
PACK_UNDER_VOLTAGE,946688525.9927777,0x19B50007,1,FALSE logic
VALIDITY,946688525.9927777,0x19B50007,1,39 state
APPS_RANGE_ERROR,946688526.038575,0x18FF1515,1,"FALSE 0 no Error, 1 Error"
SAFETY_OK,946688526.038575,0x18FF1515,1,"FALSE 0 no Error, 1 Error"
BRAKE,946688526.038575,0x18FF1515,1,"0 1 noBrake, 2 Brake"
VCU_STATE,946688526.038575,0x18FF1515,1,0
APS_PERC,946688526.038575,0x18FF1515,1,"2.56 porcentagem pedal, precisão de 2 casas decimais"
APPS_RANGE_ERROR,946688526.1385744,0x18FF1515,1,"FALSE 0 no Error, 1 Error"
SAFETY_OK,946688526.1385744,0x18FF1515,1,"FALSE 0 no Error, 1 Error"
BRAKE,946688526.1385744,0x18FF1515,1,"0 1 noBrake, 2 Brake"
VCU_STATE,946688526.1385744,0x18FF1515,1,0
APS_PERC,946688526.1385744,0x18FF1515,1,"2.56 porcentagem pedal, precisão de 2 casas decimais"
UNDER_VOLTAGE,946688526.187367,0x19B50007,1,FALSE logic
OVER_VOLTAGE,946688526.187367,0x19B50007,1,FALSE logic
DISCHARGE_OVER_CURRENT,946688526.187367,0x19B50007,1,FALSE logic
CHARGE_OVER_CURRENT,946688526.187367,0x19B50007,1,FALSE logic
CELL_MODULE_OVERHEAT,946688526.187367,0x19B50007,1,FALSE logic
LEAKAGE,946688526.187367,0x19B50007,1,FALSE logic
NO_CELL_COMMUNICATION,946688526.187367,0x19B50007,1,FALSE logic
LOW_VOLTAGE_W,946688526.187367,0x19B50007,1,FALSE logic
HIGH_CURRENT_W,946688526.187367,0x19B50007,1,FALSE logic
HIGH_TEMPERATURE_W,946688526.187367,0x19B50007,1,FALSE logic
CELL_OVERHEAT,946688526.187367,0x19B50007,1,FALSE logic
NO_CURRENT_SENSOR,946688526.187367,0x19B50007,1,FALSE logic
PACK_UNDER_VOLTAGE,946688526.187367,0x19B50007,1,FALSE logic
VALIDITY,946688526.187367,0x19B50007,1,39 state
APPS_RANGE_ERROR,946688526.2387689,0x18FF1515,1,"FALSE 0 no Error, 1 Error"
SAFETY_OK,946688526.2387689,0x18FF1515,1,"FALSE 0 no Error, 1 Error"
BRAKE,946688526.2387689,0x18FF1515,1,"0 1 noBrake, 2 Brake"
VCU_STATE,946688526.2387689,0x18FF1515,1,0
APS_PERC,946688526.2387689,0x18FF1515,1,"2.56 porcentagem pedal, precisão de 2 casas decimais"
APPS_RANGE_ERROR,946688526.3385772,0x18FF1515,1,"FALSE 0 no Error, 1 Error"
SAFETY_OK,946688526.3385772,0x18FF1515,1,"FALSE 0 no Error, 1 Error"
BRAKE,946688526.3385772,0x18FF1515,1,"0 1 noBrake, 2 Brake"
VCU_STATE,946688526.3385772,0x18FF1515,1,0
APS_PERC,946688526.3385772,0x18FF1515,1,"2.56 porcentagem pedal, precisão de 2 casas decimais"
VCELL_0,946688526.3583665,0x19B50100,1,2.00 V
VCELL_0,946688526.3591163,0x19B50100,1,3.96 V
VCELL_1,946688526.3591163,0x19B50100,1,3.95 V
VCELL_2,946688526.3591163,0x19B50100,1,3.95 V
VCELL_3,946688526.3591163,0x19B50100,1,3.95 V
VCELL_4,946688526.3591163,0x19B50100,1,3.95 V
VCELL_5,946688526.3591163,0x19B50100,1,3.95 V
VCELL_6,946688526.3591163,0x19B50100,1,3.95 V
VCELL_7,946688526.3591163,0x19B50100,1,3.95 V
VCELL_8,946688526.3715153,0x19B50101,1,3.95 V
VCELL_9,946688526.3715153,0x19B50101,1,3.95 V
VCELL_10,946688526.3715153,0x19B50101,1,3.95 V
VCELL_11,946688526.3715153,0x19B50101,1,3.95 V
VCELL_12,946688526.3715153,0x19B50101,1,3.95 V
VCELL_13,946688526.3715153,0x19B50101,1,3.95 V
VCELL_14,946688526.3715153,0x19B50101,1,3.95 V
VCELL_15,946688526.3715153,0x19B50101,1,3.95 V
VCELL_16,946688526.3861544,0x19B50102,1,3.95 V
VCELL_17,946688526.3861544,0x19B50102,1,3.95 V
VCELL_18,946688526.3861544,0x19B50102,1,3.95 V
VCELL_19,946688526.3861544,0x19B50102,1,3.95 V
VCELL_20,946688526.3861544,0x19B50102,1,3.95 V
VCELL_21,946688526.3861544,0x19B50102,1,3.97 V
VCELL_22,946688526.3861544,0x19B50102,1,3.95 V
VCELL_23,946688526.3861544,0x19B50102,1,3.95 V
UNDER_VOLTAGE,946688526.3973885,0x19B50007,1,FALSE logic
OVER_VOLTAGE,946688526.3973885,0x19B50007,1,FALSE logic
DISCHARGE_OVER_CURRENT,946688526.3973885,0x19B50007,1,FALSE logic
CHARGE_OVER_CURRENT,946688526.3973885,0x19B50007,1,FALSE logic
CELL_MODULE_OVERHEAT,946688526.3973885,0x19B50007,1,FALSE logic
LEAKAGE,946688526.3973885,0x19B50007,1,FALSE logic
NO_CELL_COMMUNICATION,946688526.3973885,0x19B50007,1,FALSE logic
LOW_VOLTAGE_W,946688526.3973885,0x19B50007,1,FALSE logic
HIGH_CURRENT_W,946688526.3973885,0x19B50007,1,FALSE logic
HIGH_TEMPERATURE_W,946688526.3973885,0x19B50007,1,FALSE logic
CELL_OVERHEAT,946688526.3973885,0x19B50007,1,FALSE logic
NO_CURRENT_SENSOR,946688526.3973885,0x19B50007,1,FALSE logic
PACK_UNDER_VOLTAGE,946688526.3973885,0x19B50007,1,FALSE logic
VALIDITY,946688526.3973885,0x19B50007,1,39 state
VCELL_24,946688526.4228094,0x19B50103,1,3.95 V
VCELL_25,946688526.4228094,0x19B50103,1,3.96 V
VCELL_26,946688526.4228094,0x19B50103,1,3.95 V
VCELL_27,946688526.4228094,0x19B50103,1,3.95 V
VCELL_28,946688526.4228094,0x19B50103,1,3.97 V
VCELL_29,946688526.4228094,0x19B50103,1,3.95 V
VCELL_30,946688526.4228094,0x19B50103,1,3.95 V
VCELL_31,946688526.4228094,0x19B50103,1,3.95 V
VCELL_32,946688526.4351547,0x19B50104,1,3.94 V
VCELL_33,946688526.4351547,0x19B50104,1,3.95 V
VCELL_34,946688526.4351547,0x19B50104,1,3.95 V
VCELL_35,946688526.4351547,0x19B50104,1,3.95 V
VCELL_36,946688526.4351547,0x19B50104,1,3.95 V
VCELL_37,946688526.4351547,0x19B50104,1,3.95 V
VCELL_38,946688526.4351547,0x19B50104,1,3.95 V
VCELL_39,946688526.4351547,0x19B50104,1,3.95 V
APPS_RANGE_ERROR,946688526.438572,0x18FF1515,1,"FALSE 0 no Error, 1 Error"
SAFETY_OK,946688526.438572,0x18FF1515,1,"FALSE 0 no Error, 1 Error"
BRAKE,946688526.438572,0x18FF1515,1,"0 1 noBrake, 2 Brake"
VCU_STATE,946688526.438572,0x18FF1515,1,0
APS_PERC,946688526.438572,0x18FF1515,1,"2.56 porcentagem pedal, precisão de 2 casas decimais"
VCELL_40,946688526.4490715,0x19B50105,1,3.95 V
VCELL_41,946688526.4490715,0x19B50105,1,3.95 V
VCELL_42,946688526.4490715,0x19B50105,1,3.95 V
VCELL_43,946688526.4490715,0x19B50105,1,3.95 V
VCELL_44,946688526.4490715,0x19B50105,1,3.95 V
VCELL_45,946688526.4490715,0x19B50105,1,3.95 V
VCELL_46,946688526.4490715,0x19B50105,1,3.95 V
VCELL_47,946688526.4490715,0x19B50105,1,3.95 V
VCELL_48,946688526.461378,0x19B50106,1,3.95 V
VCELL_49,946688526.461378,0x19B50106,1,3.95 V
VCELL_50,946688526.461378,0x19B50106,1,3.95 V
VCELL_51,946688526.461378,0x19B50106,1,3.95 V
VCELL_52,946688526.461378,0x19B50106,1,3.95 V
VCELL_53,946688526.461378,0x19B50106,1,3.95 V
VCELL_54,946688526.461378,0x19B50106,1,3.95 V
VCELL_55,946688526.461378,0x19B50106,1,3.95 V
VCELL_56,946688526.474105,0x19B50107,1,3.95 V
VCELL_57,946688526.474105,0x19B50107,1,3.95 V
VCELL_58,946688526.474105,0x19B50107,1,3.95 V
VCELL_59,946688526.474105,0x19B50107,1,3.95 V
VCELL_60,946688526.474105,0x19B50107,1,3.95 V
VCELL_61,946688526.474105,0x19B50107,1,3.95 V
VCELL_62,946688526.474105,0x19B50107,1,3.95 V
VCELL_63,946688526.474105,0x19B50107,1,3.95 V
VCELL_64,946688526.500944,0x19B50108,1,3.92 V
VCELL_65,946688526.500944,0x19B50108,1,3.94 V
VCELL_66,946688526.500944,0x19B50108,1,3.95 V
VCELL_67,946688526.500944,0x19B50108,1,3.95 V
VCELL_68,946688526.500944,0x19B50108,1,3.96 V
VCELL_69,946688526.500944,0x19B50108,1,3.96 V
VCELL_70,946688526.500944,0x19B50108,1,3.94 V
VCELL_71,946688526.500944,0x19B50108,1,3.95 V
VCELL_72,946688526.5133238,0x19B50109,1,3.97 V
VCELL_73,946688526.5133238,0x19B50109,1,3.95 V
VCELL_74,946688526.5133238,0x19B50109,1,3.95 V
VCELL_75,946688526.5133238,0x19B50109,1,3.96 V
VCELL_76,946688526.5133238,0x19B50109,1,3.94 V
VCELL_77,946688526.5133238,0x19B50109,1,3.95 V
VCELL_78,946688526.5133238,0x19B50109,1,3.95 V
VCELL_79,946688526.5133238,0x19B50109,1,3.95 V
VCELL_80,946688526.5265454,0x19B5010A,1,3.95 V
VCELL_81,946688526.5265454,0x19B5010A,1,3.95 V
VCELL_82,946688526.5265454,0x19B5010A,1,3.95 V
VCELL_83,946688526.5265454,0x19B5010A,1,3.95 V
VCELL_84,946688526.5265454,0x19B5010A,1,3.95 V
VCELL_85,946688526.5265454,0x19B5010A,1,3.95 V
VCELL_86,946688526.5265454,0x19B5010A,1,3.95 V
VCELL_87,946688526.5265454,0x19B5010A,1,3.95 V
APPS_RANGE_ERROR,946688526.538592,0x18FF1515,1,"FALSE 0 no Error, 1 Error"
SAFETY_OK,946688526.538592,0x18FF1515,1,"FALSE 0 no Error, 1 Error"
BRAKE,946688526.538592,0x18FF1515,1,"0 1 noBrake, 2 Brake"
VCU_STATE,946688526.538592,0x18FF1515,1,0
APS_PERC,946688526.538592,0x18FF1515,1,"2.56 porcentagem pedal, precisão de 2 casas decimais"
VCELL_88,946688526.5388349,0x19B5010B,1,3.95 V
VCELL_89,946688526.5388349,0x19B5010B,1,3.95 V
VCELL_90,946688526.5388349,0x19B5010B,1,3.95 V
VCELL_91,946688526.5388349,0x19B5010B,1,3.98 V
VCELL_92,946688526.5388349,0x19B5010B,1,3.97 V
VCELL_93,946688526.5388349,0x19B5010B,1,3.95 V
VCELL_94,946688526.5388349,0x19B5010B,1,3.95 V
VCELL_95,946688526.5388349,0x19B5010B,1,3.95 V
UNDER_VOLTAGE,946688526.5843403,0x19B50007,1,FALSE logic
OVER_VOLTAGE,946688526.5843403,0x19B50007,1,FALSE logic
DISCHARGE_OVER_CURRENT,946688526.5843403,0x19B50007,1,FALSE logic
CHARGE_OVER_CURRENT,946688526.5843403,0x19B50007,1,FALSE logic
CELL_MODULE_OVERHEAT,946688526.5843403,0x19B50007,1,FALSE logic
LEAKAGE,946688526.5843403,0x19B50007,1,FALSE logic
NO_CELL_COMMUNICATION,946688526.5843403,0x19B50007,1,FALSE logic
LOW_VOLTAGE_W,946688526.5843403,0x19B50007,1,FALSE logic
HIGH_CURRENT_W,946688526.5843403,0x19B50007,1,FALSE logic
HIGH_TEMPERATURE_W,946688526.5843403,0x19B50007,1,FALSE logic
CELL_OVERHEAT,946688526.5843403,0x19B50007,1,FALSE logic
NO_CURRENT_SENSOR,946688526.5843403,0x19B50007,1,FALSE logic
PACK_UNDER_VOLTAGE,946688526.5843403,0x19B50007,1,FALSE logic
VALIDITY,946688526.5843403,0x19B50007,1,39 state
APPS_RANGE_ERROR,946688526.6385704,0x18FF1515,1,"FALSE 0 no Error, 1 Error"
SAFETY_OK,946688526.6385704,0x18FF1515,1,"FALSE 0 no Error, 1 Error"
BRAKE,946688526.6385704,0x18FF1515,1,"0 1 noBrake, 2 Brake"
VCU_STATE,946688526.6385704,0x18FF1515,1,0
APS_PERC,946688526.6385704,0x18FF1515,1,"2.56 porcentagem pedal, precisão de 2 casas decimais"
APPS_RANGE_ERROR,946688526.7385684,0x18FF1515,1,"FALSE 0 no Error, 1 Error"
SAFETY_OK,946688526.7385684,0x18FF1515,1,"FALSE 0 no Error, 1 Error"
BRAKE,946688526.7385684,0x18FF1515,1,"0 1 noBrake, 2 Brake"
VCU_STATE,946688526.7385684,0x18FF1515,1,0
APS_PERC,946688526.7385684,0x18FF1515,1,"2.56 porcentagem pedal, precisão de 2 casas decimais"
UNDER_VOLTAGE,946688526.7867476,0x19B50007,1,FALSE logic
OVER_VOLTAGE,946688526.7867476,0x19B50007,1,FALSE logic
DISCHARGE_OVER_CURRENT,946688526.7867476,0x19B50007,1,FALSE logic
CHARGE_OVER_CURRENT,946688526.7867476,0x19B50007,1,FALSE logic
CELL_MODULE_OVERHEAT,946688526.7867476,0x19B50007,1,FALSE logic
LEAKAGE,946688526.7867476,0x19B50007,1,FALSE logic
NO_CELL_COMMUNICATION,946688526.7867476,0x19B50007,1,FALSE logic
LOW_VOLTAGE_W,946688526.7867476,0x19B50007,1,FALSE logic
HIGH_CURRENT_W,946688526.7867476,0x19B50007,1,FALSE logic
HIGH_TEMPERATURE_W,946688526.7867476,0x19B50007,1,FALSE logic
CELL_OVERHEAT,946688526.7867476,0x19B50007,1,FALSE logic
NO_CURRENT_SENSOR,946688526.7867476,0x19B50007,1,FALSE logic
PACK_UNDER_VOLTAGE,946688526.7867476,0x19B50007,1,FALSE logic
VALIDITY,946688526.7867476,0x19B50007,1,39 state
APPS_RANGE_ERROR,946688526.8385763,0x18FF1515,1,"FALSE 0 no Error, 1 Error"
SAFETY_OK,946688526.8385763,0x18FF1515,1,"FALSE 0 no Error, 1 Error"
BRAKE,946688526.8385763,0x18FF1515,1,"0 1 noBrake, 2 Brake"
VCU_STATE,946688526.8385763,0x18FF1515,1,0
APS_PERC,946688526.8385763,0x18FF1515,1,"2.56 porcentagem pedal, precisão de 2 casas decimais"
APPS_RANGE_ERROR,946688526.9385676,0x18FF1515,1,"FALSE 0 no Error, 1 Error"
SAFETY_OK,946688526.9385676,0x18FF1515,1,"FALSE 0 no Error, 1 Error"
BRAKE,946688526.9385676,0x18FF1515,1,"0 1 noBrake, 2 Brake"
VCU_STATE,946688526.9385676,0x18FF1515,1,0
APS_PERC,946688526.9385676,0x18FF1515,1,"2.56 porcentagem pedal, precisão de 2 casas decimais"
UNDER_VOLTAGE,946688526.9927665,0x19B50007,1,FALSE logic
OVER_VOLTAGE,946688526.9927665,0x19B50007,1,FALSE logic
DISCHARGE_OVER_CURRENT,946688526.9927665,0x19B50007,1,FALSE logic
CHARGE_OVER_CURRENT,946688526.9927665,0x19B50007,1,FALSE logic
CELL_MODULE_OVERHEAT,946688526.9927665,0x19B50007,1,FALSE logic
LEAKAGE,946688526.9927665,0x19B50007,1,FALSE logic
NO_CELL_COMMUNICATION,946688526.9927665,0x19B50007,1,FALSE logic
LOW_VOLTAGE_W,946688526.9927665,0x19B50007,1,FALSE logic
HIGH_CURRENT_W,946688526.9927665,0x19B50007,1,FALSE logic
HIGH_TEMPERATURE_W,946688526.9927665,0x19B50007,1,FALSE logic
CELL_OVERHEAT,946688526.9927665,0x19B50007,1,FALSE logic
NO_CURRENT_SENSOR,946688526.9927665,0x19B50007,1,FALSE logic
PACK_UNDER_VOLTAGE,946688526.9927665,0x19B50007,1,FALSE logic
VALIDITY,946688526.9927665,0x19B50007,1,39 state
APPS_RANGE_ERROR,946688527.0385685,0x18FF1515,1,"FALSE 0 no Error, 1 Error"
SAFETY_OK,946688527.0385685,0x18FF1515,1,"FALSE 0 no Error, 1 Error"
BRAKE,946688527.0385685,0x18FF1515,1,"0 1 noBrake, 2 Brake"
VCU_STATE,946688527.0385685,0x18FF1515,1,0
APS_PERC,946688527.0385685,0x18FF1515,1,"2.56 porcentagem pedal, precisão de 2 casas decimais"
APPS_RANGE_ERROR,946688527.1385665,0x18FF1515,1,"FALSE 0 no Error, 1 Error"
SAFETY_OK,946688527.1385665,0x18FF1515,1,"FALSE 0 no Error, 1 Error"
BRAKE,946688527.1385665,0x18FF1515,1,"0 1 noBrake, 2 Brake"
VCU_STATE,946688527.1385665,0x18FF1515,1,0
APS_PERC,946688527.1385665,0x18FF1515,1,"2.56 porcentagem pedal, precisão de 2 casas decimais"
UNDER_VOLTAGE,946688527.1835418,0x19B50007,1,FALSE logic
OVER_VOLTAGE,946688527.1835418,0x19B50007,1,FALSE logic
DISCHARGE_OVER_CURRENT,946688527.1835418,0x19B50007,1,FALSE logic
CHARGE_OVER_CURRENT,946688527.1835418,0x19B50007,1,FALSE logic
CELL_MODULE_OVERHEAT,946688527.1835418,0x19B50007,1,FALSE logic
LEAKAGE,946688527.1835418,0x19B50007,1,FALSE logic
NO_CELL_COMMUNICATION,946688527.1835418,0x19B50007,1,FALSE logic
LOW_VOLTAGE_W,946688527.1835418,0x19B50007,1,FALSE logic
HIGH_CURRENT_W,946688527.1835418,0x19B50007,1,FALSE logic
HIGH_TEMPERATURE_W,946688527.1835418,0x19B50007,1,FALSE logic
CELL_OVERHEAT,946688527.1835418,0x19B50007,1,FALSE logic
NO_CURRENT_SENSOR,946688527.1835418,0x19B50007,1,FALSE logic
PACK_UNDER_VOLTAGE,946688527.1835418,0x19B50007,1,FALSE logic
VALIDITY,946688527.1835418,0x19B50007,1,39 state
APPS_RANGE_ERROR,946688527.2385721,0x18FF1515,1,"FALSE 0 no Error, 1 Error"
SAFETY_OK,946688527.2385721,0x18FF1515,1,"FALSE 0 no Error, 1 Error"
BRAKE,946688527.2385721,0x18FF1515,1,"0 1 noBrake, 2 Brake"
VCU_STATE,946688527.2385721,0x18FF1515,1,0
APS_PERC,946688527.2385721,0x18FF1515,1,"2.56 porcentagem pedal, precisão de 2 casas decimais"
APPS_RANGE_ERROR,946688527.3385634,0x18FF1515,1,"FALSE 0 no Error, 1 Error"
SAFETY_OK,946688527.3385634,0x18FF1515,1,"FALSE 0 no Error, 1 Error"
BRAKE,946688527.3385634,0x18FF1515,1,"0 1 noBrake, 2 Brake"
VCU_STATE,946688527.3385634,0x18FF1515,1,0
APS_PERC,946688527.3385634,0x18FF1515,1,"2.56 porcentagem pedal, precisão de 2 casas decimais"
UNDER_VOLTAGE,946688527.3863146,0x19B50007,1,FALSE logic
OVER_VOLTAGE,946688527.3863146,0x19B50007,1,FALSE logic
DISCHARGE_OVER_CURRENT,946688527.3863146,0x19B50007,1,FALSE logic
CHARGE_OVER_CURRENT,946688527.3863146,0x19B50007,1,FALSE logic
CELL_MODULE_OVERHEAT,946688527.3863146,0x19B50007,1,FALSE logic
LEAKAGE,946688527.3863146,0x19B50007,1,FALSE logic
NO_CELL_COMMUNICATION,946688527.3863146,0x19B50007,1,FALSE logic
LOW_VOLTAGE_W,946688527.3863146,0x19B50007,1,FALSE logic
HIGH_CURRENT_W,946688527.3863146,0x19B50007,1,FALSE logic
HIGH_TEMPERATURE_W,946688527.3863146,0x19B50007,1,FALSE logic
CELL_OVERHEAT,946688527.3863146,0x19B50007,1,FALSE logic
NO_CURRENT_SENSOR,946688527.3863146,0x19B50007,1,FALSE logic
PACK_UNDER_VOLTAGE,946688527.3863146,0x19B50007,1,FALSE logic
VALIDITY,946688527.3863146,0x19B50007,1,39 state
APPS_RANGE_ERROR,946688527.4385602,0x18FF1515,1,"FALSE 0 no Error, 1 Error"
SAFETY_OK,946688527.4385602,0x18FF1515,1,"FALSE 0 no Error, 1 Error"
BRAKE,946688527.4385602,0x18FF1515,1,"0 1 noBrake, 2 Brake"
VCU_STATE,946688527.4385602,0x18FF1515,1,0
APS_PERC,946688527.4385602,0x18FF1515,1,"2.56 porcentagem pedal, precisão de 2 casas decimais"
APPS_RANGE_ERROR,946688527.5385922,0x18FF1515,1,"FALSE 0 no Error, 1 Error"
SAFETY_OK,946688527.5385922,0x18FF1515,1,"FALSE 0 no Error, 1 Error"
BRAKE,946688527.5385922,0x18FF1515,1,"0 1 noBrake, 2 Brake"
VCU_STATE,946688527.5385922,0x18FF1515,1,0
APS_PERC,946688527.5385922,0x18FF1515,1,"2.56 porcentagem pedal, precisão de 2 casas decimais"
UNDER_VOLTAGE,946688527.5848441,0x19B50007,1,FALSE logic
OVER_VOLTAGE,946688527.5848441,0x19B50007,1,FALSE logic
DISCHARGE_OVER_CURRENT,946688527.5848441,0x19B50007,1,FALSE logic
CHARGE_OVER_CURRENT,946688527.5848441,0x19B50007,1,FALSE logic
CELL_MODULE_OVERHEAT,946688527.5848441,0x19B50007,1,FALSE logic
LEAKAGE,946688527.5848441,0x19B50007,1,FALSE logic
NO_CELL_COMMUNICATION,946688527.5848441,0x19B50007,1,FALSE logic
LOW_VOLTAGE_W,946688527.5848441,0x19B50007,1,FALSE logic
HIGH_CURRENT_W,946688527.5848441,0x19B50007,1,FALSE logic
HIGH_TEMPERATURE_W,946688527.5848441,0x19B50007,1,FALSE logic
CELL_OVERHEAT,946688527.5848441,0x19B50007,1,FALSE logic
NO_CURRENT_SENSOR,946688527.5848441,0x19B50007,1,FALSE logic
PACK_UNDER_VOLTAGE,946688527.5848441,0x19B50007,1,FALSE logic
VALIDITY,946688527.5848441,0x19B50007,1,39 state
APPS_RANGE_ERROR,946688527.6385665,0x18FF1515,1,"FALSE 0 no Error, 1 Error"
SAFETY_OK,946688527.6385665,0x18FF1515,1,"FALSE 0 no Error, 1 Error"
BRAKE,946688527.6385665,0x18FF1515,1,"0 1 noBrake, 2 Brake"
VCU_STATE,946688527.6385665,0x18FF1515,1,0
APS_PERC,946688527.6385665,0x18FF1515,1,"2.56 porcentagem pedal, precisão de 2 casas decimais"
APPS_RANGE_ERROR,946688527.7385577,0x18FF1515,1,"FALSE 0 no Error, 1 Error"
SAFETY_OK,946688527.7385577,0x18FF1515,1,"FALSE 0 no Error, 1 Error"
BRAKE,946688527.7385577,0x18FF1515,1,"0 1 noBrake, 2 Brake"
VCU_STATE,946688527.7385577,0x18FF1515,1,0
APS_PERC,946688527.7385577,0x18FF1515,1,"2.56 porcentagem pedal, precisão de 2 casas decimais"
UNDER_VOLTAGE,946688527.7908376,0x19B50007,1,FALSE logic
OVER_VOLTAGE,946688527.7908376,0x19B50007,1,FALSE logic
DISCHARGE_OVER_CURRENT,946688527.7908376,0x19B50007,1,FALSE logic
CHARGE_OVER_CURRENT,946688527.7908376,0x19B50007,1,FALSE logic
CELL_MODULE_OVERHEAT,946688527.7908376,0x19B50007,1,FALSE logic
LEAKAGE,946688527.7908376,0x19B50007,1,FALSE logic
NO_CELL_COMMUNICATION,946688527.7908376,0x19B50007,1,FALSE logic
LOW_VOLTAGE_W,946688527.7908376,0x19B50007,1,FALSE logic
HIGH_CURRENT_W,946688527.7908376,0x19B50007,1,FALSE logic
HIGH_TEMPERATURE_W,946688527.7908376,0x19B50007,1,FALSE logic
CELL_OVERHEAT,946688527.7908376,0x19B50007,1,FALSE logic
NO_CURRENT_SENSOR,946688527.7908376,0x19B50007,1,FALSE logic
PACK_UNDER_VOLTAGE,946688527.7908376,0x19B50007,1,FALSE logic
VALIDITY,946688527.7908376,0x19B50007,1,39 state
APPS_RANGE_ERROR,946688527.8385669,0x18FF1515,1,"FALSE 0 no Error, 1 Error"
SAFETY_OK,946688527.8385669,0x18FF1515,1,"FALSE 0 no Error, 1 Error"
BRAKE,946688527.8385669,0x18FF1515,1,"0 1 noBrake, 2 Brake"
VCU_STATE,946688527.8385669,0x18FF1515,1,0
APS_PERC,946688527.8385669,0x18FF1515,1,"2.56 porcentagem pedal, precisão de 2 casas decimais"
APPS_RANGE_ERROR,946688527.9385604,0x18FF1515,1,"FALSE 0 no Error, 1 Error"
SAFETY_OK,946688527.9385604,0x18FF1515,1,"FALSE 0 no Error, 1 Error"
BRAKE,946688527.9385604,0x18FF1515,1,"0 1 noBrake, 2 Brake"
VCU_STATE,946688527.9385604,0x18FF1515,1,0
APS_PERC,946688527.9385604,0x18FF1515,1,"2.56 porcentagem pedal, precisão de 2 casas decimais"
UNDER_VOLTAGE,946688527.9862034,0x19B50007,1,FALSE logic
OVER_VOLTAGE,946688527.9862034,0x19B50007,1,FALSE logic
DISCHARGE_OVER_CURRENT,946688527.9862034,0x19B50007,1,FALSE logic
CHARGE_OVER_CURRENT,946688527.9862034,0x19B50007,1,FALSE logic
CELL_MODULE_OVERHEAT,946688527.9862034,0x19B50007,1,FALSE logic
LEAKAGE,946688527.9862034,0x19B50007,1,FALSE logic
NO_CELL_COMMUNICATION,946688527.9862034,0x19B50007,1,FALSE logic
LOW_VOLTAGE_W,946688527.9862034,0x19B50007,1,FALSE logic
HIGH_CURRENT_W,946688527.9862034,0x19B50007,1,FALSE logic
HIGH_TEMPERATURE_W,946688527.9862034,0x19B50007,1,FALSE logic
CELL_OVERHEAT,946688527.9862034,0x19B50007,1,FALSE logic
NO_CURRENT_SENSOR,946688527.9862034,0x19B50007,1,FALSE logic
PACK_UNDER_VOLTAGE,946688527.9862034,0x19B50007,1,FALSE logic
VALIDITY,946688527.9862034,0x19B50007,1,39 state
APPS_RANGE_ERROR,946688528.0385666,0x18FF1515,1,"FALSE 0 no Error, 1 Error"
SAFETY_OK,946688528.0385666,0x18FF1515,1,"FALSE 0 no Error, 1 Error"
BRAKE,946688528.0385666,0x18FF1515,1,"0 1 noBrake, 2 Brake"
VCU_STATE,946688528.0385666,0x18FF1515,1,0
APS_PERC,946688528.0385666,0x18FF1515,1,"2.56 porcentagem pedal, precisão de 2 casas decimais"
APPS_RANGE_ERROR,946688528.1385623,0x18FF1515,1,"FALSE 0 no Error, 1 Error"
SAFETY_OK,946688528.1385623,0x18FF1515,1,"FALSE 0 no Error, 1 Error"
BRAKE,946688528.1385623,0x18FF1515,1,"0 1 noBrake, 2 Brake"
VCU_STATE,946688528.1385623,0x18FF1515,1,0
APS_PERC,946688528.1385623,0x18FF1515,1,"2.56 porcentagem pedal, precisão de 2 casas decimais"
UNDER_VOLTAGE,946688528.1917368,0x19B50007,1,FALSE logic
OVER_VOLTAGE,946688528.1917368,0x19B50007,1,FALSE logic
DISCHARGE_OVER_CURRENT,946688528.1917368,0x19B50007,1,FALSE logic
CHARGE_OVER_CURRENT,946688528.1917368,0x19B50007,1,FALSE logic
CELL_MODULE_OVERHEAT,946688528.1917368,0x19B50007,1,FALSE logic
LEAKAGE,946688528.1917368,0x19B50007,1,FALSE logic
NO_CELL_COMMUNICATION,946688528.1917368,0x19B50007,1,FALSE logic
LOW_VOLTAGE_W,946688528.1917368,0x19B50007,1,FALSE logic
HIGH_CURRENT_W,946688528.1917368,0x19B50007,1,FALSE logic
HIGH_TEMPERATURE_W,946688528.1917368,0x19B50007,1,FALSE logic
CELL_OVERHEAT,946688528.1917368,0x19B50007,1,FALSE logic
NO_CURRENT_SENSOR,946688528.1917368,0x19B50007,1,FALSE logic
PACK_UNDER_VOLTAGE,946688528.1917368,0x19B50007,1,FALSE logic
VALIDITY,946688528.1917368,0x19B50007,1,39 state
APPS_RANGE_ERROR,946688528.2385607,0x18FF1515,1,"FALSE 0 no Error, 1 Error"
SAFETY_OK,946688528.2385607,0x18FF1515,1,"FALSE 0 no Error, 1 Error"
BRAKE,946688528.2385607,0x18FF1515,1,"0 1 noBrake, 2 Brake"
VCU_STATE,946688528.2385607,0x18FF1515,1,0
APS_PERC,946688528.2385607,0x18FF1515,1,"2.56 porcentagem pedal, precisão de 2 casas decimais"
APPS_RANGE_ERROR,946688528.3385527,0x18FF1515,1,"FALSE 0 no Error, 1 Error"
SAFETY_OK,946688528.3385527,0x18FF1515,1,"FALSE 0 no Error, 1 Error"
BRAKE,946688528.3385527,0x18FF1515,1,"0 1 noBrake, 2 Brake"
VCU_STATE,946688528.3385527,0x18FF1515,1,0
APS_PERC,946688528.3385527,0x18FF1515,1,"2.56 porcentagem pedal, precisão de 2 casas decimais"
UNDER_VOLTAGE,946688528.3863845,0x19B50007,1,FALSE logic
OVER_VOLTAGE,946688528.3863845,0x19B50007,1,FALSE logic
DISCHARGE_OVER_CURRENT,946688528.3863845,0x19B50007,1,FALSE logic
CHARGE_OVER_CURRENT,946688528.3863845,0x19B50007,1,FALSE logic
CELL_MODULE_OVERHEAT,946688528.3863845,0x19B50007,1,FALSE logic
LEAKAGE,946688528.3863845,0x19B50007,1,FALSE logic
NO_CELL_COMMUNICATION,946688528.3863845,0x19B50007,1,FALSE logic
LOW_VOLTAGE_W,946688528.3863845,0x19B50007,1,FALSE logic
HIGH_CURRENT_W,946688528.3863845,0x19B50007,1,FALSE logic
HIGH_TEMPERATURE_W,946688528.3863845,0x19B50007,1,FALSE logic
CELL_OVERHEAT,946688528.3863845,0x19B50007,1,FALSE logic
NO_CURRENT_SENSOR,946688528.3863845,0x19B50007,1,FALSE logic
PACK_UNDER_VOLTAGE,946688528.3863845,0x19B50007,1,FALSE logic
VALIDITY,946688528.3863845,0x19B50007,1,39 state
APPS_RANGE_ERROR,946688528.4385535,0x18FF1515,1,"FALSE 0 no Error, 1 Error"
SAFETY_OK,946688528.4385535,0x18FF1515,1,"FALSE 0 no Error, 1 Error"
BRAKE,946688528.4385535,0x18FF1515,1,"0 1 noBrake, 2 Brake"
VCU_STATE,946688528.4385535,0x18FF1515,1,0
APS_PERC,946688528.4385535,0x18FF1515,1,"2.56 porcentagem pedal, precisão de 2 casas decimais"
APPS_RANGE_ERROR,946688528.5385603,0x18FF1515,1,"FALSE 0 no Error, 1 Error"
SAFETY_OK,946688528.5385603,0x18FF1515,1,"FALSE 0 no Error, 1 Error"
BRAKE,946688528.5385603,0x18FF1515,1,"0 1 noBrake, 2 Brake"
VCU_STATE,946688528.5385603,0x18FF1515,1,0
APS_PERC,946688528.5385603,0x18FF1515,1,"2.56 porcentagem pedal, precisão de 2 casas decimais"
UNDER_VOLTAGE,946688528.5828754,0x19B50007,1,FALSE logic
OVER_VOLTAGE,946688528.5828754,0x19B50007,1,FALSE logic
DISCHARGE_OVER_CURRENT,946688528.5828754,0x19B50007,1,FALSE logic
CHARGE_OVER_CURRENT,946688528.5828754,0x19B50007,1,FALSE logic
CELL_MODULE_OVERHEAT,946688528.5828754,0x19B50007,1,FALSE logic
LEAKAGE,946688528.5828754,0x19B50007,1,FALSE logic
NO_CELL_COMMUNICATION,946688528.5828754,0x19B50007,1,FALSE logic
LOW_VOLTAGE_W,946688528.5828754,0x19B50007,1,FALSE logic
HIGH_CURRENT_W,946688528.5828754,0x19B50007,1,FALSE logic
HIGH_TEMPERATURE_W,946688528.5828754,0x19B50007,1,FALSE logic
CELL_OVERHEAT,946688528.5828754,0x19B50007,1,FALSE logic
NO_CURRENT_SENSOR,946688528.5828754,0x19B50007,1,FALSE logic
PACK_UNDER_VOLTAGE,946688528.5828754,0x19B50007,1,FALSE logic
VALIDITY,946688528.5828754,0x19B50007,1,39 state
APPS_RANGE_ERROR,946688528.6385492,0x18FF1515,1,"FALSE 0 no Error, 1 Error"
SAFETY_OK,946688528.6385492,0x18FF1515,1,"FALSE 0 no Error, 1 Error"
BRAKE,946688528.6385492,0x18FF1515,1,"0 1 noBrake, 2 Brake"
VCU_STATE,946688528.6385492,0x18FF1515,1,0
APS_PERC,946688528.6385492,0x18FF1515,1,"2.56 porcentagem pedal, precisão de 2 casas decimais"
APPS_RANGE_ERROR,946688528.7385508,0x18FF1515,1,"FALSE 0 no Error, 1 Error"
SAFETY_OK,946688528.7385508,0x18FF1515,1,"FALSE 0 no Error, 1 Error"
BRAKE,946688528.7385508,0x18FF1515,1,"0 1 noBrake, 2 Brake"
VCU_STATE,946688528.7385508,0x18FF1515,1,0
APS_PERC,946688528.7385508,0x18FF1515,1,"2.56 porcentagem pedal, precisão de 2 casas decimais"
UNDER_VOLTAGE,946688528.7840867,0x19B50007,1,FALSE logic
OVER_VOLTAGE,946688528.7840867,0x19B50007,1,FALSE logic
DISCHARGE_OVER_CURRENT,946688528.7840867,0x19B50007,1,FALSE logic
CHARGE_OVER_CURRENT,946688528.7840867,0x19B50007,1,FALSE logic
CELL_MODULE_OVERHEAT,946688528.7840867,0x19B50007,1,FALSE logic
LEAKAGE,946688528.7840867,0x19B50007,1,FALSE logic
NO_CELL_COMMUNICATION,946688528.7840867,0x19B50007,1,FALSE logic
LOW_VOLTAGE_W,946688528.7840867,0x19B50007,1,FALSE logic
HIGH_CURRENT_W,946688528.7840867,0x19B50007,1,FALSE logic
HIGH_TEMPERATURE_W,946688528.7840867,0x19B50007,1,FALSE logic
CELL_OVERHEAT,946688528.7840867,0x19B50007,1,FALSE logic
NO_CURRENT_SENSOR,946688528.7840867,0x19B50007,1,FALSE logic
PACK_UNDER_VOLTAGE,946688528.7840867,0x19B50007,1,FALSE logic
VALIDITY,946688528.7840867,0x19B50007,1,39 state
APPS_RANGE_ERROR,946688528.8385725,0x18FF1515,1,"FALSE 0 no Error, 1 Error"
SAFETY_OK,946688528.8385725,0x18FF1515,1,"FALSE 0 no Error, 1 Error"
BRAKE,946688528.8385725,0x18FF1515,1,"0 1 noBrake, 2 Brake"
VCU_STATE,946688528.8385725,0x18FF1515,1,0
APS_PERC,946688528.8385725,0x18FF1515,1,"2.56 porcentagem pedal, precisão de 2 casas decimais"
APPS_RANGE_ERROR,946688528.9385666,0x18FF1515,1,"FALSE 0 no Error, 1 Error"
SAFETY_OK,946688528.9385666,0x18FF1515,1,"FALSE 0 no Error, 1 Error"
BRAKE,946688528.9385666,0x18FF1515,1,"0 1 noBrake, 2 Brake"
VCU_STATE,946688528.9385666,0x18FF1515,1,0
APS_PERC,946688528.9385666,0x18FF1515,1,"2.56 porcentagem pedal, precisão de 2 casas decimais"
UNDER_VOLTAGE,946688528.9892168,0x19B50007,1,FALSE logic
OVER_VOLTAGE,946688528.9892168,0x19B50007,1,FALSE logic
DISCHARGE_OVER_CURRENT,946688528.9892168,0x19B50007,1,FALSE logic
CHARGE_OVER_CURRENT,946688528.9892168,0x19B50007,1,FALSE logic
CELL_MODULE_OVERHEAT,946688528.9892168,0x19B50007,1,FALSE logic
LEAKAGE,946688528.9892168,0x19B50007,1,FALSE logic
NO_CELL_COMMUNICATION,946688528.9892168,0x19B50007,1,FALSE logic
LOW_VOLTAGE_W,946688528.9892168,0x19B50007,1,FALSE logic
HIGH_CURRENT_W,946688528.9892168,0x19B50007,1,FALSE logic
HIGH_TEMPERATURE_W,946688528.9892168,0x19B50007,1,FALSE logic
CELL_OVERHEAT,946688528.9892168,0x19B50007,1,FALSE logic
NO_CURRENT_SENSOR,946688528.9892168,0x19B50007,1,FALSE logic
PACK_UNDER_VOLTAGE,946688528.9892168,0x19B50007,1,FALSE logic
VALIDITY,946688528.9892168,0x19B50007,1,39 state
APPS_RANGE_ERROR,946688529.0385525,0x18FF1515,1,"FALSE 0 no Error, 1 Error"
SAFETY_OK,946688529.0385525,0x18FF1515,1,"FALSE 0 no Error, 1 Error"
BRAKE,946688529.0385525,0x18FF1515,1,"0 1 noBrake, 2 Brake"
VCU_STATE,946688529.0385525,0x18FF1515,1,0
APS_PERC,946688529.0385525,0x18FF1515,1,"2.56 porcentagem pedal, precisão de 2 casas decimais"
TCELL_0,946688529.0736011,0x19B50800,1,-100.00 °C
TCELL_0,946688529.0749778,0x19B50800,1,28.00 °C
TCELL_1,946688529.0749778,0x19B50800,1,28.00 °C
TCELL_2,946688529.0749778,0x19B50800,1,28.00 °C
TCELL_3,946688529.0749778,0x19B50800,1,28.00 °C
TCELL_4,946688529.0749778,0x19B50800,1,28.00 °C
TCELL_5,946688529.0749778,0x19B50800,1,155.00 °C
TCELL_6,946688529.0749778,0x19B50800,1,155.00 °C
TCELL_7,946688529.0749778,0x19B50800,1,155.00 °C
TCELL_8,946688529.0873495,0x19B50801,1,155.00 °C
TCELL_9,946688529.0873495,0x19B50801,1,155.00 °C
TCELL_10,946688529.0873495,0x19B50801,1,155.00 °C
TCELL_11,946688529.0873495,0x19B50801,1,155.00 °C
TCELL_12,946688529.0873495,0x19B50801,1,155.00 °C
TCELL_13,946688529.0873495,0x19B50801,1,155.00 °C
TCELL_14,946688529.0873495,0x19B50801,1,155.00 °C
TCELL_15,946688529.0873495,0x19B50801,1,155.00 °C
TCELL_16,946688529.0996386,0x19B50802,1,28.00 °C
TCELL_17,946688529.0996386,0x19B50802,1,28.00 °C
TCELL_18,946688529.0996386,0x19B50802,1,28.00 °C
TCELL_19,946688529.0996386,0x19B50802,1,29.00 °C
TCELL_20,946688529.0996386,0x19B50802,1,28.00 °C
TCELL_21,946688529.0996386,0x19B50802,1,155.00 °C
TCELL_22,946688529.0996386,0x19B50802,1,155.00 °C
TCELL_23,946688529.0996386,0x19B50802,1,155.00 °C
TCELL_24,946688529.1152403,0x19B50803,1,155.00 °C
TCELL_25,946688529.1152403,0x19B50803,1,155.00 °C
TCELL_26,946688529.1152403,0x19B50803,1,155.00 °C
TCELL_27,946688529.1152403,0x19B50803,1,155.00 °C
TCELL_28,946688529.1152403,0x19B50803,1,155.00 °C
TCELL_29,946688529.1152403,0x19B50803,1,155.00 °C
TCELL_30,946688529.1152403,0x19B50803,1,155.00 °C
TCELL_31,946688529.1152403,0x19B50803,1,155.00 °C
APPS_RANGE_ERROR,946688529.1385562,0x18FF1515,1,"FALSE 0 no Error, 1 Error"
SAFETY_OK,946688529.1385562,0x18FF1515,1,"FALSE 0 no Error, 1 Error"
BRAKE,946688529.1385562,0x18FF1515,1,"0 1 noBrake, 2 Brake"
VCU_STATE,946688529.1385562,0x18FF1515,1,0
APS_PERC,946688529.1385562,0x18FF1515,1,"2.56 porcentagem pedal, precisão de 2 casas decimais"
UNDER_VOLTAGE,946688529.1874427,0x19B50007,1,FALSE logic
OVER_VOLTAGE,946688529.1874427,0x19B50007,1,FALSE logic
DISCHARGE_OVER_CURRENT,946688529.1874427,0x19B50007,1,FALSE logic
CHARGE_OVER_CURRENT,946688529.1874427,0x19B50007,1,FALSE logic
CELL_MODULE_OVERHEAT,946688529.1874427,0x19B50007,1,FALSE logic
LEAKAGE,946688529.1874427,0x19B50007,1,FALSE logic
NO_CELL_COMMUNICATION,946688529.1874427,0x19B50007,1,FALSE logic
LOW_VOLTAGE_W,946688529.1874427,0x19B50007,1,FALSE logic
HIGH_CURRENT_W,946688529.1874427,0x19B50007,1,FALSE logic
HIGH_TEMPERATURE_W,946688529.1874427,0x19B50007,1,FALSE logic
CELL_OVERHEAT,946688529.1874427,0x19B50007,1,FALSE logic
NO_CURRENT_SENSOR,946688529.1874427,0x19B50007,1,FALSE logic
PACK_UNDER_VOLTAGE,946688529.1874427,0x19B50007,1,FALSE logic
VALIDITY,946688529.1874427,0x19B50007,1,39 state
APPS_RANGE_ERROR,946688529.238544,0x18FF1515,1,"FALSE 0 no Error, 1 Error"
SAFETY_OK,946688529.238544,0x18FF1515,1,"FALSE 0 no Error, 1 Error"
BRAKE,946688529.238544,0x18FF1515,1,"0 1 noBrake, 2 Brake"
VCU_STATE,946688529.238544,0x18FF1515,1,0
APS_PERC,946688529.238544,0x18FF1515,1,"2.56 porcentagem pedal, precisão de 2 casas decimais"
APPS_RANGE_ERROR,946688529.3385832,0x18FF1515,1,"FALSE 0 no Error, 1 Error"
SAFETY_OK,946688529.3385832,0x18FF1515,1,"FALSE 0 no Error, 1 Error"
BRAKE,946688529.3385832,0x18FF1515,1,"0 1 noBrake, 2 Brake"
VCU_STATE,946688529.3385832,0x18FF1515,1,0
APS_PERC,946688529.3385832,0x18FF1515,1,"2.56 porcentagem pedal, precisão de 2 casas decimais"
UNDER_VOLTAGE,946688529.382902,0x19B50007,1,FALSE logic
OVER_VOLTAGE,946688529.382902,0x19B50007,1,FALSE logic
DISCHARGE_OVER_CURRENT,946688529.382902,0x19B50007,1,FALSE logic
CHARGE_OVER_CURRENT,946688529.382902,0x19B50007,1,FALSE logic
CELL_MODULE_OVERHEAT,946688529.382902,0x19B50007,1,FALSE logic
LEAKAGE,946688529.382902,0x19B50007,1,FALSE logic
NO_CELL_COMMUNICATION,946688529.382902,0x19B50007,1,FALSE logic
LOW_VOLTAGE_W,946688529.382902,0x19B50007,1,FALSE logic
HIGH_CURRENT_W,946688529.382902,0x19B50007,1,FALSE logic
HIGH_TEMPERATURE_W,946688529.382902,0x19B50007,1,FALSE logic
CELL_OVERHEAT,946688529.382902,0x19B50007,1,FALSE logic
NO_CURRENT_SENSOR,946688529.382902,0x19B50007,1,FALSE logic
PACK_UNDER_VOLTAGE,946688529.382902,0x19B50007,1,FALSE logic
VALIDITY,946688529.382902,0x19B50007,1,39 state
APPS_RANGE_ERROR,946688529.4385517,0x18FF1515,1,"FALSE 0 no Error, 1 Error"
SAFETY_OK,946688529.4385517,0x18FF1515,1,"FALSE 0 no Error, 1 Error"
BRAKE,946688529.4385517,0x18FF1515,1,"0 1 noBrake, 2 Brake"
VCU_STATE,946688529.4385517,0x18FF1515,1,0
APS_PERC,946688529.4385517,0x18FF1515,1,"2.56 porcentagem pedal, precisão de 2 casas decimais"
VCELL_0,946688529.5331426,0x19B50100,1,2.00 V
VCELL_0,946688529.5339043,0x19B50100,1,3.96 V
VCELL_1,946688529.5339043,0x19B50100,1,3.95 V
VCELL_2,946688529.5339043,0x19B50100,1,3.95 V
VCELL_3,946688529.5339043,0x19B50100,1,3.95 V
VCELL_4,946688529.5339043,0x19B50100,1,3.95 V
VCELL_5,946688529.5339043,0x19B50100,1,3.95 V
VCELL_6,946688529.5339043,0x19B50100,1,3.95 V
VCELL_7,946688529.5339043,0x19B50100,1,3.95 V
APPS_RANGE_ERROR,946688529.5385396,0x18FF1515,1,"FALSE 0 no Error, 1 Error"
SAFETY_OK,946688529.5385396,0x18FF1515,1,"FALSE 0 no Error, 1 Error"
BRAKE,946688529.5385396,0x18FF1515,1,"0 1 noBrake, 2 Brake"
VCU_STATE,946688529.5385396,0x18FF1515,1,0
APS_PERC,946688529.5385396,0x18FF1515,1,"2.56 porcentagem pedal, precisão de 2 casas decimais"
VCELL_8,946688529.5464495,0x19B50101,1,3.95 V
VCELL_9,946688529.5464495,0x19B50101,1,3.95 V
VCELL_10,946688529.5464495,0x19B50101,1,3.95 V
VCELL_11,946688529.5464495,0x19B50101,1,3.95 V
VCELL_12,946688529.5464495,0x19B50101,1,3.95 V
VCELL_13,946688529.5464495,0x19B50101,1,3.95 V
VCELL_14,946688529.5464495,0x19B50101,1,3.95 V
VCELL_15,946688529.5464495,0x19B50101,1,3.95 V
VCELL_16,946688529.5589705,0x19B50102,1,3.95 V
VCELL_17,946688529.5589705,0x19B50102,1,3.95 V
VCELL_18,946688529.5589705,0x19B50102,1,3.95 V
VCELL_19,946688529.5589705,0x19B50102,1,3.95 V
VCELL_20,946688529.5589705,0x19B50102,1,3.95 V
VCELL_21,946688529.5589705,0x19B50102,1,3.97 V
VCELL_22,946688529.5589705,0x19B50102,1,3.95 V
VCELL_23,946688529.5589705,0x19B50102,1,3.95 V
VCELL_24,946688529.5836565,0x19B50103,1,3.95 V
VCELL_25,946688529.5836565,0x19B50103,1,3.96 V
VCELL_26,946688529.5836565,0x19B50103,1,3.95 V
VCELL_27,946688529.5836565,0x19B50103,1,3.95 V
VCELL_28,946688529.5836565,0x19B50103,1,3.97 V
VCELL_29,946688529.5836565,0x19B50103,1,3.95 V
VCELL_30,946688529.5836565,0x19B50103,1,3.95 V
VCELL_31,946688529.5836565,0x19B50103,1,3.95 V
UNDER_VOLTAGE,946688529.5916867,0x19B50007,1,FALSE logic
OVER_VOLTAGE,946688529.5916867,0x19B50007,1,FALSE logic
DISCHARGE_OVER_CURRENT,946688529.5916867,0x19B50007,1,FALSE logic
CHARGE_OVER_CURRENT,946688529.5916867,0x19B50007,1,FALSE logic
CELL_MODULE_OVERHEAT,946688529.5916867,0x19B50007,1,FALSE logic
LEAKAGE,946688529.5916867,0x19B50007,1,FALSE logic
NO_CELL_COMMUNICATION,946688529.5916867,0x19B50007,1,FALSE logic
LOW_VOLTAGE_W,946688529.5916867,0x19B50007,1,FALSE logic
HIGH_CURRENT_W,946688529.5916867,0x19B50007,1,FALSE logic
HIGH_TEMPERATURE_W,946688529.5916867,0x19B50007,1,FALSE logic
CELL_OVERHEAT,946688529.5916867,0x19B50007,1,FALSE logic
NO_CURRENT_SENSOR,946688529.5916867,0x19B50007,1,FALSE logic
PACK_UNDER_VOLTAGE,946688529.5916867,0x19B50007,1,FALSE logic
VALIDITY,946688529.5916867,0x19B50007,1,39 state
VCELL_32,946688529.6081833,0x19B50104,1,3.94 V
VCELL_33,946688529.6081833,0x19B50104,1,3.95 V
VCELL_34,946688529.6081833,0x19B50104,1,3.95 V
VCELL_35,946688529.6081833,0x19B50104,1,3.95 V
VCELL_36,946688529.6081833,0x19B50104,1,3.95 V
VCELL_37,946688529.6081833,0x19B50104,1,3.95 V
VCELL_38,946688529.6081833,0x19B50104,1,3.95 V
VCELL_39,946688529.6081833,0x19B50104,1,3.95 V
VCELL_40,946688529.6205375,0x19B50105,1,3.95 V
VCELL_41,946688529.6205375,0x19B50105,1,3.95 V
VCELL_42,946688529.6205375,0x19B50105,1,3.95 V
VCELL_43,946688529.6205375,0x19B50105,1,3.95 V
VCELL_44,946688529.6205375,0x19B50105,1,3.95 V
VCELL_45,946688529.6205375,0x19B50105,1,3.95 V
VCELL_46,946688529.6205375,0x19B50105,1,3.95 V
VCELL_47,946688529.6205375,0x19B50105,1,3.95 V
VCELL_48,946688529.636117,0x19B50106,1,3.95 V
VCELL_49,946688529.636117,0x19B50106,1,3.95 V
VCELL_50,946688529.636117,0x19B50106,1,3.95 V
VCELL_51,946688529.636117,0x19B50106,1,3.95 V
VCELL_52,946688529.636117,0x19B50106,1,3.95 V
VCELL_53,946688529.636117,0x19B50106,1,3.95 V
VCELL_54,946688529.636117,0x19B50106,1,3.95 V
VCELL_55,946688529.636117,0x19B50106,1,3.95 V
APPS_RANGE_ERROR,946688529.6385406,0x18FF1515,1,"FALSE 0 no Error, 1 Error"
SAFETY_OK,946688529.6385406,0x18FF1515,1,"FALSE 0 no Error, 1 Error"
BRAKE,946688529.6385406,0x18FF1515,1,"0 1 noBrake, 2 Brake"
VCU_STATE,946688529.6385406,0x18FF1515,1,0
APS_PERC,946688529.6385406,0x18FF1515,1,"2.56 porcentagem pedal, precisão de 2 casas decimais"
VCELL_56,946688529.6489055,0x19B50107,1,3.95 V
VCELL_57,946688529.6489055,0x19B50107,1,3.95 V
VCELL_58,946688529.6489055,0x19B50107,1,3.95 V
VCELL_59,946688529.6489055,0x19B50107,1,3.95 V
VCELL_60,946688529.6489055,0x19B50107,1,3.95 V
VCELL_61,946688529.6489055,0x19B50107,1,3.95 V
VCELL_62,946688529.6489055,0x19B50107,1,3.95 V
VCELL_63,946688529.6489055,0x19B50107,1,3.95 V
VCELL_64,946688529.6738663,0x19B50108,1,3.92 V
VCELL_65,946688529.6738663,0x19B50108,1,3.94 V
VCELL_66,946688529.6738663,0x19B50108,1,3.95 V
VCELL_67,946688529.6738663,0x19B50108,1,3.95 V
VCELL_68,946688529.6738663,0x19B50108,1,3.96 V
VCELL_69,946688529.6738663,0x19B50108,1,3.96 V
VCELL_70,946688529.6738663,0x19B50108,1,3.94 V
VCELL_71,946688529.6738663,0x19B50108,1,3.95 V
VCELL_72,946688529.6862749,0x19B50109,1,3.97 V
VCELL_73,946688529.6862749,0x19B50109,1,3.95 V
VCELL_74,946688529.6862749,0x19B50109,1,3.95 V
VCELL_75,946688529.6862749,0x19B50109,1,3.96 V
VCELL_76,946688529.6862749,0x19B50109,1,3.94 V
VCELL_77,946688529.6862749,0x19B50109,1,3.95 V
VCELL_78,946688529.6862749,0x19B50109,1,3.95 V
VCELL_79,946688529.6862749,0x19B50109,1,3.95 V
VCELL_80,946688529.6986829,0x19B5010A,1,3.95 V
VCELL_81,946688529.6986829,0x19B5010A,1,3.95 V
VCELL_82,946688529.6986829,0x19B5010A,1,3.95 V
VCELL_83,946688529.6986829,0x19B5010A,1,3.95 V
VCELL_84,946688529.6986829,0x19B5010A,1,3.95 V
VCELL_85,946688529.6986829,0x19B5010A,1,3.95 V
VCELL_86,946688529.6986829,0x19B5010A,1,3.95 V
VCELL_87,946688529.6986829,0x19B5010A,1,3.95 V
VCELL_88,946688529.7119173,0x19B5010B,1,3.95 V
VCELL_89,946688529.7119173,0x19B5010B,1,3.95 V
VCELL_90,946688529.7119173,0x19B5010B,1,3.95 V
VCELL_91,946688529.7119173,0x19B5010B,1,3.98 V
VCELL_92,946688529.7119173,0x19B5010B,1,3.97 V
VCELL_93,946688529.7119173,0x19B5010B,1,3.95 V
VCELL_94,946688529.7119173,0x19B5010B,1,3.95 V
VCELL_95,946688529.7119173,0x19B5010B,1,3.95 V
APPS_RANGE_ERROR,946688529.7385404,0x18FF1515,1,"FALSE 0 no Error, 1 Error"
SAFETY_OK,946688529.7385404,0x18FF1515,1,"FALSE 0 no Error, 1 Error"
BRAKE,946688529.7385404,0x18FF1515,1,"0 1 noBrake, 2 Brake"
VCU_STATE,946688529.7385404,0x18FF1515,1,0
APS_PERC,946688529.7385404,0x18FF1515,1,"2.56 porcentagem pedal, precisão de 2 casas decimais"
UNDER_VOLTAGE,946688529.7792268,0x19B50007,1,FALSE logic
OVER_VOLTAGE,946688529.7792268,0x19B50007,1,FALSE logic
DISCHARGE_OVER_CURRENT,946688529.7792268,0x19B50007,1,FALSE logic
CHARGE_OVER_CURRENT,946688529.7792268,0x19B50007,1,FALSE logic
CELL_MODULE_OVERHEAT,946688529.7792268,0x19B50007,1,FALSE logic
LEAKAGE,946688529.7792268,0x19B50007,1,FALSE logic
NO_CELL_COMMUNICATION,946688529.7792268,0x19B50007,1,FALSE logic
LOW_VOLTAGE_W,946688529.7792268,0x19B50007,1,FALSE logic
HIGH_CURRENT_W,946688529.7792268,0x19B50007,1,FALSE logic
HIGH_TEMPERATURE_W,946688529.7792268,0x19B50007,1,FALSE logic
CELL_OVERHEAT,946688529.7792268,0x19B50007,1,FALSE logic
NO_CURRENT_SENSOR,946688529.7792268,0x19B50007,1,FALSE logic
PACK_UNDER_VOLTAGE,946688529.7792268,0x19B50007,1,FALSE logic
VALIDITY,946688529.7792268,0x19B50007,1,39 state
APPS_RANGE_ERROR,946688529.8385488,0x18FF1515,1,"FALSE 0 no Error, 1 Error"
SAFETY_OK,946688529.8385488,0x18FF1515,1,"FALSE 0 no Error, 1 Error"
BRAKE,946688529.8385488,0x18FF1515,1,"0 1 noBrake, 2 Brake"
VCU_STATE,946688529.8385488,0x18FF1515,1,0
APS_PERC,946688529.8385488,0x18FF1515,1,"2.56 porcentagem pedal, precisão de 2 casas decimais"
APPS_RANGE_ERROR,946688529.9385374,0x18FF1515,1,"FALSE 0 no Error, 1 Error"
SAFETY_OK,946688529.9385374,0x18FF1515,1,"FALSE 0 no Error, 1 Error"
BRAKE,946688529.9385374,0x18FF1515,1,"0 1 noBrake, 2 Brake"
VCU_STATE,946688529.9385374,0x18FF1515,1,0
APS_PERC,946688529.9385374,0x18FF1515,1,"2.56 porcentagem pedal, precisão de 2 casas decimais"
UNDER_VOLTAGE,946688529.9815037,0x19B50007,1,FALSE logic
OVER_VOLTAGE,946688529.9815037,0x19B50007,1,FALSE logic
DISCHARGE_OVER_CURRENT,946688529.9815037,0x19B50007,1,FALSE logic
CHARGE_OVER_CURRENT,946688529.9815037,0x19B50007,1,FALSE logic
CELL_MODULE_OVERHEAT,946688529.9815037,0x19B50007,1,FALSE logic
LEAKAGE,946688529.9815037,0x19B50007,1,FALSE logic
NO_CELL_COMMUNICATION,946688529.9815037,0x19B50007,1,FALSE logic
LOW_VOLTAGE_W,946688529.9815037,0x19B50007,1,FALSE logic
HIGH_CURRENT_W,946688529.9815037,0x19B50007,1,FALSE logic
HIGH_TEMPERATURE_W,946688529.9815037,0x19B50007,1,FALSE logic
CELL_OVERHEAT,946688529.9815037,0x19B50007,1,FALSE logic
NO_CURRENT_SENSOR,946688529.9815037,0x19B50007,1,FALSE logic
PACK_UNDER_VOLTAGE,946688529.9815037,0x19B50007,1,FALSE logic
VALIDITY,946688529.9815037,0x19B50007,1,39 state
APPS_RANGE_ERROR,946688530.0385463,0x18FF1515,1,"FALSE 0 no Error, 1 Error"
SAFETY_OK,946688530.0385463,0x18FF1515,1,"FALSE 0 no Error, 1 Error"
BRAKE,946688530.0385463,0x18FF1515,1,"0 1 noBrake, 2 Brake"
VCU_STATE,946688530.0385463,0x18FF1515,1,0
APS_PERC,946688530.0385463,0x18FF1515,1,"2.56 porcentagem pedal, precisão de 2 casas decimais"
APPS_RANGE_ERROR,946688530.1386628,0x18FF1515,1,"FALSE 0 no Error, 1 Error"
SAFETY_OK,946688530.1386628,0x18FF1515,1,"FALSE 0 no Error, 1 Error"
BRAKE,946688530.1386628,0x18FF1515,1,"0 1 noBrake, 2 Brake"
VCU_STATE,946688530.1386628,0x18FF1515,1,0
APS_PERC,946688530.1386628,0x18FF1515,1,"2.56 porcentagem pedal, precisão de 2 casas decimais"
UNDER_VOLTAGE,946688530.1856966,0x19B50007,1,FALSE logic
OVER_VOLTAGE,946688530.1856966,0x19B50007,1,FALSE logic
DISCHARGE_OVER_CURRENT,946688530.1856966,0x19B50007,1,FALSE logic
CHARGE_OVER_CURRENT,946688530.1856966,0x19B50007,1,FALSE logic
CELL_MODULE_OVERHEAT,946688530.1856966,0x19B50007,1,FALSE logic
LEAKAGE,946688530.1856966,0x19B50007,1,FALSE logic
NO_CELL_COMMUNICATION,946688530.1856966,0x19B50007,1,FALSE logic
LOW_VOLTAGE_W,946688530.1856966,0x19B50007,1,FALSE logic
HIGH_CURRENT_W,946688530.1856966,0x19B50007,1,FALSE logic
HIGH_TEMPERATURE_W,946688530.1856966,0x19B50007,1,FALSE logic
CELL_OVERHEAT,946688530.1856966,0x19B50007,1,FALSE logic
NO_CURRENT_SENSOR,946688530.1856966,0x19B50007,1,FALSE logic
PACK_UNDER_VOLTAGE,946688530.1856966,0x19B50007,1,FALSE logic
VALIDITY,946688530.1856966,0x19B50007,1,39 state
APPS_RANGE_ERROR,946688530.2385435,0x18FF1515,1,"FALSE 0 no Error, 1 Error"
SAFETY_OK,946688530.2385435,0x18FF1515,1,"FALSE 0 no Error, 1 Error"
BRAKE,946688530.2385435,0x18FF1515,1,"0 1 noBrake, 2 Brake"
VCU_STATE,946688530.2385435,0x18FF1515,1,0
APS_PERC,946688530.2385435,0x18FF1515,1,"2.56 porcentagem pedal, precisão de 2 casas decimais"
APPS_RANGE_ERROR,946688530.3386265,0x18FF1515,1,"FALSE 0 no Error, 1 Error"
SAFETY_OK,946688530.3386265,0x18FF1515,1,"FALSE 0 no Error, 1 Error"
BRAKE,946688530.3386265,0x18FF1515,1,"0 1 noBrake, 2 Brake"
VCU_STATE,946688530.3386265,0x18FF1515,1,0
APS_PERC,946688530.3386265,0x18FF1515,1,"2.56 porcentagem pedal, precisão de 2 casas decimais"
UNDER_VOLTAGE,946688530.3792486,0x19B50007,1,FALSE logic
OVER_VOLTAGE,946688530.3792486,0x19B50007,1,FALSE logic
DISCHARGE_OVER_CURRENT,946688530.3792486,0x19B50007,1,FALSE logic
CHARGE_OVER_CURRENT,946688530.3792486,0x19B50007,1,FALSE logic
CELL_MODULE_OVERHEAT,946688530.3792486,0x19B50007,1,FALSE logic
LEAKAGE,946688530.3792486,0x19B50007,1,FALSE logic
NO_CELL_COMMUNICATION,946688530.3792486,0x19B50007,1,FALSE logic
LOW_VOLTAGE_W,946688530.3792486,0x19B50007,1,FALSE logic
HIGH_CURRENT_W,946688530.3792486,0x19B50007,1,FALSE logic
HIGH_TEMPERATURE_W,946688530.3792486,0x19B50007,1,FALSE logic
CELL_OVERHEAT,946688530.3792486,0x19B50007,1,FALSE logic
NO_CURRENT_SENSOR,946688530.3792486,0x19B50007,1,FALSE logic
PACK_UNDER_VOLTAGE,946688530.3792486,0x19B50007,1,FALSE logic
VALIDITY,946688530.3792486,0x19B50007,1,39 state
APPS_RANGE_ERROR,946688530.4385349,0x18FF1515,1,"FALSE 0 no Error, 1 Error"
SAFETY_OK,946688530.4385349,0x18FF1515,1,"FALSE 0 no Error, 1 Error"
BRAKE,946688530.4385349,0x18FF1515,1,"0 1 noBrake, 2 Brake"
VCU_STATE,946688530.4385349,0x18FF1515,1,0
APS_PERC,946688530.4385349,0x18FF1515,1,"2.56 porcentagem pedal, precisão de 2 casas decimais"
APPS_RANGE_ERROR,946688530.538593,0x18FF1515,1,"FALSE 0 no Error, 1 Error"
SAFETY_OK,946688530.538593,0x18FF1515,1,"FALSE 0 no Error, 1 Error"
BRAKE,946688530.538593,0x18FF1515,1,"0 1 noBrake, 2 Brake"
VCU_STATE,946688530.538593,0x18FF1515,1,0
APS_PERC,946688530.538593,0x18FF1515,1,"2.56 porcentagem pedal, precisão de 2 casas decimais"
UNDER_VOLTAGE,946688530.5876966,0x19B50007,1,FALSE logic
OVER_VOLTAGE,946688530.5876966,0x19B50007,1,FALSE logic
DISCHARGE_OVER_CURRENT,946688530.5876966,0x19B50007,1,FALSE logic
CHARGE_OVER_CURRENT,946688530.5876966,0x19B50007,1,FALSE logic
CELL_MODULE_OVERHEAT,946688530.5876966,0x19B50007,1,FALSE logic
LEAKAGE,946688530.5876966,0x19B50007,1,FALSE logic
NO_CELL_COMMUNICATION,946688530.5876966,0x19B50007,1,FALSE logic
LOW_VOLTAGE_W,946688530.5876966,0x19B50007,1,FALSE logic
HIGH_CURRENT_W,946688530.5876966,0x19B50007,1,FALSE logic
HIGH_TEMPERATURE_W,946688530.5876966,0x19B50007,1,FALSE logic
CELL_OVERHEAT,946688530.5876966,0x19B50007,1,FALSE logic
NO_CURRENT_SENSOR,946688530.5876966,0x19B50007,1,FALSE logic
PACK_UNDER_VOLTAGE,946688530.5876966,0x19B50007,1,FALSE logic
VALIDITY,946688530.5876966,0x19B50007,1,39 state
APPS_RANGE_ERROR,946688530.6385362,0x18FF1515,1,"FALSE 0 no Error, 1 Error"
SAFETY_OK,946688530.6385362,0x18FF1515,1,"FALSE 0 no Error, 1 Error"
BRAKE,946688530.6385362,0x18FF1515,1,"0 1 noBrake, 2 Brake"
VCU_STATE,946688530.6385362,0x18FF1515,1,0
APS_PERC,946688530.6385362,0x18FF1515,1,"2.56 porcentagem pedal, precisão de 2 casas decimais"
APPS_RANGE_ERROR,946688530.7385349,0x18FF1515,1,"FALSE 0 no Error, 1 Error"
SAFETY_OK,946688530.7385349,0x18FF1515,1,"FALSE 0 no Error, 1 Error"
BRAKE,946688530.7385349,0x18FF1515,1,"0 1 noBrake, 2 Brake"
VCU_STATE,946688530.7385349,0x18FF1515,1,0
APS_PERC,946688530.7385349,0x18FF1515,1,"2.56 porcentagem pedal, precisão de 2 casas decimais"
UNDER_VOLTAGE,946688530.7797242,0x19B50007,1,FALSE logic
OVER_VOLTAGE,946688530.7797242,0x19B50007,1,FALSE logic
DISCHARGE_OVER_CURRENT,946688530.7797242,0x19B50007,1,FALSE logic
CHARGE_OVER_CURRENT,946688530.7797242,0x19B50007,1,FALSE logic
CELL_MODULE_OVERHEAT,946688530.7797242,0x19B50007,1,FALSE logic
LEAKAGE,946688530.7797242,0x19B50007,1,FALSE logic
NO_CELL_COMMUNICATION,946688530.7797242,0x19B50007,1,FALSE logic
LOW_VOLTAGE_W,946688530.7797242,0x19B50007,1,FALSE logic
HIGH_CURRENT_W,946688530.7797242,0x19B50007,1,FALSE logic
HIGH_TEMPERATURE_W,946688530.7797242,0x19B50007,1,FALSE logic
CELL_OVERHEAT,946688530.7797242,0x19B50007,1,FALSE logic
NO_CURRENT_SENSOR,946688530.7797242,0x19B50007,1,FALSE logic
PACK_UNDER_VOLTAGE,946688530.7797242,0x19B50007,1,FALSE logic
VALIDITY,946688530.7797242,0x19B50007,1,39 state
APPS_RANGE_ERROR,946688530.8385752,0x18FF1515,1,"FALSE 0 no Error, 1 Error"
SAFETY_OK,946688530.8385752,0x18FF1515,1,"FALSE 0 no Error, 1 Error"
BRAKE,946688530.8385752,0x18FF1515,1,"0 1 noBrake, 2 Brake"
VCU_STATE,946688530.8385752,0x18FF1515,1,0
APS_PERC,946688530.8385752,0x18FF1515,1,"2.56 porcentagem pedal, precisão de 2 casas decimais"
APPS_RANGE_ERROR,946688530.9385335,0x18FF1515,1,"FALSE 0 no Error, 1 Error"
SAFETY_OK,946688530.9385335,0x18FF1515,1,"FALSE 0 no Error, 1 Error"
BRAKE,946688530.9385335,0x18FF1515,1,"0 1 noBrake, 2 Brake"
VCU_STATE,946688530.9385335,0x18FF1515,1,0
APS_PERC,946688530.9385335,0x18FF1515,1,"2.56 porcentagem pedal, precisão de 2 casas decimais"
TCELL_0,946688530.9658823,0x19B50800,1,-100.00 °C
TCELL_0,946688530.9664586,0x19B50800,1,28.00 °C
TCELL_1,946688530.9664586,0x19B50800,1,28.00 °C
TCELL_2,946688530.9664586,0x19B50800,1,28.00 °C
TCELL_3,946688530.9664586,0x19B50800,1,28.00 °C
TCELL_4,946688530.9664586,0x19B50800,1,28.00 °C
TCELL_5,946688530.9664586,0x19B50800,1,155.00 °C
TCELL_6,946688530.9664586,0x19B50800,1,155.00 °C
TCELL_7,946688530.9664586,0x19B50800,1,155.00 °C
TCELL_8,946688530.9798969,0x19B50801,1,155.00 °C
TCELL_9,946688530.9798969,0x19B50801,1,155.00 °C
TCELL_10,946688530.9798969,0x19B50801,1,155.00 °C
TCELL_11,946688530.9798969,0x19B50801,1,155.00 °C
TCELL_12,946688530.9798969,0x19B50801,1,155.00 °C
TCELL_13,946688530.9798969,0x19B50801,1,155.00 °C
TCELL_14,946688530.9798969,0x19B50801,1,155.00 °C
TCELL_15,946688530.9798969,0x19B50801,1,155.00 °C
UNDER_VOLTAGE,946688530.9871789,0x19B50007,1,FALSE logic
OVER_VOLTAGE,946688530.9871789,0x19B50007,1,FALSE logic
DISCHARGE_OVER_CURRENT,946688530.9871789,0x19B50007,1,FALSE logic
CHARGE_OVER_CURRENT,946688530.9871789,0x19B50007,1,FALSE logic
CELL_MODULE_OVERHEAT,946688530.9871789,0x19B50007,1,FALSE logic
LEAKAGE,946688530.9871789,0x19B50007,1,FALSE logic
NO_CELL_COMMUNICATION,946688530.9871789,0x19B50007,1,FALSE logic
LOW_VOLTAGE_W,946688530.9871789,0x19B50007,1,FALSE logic
HIGH_CURRENT_W,946688530.9871789,0x19B50007,1,FALSE logic
HIGH_TEMPERATURE_W,946688530.9871789,0x19B50007,1,FALSE logic
CELL_OVERHEAT,946688530.9871789,0x19B50007,1,FALSE logic
NO_CURRENT_SENSOR,946688530.9871789,0x19B50007,1,FALSE logic
PACK_UNDER_VOLTAGE,946688530.9871789,0x19B50007,1,FALSE logic
VALIDITY,946688530.9871789,0x19B50007,1,39 state
TCELL_16,946688531.0033615,0x19B50802,1,28.00 °C
TCELL_17,946688531.0033615,0x19B50802,1,28.00 °C
TCELL_18,946688531.0033615,0x19B50802,1,28.00 °C
TCELL_19,946688531.0033615,0x19B50802,1,29.00 °C
TCELL_20,946688531.0033615,0x19B50802,1,28.00 °C
TCELL_21,946688531.0033615,0x19B50802,1,155.00 °C
TCELL_22,946688531.0033615,0x19B50802,1,155.00 °C
TCELL_23,946688531.0033615,0x19B50802,1,155.00 °C
TCELL_24,946688531.0178186,0x19B50803,1,155.00 °C
TCELL_25,946688531.0178186,0x19B50803,1,155.00 °C
TCELL_26,946688531.0178186,0x19B50803,1,155.00 °C
TCELL_27,946688531.0178186,0x19B50803,1,155.00 °C
TCELL_28,946688531.0178186,0x19B50803,1,155.00 °C
TCELL_29,946688531.0178186,0x19B50803,1,155.00 °C
TCELL_30,946688531.0178186,0x19B50803,1,155.00 °C
TCELL_31,946688531.0178186,0x19B50803,1,155.00 °C
APPS_RANGE_ERROR,946688531.0385348,0x18FF1515,1,"FALSE 0 no Error, 1 Error"
SAFETY_OK,946688531.0385348,0x18FF1515,1,"FALSE 0 no Error, 1 Error"
BRAKE,946688531.0385348,0x18FF1515,1,"0 1 noBrake, 2 Brake"
VCU_STATE,946688531.0385348,0x18FF1515,1,0
APS_PERC,946688531.0385348,0x18FF1515,1,"2.56 porcentagem pedal, precisão de 2 casas decimais"
APPS_RANGE_ERROR,946688531.1385267,0x18FF1515,1,"FALSE 0 no Error, 1 Error"
SAFETY_OK,946688531.1385267,0x18FF1515,1,"FALSE 0 no Error, 1 Error"
BRAKE,946688531.1385267,0x18FF1515,1,"0 1 noBrake, 2 Brake"
VCU_STATE,946688531.1385267,0x18FF1515,1,0
APS_PERC,946688531.1385267,0x18FF1515,1,"2.56 porcentagem pedal, precisão de 2 casas decimais"
UNDER_VOLTAGE,946688531.1787331,0x19B50007,1,FALSE logic
OVER_VOLTAGE,946688531.1787331,0x19B50007,1,FALSE logic
DISCHARGE_OVER_CURRENT,946688531.1787331,0x19B50007,1,FALSE logic
CHARGE_OVER_CURRENT,946688531.1787331,0x19B50007,1,FALSE logic
CELL_MODULE_OVERHEAT,946688531.1787331,0x19B50007,1,FALSE logic
LEAKAGE,946688531.1787331,0x19B50007,1,FALSE logic
NO_CELL_COMMUNICATION,946688531.1787331,0x19B50007,1,FALSE logic
LOW_VOLTAGE_W,946688531.1787331,0x19B50007,1,FALSE logic
HIGH_CURRENT_W,946688531.1787331,0x19B50007,1,FALSE logic
HIGH_TEMPERATURE_W,946688531.1787331,0x19B50007,1,FALSE logic
CELL_OVERHEAT,946688531.1787331,0x19B50007,1,FALSE logic
NO_CURRENT_SENSOR,946688531.1787331,0x19B50007,1,FALSE logic
PACK_UNDER_VOLTAGE,946688531.1787331,0x19B50007,1,FALSE logic
VALIDITY,946688531.1787331,0x19B50007,1,39 state
APPS_RANGE_ERROR,946688531.2385273,0x18FF1515,1,"FALSE 0 no Error, 1 Error"
SAFETY_OK,946688531.2385273,0x18FF1515,1,"FALSE 0 no Error, 1 Error"
BRAKE,946688531.2385273,0x18FF1515,1,"0 1 noBrake, 2 Brake"
VCU_STATE,946688531.2385273,0x18FF1515,1,0
APS_PERC,946688531.2385273,0x18FF1515,1,"2.56 porcentagem pedal, precisão de 2 casas decimais"
APPS_RANGE_ERROR,946688531.3385446,0x18FF1515,1,"FALSE 0 no Error, 1 Error"
SAFETY_OK,946688531.3385446,0x18FF1515,1,"FALSE 0 no Error, 1 Error"
BRAKE,946688531.3385446,0x18FF1515,1,"0 1 noBrake, 2 Brake"
VCU_STATE,946688531.3385446,0x18FF1515,1,0
APS_PERC,946688531.3385446,0x18FF1515,1,"2.56 porcentagem pedal, precisão de 2 casas decimais"
UNDER_VOLTAGE,946688531.3765193,0x19B50007,1,FALSE logic
OVER_VOLTAGE,946688531.3765193,0x19B50007,1,FALSE logic
DISCHARGE_OVER_CURRENT,946688531.3765193,0x19B50007,1,FALSE logic
CHARGE_OVER_CURRENT,946688531.3765193,0x19B50007,1,FALSE logic
CELL_MODULE_OVERHEAT,946688531.3765193,0x19B50007,1,FALSE logic
LEAKAGE,946688531.3765193,0x19B50007,1,FALSE logic
NO_CELL_COMMUNICATION,946688531.3765193,0x19B50007,1,FALSE logic
LOW_VOLTAGE_W,946688531.3765193,0x19B50007,1,FALSE logic
HIGH_CURRENT_W,946688531.3765193,0x19B50007,1,FALSE logic
HIGH_TEMPERATURE_W,946688531.3765193,0x19B50007,1,FALSE logic
CELL_OVERHEAT,946688531.3765193,0x19B50007,1,FALSE logic
NO_CURRENT_SENSOR,946688531.3765193,0x19B50007,1,FALSE logic
PACK_UNDER_VOLTAGE,946688531.3765193,0x19B50007,1,FALSE logic
VALIDITY,946688531.3765193,0x19B50007,1,39 state
VCELL_0,946688531.4223013,0x19B50100,1,2.00 V
VCELL_0,946688531.4228591,0x19B50100,1,3.96 V
VCELL_1,946688531.4228591,0x19B50100,1,3.95 V
VCELL_2,946688531.4228591,0x19B50100,1,3.95 V
VCELL_3,946688531.4228591,0x19B50100,1,3.95 V
VCELL_4,946688531.4228591,0x19B50100,1,3.95 V
VCELL_5,946688531.4228591,0x19B50100,1,3.95 V
VCELL_6,946688531.4228591,0x19B50100,1,3.95 V
VCELL_7,946688531.4228591,0x19B50100,1,3.95 V
VCELL_8,946688531.4352653,0x19B50101,1,3.95 V
VCELL_9,946688531.4352653,0x19B50101,1,3.95 V
VCELL_10,946688531.4352653,0x19B50101,1,3.95 V
VCELL_11,946688531.4352653,0x19B50101,1,3.95 V
VCELL_12,946688531.4352653,0x19B50101,1,3.95 V
VCELL_13,946688531.4352653,0x19B50101,1,3.95 V
VCELL_14,946688531.4352653,0x19B50101,1,3.95 V
VCELL_15,946688531.4352653,0x19B50101,1,3.95 V
APPS_RANGE_ERROR,946688531.4385263,0x18FF1515,1,"FALSE 0 no Error, 1 Error"
SAFETY_OK,946688531.4385263,0x18FF1515,1,"FALSE 0 no Error, 1 Error"
BRAKE,946688531.4385263,0x18FF1515,1,"0 1 noBrake, 2 Brake"
VCU_STATE,946688531.4385263,0x18FF1515,1,0
APS_PERC,946688531.4385263,0x18FF1515,1,"2.56 porcentagem pedal, precisão de 2 casas decimais"
VCELL_16,946688531.448794,0x19B50102,1,3.95 V
VCELL_17,946688531.448794,0x19B50102,1,3.95 V
VCELL_18,946688531.448794,0x19B50102,1,3.95 V
VCELL_19,946688531.448794,0x19B50102,1,3.95 V
VCELL_20,946688531.448794,0x19B50102,1,3.95 V
VCELL_21,946688531.448794,0x19B50102,1,3.97 V
VCELL_22,946688531.448794,0x19B50102,1,3.95 V
VCELL_23,946688531.448794,0x19B50102,1,3.95 V
VCELL_24,946688531.4611166,0x19B50103,1,3.95 V
VCELL_25,946688531.4611166,0x19B50103,1,3.96 V
VCELL_26,946688531.4611166,0x19B50103,1,3.95 V
VCELL_27,946688531.4611166,0x19B50103,1,3.95 V
VCELL_28,946688531.4611166,0x19B50103,1,3.97 V
VCELL_29,946688531.4611166,0x19B50103,1,3.95 V
VCELL_30,946688531.4611166,0x19B50103,1,3.95 V
VCELL_31,946688531.4611166,0x19B50103,1,3.95 V
VCELL_32,946688531.4738072,0x19B50104,1,3.94 V
VCELL_33,946688531.4738072,0x19B50104,1,3.95 V
VCELL_34,946688531.4738072,0x19B50104,1,3.95 V
VCELL_35,946688531.4738072,0x19B50104,1,3.95 V
VCELL_36,946688531.4738072,0x19B50104,1,3.95 V
VCELL_37,946688531.4738072,0x19B50104,1,3.95 V
VCELL_38,946688531.4738072,0x19B50104,1,3.95 V
VCELL_39,946688531.4738072,0x19B50104,1,3.95 V
VCELL_40,946688531.4860957,0x19B50105,1,3.95 V
VCELL_41,946688531.4860957,0x19B50105,1,3.95 V
VCELL_42,946688531.4860957,0x19B50105,1,3.95 V
VCELL_43,946688531.4860957,0x19B50105,1,3.95 V
VCELL_44,946688531.4860957,0x19B50105,1,3.95 V
VCELL_45,946688531.4860957,0x19B50105,1,3.95 V
VCELL_46,946688531.4860957,0x19B50105,1,3.95 V
VCELL_47,946688531.4860957,0x19B50105,1,3.95 V
VCELL_48,946688531.5106063,0x19B50106,1,3.95 V
VCELL_49,946688531.5106063,0x19B50106,1,3.95 V
VCELL_50,946688531.5106063,0x19B50106,1,3.95 V
VCELL_51,946688531.5106063,0x19B50106,1,3.95 V
VCELL_52,946688531.5106063,0x19B50106,1,3.95 V
VCELL_53,946688531.5106063,0x19B50106,1,3.95 V
VCELL_54,946688531.5106063,0x19B50106,1,3.95 V
VCELL_55,946688531.5106063,0x19B50106,1,3.95 V
VCELL_56,946688531.5253506,0x19B50107,1,3.95 V
VCELL_57,946688531.5253506,0x19B50107,1,3.95 V
VCELL_58,946688531.5253506,0x19B50107,1,3.95 V
VCELL_59,946688531.5253506,0x19B50107,1,3.95 V
VCELL_60,946688531.5253506,0x19B50107,1,3.95 V
VCELL_61,946688531.5253506,0x19B50107,1,3.95 V
VCELL_62,946688531.5253506,0x19B50107,1,3.95 V
VCELL_63,946688531.5253506,0x19B50107,1,3.95 V
APPS_RANGE_ERROR,946688531.5385231,0x18FF1515,1,"FALSE 0 no Error, 1 Error"
SAFETY_OK,946688531.5385231,0x18FF1515,1,"FALSE 0 no Error, 1 Error"
BRAKE,946688531.5385231,0x18FF1515,1,"0 1 noBrake, 2 Brake"
VCU_STATE,946688531.5385231,0x18FF1515,1,0
APS_PERC,946688531.5385231,0x18FF1515,1,"2.56 porcentagem pedal, precisão de 2 casas decimais"
VCELL_64,946688531.5387965,0x19B50108,1,3.92 V
VCELL_65,946688531.5387965,0x19B50108,1,3.94 V
VCELL_66,946688531.5387965,0x19B50108,1,3.95 V
VCELL_67,946688531.5387965,0x19B50108,1,3.95 V
VCELL_68,946688531.5387965,0x19B50108,1,3.96 V
VCELL_69,946688531.5387965,0x19B50108,1,3.96 V
VCELL_70,946688531.5387965,0x19B50108,1,3.94 V
VCELL_71,946688531.5387965,0x19B50108,1,3.95 V
VCELL_72,946688531.551275,0x19B50109,1,3.97 V
VCELL_73,946688531.551275,0x19B50109,1,3.95 V
VCELL_74,946688531.551275,0x19B50109,1,3.95 V
VCELL_75,946688531.551275,0x19B50109,1,3.96 V
VCELL_76,946688531.551275,0x19B50109,1,3.94 V
VCELL_77,946688531.551275,0x19B50109,1,3.95 V
VCELL_78,946688531.551275,0x19B50109,1,3.95 V
VCELL_79,946688531.551275,0x19B50109,1,3.95 V
VCELL_80,946688531.5635843,0x19B5010A,1,3.95 V
VCELL_81,946688531.5635843,0x19B5010A,1,3.95 V
VCELL_82,946688531.5635843,0x19B5010A,1,3.95 V
VCELL_83,946688531.5635843,0x19B5010A,1,3.95 V
VCELL_84,946688531.5635843,0x19B5010A,1,3.95 V
VCELL_85,946688531.5635843,0x19B5010A,1,3.95 V
VCELL_86,946688531.5635843,0x19B5010A,1,3.95 V
VCELL_87,946688531.5635843,0x19B5010A,1,3.95 V
VCELL_88,946688531.5761857,0x19B5010B,1,3.95 V
VCELL_89,946688531.5761857,0x19B5010B,1,3.95 V
VCELL_90,946688531.5761857,0x19B5010B,1,3.95 V
VCELL_91,946688531.5761857,0x19B5010B,1,3.98 V
VCELL_92,946688531.5761857,0x19B5010B,1,3.97 V
VCELL_93,946688531.5761857,0x19B5010B,1,3.95 V
VCELL_94,946688531.5761857,0x19B5010B,1,3.95 V
VCELL_95,946688531.5761857,0x19B5010B,1,3.95 V
UNDER_VOLTAGE,946688531.5874349,0x19B50007,1,FALSE logic
OVER_VOLTAGE,946688531.5874349,0x19B50007,1,FALSE logic
DISCHARGE_OVER_CURRENT,946688531.5874349,0x19B50007,1,FALSE logic
CHARGE_OVER_CURRENT,946688531.5874349,0x19B50007,1,FALSE logic
CELL_MODULE_OVERHEAT,946688531.5874349,0x19B50007,1,FALSE logic
LEAKAGE,946688531.5874349,0x19B50007,1,FALSE logic
NO_CELL_COMMUNICATION,946688531.5874349,0x19B50007,1,FALSE logic
LOW_VOLTAGE_W,946688531.5874349,0x19B50007,1,FALSE logic
HIGH_CURRENT_W,946688531.5874349,0x19B50007,1,FALSE logic
HIGH_TEMPERATURE_W,946688531.5874349,0x19B50007,1,FALSE logic
CELL_OVERHEAT,946688531.5874349,0x19B50007,1,FALSE logic
NO_CURRENT_SENSOR,946688531.5874349,0x19B50007,1,FALSE logic
PACK_UNDER_VOLTAGE,946688531.5874349,0x19B50007,1,FALSE logic
VALIDITY,946688531.5874349,0x19B50007,1,39 state
APPS_RANGE_ERROR,946688531.6385249,0x18FF1515,1,"FALSE 0 no Error, 1 Error"
SAFETY_OK,946688531.6385249,0x18FF1515,1,"FALSE 0 no Error, 1 Error"
BRAKE,946688531.6385249,0x18FF1515,1,"0 1 noBrake, 2 Brake"
VCU_STATE,946688531.6385249,0x18FF1515,1,0
APS_PERC,946688531.6385249,0x18FF1515,1,"2.56 porcentagem pedal, precisão de 2 casas decimais"
APPS_RANGE_ERROR,946688531.7385783,0x18FF1515,1,"FALSE 0 no Error, 1 Error"
SAFETY_OK,946688531.7385783,0x18FF1515,1,"FALSE 0 no Error, 1 Error"
BRAKE,946688531.7385783,0x18FF1515,1,"0 1 noBrake, 2 Brake"
VCU_STATE,946688531.7385783,0x18FF1515,1,0
APS_PERC,946688531.7385783,0x18FF1515,1,"2.56 porcentagem pedal, precisão de 2 casas decimais"
UNDER_VOLTAGE,946688531.7792995,0x19B50007,1,FALSE logic
OVER_VOLTAGE,946688531.7792995,0x19B50007,1,FALSE logic
DISCHARGE_OVER_CURRENT,946688531.7792995,0x19B50007,1,FALSE logic
CHARGE_OVER_CURRENT,946688531.7792995,0x19B50007,1,FALSE logic
CELL_MODULE_OVERHEAT,946688531.7792995,0x19B50007,1,FALSE logic
LEAKAGE,946688531.7792995,0x19B50007,1,FALSE logic
NO_CELL_COMMUNICATION,946688531.7792995,0x19B50007,1,FALSE logic
LOW_VOLTAGE_W,946688531.7792995,0x19B50007,1,FALSE logic
HIGH_CURRENT_W,946688531.7792995,0x19B50007,1,FALSE logic
HIGH_TEMPERATURE_W,946688531.7792995,0x19B50007,1,FALSE logic
CELL_OVERHEAT,946688531.7792995,0x19B50007,1,FALSE logic
NO_CURRENT_SENSOR,946688531.7792995,0x19B50007,1,FALSE logic
PACK_UNDER_VOLTAGE,946688531.7792995,0x19B50007,1,FALSE logic
VALIDITY,946688531.7792995,0x19B50007,1,39 state
APPS_RANGE_ERROR,946688531.83852,0x18FF1515,1,"FALSE 0 no Error, 1 Error"
SAFETY_OK,946688531.83852,0x18FF1515,1,"FALSE 0 no Error, 1 Error"
BRAKE,946688531.83852,0x18FF1515,1,"0 1 noBrake, 2 Brake"
VCU_STATE,946688531.83852,0x18FF1515,1,0
APS_PERC,946688531.83852,0x18FF1515,1,"2.56 porcentagem pedal, precisão de 2 casas decimais"
APPS_RANGE_ERROR,946688531.9385618,0x18FF1515,1,"FALSE 0 no Error, 1 Error"
SAFETY_OK,946688531.9385618,0x18FF1515,1,"FALSE 0 no Error, 1 Error"
BRAKE,946688531.9385618,0x18FF1515,1,"0 1 noBrake, 2 Brake"
VCU_STATE,946688531.9385618,0x18FF1515,1,0
APS_PERC,946688531.9385618,0x18FF1515,1,"2.56 porcentagem pedal, precisão de 2 casas decimais"
UNDER_VOLTAGE,946688531.9755962,0x19B50007,1,FALSE logic
OVER_VOLTAGE,946688531.9755962,0x19B50007,1,FALSE logic
DISCHARGE_OVER_CURRENT,946688531.9755962,0x19B50007,1,FALSE logic
CHARGE_OVER_CURRENT,946688531.9755962,0x19B50007,1,FALSE logic
CELL_MODULE_OVERHEAT,946688531.9755962,0x19B50007,1,FALSE logic
LEAKAGE,946688531.9755962,0x19B50007,1,FALSE logic
NO_CELL_COMMUNICATION,946688531.9755962,0x19B50007,1,FALSE logic
LOW_VOLTAGE_W,946688531.9755962,0x19B50007,1,FALSE logic
HIGH_CURRENT_W,946688531.9755962,0x19B50007,1,FALSE logic
HIGH_TEMPERATURE_W,946688531.9755962,0x19B50007,1,FALSE logic
CELL_OVERHEAT,946688531.9755962,0x19B50007,1,FALSE logic
NO_CURRENT_SENSOR,946688531.9755962,0x19B50007,1,FALSE logic
PACK_UNDER_VOLTAGE,946688531.9755962,0x19B50007,1,FALSE logic
VALIDITY,946688531.9755962,0x19B50007,1,39 state
APPS_RANGE_ERROR,946688532.0385245,0x18FF1515,1,"FALSE 0 no Error, 1 Error"
SAFETY_OK,946688532.0385245,0x18FF1515,1,"FALSE 0 no Error, 1 Error"
BRAKE,946688532.0385245,0x18FF1515,1,"0 1 noBrake, 2 Brake"
VCU_STATE,946688532.0385245,0x18FF1515,1,0
APS_PERC,946688532.0385245,0x18FF1515,1,"2.56 porcentagem pedal, precisão de 2 casas decimais"
APPS_RANGE_ERROR,946688532.138516,0x18FF1515,1,"FALSE 0 no Error, 1 Error"
SAFETY_OK,946688532.138516,0x18FF1515,1,"FALSE 0 no Error, 1 Error"
BRAKE,946688532.138516,0x18FF1515,1,"0 1 noBrake, 2 Brake"
VCU_STATE,946688532.138516,0x18FF1515,1,0
APS_PERC,946688532.138516,0x18FF1515,1,"2.56 porcentagem pedal, precisão de 2 casas decimais"
UNDER_VOLTAGE,946688532.1771427,0x19B50007,1,FALSE logic
OVER_VOLTAGE,946688532.1771427,0x19B50007,1,FALSE logic
DISCHARGE_OVER_CURRENT,946688532.1771427,0x19B50007,1,FALSE logic
CHARGE_OVER_CURRENT,946688532.1771427,0x19B50007,1,FALSE logic
CELL_MODULE_OVERHEAT,946688532.1771427,0x19B50007,1,FALSE logic
LEAKAGE,946688532.1771427,0x19B50007,1,FALSE logic
NO_CELL_COMMUNICATION,946688532.1771427,0x19B50007,1,FALSE logic
LOW_VOLTAGE_W,946688532.1771427,0x19B50007,1,FALSE logic
HIGH_CURRENT_W,946688532.1771427,0x19B50007,1,FALSE logic
HIGH_TEMPERATURE_W,946688532.1771427,0x19B50007,1,FALSE logic
CELL_OVERHEAT,946688532.1771427,0x19B50007,1,FALSE logic
NO_CURRENT_SENSOR,946688532.1771427,0x19B50007,1,FALSE logic
PACK_UNDER_VOLTAGE,946688532.1771427,0x19B50007,1,FALSE logic
VALIDITY,946688532.1771427,0x19B50007,1,39 state
APPS_RANGE_ERROR,946688532.238653,0x18FF1515,1,"FALSE 0 no Error, 1 Error"
SAFETY_OK,946688532.238653,0x18FF1515,1,"FALSE 0 no Error, 1 Error"
BRAKE,946688532.238653,0x18FF1515,1,"0 1 noBrake, 2 Brake"
VCU_STATE,946688532.238653,0x18FF1515,1,0
APS_PERC,946688532.238653,0x18FF1515,1,"2.56 porcentagem pedal, precisão de 2 casas decimais"
APPS_RANGE_ERROR,946688532.3385208,0x18FF1515,1,"FALSE 0 no Error, 1 Error"
SAFETY_OK,946688532.3385208,0x18FF1515,1,"FALSE 0 no Error, 1 Error"
BRAKE,946688532.3385208,0x18FF1515,1,"0 1 noBrake, 2 Brake"
VCU_STATE,946688532.3385208,0x18FF1515,1,0
APS_PERC,946688532.3385208,0x18FF1515,1,"2.56 porcentagem pedal, precisão de 2 casas decimais"
UNDER_VOLTAGE,946688532.3847282,0x19B50007,1,FALSE logic
OVER_VOLTAGE,946688532.3847282,0x19B50007,1,FALSE logic
DISCHARGE_OVER_CURRENT,946688532.3847282,0x19B50007,1,FALSE logic
CHARGE_OVER_CURRENT,946688532.3847282,0x19B50007,1,FALSE logic
CELL_MODULE_OVERHEAT,946688532.3847282,0x19B50007,1,FALSE logic
LEAKAGE,946688532.3847282,0x19B50007,1,FALSE logic
NO_CELL_COMMUNICATION,946688532.3847282,0x19B50007,1,FALSE logic
LOW_VOLTAGE_W,946688532.3847282,0x19B50007,1,FALSE logic
HIGH_CURRENT_W,946688532.3847282,0x19B50007,1,FALSE logic
HIGH_TEMPERATURE_W,946688532.3847282,0x19B50007,1,FALSE logic
CELL_OVERHEAT,946688532.3847282,0x19B50007,1,FALSE logic
NO_CURRENT_SENSOR,946688532.3847282,0x19B50007,1,FALSE logic
PACK_UNDER_VOLTAGE,946688532.3847282,0x19B50007,1,FALSE logic
VALIDITY,946688532.3847282,0x19B50007,1,39 state
APPS_RANGE_ERROR,946688532.4385201,0x18FF1515,1,"FALSE 0 no Error, 1 Error"
SAFETY_OK,946688532.4385201,0x18FF1515,1,"FALSE 0 no Error, 1 Error"
BRAKE,946688532.4385201,0x18FF1515,1,"0 1 noBrake, 2 Brake"
VCU_STATE,946688532.4385201,0x18FF1515,1,0
APS_PERC,946688532.4385201,0x18FF1515,1,"2.56 porcentagem pedal, precisão de 2 casas decimais"
APPS_RANGE_ERROR,946688532.5385154,0x18FF1515,1,"FALSE 0 no Error, 1 Error"
SAFETY_OK,946688532.5385154,0x18FF1515,1,"FALSE 0 no Error, 1 Error"
BRAKE,946688532.5385154,0x18FF1515,1,"0 1 noBrake, 2 Brake"
VCU_STATE,946688532.5385154,0x18FF1515,1,0
APS_PERC,946688532.5385154,0x18FF1515,1,"2.56 porcentagem pedal, precisão de 2 casas decimais"
UNDER_VOLTAGE,946688532.5762793,0x19B50007,1,FALSE logic
OVER_VOLTAGE,946688532.5762793,0x19B50007,1,FALSE logic
DISCHARGE_OVER_CURRENT,946688532.5762793,0x19B50007,1,FALSE logic
CHARGE_OVER_CURRENT,946688532.5762793,0x19B50007,1,FALSE logic
CELL_MODULE_OVERHEAT,946688532.5762793,0x19B50007,1,FALSE logic
LEAKAGE,946688532.5762793,0x19B50007,1,FALSE logic
NO_CELL_COMMUNICATION,946688532.5762793,0x19B50007,1,FALSE logic
LOW_VOLTAGE_W,946688532.5762793,0x19B50007,1,FALSE logic
HIGH_CURRENT_W,946688532.5762793,0x19B50007,1,FALSE logic
HIGH_TEMPERATURE_W,946688532.5762793,0x19B50007,1,FALSE logic
CELL_OVERHEAT,946688532.5762793,0x19B50007,1,FALSE logic
NO_CURRENT_SENSOR,946688532.5762793,0x19B50007,1,FALSE logic
PACK_UNDER_VOLTAGE,946688532.5762793,0x19B50007,1,FALSE logic
VALIDITY,946688532.5762793,0x19B50007,1,39 state
APPS_RANGE_ERROR,946688532.6385106,0x18FF1515,1,"FALSE 0 no Error, 1 Error"
SAFETY_OK,946688532.6385106,0x18FF1515,1,"FALSE 0 no Error, 1 Error"
BRAKE,946688532.6385106,0x18FF1515,1,"0 1 noBrake, 2 Brake"
VCU_STATE,946688532.6385106,0x18FF1515,1,0
APS_PERC,946688532.6385106,0x18FF1515,1,"2.56 porcentagem pedal, precisão de 2 casas decimais"
APPS_RANGE_ERROR,946688532.7385213,0x18FF1515,1,"FALSE 0 no Error, 1 Error"
SAFETY_OK,946688532.7385213,0x18FF1515,1,"FALSE 0 no Error, 1 Error"
BRAKE,946688532.7385213,0x18FF1515,1,"0 1 noBrake, 2 Brake"
VCU_STATE,946688532.7385213,0x18FF1515,1,0
APS_PERC,946688532.7385213,0x18FF1515,1,"2.56 porcentagem pedal, precisão de 2 casas decimais"
UNDER_VOLTAGE,946688532.7760531,0x19B50007,1,FALSE logic
OVER_VOLTAGE,946688532.7760531,0x19B50007,1,FALSE logic
DISCHARGE_OVER_CURRENT,946688532.7760531,0x19B50007,1,FALSE logic
CHARGE_OVER_CURRENT,946688532.7760531,0x19B50007,1,FALSE logic
CELL_MODULE_OVERHEAT,946688532.7760531,0x19B50007,1,FALSE logic
LEAKAGE,946688532.7760531,0x19B50007,1,FALSE logic
NO_CELL_COMMUNICATION,946688532.7760531,0x19B50007,1,FALSE logic
LOW_VOLTAGE_W,946688532.7760531,0x19B50007,1,FALSE logic
HIGH_CURRENT_W,946688532.7760531,0x19B50007,1,FALSE logic
HIGH_TEMPERATURE_W,946688532.7760531,0x19B50007,1,FALSE logic
CELL_OVERHEAT,946688532.7760531,0x19B50007,1,FALSE logic
NO_CURRENT_SENSOR,946688532.7760531,0x19B50007,1,FALSE logic
PACK_UNDER_VOLTAGE,946688532.7760531,0x19B50007,1,FALSE logic
VALIDITY,946688532.7760531,0x19B50007,1,39 state
TCELL_0,946688532.7919426,0x19B50800,1,-100.00 °C
TCELL_0,946688532.7925274,0x19B50800,1,28.00 °C
TCELL_1,946688532.7925274,0x19B50800,1,28.00 °C
TCELL_2,946688532.7925274,0x19B50800,1,28.00 °C
TCELL_3,946688532.7925274,0x19B50800,1,28.00 °C
TCELL_4,946688532.7925274,0x19B50800,1,28.00 °C
TCELL_5,946688532.7925274,0x19B50800,1,155.00 °C
TCELL_6,946688532.7925274,0x19B50800,1,155.00 °C
TCELL_7,946688532.7925274,0x19B50800,1,155.00 °C
TCELL_8,946688532.8047651,0x19B50801,1,155.00 °C
TCELL_9,946688532.8047651,0x19B50801,1,155.00 °C
TCELL_10,946688532.8047651,0x19B50801,1,155.00 °C
TCELL_11,946688532.8047651,0x19B50801,1,155.00 °C
TCELL_12,946688532.8047651,0x19B50801,1,155.00 °C
TCELL_13,946688532.8047651,0x19B50801,1,155.00 °C
TCELL_14,946688532.8047651,0x19B50801,1,155.00 °C
TCELL_15,946688532.8047651,0x19B50801,1,155.00 °C
TCELL_16,946688532.8182402,0x19B50802,1,28.00 °C
TCELL_17,946688532.8182402,0x19B50802,1,28.00 °C
TCELL_18,946688532.8182402,0x19B50802,1,28.00 °C
TCELL_19,946688532.8182402,0x19B50802,1,29.00 °C
TCELL_20,946688532.8182402,0x19B50802,1,28.00 °C
TCELL_21,946688532.8182402,0x19B50802,1,155.00 °C
TCELL_22,946688532.8182402,0x19B50802,1,155.00 °C
TCELL_23,946688532.8182402,0x19B50802,1,155.00 °C
APPS_RANGE_ERROR,946688532.8385214,0x18FF1515,1,"FALSE 0 no Error, 1 Error"
SAFETY_OK,946688532.8385214,0x18FF1515,1,"FALSE 0 no Error, 1 Error"
BRAKE,946688532.8385214,0x18FF1515,1,"0 1 noBrake, 2 Brake"
VCU_STATE,946688532.8385214,0x18FF1515,1,0
APS_PERC,946688532.8385214,0x18FF1515,1,"2.56 porcentagem pedal, precisão de 2 casas decimais"
TCELL_24,946688532.867938,0x19B50803,1,155.00 °C
TCELL_25,946688532.867938,0x19B50803,1,155.00 °C
TCELL_26,946688532.867938,0x19B50803,1,155.00 °C
TCELL_27,946688532.867938,0x19B50803,1,155.00 °C
TCELL_28,946688532.867938,0x19B50803,1,155.00 °C
TCELL_29,946688532.867938,0x19B50803,1,155.00 °C
TCELL_30,946688532.867938,0x19B50803,1,155.00 °C
TCELL_31,946688532.867938,0x19B50803,1,155.00 °C
APPS_RANGE_ERROR,946688532.9385071,0x18FF1515,1,"FALSE 0 no Error, 1 Error"
SAFETY_OK,946688532.9385071,0x18FF1515,1,"FALSE 0 no Error, 1 Error"
BRAKE,946688532.9385071,0x18FF1515,1,"0 1 noBrake, 2 Brake"
VCU_STATE,946688532.9385071,0x18FF1515,1,0
APS_PERC,946688532.9385071,0x18FF1515,1,"2.56 porcentagem pedal, precisão de 2 casas decimais"
UNDER_VOLTAGE,946688532.9792325,0x19B50007,1,FALSE logic
OVER_VOLTAGE,946688532.9792325,0x19B50007,1,FALSE logic
DISCHARGE_OVER_CURRENT,946688532.9792325,0x19B50007,1,FALSE logic
CHARGE_OVER_CURRENT,946688532.9792325,0x19B50007,1,FALSE logic
CELL_MODULE_OVERHEAT,946688532.9792325,0x19B50007,1,FALSE logic
LEAKAGE,946688532.9792325,0x19B50007,1,FALSE logic
NO_CELL_COMMUNICATION,946688532.9792325,0x19B50007,1,FALSE logic
LOW_VOLTAGE_W,946688532.9792325,0x19B50007,1,FALSE logic
HIGH_CURRENT_W,946688532.9792325,0x19B50007,1,FALSE logic
HIGH_TEMPERATURE_W,946688532.9792325,0x19B50007,1,FALSE logic
CELL_OVERHEAT,946688532.9792325,0x19B50007,1,FALSE logic
NO_CURRENT_SENSOR,946688532.9792325,0x19B50007,1,FALSE logic
PACK_UNDER_VOLTAGE,946688532.9792325,0x19B50007,1,FALSE logic
VALIDITY,946688532.9792325,0x19B50007,1,39 state
APPS_RANGE_ERROR,946688533.0385056,0x18FF1515,1,"FALSE 0 no Error, 1 Error"
SAFETY_OK,946688533.0385056,0x18FF1515,1,"FALSE 0 no Error, 1 Error"
BRAKE,946688533.0385056,0x18FF1515,1,"0 1 noBrake, 2 Brake"
VCU_STATE,946688533.0385056,0x18FF1515,1,0
APS_PERC,946688533.0385056,0x18FF1515,1,"2.56 porcentagem pedal, precisão de 2 casas decimais"
APPS_RANGE_ERROR,946688533.1387703,0x18FF1515,1,"FALSE 0 no Error, 1 Error"
SAFETY_OK,946688533.1387703,0x18FF1515,1,"FALSE 0 no Error, 1 Error"
BRAKE,946688533.1387703,0x18FF1515,1,"0 1 noBrake, 2 Brake"
VCU_STATE,946688533.1387703,0x18FF1515,1,0
APS_PERC,946688533.1387703,0x18FF1515,1,"2.56 porcentagem pedal, precisão de 2 casas decimais"
UNDER_VOLTAGE,946688533.1805845,0x19B50007,1,FALSE logic
OVER_VOLTAGE,946688533.1805845,0x19B50007,1,FALSE logic
DISCHARGE_OVER_CURRENT,946688533.1805845,0x19B50007,1,FALSE logic
CHARGE_OVER_CURRENT,946688533.1805845,0x19B50007,1,FALSE logic
CELL_MODULE_OVERHEAT,946688533.1805845,0x19B50007,1,FALSE logic
LEAKAGE,946688533.1805845,0x19B50007,1,FALSE logic
NO_CELL_COMMUNICATION,946688533.1805845,0x19B50007,1,FALSE logic
LOW_VOLTAGE_W,946688533.1805845,0x19B50007,1,FALSE logic
HIGH_CURRENT_W,946688533.1805845,0x19B50007,1,FALSE logic
HIGH_TEMPERATURE_W,946688533.1805845,0x19B50007,1,FALSE logic
CELL_OVERHEAT,946688533.1805845,0x19B50007,1,FALSE logic
NO_CURRENT_SENSOR,946688533.1805845,0x19B50007,1,FALSE logic
PACK_UNDER_VOLTAGE,946688533.1805845,0x19B50007,1,FALSE logic
VALIDITY,946688533.1805845,0x19B50007,1,39 state
APPS_RANGE_ERROR,946688533.2385118,0x18FF1515,1,"FALSE 0 no Error, 1 Error"
SAFETY_OK,946688533.2385118,0x18FF1515,1,"FALSE 0 no Error, 1 Error"
BRAKE,946688533.2385118,0x18FF1515,1,"0 1 noBrake, 2 Brake"
VCU_STATE,946688533.2385118,0x18FF1515,1,0
APS_PERC,946688533.2385118,0x18FF1515,1,"2.56 porcentagem pedal, precisão de 2 casas decimais"
APPS_RANGE_ERROR,946688533.3385247,0x18FF1515,1,"FALSE 0 no Error, 1 Error"
SAFETY_OK,946688533.3385247,0x18FF1515,1,"FALSE 0 no Error, 1 Error"
BRAKE,946688533.3385247,0x18FF1515,1,"0 1 noBrake, 2 Brake"
VCU_STATE,946688533.3385247,0x18FF1515,1,0
APS_PERC,946688533.3385247,0x18FF1515,1,"2.56 porcentagem pedal, precisão de 2 casas decimais"
UNDER_VOLTAGE,946688533.3844846,0x19B50007,1,FALSE logic
OVER_VOLTAGE,946688533.3844846,0x19B50007,1,FALSE logic
DISCHARGE_OVER_CURRENT,946688533.3844846,0x19B50007,1,FALSE logic
CHARGE_OVER_CURRENT,946688533.3844846,0x19B50007,1,FALSE logic
CELL_MODULE_OVERHEAT,946688533.3844846,0x19B50007,1,FALSE logic
LEAKAGE,946688533.3844846,0x19B50007,1,FALSE logic
NO_CELL_COMMUNICATION,946688533.3844846,0x19B50007,1,FALSE logic
LOW_VOLTAGE_W,946688533.3844846,0x19B50007,1,FALSE logic
HIGH_CURRENT_W,946688533.3844846,0x19B50007,1,FALSE logic
HIGH_TEMPERATURE_W,946688533.3844846,0x19B50007,1,FALSE logic
CELL_OVERHEAT,946688533.3844846,0x19B50007,1,FALSE logic
NO_CURRENT_SENSOR,946688533.3844846,0x19B50007,1,FALSE logic
PACK_UNDER_VOLTAGE,946688533.3844846,0x19B50007,1,FALSE logic
VALIDITY,946688533.3844846,0x19B50007,1,39 state
APPS_RANGE_ERROR,946688533.4385052,0x18FF1515,1,"FALSE 0 no Error, 1 Error"
SAFETY_OK,946688533.4385052,0x18FF1515,1,"FALSE 0 no Error, 1 Error"
BRAKE,946688533.4385052,0x18FF1515,1,"0 1 noBrake, 2 Brake"
VCU_STATE,946688533.4385052,0x18FF1515,1,0
APS_PERC,946688533.4385052,0x18FF1515,1,"2.56 porcentagem pedal, precisão de 2 casas decimais"
APPS_RANGE_ERROR,946688533.5385098,0x18FF1515,1,"FALSE 0 no Error, 1 Error"
SAFETY_OK,946688533.5385098,0x18FF1515,1,"FALSE 0 no Error, 1 Error"
BRAKE,946688533.5385098,0x18FF1515,1,"0 1 noBrake, 2 Brake"
VCU_STATE,946688533.5385098,0x18FF1515,1,0
APS_PERC,946688533.5385098,0x18FF1515,1,"2.56 porcentagem pedal, precisão de 2 casas decimais"
UNDER_VOLTAGE,946688533.5804485,0x19B50007,1,FALSE logic
OVER_VOLTAGE,946688533.5804485,0x19B50007,1,FALSE logic
DISCHARGE_OVER_CURRENT,946688533.5804485,0x19B50007,1,FALSE logic
CHARGE_OVER_CURRENT,946688533.5804485,0x19B50007,1,FALSE logic
CELL_MODULE_OVERHEAT,946688533.5804485,0x19B50007,1,FALSE logic
LEAKAGE,946688533.5804485,0x19B50007,1,FALSE logic
NO_CELL_COMMUNICATION,946688533.5804485,0x19B50007,1,FALSE logic
LOW_VOLTAGE_W,946688533.5804485,0x19B50007,1,FALSE logic
HIGH_CURRENT_W,946688533.5804485,0x19B50007,1,FALSE logic
HIGH_TEMPERATURE_W,946688533.5804485,0x19B50007,1,FALSE logic
CELL_OVERHEAT,946688533.5804485,0x19B50007,1,FALSE logic
NO_CURRENT_SENSOR,946688533.5804485,0x19B50007,1,FALSE logic
PACK_UNDER_VOLTAGE,946688533.5804485,0x19B50007,1,FALSE logic
VALIDITY,946688533.5804485,0x19B50007,1,39 state
APPS_RANGE_ERROR,946688533.6385025,0x18FF1515,1,"FALSE 0 no Error, 1 Error"
SAFETY_OK,946688533.6385025,0x18FF1515,1,"FALSE 0 no Error, 1 Error"
BRAKE,946688533.6385025,0x18FF1515,1,"0 1 noBrake, 2 Brake"
VCU_STATE,946688533.6385025,0x18FF1515,1,0
APS_PERC,946688533.6385025,0x18FF1515,1,"2.56 porcentagem pedal, precisão de 2 casas decimais"
APPS_RANGE_ERROR,946688533.7385042,0x18FF1515,1,"FALSE 0 no Error, 1 Error"
SAFETY_OK,946688533.7385042,0x18FF1515,1,"FALSE 0 no Error, 1 Error"
BRAKE,946688533.7385042,0x18FF1515,1,"0 1 noBrake, 2 Brake"
VCU_STATE,946688533.7385042,0x18FF1515,1,0
APS_PERC,946688533.7385042,0x18FF1515,1,"2.56 porcentagem pedal, precisão de 2 casas decimais"
UNDER_VOLTAGE,946688533.7749883,0x19B50007,1,FALSE logic
OVER_VOLTAGE,946688533.7749883,0x19B50007,1,FALSE logic
DISCHARGE_OVER_CURRENT,946688533.7749883,0x19B50007,1,FALSE logic
CHARGE_OVER_CURRENT,946688533.7749883,0x19B50007,1,FALSE logic
CELL_MODULE_OVERHEAT,946688533.7749883,0x19B50007,1,FALSE logic
LEAKAGE,946688533.7749883,0x19B50007,1,FALSE logic
NO_CELL_COMMUNICATION,946688533.7749883,0x19B50007,1,FALSE logic
LOW_VOLTAGE_W,946688533.7749883,0x19B50007,1,FALSE logic
HIGH_CURRENT_W,946688533.7749883,0x19B50007,1,FALSE logic
HIGH_TEMPERATURE_W,946688533.7749883,0x19B50007,1,FALSE logic
CELL_OVERHEAT,946688533.7749883,0x19B50007,1,FALSE logic
NO_CURRENT_SENSOR,946688533.7749883,0x19B50007,1,FALSE logic
PACK_UNDER_VOLTAGE,946688533.7749883,0x19B50007,1,FALSE logic
VALIDITY,946688533.7749883,0x19B50007,1,39 state
VCELL_0,946688533.7892731,0x19B50100,1,2.00 V
VCELL_0,946688533.7898526,0x19B50100,1,3.96 V
VCELL_1,946688533.7898526,0x19B50100,1,3.95 V
VCELL_2,946688533.7898526,0x19B50100,1,3.95 V
VCELL_3,946688533.7898526,0x19B50100,1,3.95 V
VCELL_4,946688533.7898526,0x19B50100,1,3.95 V
VCELL_5,946688533.7898526,0x19B50100,1,3.95 V
VCELL_6,946688533.7898526,0x19B50100,1,3.95 V
VCELL_7,946688533.7898526,0x19B50100,1,3.95 V
VCELL_8,946688533.8022844,0x19B50101,1,3.95 V
VCELL_9,946688533.8022844,0x19B50101,1,3.95 V
VCELL_10,946688533.8022844,0x19B50101,1,3.95 V
VCELL_11,946688533.8022844,0x19B50101,1,3.95 V
VCELL_12,946688533.8022844,0x19B50101,1,3.95 V
VCELL_13,946688533.8022844,0x19B50101,1,3.95 V
VCELL_14,946688533.8022844,0x19B50101,1,3.95 V
VCELL_15,946688533.8022844,0x19B50101,1,3.95 V
VCELL_16,946688533.8154963,0x19B50102,1,3.95 V
VCELL_17,946688533.8154963,0x19B50102,1,3.95 V
VCELL_18,946688533.8154963,0x19B50102,1,3.95 V
VCELL_19,946688533.8154963,0x19B50102,1,3.95 V
VCELL_20,946688533.8154963,0x19B50102,1,3.95 V
VCELL_21,946688533.8154963,0x19B50102,1,3.97 V
VCELL_22,946688533.8154963,0x19B50102,1,3.95 V
VCELL_23,946688533.8154963,0x19B50102,1,3.95 V
VCELL_24,946688533.8280685,0x19B50103,1,3.95 V
VCELL_25,946688533.8280685,0x19B50103,1,3.96 V
VCELL_26,946688533.8280685,0x19B50103,1,3.95 V
VCELL_27,946688533.8280685,0x19B50103,1,3.95 V
VCELL_28,946688533.8280685,0x19B50103,1,3.97 V
VCELL_29,946688533.8280685,0x19B50103,1,3.95 V
VCELL_30,946688533.8280685,0x19B50103,1,3.95 V
VCELL_31,946688533.8280685,0x19B50103,1,3.95 V
APPS_RANGE_ERROR,946688533.8385004,0x18FF1515,1,"FALSE 0 no Error, 1 Error"
SAFETY_OK,946688533.8385004,0x18FF1515,1,"FALSE 0 no Error, 1 Error"
BRAKE,946688533.8385004,0x18FF1515,1,"0 1 noBrake, 2 Brake"
VCU_STATE,946688533.8385004,0x18FF1515,1,0
APS_PERC,946688533.8385004,0x18FF1515,1,"2.56 porcentagem pedal, precisão de 2 casas decimais"
VCELL_32,946688533.8427069,0x19B50104,1,3.94 V
VCELL_33,946688533.8427069,0x19B50104,1,3.95 V
VCELL_34,946688533.8427069,0x19B50104,1,3.95 V
VCELL_35,946688533.8427069,0x19B50104,1,3.95 V
VCELL_36,946688533.8427069,0x19B50104,1,3.95 V
VCELL_37,946688533.8427069,0x19B50104,1,3.95 V
VCELL_38,946688533.8427069,0x19B50104,1,3.95 V
VCELL_39,946688533.8427069,0x19B50104,1,3.95 V
VCELL_40,946688533.8941542,0x19B50105,1,3.95 V
VCELL_41,946688533.8941542,0x19B50105,1,3.95 V
VCELL_42,946688533.8941542,0x19B50105,1,3.95 V
VCELL_43,946688533.8941542,0x19B50105,1,3.95 V
VCELL_44,946688533.8941542,0x19B50105,1,3.95 V
VCELL_45,946688533.8941542,0x19B50105,1,3.95 V
VCELL_46,946688533.8941542,0x19B50105,1,3.95 V
VCELL_47,946688533.8941542,0x19B50105,1,3.95 V
VCELL_48,946688533.9067249,0x19B50106,1,3.95 V
VCELL_49,946688533.9067249,0x19B50106,1,3.95 V
VCELL_50,946688533.9067249,0x19B50106,1,3.95 V
VCELL_51,946688533.9067249,0x19B50106,1,3.95 V
VCELL_52,946688533.9067249,0x19B50106,1,3.95 V
VCELL_53,946688533.9067249,0x19B50106,1,3.95 V
VCELL_54,946688533.9067249,0x19B50106,1,3.95 V
VCELL_55,946688533.9067249,0x19B50106,1,3.95 V
VCELL_56,946688533.9191127,0x19B50107,1,3.95 V
VCELL_57,946688533.9191127,0x19B50107,1,3.95 V
VCELL_58,946688533.9191127,0x19B50107,1,3.95 V
VCELL_59,946688533.9191127,0x19B50107,1,3.95 V
VCELL_60,946688533.9191127,0x19B50107,1,3.95 V
VCELL_61,946688533.9191127,0x19B50107,1,3.95 V
VCELL_62,946688533.9191127,0x19B50107,1,3.95 V
VCELL_63,946688533.9191127,0x19B50107,1,3.95 V
VCELL_64,946688533.9315233,0x19B50108,1,3.92 V
VCELL_65,946688533.9315233,0x19B50108,1,3.94 V
VCELL_66,946688533.9315233,0x19B50108,1,3.95 V
VCELL_67,946688533.9315233,0x19B50108,1,3.95 V
VCELL_68,946688533.9315233,0x19B50108,1,3.96 V
VCELL_69,946688533.9315233,0x19B50108,1,3.96 V
VCELL_70,946688533.9315233,0x19B50108,1,3.94 V
VCELL_71,946688533.9315233,0x19B50108,1,3.95 V
APPS_RANGE_ERROR,946688533.9385036,0x18FF1515,1,"FALSE 0 no Error, 1 Error"
SAFETY_OK,946688533.9385036,0x18FF1515,1,"FALSE 0 no Error, 1 Error"
BRAKE,946688533.9385036,0x18FF1515,1,"0 1 noBrake, 2 Brake"
VCU_STATE,946688533.9385036,0x18FF1515,1,0
APS_PERC,946688533.9385036,0x18FF1515,1,"2.56 porcentagem pedal, precisão de 2 casas decimais"
VCELL_72,946688533.9472182,0x19B50109,1,3.97 V
VCELL_73,946688533.9472182,0x19B50109,1,3.95 V
VCELL_74,946688533.9472182,0x19B50109,1,3.95 V
VCELL_75,946688533.9472182,0x19B50109,1,3.96 V
VCELL_76,946688533.9472182,0x19B50109,1,3.94 V
VCELL_77,946688533.9472182,0x19B50109,1,3.95 V
VCELL_78,946688533.9472182,0x19B50109,1,3.95 V
VCELL_79,946688533.9472182,0x19B50109,1,3.95 V
VCELL_80,946688533.9711442,0x19B5010A,1,3.95 V
VCELL_81,946688533.9711442,0x19B5010A,1,3.95 V
VCELL_82,946688533.9711442,0x19B5010A,1,3.95 V
VCELL_83,946688533.9711442,0x19B5010A,1,3.95 V
VCELL_84,946688533.9711442,0x19B5010A,1,3.95 V
VCELL_85,946688533.9711442,0x19B5010A,1,3.95 V
VCELL_86,946688533.9711442,0x19B5010A,1,3.95 V
VCELL_87,946688533.9711442,0x19B5010A,1,3.95 V
UNDER_VOLTAGE,946688533.9804927,0x19B50007,1,FALSE logic
OVER_VOLTAGE,946688533.9804927,0x19B50007,1,FALSE logic
DISCHARGE_OVER_CURRENT,946688533.9804927,0x19B50007,1,FALSE logic
CHARGE_OVER_CURRENT,946688533.9804927,0x19B50007,1,FALSE logic
CELL_MODULE_OVERHEAT,946688533.9804927,0x19B50007,1,FALSE logic
LEAKAGE,946688533.9804927,0x19B50007,1,FALSE logic
NO_CELL_COMMUNICATION,946688533.9804927,0x19B50007,1,FALSE logic
LOW_VOLTAGE_W,946688533.9804927,0x19B50007,1,FALSE logic
HIGH_CURRENT_W,946688533.9804927,0x19B50007,1,FALSE logic
HIGH_TEMPERATURE_W,946688533.9804927,0x19B50007,1,FALSE logic
CELL_OVERHEAT,946688533.9804927,0x19B50007,1,FALSE logic
NO_CURRENT_SENSOR,946688533.9804927,0x19B50007,1,FALSE logic
PACK_UNDER_VOLTAGE,946688533.9804927,0x19B50007,1,FALSE logic
VALIDITY,946688533.9804927,0x19B50007,1,39 state
APPS_RANGE_ERROR,946688534.0385032,0x18FF1515,1,"FALSE 0 no Error, 1 Error"
SAFETY_OK,946688534.0385032,0x18FF1515,1,"FALSE 0 no Error, 1 Error"
BRAKE,946688534.0385032,0x18FF1515,1,"0 1 noBrake, 2 Brake"
VCU_STATE,946688534.0385032,0x18FF1515,1,0
APS_PERC,946688534.0385032,0x18FF1515,1,"2.56 porcentagem pedal, precisão de 2 casas decimais"
APPS_RANGE_ERROR,946688534.1384968,0x18FF1515,1,"FALSE 0 no Error, 1 Error"
SAFETY_OK,946688534.1384968,0x18FF1515,1,"FALSE 0 no Error, 1 Error"
BRAKE,946688534.1384968,0x18FF1515,1,"0 1 noBrake, 2 Brake"
VCU_STATE,946688534.1384968,0x18FF1515,1,0
APS_PERC,946688534.1384968,0x18FF1515,1,"2.56 porcentagem pedal, precisão de 2 casas decimais"
UNDER_VOLTAGE,946688534.176057,0x19B50007,1,FALSE logic
OVER_VOLTAGE,946688534.176057,0x19B50007,1,FALSE logic
DISCHARGE_OVER_CURRENT,946688534.176057,0x19B50007,1,FALSE logic
CHARGE_OVER_CURRENT,946688534.176057,0x19B50007,1,FALSE logic
CELL_MODULE_OVERHEAT,946688534.176057,0x19B50007,1,FALSE logic
LEAKAGE,946688534.176057,0x19B50007,1,FALSE logic
NO_CELL_COMMUNICATION,946688534.176057,0x19B50007,1,FALSE logic
LOW_VOLTAGE_W,946688534.176057,0x19B50007,1,FALSE logic
HIGH_CURRENT_W,946688534.176057,0x19B50007,1,FALSE logic
HIGH_TEMPERATURE_W,946688534.176057,0x19B50007,1,FALSE logic
CELL_OVERHEAT,946688534.176057,0x19B50007,1,FALSE logic
NO_CURRENT_SENSOR,946688534.176057,0x19B50007,1,FALSE logic
PACK_UNDER_VOLTAGE,946688534.176057,0x19B50007,1,FALSE logic
VALIDITY,946688534.176057,0x19B50007,1,39 state
APPS_RANGE_ERROR,946688534.238497,0x18FF1515,1,"FALSE 0 no Error, 1 Error"
SAFETY_OK,946688534.238497,0x18FF1515,1,"FALSE 0 no Error, 1 Error"
BRAKE,946688534.238497,0x18FF1515,1,"0 1 noBrake, 2 Brake"
VCU_STATE,946688534.238497,0x18FF1515,1,0
APS_PERC,946688534.238497,0x18FF1515,1,"2.56 porcentagem pedal, precisão de 2 casas decimais"
VCELL_88,946688534.2652988,0x19B5010B,1,3.95 V
VCELL_89,946688534.2652988,0x19B5010B,1,3.95 V
VCELL_90,946688534.2652988,0x19B5010B,1,3.95 V
VCELL_91,946688534.2652988,0x19B5010B,1,3.98 V
VCELL_92,946688534.2652988,0x19B5010B,1,3.97 V
VCELL_93,946688534.2652988,0x19B5010B,1,3.95 V
VCELL_94,946688534.2652988,0x19B5010B,1,3.95 V
VCELL_95,946688534.2652988,0x19B5010B,1,3.95 V
APPS_RANGE_ERROR,946688534.3384984,0x18FF1515,1,"FALSE 0 no Error, 1 Error"
SAFETY_OK,946688534.3384984,0x18FF1515,1,"FALSE 0 no Error, 1 Error"
BRAKE,946688534.3384984,0x18FF1515,1,"0 1 noBrake, 2 Brake"
VCU_STATE,946688534.3384984,0x18FF1515,1,0
APS_PERC,946688534.3384984,0x18FF1515,1,"2.56 porcentagem pedal, precisão de 2 casas decimais"
UNDER_VOLTAGE,946688534.375183,0x19B50007,1,FALSE logic
OVER_VOLTAGE,946688534.375183,0x19B50007,1,FALSE logic
DISCHARGE_OVER_CURRENT,946688534.375183,0x19B50007,1,FALSE logic
CHARGE_OVER_CURRENT,946688534.375183,0x19B50007,1,FALSE logic
CELL_MODULE_OVERHEAT,946688534.375183,0x19B50007,1,FALSE logic
LEAKAGE,946688534.375183,0x19B50007,1,FALSE logic
NO_CELL_COMMUNICATION,946688534.375183,0x19B50007,1,FALSE logic
LOW_VOLTAGE_W,946688534.375183,0x19B50007,1,FALSE logic
HIGH_CURRENT_W,946688534.375183,0x19B50007,1,FALSE logic
HIGH_TEMPERATURE_W,946688534.375183,0x19B50007,1,FALSE logic
CELL_OVERHEAT,946688534.375183,0x19B50007,1,FALSE logic
NO_CURRENT_SENSOR,946688534.375183,0x19B50007,1,FALSE logic
PACK_UNDER_VOLTAGE,946688534.375183,0x19B50007,1,FALSE logic
VALIDITY,946688534.375183,0x19B50007,1,39 state
APPS_RANGE_ERROR,946688534.4385043,0x18FF1515,1,"FALSE 0 no Error, 1 Error"
SAFETY_OK,946688534.4385043,0x18FF1515,1,"FALSE 0 no Error, 1 Error"
BRAKE,946688534.4385043,0x18FF1515,1,"0 1 noBrake, 2 Brake"
VCU_STATE,946688534.4385043,0x18FF1515,1,0
APS_PERC,946688534.4385043,0x18FF1515,1,"2.56 porcentagem pedal, precisão de 2 casas decimais"
APPS_RANGE_ERROR,946688534.5384979,0x18FF1515,1,"FALSE 0 no Error, 1 Error"
SAFETY_OK,946688534.5384979,0x18FF1515,1,"FALSE 0 no Error, 1 Error"
BRAKE,946688534.5384979,0x18FF1515,1,"0 1 noBrake, 2 Brake"
VCU_STATE,946688534.5384979,0x18FF1515,1,0
APS_PERC,946688534.5384979,0x18FF1515,1,"2.56 porcentagem pedal, precisão de 2 casas decimais"
UNDER_VOLTAGE,946688534.5737406,0x19B50007,1,FALSE logic
OVER_VOLTAGE,946688534.5737406,0x19B50007,1,FALSE logic
DISCHARGE_OVER_CURRENT,946688534.5737406,0x19B50007,1,FALSE logic
CHARGE_OVER_CURRENT,946688534.5737406,0x19B50007,1,FALSE logic
CELL_MODULE_OVERHEAT,946688534.5737406,0x19B50007,1,FALSE logic
LEAKAGE,946688534.5737406,0x19B50007,1,FALSE logic
NO_CELL_COMMUNICATION,946688534.5737406,0x19B50007,1,FALSE logic
LOW_VOLTAGE_W,946688534.5737406,0x19B50007,1,FALSE logic
HIGH_CURRENT_W,946688534.5737406,0x19B50007,1,FALSE logic
HIGH_TEMPERATURE_W,946688534.5737406,0x19B50007,1,FALSE logic
CELL_OVERHEAT,946688534.5737406,0x19B50007,1,FALSE logic
NO_CURRENT_SENSOR,946688534.5737406,0x19B50007,1,FALSE logic
PACK_UNDER_VOLTAGE,946688534.5737406,0x19B50007,1,FALSE logic
VALIDITY,946688534.5737406,0x19B50007,1,39 state
APPS_RANGE_ERROR,946688534.6384915,0x18FF1515,1,"FALSE 0 no Error, 1 Error"
SAFETY_OK,946688534.6384915,0x18FF1515,1,"FALSE 0 no Error, 1 Error"
BRAKE,946688534.6384915,0x18FF1515,1,"0 1 noBrake, 2 Brake"
VCU_STATE,946688534.6384915,0x18FF1515,1,0
APS_PERC,946688534.6384915,0x18FF1515,1,"2.56 porcentagem pedal, precisão de 2 casas decimais"
APPS_RANGE_ERROR,946688534.7384953,0x18FF1515,1,"FALSE 0 no Error, 1 Error"
SAFETY_OK,946688534.7384953,0x18FF1515,1,"FALSE 0 no Error, 1 Error"
BRAKE,946688534.7384953,0x18FF1515,1,"0 1 noBrake, 2 Brake"
VCU_STATE,946688534.7384953,0x18FF1515,1,0
APS_PERC,946688534.7384953,0x18FF1515,1,"2.56 porcentagem pedal, precisão de 2 casas decimais"
UNDER_VOLTAGE,946688534.7742903,0x19B50007,1,FALSE logic
OVER_VOLTAGE,946688534.7742903,0x19B50007,1,FALSE logic
DISCHARGE_OVER_CURRENT,946688534.7742903,0x19B50007,1,FALSE logic
CHARGE_OVER_CURRENT,946688534.7742903,0x19B50007,1,FALSE logic
CELL_MODULE_OVERHEAT,946688534.7742903,0x19B50007,1,FALSE logic
LEAKAGE,946688534.7742903,0x19B50007,1,FALSE logic
NO_CELL_COMMUNICATION,946688534.7742903,0x19B50007,1,FALSE logic
LOW_VOLTAGE_W,946688534.7742903,0x19B50007,1,FALSE logic
HIGH_CURRENT_W,946688534.7742903,0x19B50007,1,FALSE logic
HIGH_TEMPERATURE_W,946688534.7742903,0x19B50007,1,FALSE logic
CELL_OVERHEAT,946688534.7742903,0x19B50007,1,FALSE logic
NO_CURRENT_SENSOR,946688534.7742903,0x19B50007,1,FALSE logic
PACK_UNDER_VOLTAGE,946688534.7742903,0x19B50007,1,FALSE logic
VALIDITY,946688534.7742903,0x19B50007,1,39 state
APPS_RANGE_ERROR,946688534.838489,0x18FF1515,1,"FALSE 0 no Error, 1 Error"
SAFETY_OK,946688534.838489,0x18FF1515,1,"FALSE 0 no Error, 1 Error"
BRAKE,946688534.838489,0x18FF1515,1,"0 1 noBrake, 2 Brake"
VCU_STATE,946688534.838489,0x18FF1515,1,0
APS_PERC,946688534.838489,0x18FF1515,1,"2.56 porcentagem pedal, precisão de 2 casas decimais"
APPS_RANGE_ERROR,946688534.9385136,0x18FF1515,1,"FALSE 0 no Error, 1 Error"
SAFETY_OK,946688534.9385136,0x18FF1515,1,"FALSE 0 no Error, 1 Error"
BRAKE,946688534.9385136,0x18FF1515,1,"0 1 noBrake, 2 Brake"
VCU_STATE,946688534.9385136,0x18FF1515,1,0
APS_PERC,946688534.9385136,0x18FF1515,1,"2.56 porcentagem pedal, precisão de 2 casas decimais"
UNDER_VOLTAGE,946688534.9735622,0x19B50007,1,FALSE logic
OVER_VOLTAGE,946688534.9735622,0x19B50007,1,FALSE logic
DISCHARGE_OVER_CURRENT,946688534.9735622,0x19B50007,1,FALSE logic
CHARGE_OVER_CURRENT,946688534.9735622,0x19B50007,1,FALSE logic
CELL_MODULE_OVERHEAT,946688534.9735622,0x19B50007,1,FALSE logic
LEAKAGE,946688534.9735622,0x19B50007,1,FALSE logic
NO_CELL_COMMUNICATION,946688534.9735622,0x19B50007,1,FALSE logic
LOW_VOLTAGE_W,946688534.9735622,0x19B50007,1,FALSE logic
HIGH_CURRENT_W,946688534.9735622,0x19B50007,1,FALSE logic
HIGH_TEMPERATURE_W,946688534.9735622,0x19B50007,1,FALSE logic
CELL_OVERHEAT,946688534.9735622,0x19B50007,1,FALSE logic
NO_CURRENT_SENSOR,946688534.9735622,0x19B50007,1,FALSE logic
PACK_UNDER_VOLTAGE,946688534.9735622,0x19B50007,1,FALSE logic
VALIDITY,946688534.9735622,0x19B50007,1,39 state
APPS_RANGE_ERROR,946688535.0385034,0x18FF1515,1,"FALSE 0 no Error, 1 Error"
SAFETY_OK,946688535.0385034,0x18FF1515,1,"FALSE 0 no Error, 1 Error"
BRAKE,946688535.0385034,0x18FF1515,1,"0 1 noBrake, 2 Brake"
VCU_STATE,946688535.0385034,0x18FF1515,1,0
APS_PERC,946688535.0385034,0x18FF1515,1,"2.56 porcentagem pedal, precisão de 2 casas decimais"
APPS_RANGE_ERROR,946688535.1384939,0x18FF1515,1,"FALSE 0 no Error, 1 Error"
SAFETY_OK,946688535.1384939,0x18FF1515,1,"FALSE 0 no Error, 1 Error"
BRAKE,946688535.1384939,0x18FF1515,1,"0 1 noBrake, 2 Brake"
VCU_STATE,946688535.1384939,0x18FF1515,1,0
APS_PERC,946688535.1384939,0x18FF1515,1,"2.56 porcentagem pedal, precisão de 2 casas decimais"
UNDER_VOLTAGE,946688535.1732639,0x19B50007,1,FALSE logic
OVER_VOLTAGE,946688535.1732639,0x19B50007,1,FALSE logic
DISCHARGE_OVER_CURRENT,946688535.1732639,0x19B50007,1,FALSE logic
CHARGE_OVER_CURRENT,946688535.1732639,0x19B50007,1,FALSE logic
CELL_MODULE_OVERHEAT,946688535.1732639,0x19B50007,1,FALSE logic
LEAKAGE,946688535.1732639,0x19B50007,1,FALSE logic
NO_CELL_COMMUNICATION,946688535.1732639,0x19B50007,1,FALSE logic
LOW_VOLTAGE_W,946688535.1732639,0x19B50007,1,FALSE logic
HIGH_CURRENT_W,946688535.1732639,0x19B50007,1,FALSE logic
HIGH_TEMPERATURE_W,946688535.1732639,0x19B50007,1,FALSE logic
CELL_OVERHEAT,946688535.1732639,0x19B50007,1,FALSE logic
NO_CURRENT_SENSOR,946688535.1732639,0x19B50007,1,FALSE logic
PACK_UNDER_VOLTAGE,946688535.1732639,0x19B50007,1,FALSE logic
VALIDITY,946688535.1732639,0x19B50007,1,39 state
APPS_RANGE_ERROR,946688535.2384883,0x18FF1515,1,"FALSE 0 no Error, 1 Error"
SAFETY_OK,946688535.2384883,0x18FF1515,1,"FALSE 0 no Error, 1 Error"
BRAKE,946688535.2384883,0x18FF1515,1,"0 1 noBrake, 2 Brake"
VCU_STATE,946688535.2384883,0x18FF1515,1,0
APS_PERC,946688535.2384883,0x18FF1515,1,"2.56 porcentagem pedal, precisão de 2 casas decimais"
APPS_RANGE_ERROR,946688535.3384905,0x18FF1515,1,"FALSE 0 no Error, 1 Error"
SAFETY_OK,946688535.3384905,0x18FF1515,1,"FALSE 0 no Error, 1 Error"
BRAKE,946688535.3384905,0x18FF1515,1,"0 1 noBrake, 2 Brake"
VCU_STATE,946688535.3384905,0x18FF1515,1,0
APS_PERC,946688535.3384905,0x18FF1515,1,"2.56 porcentagem pedal, precisão de 2 casas decimais"
UNDER_VOLTAGE,946688535.3724298,0x19B50007,1,FALSE logic
OVER_VOLTAGE,946688535.3724298,0x19B50007,1,FALSE logic
DISCHARGE_OVER_CURRENT,946688535.3724298,0x19B50007,1,FALSE logic
CHARGE_OVER_CURRENT,946688535.3724298,0x19B50007,1,FALSE logic
CELL_MODULE_OVERHEAT,946688535.3724298,0x19B50007,1,FALSE logic
LEAKAGE,946688535.3724298,0x19B50007,1,FALSE logic
NO_CELL_COMMUNICATION,946688535.3724298,0x19B50007,1,FALSE logic
LOW_VOLTAGE_W,946688535.3724298,0x19B50007,1,FALSE logic
HIGH_CURRENT_W,946688535.3724298,0x19B50007,1,FALSE logic
HIGH_TEMPERATURE_W,946688535.3724298,0x19B50007,1,FALSE logic
CELL_OVERHEAT,946688535.3724298,0x19B50007,1,FALSE logic
NO_CURRENT_SENSOR,946688535.3724298,0x19B50007,1,FALSE logic
PACK_UNDER_VOLTAGE,946688535.3724298,0x19B50007,1,FALSE logic
VALIDITY,946688535.3724298,0x19B50007,1,39 state
APPS_RANGE_ERROR,946688535.4385161,0x18FF1515,1,"FALSE 0 no Error, 1 Error"
SAFETY_OK,946688535.4385161,0x18FF1515,1,"FALSE 0 no Error, 1 Error"
BRAKE,946688535.4385161,0x18FF1515,1,"0 1 noBrake, 2 Brake"
VCU_STATE,946688535.4385161,0x18FF1515,1,0
APS_PERC,946688535.4385161,0x18FF1515,1,"2.56 porcentagem pedal, precisão de 2 casas decimais"
APPS_RANGE_ERROR,946688535.5384794,0x18FF1515,1,"FALSE 0 no Error, 1 Error"
SAFETY_OK,946688535.5384794,0x18FF1515,1,"FALSE 0 no Error, 1 Error"
BRAKE,946688535.5384794,0x18FF1515,1,"0 1 noBrake, 2 Brake"
VCU_STATE,946688535.5384794,0x18FF1515,1,0
APS_PERC,946688535.5384794,0x18FF1515,1,"2.56 porcentagem pedal, precisão de 2 casas decimais"
UNDER_VOLTAGE,946688535.5697913,0x19B50007,1,FALSE logic
OVER_VOLTAGE,946688535.5697913,0x19B50007,1,FALSE logic
DISCHARGE_OVER_CURRENT,946688535.5697913,0x19B50007,1,FALSE logic
CHARGE_OVER_CURRENT,946688535.5697913,0x19B50007,1,FALSE logic
CELL_MODULE_OVERHEAT,946688535.5697913,0x19B50007,1,FALSE logic
LEAKAGE,946688535.5697913,0x19B50007,1,FALSE logic
NO_CELL_COMMUNICATION,946688535.5697913,0x19B50007,1,FALSE logic
LOW_VOLTAGE_W,946688535.5697913,0x19B50007,1,FALSE logic
HIGH_CURRENT_W,946688535.5697913,0x19B50007,1,FALSE logic
HIGH_TEMPERATURE_W,946688535.5697913,0x19B50007,1,FALSE logic
CELL_OVERHEAT,946688535.5697913,0x19B50007,1,FALSE logic
NO_CURRENT_SENSOR,946688535.5697913,0x19B50007,1,FALSE logic
PACK_UNDER_VOLTAGE,946688535.5697913,0x19B50007,1,FALSE logic
VALIDITY,946688535.5697913,0x19B50007,1,39 state
APPS_RANGE_ERROR,946688535.6384808,0x18FF1515,1,"FALSE 0 no Error, 1 Error"
SAFETY_OK,946688535.6384808,0x18FF1515,1,"FALSE 0 no Error, 1 Error"
BRAKE,946688535.6384808,0x18FF1515,1,"0 1 noBrake, 2 Brake"
VCU_STATE,946688535.6384808,0x18FF1515,1,0
APS_PERC,946688535.6384808,0x18FF1515,1,"2.56 porcentagem pedal, precisão de 2 casas decimais"
APPS_RANGE_ERROR,946688535.7384794,0x18FF1515,1,"FALSE 0 no Error, 1 Error"
SAFETY_OK,946688535.7384794,0x18FF1515,1,"FALSE 0 no Error, 1 Error"
BRAKE,946688535.7384794,0x18FF1515,1,"0 1 noBrake, 2 Brake"
VCU_STATE,946688535.7384794,0x18FF1515,1,0
APS_PERC,946688535.7384794,0x18FF1515,1,"2.56 porcentagem pedal, precisão de 2 casas decimais"
UNDER_VOLTAGE,946688535.7720133,0x19B50007,1,FALSE logic
OVER_VOLTAGE,946688535.7720133,0x19B50007,1,FALSE logic
DISCHARGE_OVER_CURRENT,946688535.7720133,0x19B50007,1,FALSE logic
CHARGE_OVER_CURRENT,946688535.7720133,0x19B50007,1,FALSE logic
CELL_MODULE_OVERHEAT,946688535.7720133,0x19B50007,1,FALSE logic
LEAKAGE,946688535.7720133,0x19B50007,1,FALSE logic
NO_CELL_COMMUNICATION,946688535.7720133,0x19B50007,1,FALSE logic
LOW_VOLTAGE_W,946688535.7720133,0x19B50007,1,FALSE logic
HIGH_CURRENT_W,946688535.7720133,0x19B50007,1,FALSE logic
HIGH_TEMPERATURE_W,946688535.7720133,0x19B50007,1,FALSE logic
CELL_OVERHEAT,946688535.7720133,0x19B50007,1,FALSE logic
NO_CURRENT_SENSOR,946688535.7720133,0x19B50007,1,FALSE logic
PACK_UNDER_VOLTAGE,946688535.7720133,0x19B50007,1,FALSE logic
VALIDITY,946688535.7720133,0x19B50007,1,39 state
APPS_RANGE_ERROR,946688535.8384782,0x18FF1515,1,"FALSE 0 no Error, 1 Error"
SAFETY_OK,946688535.8384782,0x18FF1515,1,"FALSE 0 no Error, 1 Error"
BRAKE,946688535.8384782,0x18FF1515,1,"0 1 noBrake, 2 Brake"
VCU_STATE,946688535.8384782,0x18FF1515,1,0
APS_PERC,946688535.8384782,0x18FF1515,1,"2.56 porcentagem pedal, precisão de 2 casas decimais"
APPS_RANGE_ERROR,946688535.9384768,0x18FF1515,1,"FALSE 0 no Error, 1 Error"
SAFETY_OK,946688535.9384768,0x18FF1515,1,"FALSE 0 no Error, 1 Error"
BRAKE,946688535.9384768,0x18FF1515,1,"0 1 noBrake, 2 Brake"
VCU_STATE,946688535.9384768,0x18FF1515,1,0
APS_PERC,946688535.9384768,0x18FF1515,1,"2.56 porcentagem pedal, precisão de 2 casas decimais"
UNDER_VOLTAGE,946688535.9705932,0x19B50007,1,FALSE logic
OVER_VOLTAGE,946688535.9705932,0x19B50007,1,FALSE logic
DISCHARGE_OVER_CURRENT,946688535.9705932,0x19B50007,1,FALSE logic
CHARGE_OVER_CURRENT,946688535.9705932,0x19B50007,1,FALSE logic
CELL_MODULE_OVERHEAT,946688535.9705932,0x19B50007,1,FALSE logic
LEAKAGE,946688535.9705932,0x19B50007,1,FALSE logic
NO_CELL_COMMUNICATION,946688535.9705932,0x19B50007,1,FALSE logic
LOW_VOLTAGE_W,946688535.9705932,0x19B50007,1,FALSE logic
HIGH_CURRENT_W,946688535.9705932,0x19B50007,1,FALSE logic
HIGH_TEMPERATURE_W,946688535.9705932,0x19B50007,1,FALSE logic
CELL_OVERHEAT,946688535.9705932,0x19B50007,1,FALSE logic
NO_CURRENT_SENSOR,946688535.9705932,0x19B50007,1,FALSE logic
PACK_UNDER_VOLTAGE,946688535.9705932,0x19B50007,1,FALSE logic
VALIDITY,946688535.9705932,0x19B50007,1,39 state
APPS_RANGE_ERROR,946688536.0384924,0x18FF1515,1,"FALSE 0 no Error, 1 Error"
SAFETY_OK,946688536.0384924,0x18FF1515,1,"FALSE 0 no Error, 1 Error"
BRAKE,946688536.0384924,0x18FF1515,1,"0 1 noBrake, 2 Brake"
VCU_STATE,946688536.0384924,0x18FF1515,1,0
APS_PERC,946688536.0384924,0x18FF1515,1,"2.56 porcentagem pedal, precisão de 2 casas decimais"
APPS_RANGE_ERROR,946688536.1384759,0x18FF1515,1,"FALSE 0 no Error, 1 Error"
SAFETY_OK,946688536.1384759,0x18FF1515,1,"FALSE 0 no Error, 1 Error"
BRAKE,946688536.1384759,0x18FF1515,1,"0 1 noBrake, 2 Brake"
VCU_STATE,946688536.1384759,0x18FF1515,1,0
APS_PERC,946688536.1384759,0x18FF1515,1,"2.56 porcentagem pedal, precisão de 2 casas decimais"
UNDER_VOLTAGE,946688536.1747758,0x19B50007,1,FALSE logic
OVER_VOLTAGE,946688536.1747758,0x19B50007,1,FALSE logic
DISCHARGE_OVER_CURRENT,946688536.1747758,0x19B50007,1,FALSE logic
CHARGE_OVER_CURRENT,946688536.1747758,0x19B50007,1,FALSE logic
CELL_MODULE_OVERHEAT,946688536.1747758,0x19B50007,1,FALSE logic
LEAKAGE,946688536.1747758,0x19B50007,1,FALSE logic
NO_CELL_COMMUNICATION,946688536.1747758,0x19B50007,1,FALSE logic
LOW_VOLTAGE_W,946688536.1747758,0x19B50007,1,FALSE logic
HIGH_CURRENT_W,946688536.1747758,0x19B50007,1,FALSE logic
HIGH_TEMPERATURE_W,946688536.1747758,0x19B50007,1,FALSE logic
CELL_OVERHEAT,946688536.1747758,0x19B50007,1,FALSE logic
NO_CURRENT_SENSOR,946688536.1747758,0x19B50007,1,FALSE logic
PACK_UNDER_VOLTAGE,946688536.1747758,0x19B50007,1,FALSE logic
VALIDITY,946688536.1747758,0x19B50007,1,39 state
APPS_RANGE_ERROR,946688536.2384753,0x18FF1515,1,"FALSE 0 no Error, 1 Error"
SAFETY_OK,946688536.2384753,0x18FF1515,1,"FALSE 0 no Error, 1 Error"
BRAKE,946688536.2384753,0x18FF1515,1,"0 1 noBrake, 2 Brake"
VCU_STATE,946688536.2384753,0x18FF1515,1,0
APS_PERC,946688536.2384753,0x18FF1515,1,"2.56 porcentagem pedal, precisão de 2 casas decimais"
APPS_RANGE_ERROR,946688536.3384733,0x18FF1515,1,"FALSE 0 no Error, 1 Error"
SAFETY_OK,946688536.3384733,0x18FF1515,1,"FALSE 0 no Error, 1 Error"
BRAKE,946688536.3384733,0x18FF1515,1,"0 1 noBrake, 2 Brake"
VCU_STATE,946688536.3384733,0x18FF1515,1,0
APS_PERC,946688536.3384733,0x18FF1515,1,"2.56 porcentagem pedal, precisão de 2 casas decimais"
UNDER_VOLTAGE,946688536.3686945,0x19B50007,1,FALSE logic
OVER_VOLTAGE,946688536.3686945,0x19B50007,1,FALSE logic
DISCHARGE_OVER_CURRENT,946688536.3686945,0x19B50007,1,FALSE logic
CHARGE_OVER_CURRENT,946688536.3686945,0x19B50007,1,FALSE logic
CELL_MODULE_OVERHEAT,946688536.3686945,0x19B50007,1,FALSE logic
LEAKAGE,946688536.3686945,0x19B50007,1,FALSE logic
NO_CELL_COMMUNICATION,946688536.3686945,0x19B50007,1,FALSE logic
LOW_VOLTAGE_W,946688536.3686945,0x19B50007,1,FALSE logic
HIGH_CURRENT_W,946688536.3686945,0x19B50007,1,FALSE logic
HIGH_TEMPERATURE_W,946688536.3686945,0x19B50007,1,FALSE logic
CELL_OVERHEAT,946688536.3686945,0x19B50007,1,FALSE logic
NO_CURRENT_SENSOR,946688536.3686945,0x19B50007,1,FALSE logic
PACK_UNDER_VOLTAGE,946688536.3686945,0x19B50007,1,FALSE logic
VALIDITY,946688536.3686945,0x19B50007,1,39 state
APPS_RANGE_ERROR,946688536.4384791,0x18FF1515,1,"FALSE 0 no Error, 1 Error"
SAFETY_OK,946688536.4384791,0x18FF1515,1,"FALSE 0 no Error, 1 Error"
BRAKE,946688536.4384791,0x18FF1515,1,"0 1 noBrake, 2 Brake"
VCU_STATE,946688536.4384791,0x18FF1515,1,0
APS_PERC,946688536.4384791,0x18FF1515,1,"2.56 porcentagem pedal, precisão de 2 casas decimais"
TCELL_0,946688536.4916877,0x19B50800,1,-100.00 °C
TCELL_0,946688536.4924281,0x19B50800,1,28.00 °C
TCELL_1,946688536.4924281,0x19B50800,1,28.00 °C
TCELL_2,946688536.4924281,0x19B50800,1,28.00 °C
TCELL_3,946688536.4924281,0x19B50800,1,28.00 °C
TCELL_4,946688536.4924281,0x19B50800,1,28.00 °C
TCELL_5,946688536.4924281,0x19B50800,1,155.00 °C
TCELL_6,946688536.4924281,0x19B50800,1,155.00 °C
TCELL_7,946688536.4924281,0x19B50800,1,155.00 °C
TCELL_8,946688536.5048319,0x19B50801,1,155.00 °C
TCELL_9,946688536.5048319,0x19B50801,1,155.00 °C
TCELL_10,946688536.5048319,0x19B50801,1,155.00 °C
TCELL_11,946688536.5048319,0x19B50801,1,155.00 °C
TCELL_12,946688536.5048319,0x19B50801,1,155.00 °C
TCELL_13,946688536.5048319,0x19B50801,1,155.00 °C
TCELL_14,946688536.5048319,0x19B50801,1,155.00 °C
TCELL_15,946688536.5048319,0x19B50801,1,155.00 °C
TCELL_16,946688536.5192021,0x19B50802,1,28.00 °C
TCELL_17,946688536.5192021,0x19B50802,1,28.00 °C
TCELL_18,946688536.5192021,0x19B50802,1,28.00 °C
TCELL_19,946688536.5192021,0x19B50802,1,29.00 °C
TCELL_20,946688536.5192021,0x19B50802,1,28.00 °C
TCELL_21,946688536.5192021,0x19B50802,1,155.00 °C
TCELL_22,946688536.5192021,0x19B50802,1,155.00 °C
TCELL_23,946688536.5192021,0x19B50802,1,155.00 °C
TCELL_24,946688536.5326823,0x19B50803,1,155.00 °C
TCELL_25,946688536.5326823,0x19B50803,1,155.00 °C
TCELL_26,946688536.5326823,0x19B50803,1,155.00 °C
TCELL_27,946688536.5326823,0x19B50803,1,155.00 °C
TCELL_28,946688536.5326823,0x19B50803,1,155.00 °C
TCELL_29,946688536.5326823,0x19B50803,1,155.00 °C
TCELL_30,946688536.5326823,0x19B50803,1,155.00 °C
TCELL_31,946688536.5326823,0x19B50803,1,155.00 °C
APPS_RANGE_ERROR,946688536.5384718,0x18FF1515,1,"FALSE 0 no Error, 1 Error"
SAFETY_OK,946688536.5384718,0x18FF1515,1,"FALSE 0 no Error, 1 Error"
BRAKE,946688536.5384718,0x18FF1515,1,"0 1 noBrake, 2 Brake"
VCU_STATE,946688536.5384718,0x18FF1515,1,0
APS_PERC,946688536.5384718,0x18FF1515,1,"2.56 porcentagem pedal, precisão de 2 casas decimais"
UNDER_VOLTAGE,946688536.5793985,0x19B50007,1,FALSE logic
OVER_VOLTAGE,946688536.5793985,0x19B50007,1,FALSE logic
DISCHARGE_OVER_CURRENT,946688536.5793985,0x19B50007,1,FALSE logic
CHARGE_OVER_CURRENT,946688536.5793985,0x19B50007,1,FALSE logic
CELL_MODULE_OVERHEAT,946688536.5793985,0x19B50007,1,FALSE logic
LEAKAGE,946688536.5793985,0x19B50007,1,FALSE logic
NO_CELL_COMMUNICATION,946688536.5793985,0x19B50007,1,FALSE logic
LOW_VOLTAGE_W,946688536.5793985,0x19B50007,1,FALSE logic
HIGH_CURRENT_W,946688536.5793985,0x19B50007,1,FALSE logic
HIGH_TEMPERATURE_W,946688536.5793985,0x19B50007,1,FALSE logic
CELL_OVERHEAT,946688536.5793985,0x19B50007,1,FALSE logic
NO_CURRENT_SENSOR,946688536.5793985,0x19B50007,1,FALSE logic
PACK_UNDER_VOLTAGE,946688536.5793985,0x19B50007,1,FALSE logic
VALIDITY,946688536.5793985,0x19B50007,1,39 state
APPS_RANGE_ERROR,946688536.6384726,0x18FF1515,1,"FALSE 0 no Error, 1 Error"
SAFETY_OK,946688536.6384726,0x18FF1515,1,"FALSE 0 no Error, 1 Error"
BRAKE,946688536.6384726,0x18FF1515,1,"0 1 noBrake, 2 Brake"
VCU_STATE,946688536.6384726,0x18FF1515,1,0
APS_PERC,946688536.6384726,0x18FF1515,1,"2.56 porcentagem pedal, precisão de 2 casas decimais"
APPS_RANGE_ERROR,946688536.7384912,0x18FF1515,1,"FALSE 0 no Error, 1 Error"
SAFETY_OK,946688536.7384912,0x18FF1515,1,"FALSE 0 no Error, 1 Error"
BRAKE,946688536.7384912,0x18FF1515,1,"0 1 noBrake, 2 Brake"
VCU_STATE,946688536.7384912,0x18FF1515,1,0
APS_PERC,946688536.7384912,0x18FF1515,1,"2.56 porcentagem pedal, precisão de 2 casas decimais"
UNDER_VOLTAGE,946688536.7677836,0x19B50007,1,FALSE logic
OVER_VOLTAGE,946688536.7677836,0x19B50007,1,FALSE logic
DISCHARGE_OVER_CURRENT,946688536.7677836,0x19B50007,1,FALSE logic
CHARGE_OVER_CURRENT,946688536.7677836,0x19B50007,1,FALSE logic
CELL_MODULE_OVERHEAT,946688536.7677836,0x19B50007,1,FALSE logic
LEAKAGE,946688536.7677836,0x19B50007,1,FALSE logic
NO_CELL_COMMUNICATION,946688536.7677836,0x19B50007,1,FALSE logic
LOW_VOLTAGE_W,946688536.7677836,0x19B50007,1,FALSE logic
HIGH_CURRENT_W,946688536.7677836,0x19B50007,1,FALSE logic
HIGH_TEMPERATURE_W,946688536.7677836,0x19B50007,1,FALSE logic
CELL_OVERHEAT,946688536.7677836,0x19B50007,1,FALSE logic
NO_CURRENT_SENSOR,946688536.7677836,0x19B50007,1,FALSE logic
PACK_UNDER_VOLTAGE,946688536.7677836,0x19B50007,1,FALSE logic
VALIDITY,946688536.7677836,0x19B50007,1,39 state
APPS_RANGE_ERROR,946688536.8384706,0x18FF1515,1,"FALSE 0 no Error, 1 Error"
SAFETY_OK,946688536.8384706,0x18FF1515,1,"FALSE 0 no Error, 1 Error"
BRAKE,946688536.8384706,0x18FF1515,1,"0 1 noBrake, 2 Brake"
VCU_STATE,946688536.8384706,0x18FF1515,1,0
APS_PERC,946688536.8384706,0x18FF1515,1,"2.56 porcentagem pedal, precisão de 2 casas decimais"
APPS_RANGE_ERROR,946688536.9384758,0x18FF1515,1,"FALSE 0 no Error, 1 Error"
SAFETY_OK,946688536.9384758,0x18FF1515,1,"FALSE 0 no Error, 1 Error"
BRAKE,946688536.9384758,0x18FF1515,1,"0 1 noBrake, 2 Brake"
VCU_STATE,946688536.9384758,0x18FF1515,1,0
APS_PERC,946688536.9384758,0x18FF1515,1,"2.56 porcentagem pedal, precisão de 2 casas decimais"
UNDER_VOLTAGE,946688536.9696246,0x19B50007,1,FALSE logic
OVER_VOLTAGE,946688536.9696246,0x19B50007,1,FALSE logic
DISCHARGE_OVER_CURRENT,946688536.9696246,0x19B50007,1,FALSE logic
CHARGE_OVER_CURRENT,946688536.9696246,0x19B50007,1,FALSE logic
CELL_MODULE_OVERHEAT,946688536.9696246,0x19B50007,1,FALSE logic
LEAKAGE,946688536.9696246,0x19B50007,1,FALSE logic
NO_CELL_COMMUNICATION,946688536.9696246,0x19B50007,1,FALSE logic
LOW_VOLTAGE_W,946688536.9696246,0x19B50007,1,FALSE logic
HIGH_CURRENT_W,946688536.9696246,0x19B50007,1,FALSE logic
HIGH_TEMPERATURE_W,946688536.9696246,0x19B50007,1,FALSE logic
CELL_OVERHEAT,946688536.9696246,0x19B50007,1,FALSE logic
NO_CURRENT_SENSOR,946688536.9696246,0x19B50007,1,FALSE logic
PACK_UNDER_VOLTAGE,946688536.9696246,0x19B50007,1,FALSE logic
VALIDITY,946688536.9696246,0x19B50007,1,39 state
VCELL_0,946688536.9839381,0x19B50100,1,2.00 V
VCELL_0,946688536.9844561,0x19B50100,1,3.96 V
VCELL_1,946688536.9844561,0x19B50100,1,3.95 V
VCELL_2,946688536.9844561,0x19B50100,1,3.95 V
VCELL_3,946688536.9844561,0x19B50100,1,3.95 V
VCELL_4,946688536.9844561,0x19B50100,1,3.95 V
VCELL_5,946688536.9844561,0x19B50100,1,3.95 V
VCELL_6,946688536.9844561,0x19B50100,1,3.95 V
VCELL_7,946688536.9844561,0x19B50100,1,3.95 V
VCELL_8,946688536.9968603,0x19B50101,1,3.95 V
VCELL_9,946688536.9968603,0x19B50101,1,3.95 V
VCELL_10,946688536.9968603,0x19B50101,1,3.95 V
VCELL_11,946688536.9968603,0x19B50101,1,3.95 V
VCELL_12,946688536.9968603,0x19B50101,1,3.95 V
VCELL_13,946688536.9968603,0x19B50101,1,3.95 V
VCELL_14,946688536.9968603,0x19B50101,1,3.95 V
VCELL_15,946688536.9968603,0x19B50101,1,3.95 V
VCELL_16,946688537.0100713,0x19B50102,1,3.95 V
VCELL_17,946688537.0100713,0x19B50102,1,3.95 V
VCELL_18,946688537.0100713,0x19B50102,1,3.95 V
VCELL_19,946688537.0100713,0x19B50102,1,3.95 V
VCELL_20,946688537.0100713,0x19B50102,1,3.95 V
VCELL_21,946688537.0100713,0x19B50102,1,3.97 V
VCELL_22,946688537.0100713,0x19B50102,1,3.95 V
VCELL_23,946688537.0100713,0x19B50102,1,3.95 V
VCELL_24,946688537.0222738,0x19B50103,1,3.95 V
VCELL_25,946688537.0222738,0x19B50103,1,3.96 V
VCELL_26,946688537.0222738,0x19B50103,1,3.95 V
VCELL_27,946688537.0222738,0x19B50103,1,3.95 V
VCELL_28,946688537.0222738,0x19B50103,1,3.97 V
VCELL_29,946688537.0222738,0x19B50103,1,3.95 V
VCELL_30,946688537.0222738,0x19B50103,1,3.95 V
VCELL_31,946688537.0222738,0x19B50103,1,3.95 V
APPS_RANGE_ERROR,946688537.0384724,0x18FF1515,1,"FALSE 0 no Error, 1 Error"
SAFETY_OK,946688537.0384724,0x18FF1515,1,"FALSE 0 no Error, 1 Error"
BRAKE,946688537.0384724,0x18FF1515,1,"0 1 noBrake, 2 Brake"
VCU_STATE,946688537.0384724,0x18FF1515,1,0
APS_PERC,946688537.0384724,0x18FF1515,1,"2.56 porcentagem pedal, precisão de 2 casas decimais"
VCELL_32,946688537.0482533,0x19B50104,1,3.94 V
VCELL_33,946688537.0482533,0x19B50104,1,3.95 V
VCELL_34,946688537.0482533,0x19B50104,1,3.95 V
VCELL_35,946688537.0482533,0x19B50104,1,3.95 V
VCELL_36,946688537.0482533,0x19B50104,1,3.95 V
VCELL_37,946688537.0482533,0x19B50104,1,3.95 V
VCELL_38,946688537.0482533,0x19B50104,1,3.95 V
VCELL_39,946688537.0482533,0x19B50104,1,3.95 V
VCELL_40,946688537.0622672,0x19B50105,1,3.95 V
VCELL_41,946688537.0622672,0x19B50105,1,3.95 V
VCELL_42,946688537.0622672,0x19B50105,1,3.95 V
VCELL_43,946688537.0622672,0x19B50105,1,3.95 V
VCELL_44,946688537.0622672,0x19B50105,1,3.95 V
VCELL_45,946688537.0622672,0x19B50105,1,3.95 V
VCELL_46,946688537.0622672,0x19B50105,1,3.95 V
VCELL_47,946688537.0622672,0x19B50105,1,3.95 V
VCELL_48,946688537.0746578,0x19B50106,1,3.95 V
VCELL_49,946688537.0746578,0x19B50106,1,3.95 V
VCELL_50,946688537.0746578,0x19B50106,1,3.95 V
VCELL_51,946688537.0746578,0x19B50106,1,3.95 V
VCELL_52,946688537.0746578,0x19B50106,1,3.95 V
VCELL_53,946688537.0746578,0x19B50106,1,3.95 V
VCELL_54,946688537.0746578,0x19B50106,1,3.95 V
VCELL_55,946688537.0746578,0x19B50106,1,3.95 V
VCELL_56,946688537.0872996,0x19B50107,1,3.95 V
VCELL_57,946688537.0872996,0x19B50107,1,3.95 V
VCELL_58,946688537.0872996,0x19B50107,1,3.95 V
VCELL_59,946688537.0872996,0x19B50107,1,3.95 V
VCELL_60,946688537.0872996,0x19B50107,1,3.95 V
VCELL_61,946688537.0872996,0x19B50107,1,3.95 V
VCELL_62,946688537.0872996,0x19B50107,1,3.95 V
VCELL_63,946688537.0872996,0x19B50107,1,3.95 V
VCELL_64,946688537.1005338,0x19B50108,1,3.92 V
VCELL_65,946688537.1005338,0x19B50108,1,3.94 V
VCELL_66,946688537.1005338,0x19B50108,1,3.95 V
VCELL_67,946688537.1005338,0x19B50108,1,3.95 V
VCELL_68,946688537.1005338,0x19B50108,1,3.96 V
VCELL_69,946688537.1005338,0x19B50108,1,3.96 V
VCELL_70,946688537.1005338,0x19B50108,1,3.94 V
VCELL_71,946688537.1005338,0x19B50108,1,3.95 V
VCELL_72,946688537.1241875,0x19B50109,1,3.97 V
VCELL_73,946688537.1241875,0x19B50109,1,3.95 V
VCELL_74,946688537.1241875,0x19B50109,1,3.95 V
VCELL_75,946688537.1241875,0x19B50109,1,3.96 V
VCELL_76,946688537.1241875,0x19B50109,1,3.94 V
VCELL_77,946688537.1241875,0x19B50109,1,3.95 V
VCELL_78,946688537.1241875,0x19B50109,1,3.95 V
VCELL_79,946688537.1241875,0x19B50109,1,3.95 V
APPS_RANGE_ERROR,946688537.1384664,0x18FF1515,1,"FALSE 0 no Error, 1 Error"
SAFETY_OK,946688537.1384664,0x18FF1515,1,"FALSE 0 no Error, 1 Error"
BRAKE,946688537.1384664,0x18FF1515,1,"0 1 noBrake, 2 Brake"
VCU_STATE,946688537.1384664,0x18FF1515,1,0
APS_PERC,946688537.1384664,0x18FF1515,1,"2.56 porcentagem pedal, precisão de 2 casas decimais"
VCELL_80,946688537.1396854,0x19B5010A,1,3.95 V
VCELL_81,946688537.1396854,0x19B5010A,1,3.95 V
VCELL_82,946688537.1396854,0x19B5010A,1,3.95 V
VCELL_83,946688537.1396854,0x19B5010A,1,3.95 V
VCELL_84,946688537.1396854,0x19B5010A,1,3.95 V
VCELL_85,946688537.1396854,0x19B5010A,1,3.95 V
VCELL_86,946688537.1396854,0x19B5010A,1,3.95 V
VCELL_87,946688537.1396854,0x19B5010A,1,3.95 V
VCELL_88,946688537.1521461,0x19B5010B,1,3.95 V
VCELL_89,946688537.1521461,0x19B5010B,1,3.95 V
VCELL_90,946688537.1521461,0x19B5010B,1,3.95 V
VCELL_91,946688537.1521461,0x19B5010B,1,3.98 V
VCELL_92,946688537.1521461,0x19B5010B,1,3.97 V
VCELL_93,946688537.1521461,0x19B5010B,1,3.95 V
VCELL_94,946688537.1521461,0x19B5010B,1,3.95 V
VCELL_95,946688537.1521461,0x19B5010B,1,3.95 V
UNDER_VOLTAGE,946688537.1735919,0x19B50007,1,FALSE logic
OVER_VOLTAGE,946688537.1735919,0x19B50007,1,FALSE logic
DISCHARGE_OVER_CURRENT,946688537.1735919,0x19B50007,1,FALSE logic
CHARGE_OVER_CURRENT,946688537.1735919,0x19B50007,1,FALSE logic
CELL_MODULE_OVERHEAT,946688537.1735919,0x19B50007,1,FALSE logic
LEAKAGE,946688537.1735919,0x19B50007,1,FALSE logic
NO_CELL_COMMUNICATION,946688537.1735919,0x19B50007,1,FALSE logic
LOW_VOLTAGE_W,946688537.1735919,0x19B50007,1,FALSE logic
HIGH_CURRENT_W,946688537.1735919,0x19B50007,1,FALSE logic
HIGH_TEMPERATURE_W,946688537.1735919,0x19B50007,1,FALSE logic
CELL_OVERHEAT,946688537.1735919,0x19B50007,1,FALSE logic
NO_CURRENT_SENSOR,946688537.1735919,0x19B50007,1,FALSE logic
PACK_UNDER_VOLTAGE,946688537.1735919,0x19B50007,1,FALSE logic
VALIDITY,946688537.1735919,0x19B50007,1,39 state
APPS_RANGE_ERROR,946688537.2384822,0x18FF1515,1,"FALSE 0 no Error, 1 Error"
SAFETY_OK,946688537.2384822,0x18FF1515,1,"FALSE 0 no Error, 1 Error"
BRAKE,946688537.2384822,0x18FF1515,1,"0 1 noBrake, 2 Brake"
VCU_STATE,946688537.2384822,0x18FF1515,1,0
APS_PERC,946688537.2384822,0x18FF1515,1,"2.56 porcentagem pedal, precisão de 2 casas decimais"
APPS_RANGE_ERROR,946688537.3384714,0x18FF1515,1,"FALSE 0 no Error, 1 Error"
SAFETY_OK,946688537.3384714,0x18FF1515,1,"FALSE 0 no Error, 1 Error"
BRAKE,946688537.3384714,0x18FF1515,1,"0 1 noBrake, 2 Brake"
VCU_STATE,946688537.3384714,0x18FF1515,1,0
APS_PERC,946688537.3384714,0x18FF1515,1,"2.56 porcentagem pedal, precisão de 2 casas decimais"
UNDER_VOLTAGE,946688537.3698379,0x19B50007,1,FALSE logic
OVER_VOLTAGE,946688537.3698379,0x19B50007,1,FALSE logic
DISCHARGE_OVER_CURRENT,946688537.3698379,0x19B50007,1,FALSE logic
CHARGE_OVER_CURRENT,946688537.3698379,0x19B50007,1,FALSE logic
CELL_MODULE_OVERHEAT,946688537.3698379,0x19B50007,1,FALSE logic
LEAKAGE,946688537.3698379,0x19B50007,1,FALSE logic
NO_CELL_COMMUNICATION,946688537.3698379,0x19B50007,1,FALSE logic
LOW_VOLTAGE_W,946688537.3698379,0x19B50007,1,FALSE logic
HIGH_CURRENT_W,946688537.3698379,0x19B50007,1,FALSE logic
HIGH_TEMPERATURE_W,946688537.3698379,0x19B50007,1,FALSE logic
CELL_OVERHEAT,946688537.3698379,0x19B50007,1,FALSE logic
NO_CURRENT_SENSOR,946688537.3698379,0x19B50007,1,FALSE logic
PACK_UNDER_VOLTAGE,946688537.3698379,0x19B50007,1,FALSE logic
VALIDITY,946688537.3698379,0x19B50007,1,39 state
APPS_RANGE_ERROR,946688537.4384676,0x18FF1515,1,"FALSE 0 no Error, 1 Error"
SAFETY_OK,946688537.4384676,0x18FF1515,1,"FALSE 0 no Error, 1 Error"
BRAKE,946688537.4384676,0x18FF1515,1,"0 1 noBrake, 2 Brake"
VCU_STATE,946688537.4384676,0x18FF1515,1,0
APS_PERC,946688537.4384676,0x18FF1515,1,"2.56 porcentagem pedal, precisão de 2 casas decimais"
APPS_RANGE_ERROR,946688537.5384668,0x18FF1515,1,"FALSE 0 no Error, 1 Error"
SAFETY_OK,946688537.5384668,0x18FF1515,1,"FALSE 0 no Error, 1 Error"
BRAKE,946688537.5384668,0x18FF1515,1,"0 1 noBrake, 2 Brake"
VCU_STATE,946688537.5384668,0x18FF1515,1,0
APS_PERC,946688537.5384668,0x18FF1515,1,"2.56 porcentagem pedal, precisão de 2 casas decimais"
UNDER_VOLTAGE,946688537.567926,0x19B50007,1,FALSE logic
OVER_VOLTAGE,946688537.567926,0x19B50007,1,FALSE logic
DISCHARGE_OVER_CURRENT,946688537.567926,0x19B50007,1,FALSE logic
CHARGE_OVER_CURRENT,946688537.567926,0x19B50007,1,FALSE logic
CELL_MODULE_OVERHEAT,946688537.567926,0x19B50007,1,FALSE logic
LEAKAGE,946688537.567926,0x19B50007,1,FALSE logic
NO_CELL_COMMUNICATION,946688537.567926,0x19B50007,1,FALSE logic
LOW_VOLTAGE_W,946688537.567926,0x19B50007,1,FALSE logic
HIGH_CURRENT_W,946688537.567926,0x19B50007,1,FALSE logic
HIGH_TEMPERATURE_W,946688537.567926,0x19B50007,1,FALSE logic
CELL_OVERHEAT,946688537.567926,0x19B50007,1,FALSE logic
NO_CURRENT_SENSOR,946688537.567926,0x19B50007,1,FALSE logic
PACK_UNDER_VOLTAGE,946688537.567926,0x19B50007,1,FALSE logic
VALIDITY,946688537.567926,0x19B50007,1,39 state
APPS_RANGE_ERROR,946688537.6384609,0x18FF1515,1,"FALSE 0 no Error, 1 Error"
SAFETY_OK,946688537.6384609,0x18FF1515,1,"FALSE 0 no Error, 1 Error"
BRAKE,946688537.6384609,0x18FF1515,1,"0 1 noBrake, 2 Brake"
VCU_STATE,946688537.6384609,0x18FF1515,1,0
APS_PERC,946688537.6384609,0x18FF1515,1,"2.56 porcentagem pedal, precisão de 2 casas decimais"
APPS_RANGE_ERROR,946688537.7384595,0x18FF1515,1,"FALSE 0 no Error, 1 Error"
SAFETY_OK,946688537.7384595,0x18FF1515,1,"FALSE 0 no Error, 1 Error"
BRAKE,946688537.7384595,0x18FF1515,1,"0 1 noBrake, 2 Brake"
VCU_STATE,946688537.7384595,0x18FF1515,1,0
APS_PERC,946688537.7384595,0x18FF1515,1,"2.56 porcentagem pedal, precisão de 2 casas decimais"
UNDER_VOLTAGE,946688537.7671357,0x19B50007,1,FALSE logic
OVER_VOLTAGE,946688537.7671357,0x19B50007,1,FALSE logic
DISCHARGE_OVER_CURRENT,946688537.7671357,0x19B50007,1,FALSE logic
CHARGE_OVER_CURRENT,946688537.7671357,0x19B50007,1,FALSE logic
CELL_MODULE_OVERHEAT,946688537.7671357,0x19B50007,1,FALSE logic
LEAKAGE,946688537.7671357,0x19B50007,1,FALSE logic
NO_CELL_COMMUNICATION,946688537.7671357,0x19B50007,1,FALSE logic
LOW_VOLTAGE_W,946688537.7671357,0x19B50007,1,FALSE logic
HIGH_CURRENT_W,946688537.7671357,0x19B50007,1,FALSE logic
HIGH_TEMPERATURE_W,946688537.7671357,0x19B50007,1,FALSE logic
CELL_OVERHEAT,946688537.7671357,0x19B50007,1,FALSE logic
NO_CURRENT_SENSOR,946688537.7671357,0x19B50007,1,FALSE logic
PACK_UNDER_VOLTAGE,946688537.7671357,0x19B50007,1,FALSE logic
VALIDITY,946688537.7671357,0x19B50007,1,39 state
APPS_RANGE_ERROR,946688537.8384609,0x18FF1515,1,"FALSE 0 no Error, 1 Error"
SAFETY_OK,946688537.8384609,0x18FF1515,1,"FALSE 0 no Error, 1 Error"
BRAKE,946688537.8384609,0x18FF1515,1,"0 1 noBrake, 2 Brake"
VCU_STATE,946688537.8384609,0x18FF1515,1,0
APS_PERC,946688537.8384609,0x18FF1515,1,"2.56 porcentagem pedal, precisão de 2 casas decimais"
APPS_RANGE_ERROR,946688537.9384648,0x18FF1515,1,"FALSE 0 no Error, 1 Error"
SAFETY_OK,946688537.9384648,0x18FF1515,1,"FALSE 0 no Error, 1 Error"
BRAKE,946688537.9384648,0x18FF1515,1,"0 1 noBrake, 2 Brake"
VCU_STATE,946688537.9384648,0x18FF1515,1,0
APS_PERC,946688537.9384648,0x18FF1515,1,"2.56 porcentagem pedal, precisão de 2 casas decimais"
UNDER_VOLTAGE,946688537.9746689,0x19B50007,1,FALSE logic
OVER_VOLTAGE,946688537.9746689,0x19B50007,1,FALSE logic
DISCHARGE_OVER_CURRENT,946688537.9746689,0x19B50007,1,FALSE logic
CHARGE_OVER_CURRENT,946688537.9746689,0x19B50007,1,FALSE logic
CELL_MODULE_OVERHEAT,946688537.9746689,0x19B50007,1,FALSE logic
LEAKAGE,946688537.9746689,0x19B50007,1,FALSE logic
NO_CELL_COMMUNICATION,946688537.9746689,0x19B50007,1,FALSE logic
LOW_VOLTAGE_W,946688537.9746689,0x19B50007,1,FALSE logic
HIGH_CURRENT_W,946688537.9746689,0x19B50007,1,FALSE logic
HIGH_TEMPERATURE_W,946688537.9746689,0x19B50007,1,FALSE logic
CELL_OVERHEAT,946688537.9746689,0x19B50007,1,FALSE logic
NO_CURRENT_SENSOR,946688537.9746689,0x19B50007,1,FALSE logic
PACK_UNDER_VOLTAGE,946688537.9746689,0x19B50007,1,FALSE logic
VALIDITY,946688537.9746689,0x19B50007,1,39 state
APPS_RANGE_ERROR,946688538.0384591,0x18FF1515,1,"FALSE 0 no Error, 1 Error"
SAFETY_OK,946688538.0384591,0x18FF1515,1,"FALSE 0 no Error, 1 Error"
BRAKE,946688538.0384591,0x18FF1515,1,"0 1 noBrake, 2 Brake"
VCU_STATE,946688538.0384591,0x18FF1515,1,0
APS_PERC,946688538.0384591,0x18FF1515,1,"2.56 porcentagem pedal, precisão de 2 casas decimais"
APPS_RANGE_ERROR,946688538.1384597,0x18FF1515,1,"FALSE 0 no Error, 1 Error"
SAFETY_OK,946688538.1384597,0x18FF1515,1,"FALSE 0 no Error, 1 Error"
BRAKE,946688538.1384597,0x18FF1515,1,"0 1 noBrake, 2 Brake"
VCU_STATE,946688538.1384597,0x18FF1515,1,0
APS_PERC,946688538.1384597,0x18FF1515,1,"2.56 porcentagem pedal, precisão de 2 casas decimais"
UNDER_VOLTAGE,946688538.1669686,0x19B50007,1,FALSE logic
OVER_VOLTAGE,946688538.1669686,0x19B50007,1,FALSE logic
DISCHARGE_OVER_CURRENT,946688538.1669686,0x19B50007,1,FALSE logic
CHARGE_OVER_CURRENT,946688538.1669686,0x19B50007,1,FALSE logic
CELL_MODULE_OVERHEAT,946688538.1669686,0x19B50007,1,FALSE logic
LEAKAGE,946688538.1669686,0x19B50007,1,FALSE logic
NO_CELL_COMMUNICATION,946688538.1669686,0x19B50007,1,FALSE logic
LOW_VOLTAGE_W,946688538.1669686,0x19B50007,1,FALSE logic
HIGH_CURRENT_W,946688538.1669686,0x19B50007,1,FALSE logic
HIGH_TEMPERATURE_W,946688538.1669686,0x19B50007,1,FALSE logic
CELL_OVERHEAT,946688538.1669686,0x19B50007,1,FALSE logic
NO_CURRENT_SENSOR,946688538.1669686,0x19B50007,1,FALSE logic
PACK_UNDER_VOLTAGE,946688538.1669686,0x19B50007,1,FALSE logic
VALIDITY,946688538.1669686,0x19B50007,1,39 state
APPS_RANGE_ERROR,946688538.2384598,0x18FF1515,1,"FALSE 0 no Error, 1 Error"
SAFETY_OK,946688538.2384598,0x18FF1515,1,"FALSE 0 no Error, 1 Error"
BRAKE,946688538.2384598,0x18FF1515,1,"0 1 noBrake, 2 Brake"
VCU_STATE,946688538.2384598,0x18FF1515,1,0
APS_PERC,946688538.2384598,0x18FF1515,1,"2.56 porcentagem pedal, precisão de 2 casas decimais"
APPS_RANGE_ERROR,946688538.3384544,0x18FF1515,1,"FALSE 0 no Error, 1 Error"
SAFETY_OK,946688538.3384544,0x18FF1515,1,"FALSE 0 no Error, 1 Error"
BRAKE,946688538.3384544,0x18FF1515,1,"0 1 noBrake, 2 Brake"
VCU_STATE,946688538.3384544,0x18FF1515,1,0
APS_PERC,946688538.3384544,0x18FF1515,1,"2.56 porcentagem pedal, precisão de 2 casas decimais"
UNDER_VOLTAGE,946688538.3697433,0x19B50007,1,FALSE logic
OVER_VOLTAGE,946688538.3697433,0x19B50007,1,FALSE logic
DISCHARGE_OVER_CURRENT,946688538.3697433,0x19B50007,1,FALSE logic
CHARGE_OVER_CURRENT,946688538.3697433,0x19B50007,1,FALSE logic
CELL_MODULE_OVERHEAT,946688538.3697433,0x19B50007,1,FALSE logic
LEAKAGE,946688538.3697433,0x19B50007,1,FALSE logic
NO_CELL_COMMUNICATION,946688538.3697433,0x19B50007,1,FALSE logic
LOW_VOLTAGE_W,946688538.3697433,0x19B50007,1,FALSE logic
HIGH_CURRENT_W,946688538.3697433,0x19B50007,1,FALSE logic
HIGH_TEMPERATURE_W,946688538.3697433,0x19B50007,1,FALSE logic
CELL_OVERHEAT,946688538.3697433,0x19B50007,1,FALSE logic
NO_CURRENT_SENSOR,946688538.3697433,0x19B50007,1,FALSE logic
PACK_UNDER_VOLTAGE,946688538.3697433,0x19B50007,1,FALSE logic
VALIDITY,946688538.3697433,0x19B50007,1,39 state
APPS_RANGE_ERROR,946688538.43846,0x18FF1515,1,"FALSE 0 no Error, 1 Error"
SAFETY_OK,946688538.43846,0x18FF1515,1,"FALSE 0 no Error, 1 Error"
BRAKE,946688538.43846,0x18FF1515,1,"0 1 noBrake, 2 Brake"
VCU_STATE,946688538.43846,0x18FF1515,1,0
APS_PERC,946688538.43846,0x18FF1515,1,"2.56 porcentagem pedal, precisão de 2 casas decimais"
TCELL_0,946688538.4911692,0x19B50800,1,-100.00 °C
TCELL_0,946688538.4917425,0x19B50800,1,28.00 °C
TCELL_1,946688538.4917425,0x19B50800,1,28.00 °C
TCELL_2,946688538.4917425,0x19B50800,1,28.00 °C
TCELL_3,946688538.4917425,0x19B50800,1,28.00 °C
TCELL_4,946688538.4917425,0x19B50800,1,28.00 °C
TCELL_5,946688538.4917425,0x19B50800,1,155.00 °C
TCELL_6,946688538.4917425,0x19B50800,1,155.00 °C
TCELL_7,946688538.4917425,0x19B50800,1,155.00 °C
TCELL_8,946688538.511683,0x19B50801,1,155.00 °C
TCELL_9,946688538.511683,0x19B50801,1,155.00 °C
TCELL_10,946688538.511683,0x19B50801,1,155.00 °C
TCELL_11,946688538.511683,0x19B50801,1,155.00 °C
TCELL_12,946688538.511683,0x19B50801,1,155.00 °C
TCELL_13,946688538.511683,0x19B50801,1,155.00 °C
TCELL_14,946688538.511683,0x19B50801,1,155.00 °C
TCELL_15,946688538.511683,0x19B50801,1,155.00 °C
TCELL_16,946688538.525332,0x19B50802,1,28.00 °C
TCELL_17,946688538.525332,0x19B50802,1,28.00 °C
TCELL_18,946688538.525332,0x19B50802,1,28.00 °C
TCELL_19,946688538.525332,0x19B50802,1,29.00 °C
TCELL_20,946688538.525332,0x19B50802,1,28.00 °C
TCELL_21,946688538.525332,0x19B50802,1,155.00 °C
TCELL_22,946688538.525332,0x19B50802,1,155.00 °C
TCELL_23,946688538.525332,0x19B50802,1,155.00 °C
APPS_RANGE_ERROR,946688538.5384555,0x18FF1515,1,"FALSE 0 no Error, 1 Error"
SAFETY_OK,946688538.5384555,0x18FF1515,1,"FALSE 0 no Error, 1 Error"
BRAKE,946688538.5384555,0x18FF1515,1,"0 1 noBrake, 2 Brake"
VCU_STATE,946688538.5384555,0x18FF1515,1,0
APS_PERC,946688538.5384555,0x18FF1515,1,"2.56 porcentagem pedal, precisão de 2 casas decimais"
TCELL_24,946688538.5411302,0x19B50803,1,155.00 °C
TCELL_25,946688538.5411302,0x19B50803,1,155.00 °C
TCELL_26,946688538.5411302,0x19B50803,1,155.00 °C
TCELL_27,946688538.5411302,0x19B50803,1,155.00 °C
TCELL_28,946688538.5411302,0x19B50803,1,155.00 °C
TCELL_29,946688538.5411302,0x19B50803,1,155.00 °C
TCELL_30,946688538.5411302,0x19B50803,1,155.00 °C
TCELL_31,946688538.5411302,0x19B50803,1,155.00 °C
UNDER_VOLTAGE,946688538.566987,0x19B50007,1,FALSE logic
OVER_VOLTAGE,946688538.566987,0x19B50007,1,FALSE logic
DISCHARGE_OVER_CURRENT,946688538.566987,0x19B50007,1,FALSE logic
CHARGE_OVER_CURRENT,946688538.566987,0x19B50007,1,FALSE logic
CELL_MODULE_OVERHEAT,946688538.566987,0x19B50007,1,FALSE logic
LEAKAGE,946688538.566987,0x19B50007,1,FALSE logic
NO_CELL_COMMUNICATION,946688538.566987,0x19B50007,1,FALSE logic
LOW_VOLTAGE_W,946688538.566987,0x19B50007,1,FALSE logic
HIGH_CURRENT_W,946688538.566987,0x19B50007,1,FALSE logic
HIGH_TEMPERATURE_W,946688538.566987,0x19B50007,1,FALSE logic
CELL_OVERHEAT,946688538.566987,0x19B50007,1,FALSE logic
NO_CURRENT_SENSOR,946688538.566987,0x19B50007,1,FALSE logic
PACK_UNDER_VOLTAGE,946688538.566987,0x19B50007,1,FALSE logic
VALIDITY,946688538.566987,0x19B50007,1,39 state
APPS_RANGE_ERROR,946688538.6384507,0x18FF1515,1,"FALSE 0 no Error, 1 Error"
SAFETY_OK,946688538.6384507,0x18FF1515,1,"FALSE 0 no Error, 1 Error"
BRAKE,946688538.6384507,0x18FF1515,1,"0 1 noBrake, 2 Brake"
VCU_STATE,946688538.6384507,0x18FF1515,1,0
APS_PERC,946688538.6384507,0x18FF1515,1,"2.56 porcentagem pedal, precisão de 2 casas decimais"
APPS_RANGE_ERROR,946688538.7384497,0x18FF1515,1,"FALSE 0 no Error, 1 Error"
SAFETY_OK,946688538.7384497,0x18FF1515,1,"FALSE 0 no Error, 1 Error"
BRAKE,946688538.7384497,0x18FF1515,1,"0 1 noBrake, 2 Brake"
VCU_STATE,946688538.7384497,0x18FF1515,1,0
APS_PERC,946688538.7384497,0x18FF1515,1,"2.56 porcentagem pedal, precisão de 2 casas decimais"
UNDER_VOLTAGE,946688538.7669716,0x19B50007,1,FALSE logic
OVER_VOLTAGE,946688538.7669716,0x19B50007,1,FALSE logic
DISCHARGE_OVER_CURRENT,946688538.7669716,0x19B50007,1,FALSE logic
CHARGE_OVER_CURRENT,946688538.7669716,0x19B50007,1,FALSE logic
CELL_MODULE_OVERHEAT,946688538.7669716,0x19B50007,1,FALSE logic
LEAKAGE,946688538.7669716,0x19B50007,1,FALSE logic
NO_CELL_COMMUNICATION,946688538.7669716,0x19B50007,1,FALSE logic
LOW_VOLTAGE_W,946688538.7669716,0x19B50007,1,FALSE logic
HIGH_CURRENT_W,946688538.7669716,0x19B50007,1,FALSE logic
HIGH_TEMPERATURE_W,946688538.7669716,0x19B50007,1,FALSE logic
CELL_OVERHEAT,946688538.7669716,0x19B50007,1,FALSE logic
NO_CURRENT_SENSOR,946688538.7669716,0x19B50007,1,FALSE logic
PACK_UNDER_VOLTAGE,946688538.7669716,0x19B50007,1,FALSE logic
VALIDITY,946688538.7669716,0x19B50007,1,39 state
APPS_RANGE_ERROR,946688538.838451,0x18FF1515,1,"FALSE 0 no Error, 1 Error"
SAFETY_OK,946688538.838451,0x18FF1515,1,"FALSE 0 no Error, 1 Error"
BRAKE,946688538.838451,0x18FF1515,1,"0 1 noBrake, 2 Brake"
VCU_STATE,946688538.838451,0x18FF1515,1,0
APS_PERC,946688538.838451,0x18FF1515,1,"2.56 porcentagem pedal, precisão de 2 casas decimais"
APPS_RANGE_ERROR,946688538.9384565,0x18FF1515,1,"FALSE 0 no Error, 1 Error"
SAFETY_OK,946688538.9384565,0x18FF1515,1,"FALSE 0 no Error, 1 Error"
BRAKE,946688538.9384565,0x18FF1515,1,"0 1 noBrake, 2 Brake"
VCU_STATE,946688538.9384565,0x18FF1515,1,0
APS_PERC,946688538.9384565,0x18FF1515,1,"2.56 porcentagem pedal, precisão de 2 casas decimais"
UNDER_VOLTAGE,946688538.9722672,0x19B50007,1,FALSE logic
OVER_VOLTAGE,946688538.9722672,0x19B50007,1,FALSE logic
DISCHARGE_OVER_CURRENT,946688538.9722672,0x19B50007,1,FALSE logic
CHARGE_OVER_CURRENT,946688538.9722672,0x19B50007,1,FALSE logic
CELL_MODULE_OVERHEAT,946688538.9722672,0x19B50007,1,FALSE logic
LEAKAGE,946688538.9722672,0x19B50007,1,FALSE logic
NO_CELL_COMMUNICATION,946688538.9722672,0x19B50007,1,FALSE logic
LOW_VOLTAGE_W,946688538.9722672,0x19B50007,1,FALSE logic
HIGH_CURRENT_W,946688538.9722672,0x19B50007,1,FALSE logic
HIGH_TEMPERATURE_W,946688538.9722672,0x19B50007,1,FALSE logic
CELL_OVERHEAT,946688538.9722672,0x19B50007,1,FALSE logic
NO_CURRENT_SENSOR,946688538.9722672,0x19B50007,1,FALSE logic
PACK_UNDER_VOLTAGE,946688538.9722672,0x19B50007,1,FALSE logic
VALIDITY,946688538.9722672,0x19B50007,1,39 state
VCELL_0,946688538.987477,0x19B50100,1,2.00 V
VCELL_0,946688538.98821,0x19B50100,1,3.96 V
VCELL_1,946688538.98821,0x19B50100,1,3.95 V
VCELL_2,946688538.98821,0x19B50100,1,3.95 V
VCELL_3,946688538.98821,0x19B50100,1,3.95 V
VCELL_4,946688538.98821,0x19B50100,1,3.95 V
VCELL_5,946688538.98821,0x19B50100,1,3.95 V
VCELL_6,946688538.98821,0x19B50100,1,3.95 V
VCELL_7,946688538.98821,0x19B50100,1,3.95 V
VCELL_8,946688539.0005945,0x19B50101,1,3.95 V
VCELL_9,946688539.0005945,0x19B50101,1,3.95 V
VCELL_10,946688539.0005945,0x19B50101,1,3.95 V
VCELL_11,946688539.0005945,0x19B50101,1,3.95 V
VCELL_12,946688539.0005945,0x19B50101,1,3.95 V
VCELL_13,946688539.0005945,0x19B50101,1,3.95 V
VCELL_14,946688539.0005945,0x19B50101,1,3.95 V
VCELL_15,946688539.0005945,0x19B50101,1,3.95 V
VCELL_16,946688539.0128665,0x19B50102,1,3.95 V
VCELL_17,946688539.0128665,0x19B50102,1,3.95 V
VCELL_18,946688539.0128665,0x19B50102,1,3.95 V
VCELL_19,946688539.0128665,0x19B50102,1,3.95 V
VCELL_20,946688539.0128665,0x19B50102,1,3.95 V
VCELL_21,946688539.0128665,0x19B50102,1,3.97 V
VCELL_22,946688539.0128665,0x19B50102,1,3.95 V
VCELL_23,946688539.0128665,0x19B50102,1,3.95 V
VCELL_24,946688539.0261507,0x19B50103,1,3.95 V
VCELL_25,946688539.0261507,0x19B50103,1,3.96 V
VCELL_26,946688539.0261507,0x19B50103,1,3.95 V
VCELL_27,946688539.0261507,0x19B50103,1,3.95 V
VCELL_28,946688539.0261507,0x19B50103,1,3.97 V
VCELL_29,946688539.0261507,0x19B50103,1,3.95 V
VCELL_30,946688539.0261507,0x19B50103,1,3.95 V
VCELL_31,946688539.0261507,0x19B50103,1,3.95 V
VCELL_32,946688539.0384187,0x19B50104,1,3.94 V
VCELL_33,946688539.0384187,0x19B50104,1,3.95 V
VCELL_34,946688539.0384187,0x19B50104,1,3.95 V
VCELL_35,946688539.0384187,0x19B50104,1,3.95 V
VCELL_36,946688539.0384187,0x19B50104,1,3.95 V
VCELL_37,946688539.0384187,0x19B50104,1,3.95 V
VCELL_38,946688539.0384187,0x19B50104,1,3.95 V
VCELL_39,946688539.0384187,0x19B50104,1,3.95 V
APPS_RANGE_ERROR,946688539.0387207,0x18FF1515,1,"FALSE 0 no Error, 1 Error"
SAFETY_OK,946688539.0387207,0x18FF1515,1,"FALSE 0 no Error, 1 Error"
BRAKE,946688539.0387207,0x18FF1515,1,"0 1 noBrake, 2 Brake"
VCU_STATE,946688539.0387207,0x18FF1515,1,0
APS_PERC,946688539.0387207,0x18FF1515,1,"2.56 porcentagem pedal, precisão de 2 casas decimais"
VCELL_40,946688539.0511892,0x19B50105,1,3.95 V
VCELL_41,946688539.0511892,0x19B50105,1,3.95 V
VCELL_42,946688539.0511892,0x19B50105,1,3.95 V
VCELL_43,946688539.0511892,0x19B50105,1,3.95 V
VCELL_44,946688539.0511892,0x19B50105,1,3.95 V
VCELL_45,946688539.0511892,0x19B50105,1,3.95 V
VCELL_46,946688539.0511892,0x19B50105,1,3.95 V
VCELL_47,946688539.0511892,0x19B50105,1,3.95 V
VCELL_48,946688539.0782815,0x19B50106,1,3.95 V
VCELL_49,946688539.0782815,0x19B50106,1,3.95 V
VCELL_50,946688539.0782815,0x19B50106,1,3.95 V
VCELL_51,946688539.0782815,0x19B50106,1,3.95 V
VCELL_52,946688539.0782815,0x19B50106,1,3.95 V
VCELL_53,946688539.0782815,0x19B50106,1,3.95 V
VCELL_54,946688539.0782815,0x19B50106,1,3.95 V
VCELL_55,946688539.0782815,0x19B50106,1,3.95 V
VCELL_56,946688539.0906942,0x19B50107,1,3.95 V
VCELL_57,946688539.0906942,0x19B50107,1,3.95 V
VCELL_58,946688539.0906942,0x19B50107,1,3.95 V
VCELL_59,946688539.0906942,0x19B50107,1,3.95 V
VCELL_60,946688539.0906942,0x19B50107,1,3.95 V
VCELL_61,946688539.0906942,0x19B50107,1,3.95 V
VCELL_62,946688539.0906942,0x19B50107,1,3.95 V
VCELL_63,946688539.0906942,0x19B50107,1,3.95 V
VCELL_64,946688539.1033351,0x19B50108,1,3.92 V
VCELL_65,946688539.1033351,0x19B50108,1,3.94 V
VCELL_66,946688539.1033351,0x19B50108,1,3.95 V
VCELL_67,946688539.1033351,0x19B50108,1,3.95 V
VCELL_68,946688539.1033351,0x19B50108,1,3.96 V
VCELL_69,946688539.1033351,0x19B50108,1,3.96 V
VCELL_70,946688539.1033351,0x19B50108,1,3.94 V
VCELL_71,946688539.1033351,0x19B50108,1,3.95 V
VCELL_72,946688539.1165872,0x19B50109,1,3.97 V
VCELL_73,946688539.1165872,0x19B50109,1,3.95 V
VCELL_74,946688539.1165872,0x19B50109,1,3.95 V
VCELL_75,946688539.1165872,0x19B50109,1,3.96 V
VCELL_76,946688539.1165872,0x19B50109,1,3.94 V
VCELL_77,946688539.1165872,0x19B50109,1,3.95 V
VCELL_78,946688539.1165872,0x19B50109,1,3.95 V
VCELL_79,946688539.1165872,0x19B50109,1,3.95 V
VCELL_80,946688539.1288229,0x19B5010A,1,3.95 V
VCELL_81,946688539.1288229,0x19B5010A,1,3.95 V
VCELL_82,946688539.1288229,0x19B5010A,1,3.95 V
VCELL_83,946688539.1288229,0x19B5010A,1,3.95 V
VCELL_84,946688539.1288229,0x19B5010A,1,3.95 V
VCELL_85,946688539.1288229,0x19B5010A,1,3.95 V
VCELL_86,946688539.1288229,0x19B5010A,1,3.95 V
VCELL_87,946688539.1288229,0x19B5010A,1,3.95 V
APPS_RANGE_ERROR,946688539.1384794,0x18FF1515,1,"FALSE 0 no Error, 1 Error"
SAFETY_OK,946688539.1384794,0x18FF1515,1,"FALSE 0 no Error, 1 Error"
BRAKE,946688539.1384794,0x18FF1515,1,"0 1 noBrake, 2 Brake"
VCU_STATE,946688539.1384794,0x18FF1515,1,0
APS_PERC,946688539.1384794,0x18FF1515,1,"2.56 porcentagem pedal, precisão de 2 casas decimais"
VCELL_88,946688539.1413786,0x19B5010B,1,3.95 V
VCELL_89,946688539.1413786,0x19B5010B,1,3.95 V
VCELL_90,946688539.1413786,0x19B5010B,1,3.95 V
VCELL_91,946688539.1413786,0x19B5010B,1,3.98 V
VCELL_92,946688539.1413786,0x19B5010B,1,3.97 V
VCELL_93,946688539.1413786,0x19B5010B,1,3.95 V
VCELL_94,946688539.1413786,0x19B5010B,1,3.95 V
VCELL_95,946688539.1413786,0x19B5010B,1,3.95 V
UNDER_VOLTAGE,946688539.1729451,0x19B50007,1,FALSE logic
OVER_VOLTAGE,946688539.1729451,0x19B50007,1,FALSE logic
DISCHARGE_OVER_CURRENT,946688539.1729451,0x19B50007,1,FALSE logic
CHARGE_OVER_CURRENT,946688539.1729451,0x19B50007,1,FALSE logic
CELL_MODULE_OVERHEAT,946688539.1729451,0x19B50007,1,FALSE logic
LEAKAGE,946688539.1729451,0x19B50007,1,FALSE logic
NO_CELL_COMMUNICATION,946688539.1729451,0x19B50007,1,FALSE logic
LOW_VOLTAGE_W,946688539.1729451,0x19B50007,1,FALSE logic
HIGH_CURRENT_W,946688539.1729451,0x19B50007,1,FALSE logic
HIGH_TEMPERATURE_W,946688539.1729451,0x19B50007,1,FALSE logic
CELL_OVERHEAT,946688539.1729451,0x19B50007,1,FALSE logic
NO_CURRENT_SENSOR,946688539.1729451,0x19B50007,1,FALSE logic
PACK_UNDER_VOLTAGE,946688539.1729451,0x19B50007,1,FALSE logic
VALIDITY,946688539.1729451,0x19B50007,1,39 state
APPS_RANGE_ERROR,946688539.2384506,0x18FF1515,1,"FALSE 0 no Error, 1 Error"
SAFETY_OK,946688539.2384506,0x18FF1515,1,"FALSE 0 no Error, 1 Error"
BRAKE,946688539.2384506,0x18FF1515,1,"0 1 noBrake, 2 Brake"
VCU_STATE,946688539.2384506,0x18FF1515,1,0
APS_PERC,946688539.2384506,0x18FF1515,1,"2.56 porcentagem pedal, precisão de 2 casas decimais"
APPS_RANGE_ERROR,946688539.3384514,0x18FF1515,1,"FALSE 0 no Error, 1 Error"
SAFETY_OK,946688539.3384514,0x18FF1515,1,"FALSE 0 no Error, 1 Error"
BRAKE,946688539.3384514,0x18FF1515,1,"0 1 noBrake, 2 Brake"
VCU_STATE,946688539.3384514,0x18FF1515,1,0
APS_PERC,946688539.3384514,0x18FF1515,1,"2.56 porcentagem pedal, precisão de 2 casas decimais"
UNDER_VOLTAGE,946688539.3658633,0x19B50007,1,FALSE logic
OVER_VOLTAGE,946688539.3658633,0x19B50007,1,FALSE logic
DISCHARGE_OVER_CURRENT,946688539.3658633,0x19B50007,1,FALSE logic
CHARGE_OVER_CURRENT,946688539.3658633,0x19B50007,1,FALSE logic
CELL_MODULE_OVERHEAT,946688539.3658633,0x19B50007,1,FALSE logic
LEAKAGE,946688539.3658633,0x19B50007,1,FALSE logic
NO_CELL_COMMUNICATION,946688539.3658633,0x19B50007,1,FALSE logic
LOW_VOLTAGE_W,946688539.3658633,0x19B50007,1,FALSE logic
HIGH_CURRENT_W,946688539.3658633,0x19B50007,1,FALSE logic
HIGH_TEMPERATURE_W,946688539.3658633,0x19B50007,1,FALSE logic
CELL_OVERHEAT,946688539.3658633,0x19B50007,1,FALSE logic
NO_CURRENT_SENSOR,946688539.3658633,0x19B50007,1,FALSE logic
PACK_UNDER_VOLTAGE,946688539.3658633,0x19B50007,1,FALSE logic
VALIDITY,946688539.3658633,0x19B50007,1,39 state
APPS_RANGE_ERROR,946688539.438446,0x18FF1515,1,"FALSE 0 no Error, 1 Error"
SAFETY_OK,946688539.438446,0x18FF1515,1,"FALSE 0 no Error, 1 Error"
BRAKE,946688539.438446,0x18FF1515,1,"0 1 noBrake, 2 Brake"
VCU_STATE,946688539.438446,0x18FF1515,1,0
APS_PERC,946688539.438446,0x18FF1515,1,"2.56 porcentagem pedal, precisão de 2 casas decimais"
APPS_RANGE_ERROR,946688539.5384614,0x18FF1515,1,"FALSE 0 no Error, 1 Error"
SAFETY_OK,946688539.5384614,0x18FF1515,1,"FALSE 0 no Error, 1 Error"
BRAKE,946688539.5384614,0x18FF1515,1,"0 1 noBrake, 2 Brake"
VCU_STATE,946688539.5384614,0x18FF1515,1,0
APS_PERC,946688539.5384614,0x18FF1515,1,"2.56 porcentagem pedal, precisão de 2 casas decimais"
UNDER_VOLTAGE,946688539.5705017,0x19B50007,1,FALSE logic
OVER_VOLTAGE,946688539.5705017,0x19B50007,1,FALSE logic
DISCHARGE_OVER_CURRENT,946688539.5705017,0x19B50007,1,FALSE logic
CHARGE_OVER_CURRENT,946688539.5705017,0x19B50007,1,FALSE logic
CELL_MODULE_OVERHEAT,946688539.5705017,0x19B50007,1,FALSE logic
LEAKAGE,946688539.5705017,0x19B50007,1,FALSE logic
NO_CELL_COMMUNICATION,946688539.5705017,0x19B50007,1,FALSE logic
LOW_VOLTAGE_W,946688539.5705017,0x19B50007,1,FALSE logic
HIGH_CURRENT_W,946688539.5705017,0x19B50007,1,FALSE logic
HIGH_TEMPERATURE_W,946688539.5705017,0x19B50007,1,FALSE logic
CELL_OVERHEAT,946688539.5705017,0x19B50007,1,FALSE logic
NO_CURRENT_SENSOR,946688539.5705017,0x19B50007,1,FALSE logic
PACK_UNDER_VOLTAGE,946688539.5705017,0x19B50007,1,FALSE logic
VALIDITY,946688539.5705017,0x19B50007,1,39 state
APPS_RANGE_ERROR,946688539.6384641,0x18FF1515,1,"FALSE 0 no Error, 1 Error"
SAFETY_OK,946688539.6384641,0x18FF1515,1,"FALSE 0 no Error, 1 Error"
BRAKE,946688539.6384641,0x18FF1515,1,"0 1 noBrake, 2 Brake"
VCU_STATE,946688539.6384641,0x18FF1515,1,0
APS_PERC,946688539.6384641,0x18FF1515,1,"2.56 porcentagem pedal, precisão de 2 casas decimais"
APPS_RANGE_ERROR,946688539.7384595,0x18FF1515,1,"FALSE 0 no Error, 1 Error"
SAFETY_OK,946688539.7384595,0x18FF1515,1,"FALSE 0 no Error, 1 Error"
BRAKE,946688539.7384595,0x18FF1515,1,"0 1 noBrake, 2 Brake"
VCU_STATE,946688539.7384595,0x18FF1515,1,0
APS_PERC,946688539.7384595,0x18FF1515,1,"2.56 porcentagem pedal, precisão de 2 casas decimais"
UNDER_VOLTAGE,946688539.7634037,0x19B50007,1,FALSE logic
OVER_VOLTAGE,946688539.7634037,0x19B50007,1,FALSE logic
DISCHARGE_OVER_CURRENT,946688539.7634037,0x19B50007,1,FALSE logic
CHARGE_OVER_CURRENT,946688539.7634037,0x19B50007,1,FALSE logic
CELL_MODULE_OVERHEAT,946688539.7634037,0x19B50007,1,FALSE logic
LEAKAGE,946688539.7634037,0x19B50007,1,FALSE logic
NO_CELL_COMMUNICATION,946688539.7634037,0x19B50007,1,FALSE logic
LOW_VOLTAGE_W,946688539.7634037,0x19B50007,1,FALSE logic
HIGH_CURRENT_W,946688539.7634037,0x19B50007,1,FALSE logic
HIGH_TEMPERATURE_W,946688539.7634037,0x19B50007,1,FALSE logic
CELL_OVERHEAT,946688539.7634037,0x19B50007,1,FALSE logic
NO_CURRENT_SENSOR,946688539.7634037,0x19B50007,1,FALSE logic
PACK_UNDER_VOLTAGE,946688539.7634037,0x19B50007,1,FALSE logic
VALIDITY,946688539.7634037,0x19B50007,1,39 state
APPS_RANGE_ERROR,946688539.8384643,0x18FF1515,1,"FALSE 0 no Error, 1 Error"
SAFETY_OK,946688539.8384643,0x18FF1515,1,"FALSE 0 no Error, 1 Error"
BRAKE,946688539.8384643,0x18FF1515,1,"0 1 noBrake, 2 Brake"
VCU_STATE,946688539.8384643,0x18FF1515,1,0
APS_PERC,946688539.8384643,0x18FF1515,1,"2.56 porcentagem pedal, precisão de 2 casas decimais"
APPS_RANGE_ERROR,946688539.9384403,0x18FF1515,1,"FALSE 0 no Error, 1 Error"
SAFETY_OK,946688539.9384403,0x18FF1515,1,"FALSE 0 no Error, 1 Error"
BRAKE,946688539.9384403,0x18FF1515,1,"0 1 noBrake, 2 Brake"
VCU_STATE,946688539.9384403,0x18FF1515,1,0
APS_PERC,946688539.9384403,0x18FF1515,1,"2.56 porcentagem pedal, precisão de 2 casas decimais"
UNDER_VOLTAGE,946688539.9691862,0x19B50007,1,FALSE logic
OVER_VOLTAGE,946688539.9691862,0x19B50007,1,FALSE logic
DISCHARGE_OVER_CURRENT,946688539.9691862,0x19B50007,1,FALSE logic
CHARGE_OVER_CURRENT,946688539.9691862,0x19B50007,1,FALSE logic
CELL_MODULE_OVERHEAT,946688539.9691862,0x19B50007,1,FALSE logic
LEAKAGE,946688539.9691862,0x19B50007,1,FALSE logic
NO_CELL_COMMUNICATION,946688539.9691862,0x19B50007,1,FALSE logic
LOW_VOLTAGE_W,946688539.9691862,0x19B50007,1,FALSE logic
HIGH_CURRENT_W,946688539.9691862,0x19B50007,1,FALSE logic
HIGH_TEMPERATURE_W,946688539.9691862,0x19B50007,1,FALSE logic
CELL_OVERHEAT,946688539.9691862,0x19B50007,1,FALSE logic
NO_CURRENT_SENSOR,946688539.9691862,0x19B50007,1,FALSE logic
PACK_UNDER_VOLTAGE,946688539.9691862,0x19B50007,1,FALSE logic
VALIDITY,946688539.9691862,0x19B50007,1,39 state
APPS_RANGE_ERROR,946688540.0384387,0x18FF1515,1,"FALSE 0 no Error, 1 Error"
SAFETY_OK,946688540.0384387,0x18FF1515,1,"FALSE 0 no Error, 1 Error"
BRAKE,946688540.0384387,0x18FF1515,1,"0 1 noBrake, 2 Brake"
VCU_STATE,946688540.0384387,0x18FF1515,1,0
APS_PERC,946688540.0384387,0x18FF1515,1,"2.56 porcentagem pedal, precisão de 2 casas decimais"
APPS_RANGE_ERROR,946688540.1384434,0x18FF1515,1,"FALSE 0 no Error, 1 Error"
SAFETY_OK,946688540.1384434,0x18FF1515,1,"FALSE 0 no Error, 1 Error"
BRAKE,946688540.1384434,0x18FF1515,1,"0 1 noBrake, 2 Brake"
VCU_STATE,946688540.1384434,0x18FF1515,1,0
APS_PERC,946688540.1384434,0x18FF1515,1,"2.56 porcentagem pedal, precisão de 2 casas decimais"
UNDER_VOLTAGE,946688540.1642817,0x19B50007,1,FALSE logic
OVER_VOLTAGE,946688540.1642817,0x19B50007,1,FALSE logic
DISCHARGE_OVER_CURRENT,946688540.1642817,0x19B50007,1,FALSE logic
CHARGE_OVER_CURRENT,946688540.1642817,0x19B50007,1,FALSE logic
CELL_MODULE_OVERHEAT,946688540.1642817,0x19B50007,1,FALSE logic
LEAKAGE,946688540.1642817,0x19B50007,1,FALSE logic
NO_CELL_COMMUNICATION,946688540.1642817,0x19B50007,1,FALSE logic
LOW_VOLTAGE_W,946688540.1642817,0x19B50007,1,FALSE logic
HIGH_CURRENT_W,946688540.1642817,0x19B50007,1,FALSE logic
HIGH_TEMPERATURE_W,946688540.1642817,0x19B50007,1,FALSE logic
CELL_OVERHEAT,946688540.1642817,0x19B50007,1,FALSE logic
NO_CURRENT_SENSOR,946688540.1642817,0x19B50007,1,FALSE logic
PACK_UNDER_VOLTAGE,946688540.1642817,0x19B50007,1,FALSE logic
VALIDITY,946688540.1642817,0x19B50007,1,39 state
APPS_RANGE_ERROR,946688540.2384366,0x18FF1515,1,"FALSE 0 no Error, 1 Error"
SAFETY_OK,946688540.2384366,0x18FF1515,1,"FALSE 0 no Error, 1 Error"
BRAKE,946688540.2384366,0x18FF1515,1,"0 1 noBrake, 2 Brake"
VCU_STATE,946688540.2384366,0x18FF1515,1,0
APS_PERC,946688540.2384366,0x18FF1515,1,"2.56 porcentagem pedal, precisão de 2 casas decimais"
APPS_RANGE_ERROR,946688540.338443,0x18FF1515,1,"FALSE 0 no Error, 1 Error"
SAFETY_OK,946688540.338443,0x18FF1515,1,"FALSE 0 no Error, 1 Error"
BRAKE,946688540.338443,0x18FF1515,1,"0 1 noBrake, 2 Brake"
VCU_STATE,946688540.338443,0x18FF1515,1,0
APS_PERC,946688540.338443,0x18FF1515,1,"2.56 porcentagem pedal, precisão de 2 casas decimais"
UNDER_VOLTAGE,946688540.3640192,0x19B50007,1,FALSE logic
OVER_VOLTAGE,946688540.3640192,0x19B50007,1,FALSE logic
DISCHARGE_OVER_CURRENT,946688540.3640192,0x19B50007,1,FALSE logic
CHARGE_OVER_CURRENT,946688540.3640192,0x19B50007,1,FALSE logic
CELL_MODULE_OVERHEAT,946688540.3640192,0x19B50007,1,FALSE logic
LEAKAGE,946688540.3640192,0x19B50007,1,FALSE logic
NO_CELL_COMMUNICATION,946688540.3640192,0x19B50007,1,FALSE logic
LOW_VOLTAGE_W,946688540.3640192,0x19B50007,1,FALSE logic
HIGH_CURRENT_W,946688540.3640192,0x19B50007,1,FALSE logic
HIGH_TEMPERATURE_W,946688540.3640192,0x19B50007,1,FALSE logic
CELL_OVERHEAT,946688540.3640192,0x19B50007,1,FALSE logic
NO_CURRENT_SENSOR,946688540.3640192,0x19B50007,1,FALSE logic
PACK_UNDER_VOLTAGE,946688540.3640192,0x19B50007,1,FALSE logic
VALIDITY,946688540.3640192,0x19B50007,1,39 state
TCELL_0,946688540.4102407,0x19B50800,1,-100.00 °C
TCELL_0,946688540.4107722,0x19B50800,1,28.00 °C
TCELL_1,946688540.4107722,0x19B50800,1,28.00 °C
TCELL_2,946688540.4107722,0x19B50800,1,28.00 °C
TCELL_3,946688540.4107722,0x19B50800,1,28.00 °C
TCELL_4,946688540.4107722,0x19B50800,1,28.00 °C
TCELL_5,946688540.4107722,0x19B50800,1,155.00 °C
TCELL_6,946688540.4107722,0x19B50800,1,155.00 °C
TCELL_7,946688540.4107722,0x19B50800,1,155.00 °C
TCELL_8,946688540.4239886,0x19B50801,1,155.00 °C
TCELL_9,946688540.4239886,0x19B50801,1,155.00 °C
TCELL_10,946688540.4239886,0x19B50801,1,155.00 °C
TCELL_11,946688540.4239886,0x19B50801,1,155.00 °C
TCELL_12,946688540.4239886,0x19B50801,1,155.00 °C
TCELL_13,946688540.4239886,0x19B50801,1,155.00 °C
TCELL_14,946688540.4239886,0x19B50801,1,155.00 °C
TCELL_15,946688540.4239886,0x19B50801,1,155.00 °C
TCELL_16,946688540.4382988,0x19B50802,1,28.00 °C
TCELL_17,946688540.4382988,0x19B50802,1,28.00 °C
TCELL_18,946688540.4382988,0x19B50802,1,28.00 °C
TCELL_19,946688540.4382988,0x19B50802,1,29.00 °C
TCELL_20,946688540.4382988,0x19B50802,1,28.00 °C
TCELL_21,946688540.4382988,0x19B50802,1,155.00 °C
TCELL_22,946688540.4382988,0x19B50802,1,155.00 °C
TCELL_23,946688540.4382988,0x19B50802,1,155.00 °C
APPS_RANGE_ERROR,946688540.4385966,0x18FF1515,1,"FALSE 0 no Error, 1 Error"
SAFETY_OK,946688540.4385966,0x18FF1515,1,"FALSE 0 no Error, 1 Error"
BRAKE,946688540.4385966,0x18FF1515,1,"0 1 noBrake, 2 Brake"
VCU_STATE,946688540.4385966,0x18FF1515,1,0
APS_PERC,946688540.4385966,0x18FF1515,1,"2.56 porcentagem pedal, precisão de 2 casas decimais"
TCELL_24,946688540.4510825,0x19B50803,1,155.00 °C
TCELL_25,946688540.4510825,0x19B50803,1,155.00 °C
TCELL_26,946688540.4510825,0x19B50803,1,155.00 °C
TCELL_27,946688540.4510825,0x19B50803,1,155.00 °C
TCELL_28,946688540.4510825,0x19B50803,1,155.00 °C
TCELL_29,946688540.4510825,0x19B50803,1,155.00 °C
TCELL_30,946688540.4510825,0x19B50803,1,155.00 °C
TCELL_31,946688540.4510825,0x19B50803,1,155.00 °C
APPS_RANGE_ERROR,946688540.5384588,0x18FF1515,1,"FALSE 0 no Error, 1 Error"
SAFETY_OK,946688540.5384588,0x18FF1515,1,"FALSE 0 no Error, 1 Error"
BRAKE,946688540.5384588,0x18FF1515,1,"0 1 noBrake, 2 Brake"
VCU_STATE,946688540.5384588,0x18FF1515,1,0
APS_PERC,946688540.5384588,0x18FF1515,1,"2.56 porcentagem pedal, precisão de 2 casas decimais"
UNDER_VOLTAGE,946688540.5628632,0x19B50007,1,FALSE logic
OVER_VOLTAGE,946688540.5628632,0x19B50007,1,FALSE logic
DISCHARGE_OVER_CURRENT,946688540.5628632,0x19B50007,1,FALSE logic
CHARGE_OVER_CURRENT,946688540.5628632,0x19B50007,1,FALSE logic
CELL_MODULE_OVERHEAT,946688540.5628632,0x19B50007,1,FALSE logic
LEAKAGE,946688540.5628632,0x19B50007,1,FALSE logic
NO_CELL_COMMUNICATION,946688540.5628632,0x19B50007,1,FALSE logic
LOW_VOLTAGE_W,946688540.5628632,0x19B50007,1,FALSE logic
HIGH_CURRENT_W,946688540.5628632,0x19B50007,1,FALSE logic
HIGH_TEMPERATURE_W,946688540.5628632,0x19B50007,1,FALSE logic
CELL_OVERHEAT,946688540.5628632,0x19B50007,1,FALSE logic
NO_CURRENT_SENSOR,946688540.5628632,0x19B50007,1,FALSE logic
PACK_UNDER_VOLTAGE,946688540.5628632,0x19B50007,1,FALSE logic
VALIDITY,946688540.5628632,0x19B50007,1,39 state
APPS_RANGE_ERROR,946688540.6384283,0x18FF1515,1,"FALSE 0 no Error, 1 Error"
SAFETY_OK,946688540.6384283,0x18FF1515,1,"FALSE 0 no Error, 1 Error"
BRAKE,946688540.6384283,0x18FF1515,1,"0 1 noBrake, 2 Brake"
VCU_STATE,946688540.6384283,0x18FF1515,1,0
APS_PERC,946688540.6384283,0x18FF1515,1,"2.56 porcentagem pedal, precisão de 2 casas decimais"
APPS_RANGE_ERROR,946688540.7386976,0x18FF1515,1,"FALSE 0 no Error, 1 Error"
SAFETY_OK,946688540.7386976,0x18FF1515,1,"FALSE 0 no Error, 1 Error"
BRAKE,946688540.7386976,0x18FF1515,1,"0 1 noBrake, 2 Brake"
VCU_STATE,946688540.7386976,0x18FF1515,1,0
APS_PERC,946688540.7386976,0x18FF1515,1,"2.56 porcentagem pedal, precisão de 2 casas decimais"
UNDER_VOLTAGE,946688540.7657453,0x19B50007,1,FALSE logic
OVER_VOLTAGE,946688540.7657453,0x19B50007,1,FALSE logic
DISCHARGE_OVER_CURRENT,946688540.7657453,0x19B50007,1,FALSE logic
CHARGE_OVER_CURRENT,946688540.7657453,0x19B50007,1,FALSE logic
CELL_MODULE_OVERHEAT,946688540.7657453,0x19B50007,1,FALSE logic
LEAKAGE,946688540.7657453,0x19B50007,1,FALSE logic
NO_CELL_COMMUNICATION,946688540.7657453,0x19B50007,1,FALSE logic
LOW_VOLTAGE_W,946688540.7657453,0x19B50007,1,FALSE logic
HIGH_CURRENT_W,946688540.7657453,0x19B50007,1,FALSE logic
HIGH_TEMPERATURE_W,946688540.7657453,0x19B50007,1,FALSE logic
CELL_OVERHEAT,946688540.7657453,0x19B50007,1,FALSE logic
NO_CURRENT_SENSOR,946688540.7657453,0x19B50007,1,FALSE logic
PACK_UNDER_VOLTAGE,946688540.7657453,0x19B50007,1,FALSE logic
VALIDITY,946688540.7657453,0x19B50007,1,39 state
APPS_RANGE_ERROR,946688540.8384384,0x18FF1515,1,"FALSE 0 no Error, 1 Error"
SAFETY_OK,946688540.8384384,0x18FF1515,1,"FALSE 0 no Error, 1 Error"
BRAKE,946688540.8384384,0x18FF1515,1,"0 1 noBrake, 2 Brake"
VCU_STATE,946688540.8384384,0x18FF1515,1,0
APS_PERC,946688540.8384384,0x18FF1515,1,"2.56 porcentagem pedal, precisão de 2 casas decimais"
VCELL_0,946688540.8782997,0x19B50100,1,2.00 V
VCELL_0,946688540.8788427,0x19B50100,1,3.96 V
VCELL_1,946688540.8788427,0x19B50100,1,3.95 V
VCELL_2,946688540.8788427,0x19B50100,1,3.95 V
VCELL_3,946688540.8788427,0x19B50100,1,3.95 V
VCELL_4,946688540.8788427,0x19B50100,1,3.95 V
VCELL_5,946688540.8788427,0x19B50100,1,3.95 V
VCELL_6,946688540.8788427,0x19B50100,1,3.95 V
VCELL_7,946688540.8788427,0x19B50100,1,3.95 V
VCELL_8,946688540.8911606,0x19B50101,1,3.95 V
VCELL_9,946688540.8911606,0x19B50101,1,3.95 V
VCELL_10,946688540.8911606,0x19B50101,1,3.95 V
VCELL_11,946688540.8911606,0x19B50101,1,3.95 V
VCELL_12,946688540.8911606,0x19B50101,1,3.95 V
VCELL_13,946688540.8911606,0x19B50101,1,3.95 V
VCELL_14,946688540.8911606,0x19B50101,1,3.95 V
VCELL_15,946688540.8911606,0x19B50101,1,3.95 V
VCELL_16,946688540.9044181,0x19B50102,1,3.95 V
VCELL_17,946688540.9044181,0x19B50102,1,3.95 V
VCELL_18,946688540.9044181,0x19B50102,1,3.95 V
VCELL_19,946688540.9044181,0x19B50102,1,3.95 V
VCELL_20,946688540.9044181,0x19B50102,1,3.95 V
VCELL_21,946688540.9044181,0x19B50102,1,3.97 V
VCELL_22,946688540.9044181,0x19B50102,1,3.95 V
VCELL_23,946688540.9044181,0x19B50102,1,3.95 V
VCELL_24,946688540.916981,0x19B50103,1,3.95 V
VCELL_25,946688540.916981,0x19B50103,1,3.96 V
VCELL_26,946688540.916981,0x19B50103,1,3.95 V
VCELL_27,946688540.916981,0x19B50103,1,3.95 V
VCELL_28,946688540.916981,0x19B50103,1,3.97 V
VCELL_29,946688540.916981,0x19B50103,1,3.95 V
VCELL_30,946688540.916981,0x19B50103,1,3.95 V
VCELL_31,946688540.916981,0x19B50103,1,3.95 V
VCELL_32,946688540.9293883,0x19B50104,1,3.94 V
VCELL_33,946688540.9293883,0x19B50104,1,3.95 V
VCELL_34,946688540.9293883,0x19B50104,1,3.95 V
VCELL_35,946688540.9293883,0x19B50104,1,3.95 V
VCELL_36,946688540.9293883,0x19B50104,1,3.95 V
VCELL_37,946688540.9293883,0x19B50104,1,3.95 V
VCELL_38,946688540.9293883,0x19B50104,1,3.95 V
VCELL_39,946688540.9293883,0x19B50104,1,3.95 V
APPS_RANGE_ERROR,946688540.9384319,0x18FF1515,1,"FALSE 0 no Error, 1 Error"
SAFETY_OK,946688540.9384319,0x18FF1515,1,"FALSE 0 no Error, 1 Error"
BRAKE,946688540.9384319,0x18FF1515,1,"0 1 noBrake, 2 Brake"
VCU_STATE,946688540.9384319,0x18FF1515,1,0
APS_PERC,946688540.9384319,0x18FF1515,1,"2.56 porcentagem pedal, precisão de 2 casas decimais"
VCELL_40,946688540.9564266,0x19B50105,1,3.95 V
VCELL_41,946688540.9564266,0x19B50105,1,3.95 V
VCELL_42,946688540.9564266,0x19B50105,1,3.95 V
VCELL_43,946688540.9564266,0x19B50105,1,3.95 V
VCELL_44,946688540.9564266,0x19B50105,1,3.95 V
VCELL_45,946688540.9564266,0x19B50105,1,3.95 V
VCELL_46,946688540.9564266,0x19B50105,1,3.95 V
VCELL_47,946688540.9564266,0x19B50105,1,3.95 V
UNDER_VOLTAGE,946688540.9669418,0x19B50007,1,FALSE logic
OVER_VOLTAGE,946688540.9669418,0x19B50007,1,FALSE logic
DISCHARGE_OVER_CURRENT,946688540.9669418,0x19B50007,1,FALSE logic
CHARGE_OVER_CURRENT,946688540.9669418,0x19B50007,1,FALSE logic
CELL_MODULE_OVERHEAT,946688540.9669418,0x19B50007,1,FALSE logic
LEAKAGE,946688540.9669418,0x19B50007,1,FALSE logic
NO_CELL_COMMUNICATION,946688540.9669418,0x19B50007,1,FALSE logic
LOW_VOLTAGE_W,946688540.9669418,0x19B50007,1,FALSE logic
HIGH_CURRENT_W,946688540.9669418,0x19B50007,1,FALSE logic
HIGH_TEMPERATURE_W,946688540.9669418,0x19B50007,1,FALSE logic
CELL_OVERHEAT,946688540.9669418,0x19B50007,1,FALSE logic
NO_CURRENT_SENSOR,946688540.9669418,0x19B50007,1,FALSE logic
PACK_UNDER_VOLTAGE,946688540.9669418,0x19B50007,1,FALSE logic
VALIDITY,946688540.9669418,0x19B50007,1,39 state
VCELL_48,946688540.9810991,0x19B50106,1,3.95 V
VCELL_49,946688540.9810991,0x19B50106,1,3.95 V
VCELL_50,946688540.9810991,0x19B50106,1,3.95 V
VCELL_51,946688540.9810991,0x19B50106,1,3.95 V
VCELL_52,946688540.9810991,0x19B50106,1,3.95 V
VCELL_53,946688540.9810991,0x19B50106,1,3.95 V
VCELL_54,946688540.9810991,0x19B50106,1,3.95 V
VCELL_55,946688540.9810991,0x19B50106,1,3.95 V
VCELL_56,946688540.9948627,0x19B50107,1,3.95 V
VCELL_57,946688540.9948627,0x19B50107,1,3.95 V
VCELL_58,946688540.9948627,0x19B50107,1,3.95 V
VCELL_59,946688540.9948627,0x19B50107,1,3.95 V
VCELL_60,946688540.9948627,0x19B50107,1,3.95 V
VCELL_61,946688540.9948627,0x19B50107,1,3.95 V
VCELL_62,946688540.9948627,0x19B50107,1,3.95 V
VCELL_63,946688540.9948627,0x19B50107,1,3.95 V
VCELL_64,946688541.0073708,0x19B50108,1,3.92 V
VCELL_65,946688541.0073708,0x19B50108,1,3.94 V
VCELL_66,946688541.0073708,0x19B50108,1,3.95 V
VCELL_67,946688541.0073708,0x19B50108,1,3.95 V
VCELL_68,946688541.0073708,0x19B50108,1,3.96 V
VCELL_69,946688541.0073708,0x19B50108,1,3.96 V
VCELL_70,946688541.0073708,0x19B50108,1,3.94 V
VCELL_71,946688541.0073708,0x19B50108,1,3.95 V
VCELL_72,946688541.0196396,0x19B50109,1,3.97 V
VCELL_73,946688541.0196396,0x19B50109,1,3.95 V
VCELL_74,946688541.0196396,0x19B50109,1,3.95 V
VCELL_75,946688541.0196396,0x19B50109,1,3.96 V
VCELL_76,946688541.0196396,0x19B50109,1,3.94 V
VCELL_77,946688541.0196396,0x19B50109,1,3.95 V
VCELL_78,946688541.0196396,0x19B50109,1,3.95 V
VCELL_79,946688541.0196396,0x19B50109,1,3.95 V
APPS_RANGE_ERROR,946688541.0384301,0x18FF1515,1,"FALSE 0 no Error, 1 Error"
SAFETY_OK,946688541.0384301,0x18FF1515,1,"FALSE 0 no Error, 1 Error"
BRAKE,946688541.0384301,0x18FF1515,1,"0 1 noBrake, 2 Brake"
VCU_STATE,946688541.0384301,0x18FF1515,1,0
APS_PERC,946688541.0384301,0x18FF1515,1,"2.56 porcentagem pedal, precisão de 2 casas decimais"
VCELL_80,946688541.0431684,0x19B5010A,1,3.95 V
VCELL_81,946688541.0431684,0x19B5010A,1,3.95 V
VCELL_82,946688541.0431684,0x19B5010A,1,3.95 V
VCELL_83,946688541.0431684,0x19B5010A,1,3.95 V
VCELL_84,946688541.0431684,0x19B5010A,1,3.95 V
VCELL_85,946688541.0431684,0x19B5010A,1,3.95 V
VCELL_86,946688541.0431684,0x19B5010A,1,3.95 V
VCELL_87,946688541.0431684,0x19B5010A,1,3.95 V
VCELL_88,946688541.0583163,0x19B5010B,1,3.95 V
VCELL_89,946688541.0583163,0x19B5010B,1,3.95 V
VCELL_90,946688541.0583163,0x19B5010B,1,3.95 V
VCELL_91,946688541.0583163,0x19B5010B,1,3.98 V
VCELL_92,946688541.0583163,0x19B5010B,1,3.97 V
VCELL_93,946688541.0583163,0x19B5010B,1,3.95 V
VCELL_94,946688541.0583163,0x19B5010B,1,3.95 V
VCELL_95,946688541.0583163,0x19B5010B,1,3.95 V
APPS_RANGE_ERROR,946688541.1384289,0x18FF1515,1,"FALSE 0 no Error, 1 Error"
SAFETY_OK,946688541.1384289,0x18FF1515,1,"FALSE 0 no Error, 1 Error"
BRAKE,946688541.1384289,0x18FF1515,1,"0 1 noBrake, 2 Brake"
VCU_STATE,946688541.1384289,0x18FF1515,1,0
APS_PERC,946688541.1384289,0x18FF1515,1,"2.56 porcentagem pedal, precisão de 2 casas decimais"
UNDER_VOLTAGE,946688541.1605512,0x19B50007,1,FALSE logic
OVER_VOLTAGE,946688541.1605512,0x19B50007,1,FALSE logic
DISCHARGE_OVER_CURRENT,946688541.1605512,0x19B50007,1,FALSE logic
CHARGE_OVER_CURRENT,946688541.1605512,0x19B50007,1,FALSE logic
CELL_MODULE_OVERHEAT,946688541.1605512,0x19B50007,1,FALSE logic
LEAKAGE,946688541.1605512,0x19B50007,1,FALSE logic
NO_CELL_COMMUNICATION,946688541.1605512,0x19B50007,1,FALSE logic
LOW_VOLTAGE_W,946688541.1605512,0x19B50007,1,FALSE logic
HIGH_CURRENT_W,946688541.1605512,0x19B50007,1,FALSE logic
HIGH_TEMPERATURE_W,946688541.1605512,0x19B50007,1,FALSE logic
CELL_OVERHEAT,946688541.1605512,0x19B50007,1,FALSE logic
NO_CURRENT_SENSOR,946688541.1605512,0x19B50007,1,FALSE logic
PACK_UNDER_VOLTAGE,946688541.1605512,0x19B50007,1,FALSE logic
VALIDITY,946688541.1605512,0x19B50007,1,39 state
APPS_RANGE_ERROR,946688541.2384242,0x18FF1515,1,"FALSE 0 no Error, 1 Error"
SAFETY_OK,946688541.2384242,0x18FF1515,1,"FALSE 0 no Error, 1 Error"
BRAKE,946688541.2384242,0x18FF1515,1,"0 1 noBrake, 2 Brake"
VCU_STATE,946688541.2384242,0x18FF1515,1,0
APS_PERC,946688541.2384242,0x18FF1515,1,"2.56 porcentagem pedal, precisão de 2 casas decimais"
APPS_RANGE_ERROR,946688541.338425,0x18FF1515,1,"FALSE 0 no Error, 1 Error"
SAFETY_OK,946688541.338425,0x18FF1515,1,"FALSE 0 no Error, 1 Error"
BRAKE,946688541.338425,0x18FF1515,1,"0 1 noBrake, 2 Brake"
VCU_STATE,946688541.338425,0x18FF1515,1,0
APS_PERC,946688541.338425,0x18FF1515,1,"2.56 porcentagem pedal, precisão de 2 casas decimais"
UNDER_VOLTAGE,946688541.3662156,0x19B50007,1,FALSE logic
OVER_VOLTAGE,946688541.3662156,0x19B50007,1,FALSE logic
DISCHARGE_OVER_CURRENT,946688541.3662156,0x19B50007,1,FALSE logic
CHARGE_OVER_CURRENT,946688541.3662156,0x19B50007,1,FALSE logic
CELL_MODULE_OVERHEAT,946688541.3662156,0x19B50007,1,FALSE logic
LEAKAGE,946688541.3662156,0x19B50007,1,FALSE logic
NO_CELL_COMMUNICATION,946688541.3662156,0x19B50007,1,FALSE logic
LOW_VOLTAGE_W,946688541.3662156,0x19B50007,1,FALSE logic
HIGH_CURRENT_W,946688541.3662156,0x19B50007,1,FALSE logic
HIGH_TEMPERATURE_W,946688541.3662156,0x19B50007,1,FALSE logic
CELL_OVERHEAT,946688541.3662156,0x19B50007,1,FALSE logic
NO_CURRENT_SENSOR,946688541.3662156,0x19B50007,1,FALSE logic
PACK_UNDER_VOLTAGE,946688541.3662156,0x19B50007,1,FALSE logic
VALIDITY,946688541.3662156,0x19B50007,1,39 state
APPS_RANGE_ERROR,946688541.4384224,0x18FF1515,1,"FALSE 0 no Error, 1 Error"
SAFETY_OK,946688541.4384224,0x18FF1515,1,"FALSE 0 no Error, 1 Error"
BRAKE,946688541.4384224,0x18FF1515,1,"0 1 noBrake, 2 Brake"
VCU_STATE,946688541.4384224,0x18FF1515,1,0
APS_PERC,946688541.4384224,0x18FF1515,1,"2.56 porcentagem pedal, precisão de 2 casas decimais"
APPS_RANGE_ERROR,946688541.5384265,0x18FF1515,1,"FALSE 0 no Error, 1 Error"
SAFETY_OK,946688541.5384265,0x18FF1515,1,"FALSE 0 no Error, 1 Error"
BRAKE,946688541.5384265,0x18FF1515,1,"0 1 noBrake, 2 Brake"
VCU_STATE,946688541.5384265,0x18FF1515,1,0
APS_PERC,946688541.5384265,0x18FF1515,1,"2.56 porcentagem pedal, precisão de 2 casas decimais"
UNDER_VOLTAGE,946688541.5599067,0x19B50007,1,FALSE logic
OVER_VOLTAGE,946688541.5599067,0x19B50007,1,FALSE logic
DISCHARGE_OVER_CURRENT,946688541.5599067,0x19B50007,1,FALSE logic
CHARGE_OVER_CURRENT,946688541.5599067,0x19B50007,1,FALSE logic
CELL_MODULE_OVERHEAT,946688541.5599067,0x19B50007,1,FALSE logic
LEAKAGE,946688541.5599067,0x19B50007,1,FALSE logic
NO_CELL_COMMUNICATION,946688541.5599067,0x19B50007,1,FALSE logic
LOW_VOLTAGE_W,946688541.5599067,0x19B50007,1,FALSE logic
HIGH_CURRENT_W,946688541.5599067,0x19B50007,1,FALSE logic
HIGH_TEMPERATURE_W,946688541.5599067,0x19B50007,1,FALSE logic
CELL_OVERHEAT,946688541.5599067,0x19B50007,1,FALSE logic
NO_CURRENT_SENSOR,946688541.5599067,0x19B50007,1,FALSE logic
PACK_UNDER_VOLTAGE,946688541.5599067,0x19B50007,1,FALSE logic
VALIDITY,946688541.5599067,0x19B50007,1,39 state
APPS_RANGE_ERROR,946688541.6384244,0x18FF1515,1,"FALSE 0 no Error, 1 Error"
SAFETY_OK,946688541.6384244,0x18FF1515,1,"FALSE 0 no Error, 1 Error"
BRAKE,946688541.6384244,0x18FF1515,1,"0 1 noBrake, 2 Brake"
VCU_STATE,946688541.6384244,0x18FF1515,1,0
APS_PERC,946688541.6384244,0x18FF1515,1,"2.56 porcentagem pedal, precisão de 2 casas decimais"
APPS_RANGE_ERROR,946688541.73842,0x18FF1515,1,"FALSE 0 no Error, 1 Error"
SAFETY_OK,946688541.73842,0x18FF1515,1,"FALSE 0 no Error, 1 Error"
BRAKE,946688541.73842,0x18FF1515,1,"0 1 noBrake, 2 Brake"
VCU_STATE,946688541.73842,0x18FF1515,1,0
APS_PERC,946688541.73842,0x18FF1515,1,"2.56 porcentagem pedal, precisão de 2 casas decimais"
UNDER_VOLTAGE,946688541.7671763,0x19B50007,1,FALSE logic
OVER_VOLTAGE,946688541.7671763,0x19B50007,1,FALSE logic
DISCHARGE_OVER_CURRENT,946688541.7671763,0x19B50007,1,FALSE logic
CHARGE_OVER_CURRENT,946688541.7671763,0x19B50007,1,FALSE logic
CELL_MODULE_OVERHEAT,946688541.7671763,0x19B50007,1,FALSE logic
LEAKAGE,946688541.7671763,0x19B50007,1,FALSE logic
NO_CELL_COMMUNICATION,946688541.7671763,0x19B50007,1,FALSE logic
LOW_VOLTAGE_W,946688541.7671763,0x19B50007,1,FALSE logic
HIGH_CURRENT_W,946688541.7671763,0x19B50007,1,FALSE logic
HIGH_TEMPERATURE_W,946688541.7671763,0x19B50007,1,FALSE logic
CELL_OVERHEAT,946688541.7671763,0x19B50007,1,FALSE logic
NO_CURRENT_SENSOR,946688541.7671763,0x19B50007,1,FALSE logic
PACK_UNDER_VOLTAGE,946688541.7671763,0x19B50007,1,FALSE logic
VALIDITY,946688541.7671763,0x19B50007,1,39 state
APPS_RANGE_ERROR,946688541.8384222,0x18FF1515,1,"FALSE 0 no Error, 1 Error"
SAFETY_OK,946688541.8384222,0x18FF1515,1,"FALSE 0 no Error, 1 Error"
BRAKE,946688541.8384222,0x18FF1515,1,"0 1 noBrake, 2 Brake"
VCU_STATE,946688541.8384222,0x18FF1515,1,0
APS_PERC,946688541.8384222,0x18FF1515,1,"2.56 porcentagem pedal, precisão de 2 casas decimais"
APPS_RANGE_ERROR,946688541.9384187,0x18FF1515,1,"FALSE 0 no Error, 1 Error"
SAFETY_OK,946688541.9384187,0x18FF1515,1,"FALSE 0 no Error, 1 Error"
BRAKE,946688541.9384187,0x18FF1515,1,"0 1 noBrake, 2 Brake"
VCU_STATE,946688541.9384187,0x18FF1515,1,0
APS_PERC,946688541.9384187,0x18FF1515,1,"2.56 porcentagem pedal, precisão de 2 casas decimais"
UNDER_VOLTAGE,946688541.9720103,0x19B50007,1,FALSE logic
OVER_VOLTAGE,946688541.9720103,0x19B50007,1,FALSE logic
DISCHARGE_OVER_CURRENT,946688541.9720103,0x19B50007,1,FALSE logic
CHARGE_OVER_CURRENT,946688541.9720103,0x19B50007,1,FALSE logic
CELL_MODULE_OVERHEAT,946688541.9720103,0x19B50007,1,FALSE logic
LEAKAGE,946688541.9720103,0x19B50007,1,FALSE logic
NO_CELL_COMMUNICATION,946688541.9720103,0x19B50007,1,FALSE logic
LOW_VOLTAGE_W,946688541.9720103,0x19B50007,1,FALSE logic
HIGH_CURRENT_W,946688541.9720103,0x19B50007,1,FALSE logic
HIGH_TEMPERATURE_W,946688541.9720103,0x19B50007,1,FALSE logic
CELL_OVERHEAT,946688541.9720103,0x19B50007,1,FALSE logic
NO_CURRENT_SENSOR,946688541.9720103,0x19B50007,1,FALSE logic
PACK_UNDER_VOLTAGE,946688541.9720103,0x19B50007,1,FALSE logic
VALIDITY,946688541.9720103,0x19B50007,1,39 state
APPS_RANGE_ERROR,946688542.0384218,0x18FF1515,1,"FALSE 0 no Error, 1 Error"
SAFETY_OK,946688542.0384218,0x18FF1515,1,"FALSE 0 no Error, 1 Error"
BRAKE,946688542.0384218,0x18FF1515,1,"0 1 noBrake, 2 Brake"
VCU_STATE,946688542.0384218,0x18FF1515,1,0
APS_PERC,946688542.0384218,0x18FF1515,1,"2.56 porcentagem pedal, precisão de 2 casas decimais"
APPS_RANGE_ERROR,946688542.138418,0x18FF1515,1,"FALSE 0 no Error, 1 Error"
SAFETY_OK,946688542.138418,0x18FF1515,1,"FALSE 0 no Error, 1 Error"
BRAKE,946688542.138418,0x18FF1515,1,"0 1 noBrake, 2 Brake"
VCU_STATE,946688542.138418,0x18FF1515,1,0
APS_PERC,946688542.138418,0x18FF1515,1,"2.56 porcentagem pedal, precisão de 2 casas decimais"
UNDER_VOLTAGE,946688542.1623874,0x19B50007,1,FALSE logic
OVER_VOLTAGE,946688542.1623874,0x19B50007,1,FALSE logic
DISCHARGE_OVER_CURRENT,946688542.1623874,0x19B50007,1,FALSE logic
CHARGE_OVER_CURRENT,946688542.1623874,0x19B50007,1,FALSE logic
CELL_MODULE_OVERHEAT,946688542.1623874,0x19B50007,1,FALSE logic
LEAKAGE,946688542.1623874,0x19B50007,1,FALSE logic
NO_CELL_COMMUNICATION,946688542.1623874,0x19B50007,1,FALSE logic
LOW_VOLTAGE_W,946688542.1623874,0x19B50007,1,FALSE logic
HIGH_CURRENT_W,946688542.1623874,0x19B50007,1,FALSE logic
HIGH_TEMPERATURE_W,946688542.1623874,0x19B50007,1,FALSE logic
CELL_OVERHEAT,946688542.1623874,0x19B50007,1,FALSE logic
NO_CURRENT_SENSOR,946688542.1623874,0x19B50007,1,FALSE logic
PACK_UNDER_VOLTAGE,946688542.1623874,0x19B50007,1,FALSE logic
VALIDITY,946688542.1623874,0x19B50007,1,39 state
APPS_RANGE_ERROR,946688542.2384247,0x18FF1515,1,"FALSE 0 no Error, 1 Error"
SAFETY_OK,946688542.2384247,0x18FF1515,1,"FALSE 0 no Error, 1 Error"
BRAKE,946688542.2384247,0x18FF1515,1,"0 1 noBrake, 2 Brake"
VCU_STATE,946688542.2384247,0x18FF1515,1,0
APS_PERC,946688542.2384247,0x18FF1515,1,"2.56 porcentagem pedal, precisão de 2 casas decimais"
APPS_RANGE_ERROR,946688542.3384199,0x18FF1515,1,"FALSE 0 no Error, 1 Error"
SAFETY_OK,946688542.3384199,0x18FF1515,1,"FALSE 0 no Error, 1 Error"
BRAKE,946688542.3384199,0x18FF1515,1,"0 1 noBrake, 2 Brake"
VCU_STATE,946688542.3384199,0x18FF1515,1,0
APS_PERC,946688542.3384199,0x18FF1515,1,"2.56 porcentagem pedal, precisão de 2 casas decimais"
UNDER_VOLTAGE,946688542.3608159,0x19B50007,1,FALSE logic
OVER_VOLTAGE,946688542.3608159,0x19B50007,1,FALSE logic
DISCHARGE_OVER_CURRENT,946688542.3608159,0x19B50007,1,FALSE logic
CHARGE_OVER_CURRENT,946688542.3608159,0x19B50007,1,FALSE logic
CELL_MODULE_OVERHEAT,946688542.3608159,0x19B50007,1,FALSE logic
LEAKAGE,946688542.3608159,0x19B50007,1,FALSE logic
NO_CELL_COMMUNICATION,946688542.3608159,0x19B50007,1,FALSE logic
LOW_VOLTAGE_W,946688542.3608159,0x19B50007,1,FALSE logic
HIGH_CURRENT_W,946688542.3608159,0x19B50007,1,FALSE logic
HIGH_TEMPERATURE_W,946688542.3608159,0x19B50007,1,FALSE logic
CELL_OVERHEAT,946688542.3608159,0x19B50007,1,FALSE logic
NO_CURRENT_SENSOR,946688542.3608159,0x19B50007,1,FALSE logic
PACK_UNDER_VOLTAGE,946688542.3608159,0x19B50007,1,FALSE logic
VALIDITY,946688542.3608159,0x19B50007,1,39 state
APPS_RANGE_ERROR,946688542.4384178,0x18FF1515,1,"FALSE 0 no Error, 1 Error"
SAFETY_OK,946688542.4384178,0x18FF1515,1,"FALSE 0 no Error, 1 Error"
BRAKE,946688542.4384178,0x18FF1515,1,"0 1 noBrake, 2 Brake"
VCU_STATE,946688542.4384178,0x18FF1515,1,0
APS_PERC,946688542.4384178,0x18FF1515,1,"2.56 porcentagem pedal, precisão de 2 casas decimais"
APPS_RANGE_ERROR,946688542.5384166,0x18FF1515,1,"FALSE 0 no Error, 1 Error"
SAFETY_OK,946688542.5384166,0x18FF1515,1,"FALSE 0 no Error, 1 Error"
BRAKE,946688542.5384166,0x18FF1515,1,"0 1 noBrake, 2 Brake"
VCU_STATE,946688542.5384166,0x18FF1515,1,0
APS_PERC,946688542.5384166,0x18FF1515,1,"2.56 porcentagem pedal, precisão de 2 casas decimais"
UNDER_VOLTAGE,946688542.5602021,0x19B50007,1,FALSE logic
OVER_VOLTAGE,946688542.5602021,0x19B50007,1,FALSE logic
DISCHARGE_OVER_CURRENT,946688542.5602021,0x19B50007,1,FALSE logic
CHARGE_OVER_CURRENT,946688542.5602021,0x19B50007,1,FALSE logic
CELL_MODULE_OVERHEAT,946688542.5602021,0x19B50007,1,FALSE logic
LEAKAGE,946688542.5602021,0x19B50007,1,FALSE logic
NO_CELL_COMMUNICATION,946688542.5602021,0x19B50007,1,FALSE logic
LOW_VOLTAGE_W,946688542.5602021,0x19B50007,1,FALSE logic
HIGH_CURRENT_W,946688542.5602021,0x19B50007,1,FALSE logic
HIGH_TEMPERATURE_W,946688542.5602021,0x19B50007,1,FALSE logic
CELL_OVERHEAT,946688542.5602021,0x19B50007,1,FALSE logic
NO_CURRENT_SENSOR,946688542.5602021,0x19B50007,1,FALSE logic
PACK_UNDER_VOLTAGE,946688542.5602021,0x19B50007,1,FALSE logic
VALIDITY,946688542.5602021,0x19B50007,1,39 state
APPS_RANGE_ERROR,946688542.6384218,0x18FF1515,1,"FALSE 0 no Error, 1 Error"
SAFETY_OK,946688542.6384218,0x18FF1515,1,"FALSE 0 no Error, 1 Error"
BRAKE,946688542.6384218,0x18FF1515,1,"0 1 noBrake, 2 Brake"
VCU_STATE,946688542.6384218,0x18FF1515,1,0
APS_PERC,946688542.6384218,0x18FF1515,1,"2.56 porcentagem pedal, precisão de 2 casas decimais"
APPS_RANGE_ERROR,946688542.7384193,0x18FF1515,1,"FALSE 0 no Error, 1 Error"
SAFETY_OK,946688542.7384193,0x18FF1515,1,"FALSE 0 no Error, 1 Error"
BRAKE,946688542.7384193,0x18FF1515,1,"0 1 noBrake, 2 Brake"
VCU_STATE,946688542.7384193,0x18FF1515,1,0
APS_PERC,946688542.7384193,0x18FF1515,1,"2.56 porcentagem pedal, precisão de 2 casas decimais"
UNDER_VOLTAGE,946688542.7596748,0x19B50007,1,FALSE logic
OVER_VOLTAGE,946688542.7596748,0x19B50007,1,FALSE logic
DISCHARGE_OVER_CURRENT,946688542.7596748,0x19B50007,1,FALSE logic
CHARGE_OVER_CURRENT,946688542.7596748,0x19B50007,1,FALSE logic
CELL_MODULE_OVERHEAT,946688542.7596748,0x19B50007,1,FALSE logic
LEAKAGE,946688542.7596748,0x19B50007,1,FALSE logic
NO_CELL_COMMUNICATION,946688542.7596748,0x19B50007,1,FALSE logic
LOW_VOLTAGE_W,946688542.7596748,0x19B50007,1,FALSE logic
HIGH_CURRENT_W,946688542.7596748,0x19B50007,1,FALSE logic
HIGH_TEMPERATURE_W,946688542.7596748,0x19B50007,1,FALSE logic
CELL_OVERHEAT,946688542.7596748,0x19B50007,1,FALSE logic
NO_CURRENT_SENSOR,946688542.7596748,0x19B50007,1,FALSE logic
PACK_UNDER_VOLTAGE,946688542.7596748,0x19B50007,1,FALSE logic
VALIDITY,946688542.7596748,0x19B50007,1,39 state
APPS_RANGE_ERROR,946688542.8384107,0x18FF1515,1,"FALSE 0 no Error, 1 Error"
SAFETY_OK,946688542.8384107,0x18FF1515,1,"FALSE 0 no Error, 1 Error"
BRAKE,946688542.8384107,0x18FF1515,1,"0 1 noBrake, 2 Brake"
VCU_STATE,946688542.8384107,0x18FF1515,1,0
APS_PERC,946688542.8384107,0x18FF1515,1,"2.56 porcentagem pedal, precisão de 2 casas decimais"
APPS_RANGE_ERROR,946688542.9384127,0x18FF1515,1,"FALSE 0 no Error, 1 Error"
SAFETY_OK,946688542.9384127,0x18FF1515,1,"FALSE 0 no Error, 1 Error"
BRAKE,946688542.9384127,0x18FF1515,1,"0 1 noBrake, 2 Brake"
VCU_STATE,946688542.9384127,0x18FF1515,1,0
APS_PERC,946688542.9384127,0x18FF1515,1,"2.56 porcentagem pedal, precisão de 2 casas decimais"
UNDER_VOLTAGE,946688542.9590216,0x19B50007,1,FALSE logic
OVER_VOLTAGE,946688542.9590216,0x19B50007,1,FALSE logic
DISCHARGE_OVER_CURRENT,946688542.9590216,0x19B50007,1,FALSE logic
CHARGE_OVER_CURRENT,946688542.9590216,0x19B50007,1,FALSE logic
CELL_MODULE_OVERHEAT,946688542.9590216,0x19B50007,1,FALSE logic
LEAKAGE,946688542.9590216,0x19B50007,1,FALSE logic
NO_CELL_COMMUNICATION,946688542.9590216,0x19B50007,1,FALSE logic
LOW_VOLTAGE_W,946688542.9590216,0x19B50007,1,FALSE logic
HIGH_CURRENT_W,946688542.9590216,0x19B50007,1,FALSE logic
HIGH_TEMPERATURE_W,946688542.9590216,0x19B50007,1,FALSE logic
CELL_OVERHEAT,946688542.9590216,0x19B50007,1,FALSE logic
NO_CURRENT_SENSOR,946688542.9590216,0x19B50007,1,FALSE logic
PACK_UNDER_VOLTAGE,946688542.9590216,0x19B50007,1,FALSE logic
VALIDITY,946688542.9590216,0x19B50007,1,39 state
APPS_RANGE_ERROR,946688543.0384109,0x18FF1515,1,"FALSE 0 no Error, 1 Error"
SAFETY_OK,946688543.0384109,0x18FF1515,1,"FALSE 0 no Error, 1 Error"
BRAKE,946688543.0384109,0x18FF1515,1,"0 1 noBrake, 2 Brake"
VCU_STATE,946688543.0384109,0x18FF1515,1,0
APS_PERC,946688543.0384109,0x18FF1515,1,"2.56 porcentagem pedal, precisão de 2 casas decimais"
APPS_RANGE_ERROR,946688543.1384103,0x18FF1515,1,"FALSE 0 no Error, 1 Error"
SAFETY_OK,946688543.1384103,0x18FF1515,1,"FALSE 0 no Error, 1 Error"
BRAKE,946688543.1384103,0x18FF1515,1,"0 1 noBrake, 2 Brake"
VCU_STATE,946688543.1384103,0x18FF1515,1,0
APS_PERC,946688543.1384103,0x18FF1515,1,"2.56 porcentagem pedal, precisão de 2 casas decimais"
UNDER_VOLTAGE,946688543.1595833,0x19B50007,1,FALSE logic
OVER_VOLTAGE,946688543.1595833,0x19B50007,1,FALSE logic
DISCHARGE_OVER_CURRENT,946688543.1595833,0x19B50007,1,FALSE logic
CHARGE_OVER_CURRENT,946688543.1595833,0x19B50007,1,FALSE logic
CELL_MODULE_OVERHEAT,946688543.1595833,0x19B50007,1,FALSE logic
LEAKAGE,946688543.1595833,0x19B50007,1,FALSE logic
NO_CELL_COMMUNICATION,946688543.1595833,0x19B50007,1,FALSE logic
LOW_VOLTAGE_W,946688543.1595833,0x19B50007,1,FALSE logic
HIGH_CURRENT_W,946688543.1595833,0x19B50007,1,FALSE logic
HIGH_TEMPERATURE_W,946688543.1595833,0x19B50007,1,FALSE logic
CELL_OVERHEAT,946688543.1595833,0x19B50007,1,FALSE logic
NO_CURRENT_SENSOR,946688543.1595833,0x19B50007,1,FALSE logic
PACK_UNDER_VOLTAGE,946688543.1595833,0x19B50007,1,FALSE logic
VALIDITY,946688543.1595833,0x19B50007,1,39 state
APPS_RANGE_ERROR,946688543.2384388,0x18FF1515,1,"FALSE 0 no Error, 1 Error"
SAFETY_OK,946688543.2384388,0x18FF1515,1,"FALSE 0 no Error, 1 Error"
BRAKE,946688543.2384388,0x18FF1515,1,"0 1 noBrake, 2 Brake"
VCU_STATE,946688543.2384388,0x18FF1515,1,0
APS_PERC,946688543.2384388,0x18FF1515,1,"2.56 porcentagem pedal, precisão de 2 casas decimais"
APPS_RANGE_ERROR,946688543.3384092,0x18FF1515,1,"FALSE 0 no Error, 1 Error"
SAFETY_OK,946688543.3384092,0x18FF1515,1,"FALSE 0 no Error, 1 Error"
BRAKE,946688543.3384092,0x18FF1515,1,"0 1 noBrake, 2 Brake"
VCU_STATE,946688543.3384092,0x18FF1515,1,0
APS_PERC,946688543.3384092,0x18FF1515,1,"2.56 porcentagem pedal, precisão de 2 casas decimais"
UNDER_VOLTAGE,946688543.3631388,0x19B50007,1,FALSE logic
OVER_VOLTAGE,946688543.3631388,0x19B50007,1,FALSE logic
DISCHARGE_OVER_CURRENT,946688543.3631388,0x19B50007,1,FALSE logic
CHARGE_OVER_CURRENT,946688543.3631388,0x19B50007,1,FALSE logic
CELL_MODULE_OVERHEAT,946688543.3631388,0x19B50007,1,FALSE logic
LEAKAGE,946688543.3631388,0x19B50007,1,FALSE logic
NO_CELL_COMMUNICATION,946688543.3631388,0x19B50007,1,FALSE logic
LOW_VOLTAGE_W,946688543.3631388,0x19B50007,1,FALSE logic
HIGH_CURRENT_W,946688543.3631388,0x19B50007,1,FALSE logic
HIGH_TEMPERATURE_W,946688543.3631388,0x19B50007,1,FALSE logic
CELL_OVERHEAT,946688543.3631388,0x19B50007,1,FALSE logic
NO_CURRENT_SENSOR,946688543.3631388,0x19B50007,1,FALSE logic
PACK_UNDER_VOLTAGE,946688543.3631388,0x19B50007,1,FALSE logic
VALIDITY,946688543.3631388,0x19B50007,1,39 state
APPS_RANGE_ERROR,946688543.4384058,0x18FF1515,1,"FALSE 0 no Error, 1 Error"
SAFETY_OK,946688543.4384058,0x18FF1515,1,"FALSE 0 no Error, 1 Error"
BRAKE,946688543.4384058,0x18FF1515,1,"0 1 noBrake, 2 Brake"
VCU_STATE,946688543.4384058,0x18FF1515,1,0
APS_PERC,946688543.4384058,0x18FF1515,1,"2.56 porcentagem pedal, precisão de 2 casas decimais"
TCELL_0,946688543.5314713,0x19B50800,1,-100.00 °C
TCELL_0,946688543.5320575,0x19B50800,1,28.00 °C
TCELL_1,946688543.5320575,0x19B50800,1,28.00 °C
TCELL_2,946688543.5320575,0x19B50800,1,28.00 °C
TCELL_3,946688543.5320575,0x19B50800,1,28.00 °C
TCELL_4,946688543.5320575,0x19B50800,1,28.00 °C
TCELL_5,946688543.5320575,0x19B50800,1,155.00 °C
TCELL_6,946688543.5320575,0x19B50800,1,155.00 °C
TCELL_7,946688543.5320575,0x19B50800,1,155.00 °C
APPS_RANGE_ERROR,946688543.538421,0x18FF1515,1,"FALSE 0 no Error, 1 Error"
SAFETY_OK,946688543.538421,0x18FF1515,1,"FALSE 0 no Error, 1 Error"
BRAKE,946688543.538421,0x18FF1515,1,"0 1 noBrake, 2 Brake"
VCU_STATE,946688543.538421,0x18FF1515,1,0
APS_PERC,946688543.538421,0x18FF1515,1,"2.56 porcentagem pedal, precisão de 2 casas decimais"
TCELL_8,946688543.546631,0x19B50801,1,155.00 °C
TCELL_9,946688543.546631,0x19B50801,1,155.00 °C
TCELL_10,946688543.546631,0x19B50801,1,155.00 °C
TCELL_11,946688543.546631,0x19B50801,1,155.00 °C
TCELL_12,946688543.546631,0x19B50801,1,155.00 °C
TCELL_13,946688543.546631,0x19B50801,1,155.00 °C
TCELL_14,946688543.546631,0x19B50801,1,155.00 °C
TCELL_15,946688543.546631,0x19B50801,1,155.00 °C
UNDER_VOLTAGE,946688543.5592864,0x19B50007,1,FALSE logic
OVER_VOLTAGE,946688543.5592864,0x19B50007,1,FALSE logic
DISCHARGE_OVER_CURRENT,946688543.5592864,0x19B50007,1,FALSE logic
CHARGE_OVER_CURRENT,946688543.5592864,0x19B50007,1,FALSE logic
CELL_MODULE_OVERHEAT,946688543.5592864,0x19B50007,1,FALSE logic
LEAKAGE,946688543.5592864,0x19B50007,1,FALSE logic
NO_CELL_COMMUNICATION,946688543.5592864,0x19B50007,1,FALSE logic
LOW_VOLTAGE_W,946688543.5592864,0x19B50007,1,FALSE logic
HIGH_CURRENT_W,946688543.5592864,0x19B50007,1,FALSE logic
HIGH_TEMPERATURE_W,946688543.5592864,0x19B50007,1,FALSE logic
CELL_OVERHEAT,946688543.5592864,0x19B50007,1,FALSE logic
NO_CURRENT_SENSOR,946688543.5592864,0x19B50007,1,FALSE logic
PACK_UNDER_VOLTAGE,946688543.5592864,0x19B50007,1,FALSE logic
VALIDITY,946688543.5592864,0x19B50007,1,39 state
TCELL_16,946688543.5767257,0x19B50802,1,28.00 °C
TCELL_17,946688543.5767257,0x19B50802,1,28.00 °C
TCELL_18,946688543.5767257,0x19B50802,1,28.00 °C
TCELL_19,946688543.5767257,0x19B50802,1,29.00 °C
TCELL_20,946688543.5767257,0x19B50802,1,28.00 °C
TCELL_21,946688543.5767257,0x19B50802,1,155.00 °C
TCELL_22,946688543.5767257,0x19B50802,1,155.00 °C
TCELL_23,946688543.5767257,0x19B50802,1,155.00 °C
TCELL_24,946688543.6128129,0x19B50803,1,155.00 °C
TCELL_25,946688543.6128129,0x19B50803,1,155.00 °C
TCELL_26,946688543.6128129,0x19B50803,1,155.00 °C
TCELL_27,946688543.6128129,0x19B50803,1,155.00 °C
TCELL_28,946688543.6128129,0x19B50803,1,155.00 °C
TCELL_29,946688543.6128129,0x19B50803,1,155.00 °C
TCELL_30,946688543.6128129,0x19B50803,1,155.00 °C
TCELL_31,946688543.6128129,0x19B50803,1,155.00 °C
APPS_RANGE_ERROR,946688543.6384379,0x18FF1515,1,"FALSE 0 no Error, 1 Error"
SAFETY_OK,946688543.6384379,0x18FF1515,1,"FALSE 0 no Error, 1 Error"
BRAKE,946688543.6384379,0x18FF1515,1,"0 1 noBrake, 2 Brake"
VCU_STATE,946688543.6384379,0x18FF1515,1,0
APS_PERC,946688543.6384379,0x18FF1515,1,"2.56 porcentagem pedal, precisão de 2 casas decimais"
APPS_RANGE_ERROR,946688543.7384077,0x18FF1515,1,"FALSE 0 no Error, 1 Error"
SAFETY_OK,946688543.7384077,0x18FF1515,1,"FALSE 0 no Error, 1 Error"
BRAKE,946688543.7384077,0x18FF1515,1,"0 1 noBrake, 2 Brake"
VCU_STATE,946688543.7384077,0x18FF1515,1,0
APS_PERC,946688543.7384077,0x18FF1515,1,"2.56 porcentagem pedal, precisão de 2 casas decimais"
UNDER_VOLTAGE,946688543.7565786,0x19B50007,1,FALSE logic
OVER_VOLTAGE,946688543.7565786,0x19B50007,1,FALSE logic
DISCHARGE_OVER_CURRENT,946688543.7565786,0x19B50007,1,FALSE logic
CHARGE_OVER_CURRENT,946688543.7565786,0x19B50007,1,FALSE logic
CELL_MODULE_OVERHEAT,946688543.7565786,0x19B50007,1,FALSE logic
LEAKAGE,946688543.7565786,0x19B50007,1,FALSE logic
NO_CELL_COMMUNICATION,946688543.7565786,0x19B50007,1,FALSE logic
LOW_VOLTAGE_W,946688543.7565786,0x19B50007,1,FALSE logic
HIGH_CURRENT_W,946688543.7565786,0x19B50007,1,FALSE logic
HIGH_TEMPERATURE_W,946688543.7565786,0x19B50007,1,FALSE logic
CELL_OVERHEAT,946688543.7565786,0x19B50007,1,FALSE logic
NO_CURRENT_SENSOR,946688543.7565786,0x19B50007,1,FALSE logic
PACK_UNDER_VOLTAGE,946688543.7565786,0x19B50007,1,FALSE logic
VALIDITY,946688543.7565786,0x19B50007,1,39 state
APPS_RANGE_ERROR,946688543.8384014,0x18FF1515,1,"FALSE 0 no Error, 1 Error"
SAFETY_OK,946688543.8384014,0x18FF1515,1,"FALSE 0 no Error, 1 Error"
BRAKE,946688543.8384014,0x18FF1515,1,"0 1 noBrake, 2 Brake"
VCU_STATE,946688543.8384014,0x18FF1515,1,0
APS_PERC,946688543.8384014,0x18FF1515,1,"2.56 porcentagem pedal, precisão de 2 casas decimais"
APPS_RANGE_ERROR,946688543.9383993,0x18FF1515,1,"FALSE 0 no Error, 1 Error"
SAFETY_OK,946688543.9383993,0x18FF1515,1,"FALSE 0 no Error, 1 Error"
BRAKE,946688543.9383993,0x18FF1515,1,"0 1 noBrake, 2 Brake"
VCU_STATE,946688543.9383993,0x18FF1515,1,0
APS_PERC,946688543.9383993,0x18FF1515,1,"2.56 porcentagem pedal, precisão de 2 casas decimais"
UNDER_VOLTAGE,946688543.956262,0x19B50007,1,FALSE logic
OVER_VOLTAGE,946688543.956262,0x19B50007,1,FALSE logic
DISCHARGE_OVER_CURRENT,946688543.956262,0x19B50007,1,FALSE logic
CHARGE_OVER_CURRENT,946688543.956262,0x19B50007,1,FALSE logic
CELL_MODULE_OVERHEAT,946688543.956262,0x19B50007,1,FALSE logic
LEAKAGE,946688543.956262,0x19B50007,1,FALSE logic
NO_CELL_COMMUNICATION,946688543.956262,0x19B50007,1,FALSE logic
LOW_VOLTAGE_W,946688543.956262,0x19B50007,1,FALSE logic
HIGH_CURRENT_W,946688543.956262,0x19B50007,1,FALSE logic
HIGH_TEMPERATURE_W,946688543.956262,0x19B50007,1,FALSE logic
CELL_OVERHEAT,946688543.956262,0x19B50007,1,FALSE logic
NO_CURRENT_SENSOR,946688543.956262,0x19B50007,1,FALSE logic
PACK_UNDER_VOLTAGE,946688543.956262,0x19B50007,1,FALSE logic
VALIDITY,946688543.956262,0x19B50007,1,39 state
APPS_RANGE_ERROR,946688544.0384057,0x18FF1515,1,"FALSE 0 no Error, 1 Error"
SAFETY_OK,946688544.0384057,0x18FF1515,1,"FALSE 0 no Error, 1 Error"
BRAKE,946688544.0384057,0x18FF1515,1,"0 1 noBrake, 2 Brake"
VCU_STATE,946688544.0384057,0x18FF1515,1,0
APS_PERC,946688544.0384057,0x18FF1515,1,"2.56 porcentagem pedal, precisão de 2 casas decimais"
APPS_RANGE_ERROR,946688544.1383977,0x18FF1515,1,"FALSE 0 no Error, 1 Error"
SAFETY_OK,946688544.1383977,0x18FF1515,1,"FALSE 0 no Error, 1 Error"
BRAKE,946688544.1383977,0x18FF1515,1,"0 1 noBrake, 2 Brake"
VCU_STATE,946688544.1383977,0x18FF1515,1,0
APS_PERC,946688544.1383977,0x18FF1515,1,"2.56 porcentagem pedal, precisão de 2 casas decimais"
UNDER_VOLTAGE,946688544.1614043,0x19B50007,1,FALSE logic
OVER_VOLTAGE,946688544.1614043,0x19B50007,1,FALSE logic
DISCHARGE_OVER_CURRENT,946688544.1614043,0x19B50007,1,FALSE logic
CHARGE_OVER_CURRENT,946688544.1614043,0x19B50007,1,FALSE logic
CELL_MODULE_OVERHEAT,946688544.1614043,0x19B50007,1,FALSE logic
LEAKAGE,946688544.1614043,0x19B50007,1,FALSE logic
NO_CELL_COMMUNICATION,946688544.1614043,0x19B50007,1,FALSE logic
LOW_VOLTAGE_W,946688544.1614043,0x19B50007,1,FALSE logic
HIGH_CURRENT_W,946688544.1614043,0x19B50007,1,FALSE logic
HIGH_TEMPERATURE_W,946688544.1614043,0x19B50007,1,FALSE logic
CELL_OVERHEAT,946688544.1614043,0x19B50007,1,FALSE logic
NO_CURRENT_SENSOR,946688544.1614043,0x19B50007,1,FALSE logic
PACK_UNDER_VOLTAGE,946688544.1614043,0x19B50007,1,FALSE logic
VALIDITY,946688544.1614043,0x19B50007,1,39 state
APPS_RANGE_ERROR,946688544.2384057,0x18FF1515,1,"FALSE 0 no Error, 1 Error"
SAFETY_OK,946688544.2384057,0x18FF1515,1,"FALSE 0 no Error, 1 Error"
BRAKE,946688544.2384057,0x18FF1515,1,"0 1 noBrake, 2 Brake"
VCU_STATE,946688544.2384057,0x18FF1515,1,0
APS_PERC,946688544.2384057,0x18FF1515,1,"2.56 porcentagem pedal, precisão de 2 casas decimais"
APPS_RANGE_ERROR,946688544.3384079,0x18FF1515,1,"FALSE 0 no Error, 1 Error"
SAFETY_OK,946688544.3384079,0x18FF1515,1,"FALSE 0 no Error, 1 Error"
BRAKE,946688544.3384079,0x18FF1515,1,"0 1 noBrake, 2 Brake"
VCU_STATE,946688544.3384079,0x18FF1515,1,0
APS_PERC,946688544.3384079,0x18FF1515,1,"2.56 porcentagem pedal, precisão de 2 casas decimais"
UNDER_VOLTAGE,946688544.3556906,0x19B50007,1,FALSE logic
OVER_VOLTAGE,946688544.3556906,0x19B50007,1,FALSE logic
DISCHARGE_OVER_CURRENT,946688544.3556906,0x19B50007,1,FALSE logic
CHARGE_OVER_CURRENT,946688544.3556906,0x19B50007,1,FALSE logic
CELL_MODULE_OVERHEAT,946688544.3556906,0x19B50007,1,FALSE logic
LEAKAGE,946688544.3556906,0x19B50007,1,FALSE logic
NO_CELL_COMMUNICATION,946688544.3556906,0x19B50007,1,FALSE logic
LOW_VOLTAGE_W,946688544.3556906,0x19B50007,1,FALSE logic
HIGH_CURRENT_W,946688544.3556906,0x19B50007,1,FALSE logic
HIGH_TEMPERATURE_W,946688544.3556906,0x19B50007,1,FALSE logic
CELL_OVERHEAT,946688544.3556906,0x19B50007,1,FALSE logic
NO_CURRENT_SENSOR,946688544.3556906,0x19B50007,1,FALSE logic
PACK_UNDER_VOLTAGE,946688544.3556906,0x19B50007,1,FALSE logic
VALIDITY,946688544.3556906,0x19B50007,1,39 state
APPS_RANGE_ERROR,946688544.4383966,0x18FF1515,1,"FALSE 0 no Error, 1 Error"
SAFETY_OK,946688544.4383966,0x18FF1515,1,"FALSE 0 no Error, 1 Error"
BRAKE,946688544.4383966,0x18FF1515,1,"0 1 noBrake, 2 Brake"
VCU_STATE,946688544.4383966,0x18FF1515,1,0
APS_PERC,946688544.4383966,0x18FF1515,1,"2.56 porcentagem pedal, precisão de 2 casas decimais"
VCELL_0,946688544.4794308,0x19B50100,1,2.00 V
VCELL_0,946688544.4799944,0x19B50100,1,3.96 V
VCELL_1,946688544.4799944,0x19B50100,1,3.95 V
VCELL_2,946688544.4799944,0x19B50100,1,3.95 V
VCELL_3,946688544.4799944,0x19B50100,1,3.95 V
VCELL_4,946688544.4799944,0x19B50100,1,3.95 V
VCELL_5,946688544.4799944,0x19B50100,1,3.95 V
VCELL_6,946688544.4799944,0x19B50100,1,3.95 V
VCELL_7,946688544.4799944,0x19B50100,1,3.95 V
VCELL_8,946688544.4924003,0x19B50101,1,3.95 V
VCELL_9,946688544.4924003,0x19B50101,1,3.95 V
VCELL_10,946688544.4924003,0x19B50101,1,3.95 V
VCELL_11,946688544.4924003,0x19B50101,1,3.95 V
VCELL_12,946688544.4924003,0x19B50101,1,3.95 V
VCELL_13,946688544.4924003,0x19B50101,1,3.95 V
VCELL_14,946688544.4924003,0x19B50101,1,3.95 V
VCELL_15,946688544.4924003,0x19B50101,1,3.95 V
VCELL_16,946688544.5047128,0x19B50102,1,3.95 V
VCELL_17,946688544.5047128,0x19B50102,1,3.95 V
VCELL_18,946688544.5047128,0x19B50102,1,3.95 V
VCELL_19,946688544.5047128,0x19B50102,1,3.95 V
VCELL_20,946688544.5047128,0x19B50102,1,3.95 V
VCELL_21,946688544.5047128,0x19B50102,1,3.97 V
VCELL_22,946688544.5047128,0x19B50102,1,3.95 V
VCELL_23,946688544.5047128,0x19B50102,1,3.95 V
VCELL_24,946688544.5292145,0x19B50103,1,3.95 V
VCELL_25,946688544.5292145,0x19B50103,1,3.96 V
VCELL_26,946688544.5292145,0x19B50103,1,3.95 V
VCELL_27,946688544.5292145,0x19B50103,1,3.95 V
VCELL_28,946688544.5292145,0x19B50103,1,3.97 V
VCELL_29,946688544.5292145,0x19B50103,1,3.95 V
VCELL_30,946688544.5292145,0x19B50103,1,3.95 V
VCELL_31,946688544.5292145,0x19B50103,1,3.95 V
APPS_RANGE_ERROR,946688544.5383983,0x18FF1515,1,"FALSE 0 no Error, 1 Error"
SAFETY_OK,946688544.5383983,0x18FF1515,1,"FALSE 0 no Error, 1 Error"
BRAKE,946688544.5383983,0x18FF1515,1,"0 1 noBrake, 2 Brake"
VCU_STATE,946688544.5383983,0x18FF1515,1,0
APS_PERC,946688544.5383983,0x18FF1515,1,"2.56 porcentagem pedal, precisão de 2 casas decimais"
VCELL_32,946688544.5417463,0x19B50104,1,3.94 V
VCELL_33,946688544.5417463,0x19B50104,1,3.95 V
VCELL_34,946688544.5417463,0x19B50104,1,3.95 V
VCELL_35,946688544.5417463,0x19B50104,1,3.95 V
VCELL_36,946688544.5417463,0x19B50104,1,3.95 V
VCELL_37,946688544.5417463,0x19B50104,1,3.95 V
VCELL_38,946688544.5417463,0x19B50104,1,3.95 V
VCELL_39,946688544.5417463,0x19B50104,1,3.95 V
VCELL_40,946688544.5546559,0x19B50105,1,3.95 V
VCELL_41,946688544.5546559,0x19B50105,1,3.95 V
VCELL_42,946688544.5546559,0x19B50105,1,3.95 V
VCELL_43,946688544.5546559,0x19B50105,1,3.95 V
VCELL_44,946688544.5546559,0x19B50105,1,3.95 V
VCELL_45,946688544.5546559,0x19B50105,1,3.95 V
VCELL_46,946688544.5546559,0x19B50105,1,3.95 V
VCELL_47,946688544.5546559,0x19B50105,1,3.95 V
UNDER_VOLTAGE,946688544.5640202,0x19B50007,1,FALSE logic
OVER_VOLTAGE,946688544.5640202,0x19B50007,1,FALSE logic
DISCHARGE_OVER_CURRENT,946688544.5640202,0x19B50007,1,FALSE logic
CHARGE_OVER_CURRENT,946688544.5640202,0x19B50007,1,FALSE logic
CELL_MODULE_OVERHEAT,946688544.5640202,0x19B50007,1,FALSE logic
LEAKAGE,946688544.5640202,0x19B50007,1,FALSE logic
NO_CELL_COMMUNICATION,946688544.5640202,0x19B50007,1,FALSE logic
LOW_VOLTAGE_W,946688544.5640202,0x19B50007,1,FALSE logic
HIGH_CURRENT_W,946688544.5640202,0x19B50007,1,FALSE logic
HIGH_TEMPERATURE_W,946688544.5640202,0x19B50007,1,FALSE logic
CELL_OVERHEAT,946688544.5640202,0x19B50007,1,FALSE logic
NO_CURRENT_SENSOR,946688544.5640202,0x19B50007,1,FALSE logic
PACK_UNDER_VOLTAGE,946688544.5640202,0x19B50007,1,FALSE logic
VALIDITY,946688544.5640202,0x19B50007,1,39 state
VCELL_48,946688544.581443,0x19B50106,1,3.95 V
VCELL_49,946688544.581443,0x19B50106,1,3.95 V
VCELL_50,946688544.581443,0x19B50106,1,3.95 V
VCELL_51,946688544.581443,0x19B50106,1,3.95 V
VCELL_52,946688544.581443,0x19B50106,1,3.95 V
VCELL_53,946688544.581443,0x19B50106,1,3.95 V
VCELL_54,946688544.581443,0x19B50106,1,3.95 V
VCELL_55,946688544.581443,0x19B50106,1,3.95 V
VCELL_56,946688544.5941043,0x19B50107,1,3.95 V
VCELL_57,946688544.5941043,0x19B50107,1,3.95 V
VCELL_58,946688544.5941043,0x19B50107,1,3.95 V
VCELL_59,946688544.5941043,0x19B50107,1,3.95 V
VCELL_60,946688544.5941043,0x19B50107,1,3.95 V
VCELL_61,946688544.5941043,0x19B50107,1,3.95 V
VCELL_62,946688544.5941043,0x19B50107,1,3.95 V
VCELL_63,946688544.5941043,0x19B50107,1,3.95 V
VCELL_64,946688544.6184179,0x19B50108,1,3.92 V
VCELL_65,946688544.6184179,0x19B50108,1,3.94 V
VCELL_66,946688544.6184179,0x19B50108,1,3.95 V
VCELL_67,946688544.6184179,0x19B50108,1,3.95 V
VCELL_68,946688544.6184179,0x19B50108,1,3.96 V
VCELL_69,946688544.6184179,0x19B50108,1,3.96 V
VCELL_70,946688544.6184179,0x19B50108,1,3.94 V
VCELL_71,946688544.6184179,0x19B50108,1,3.95 V
VCELL_72,946688544.6309986,0x19B50109,1,3.97 V
VCELL_73,946688544.6309986,0x19B50109,1,3.95 V
VCELL_74,946688544.6309986,0x19B50109,1,3.95 V
VCELL_75,946688544.6309986,0x19B50109,1,3.96 V
VCELL_76,946688544.6309986,0x19B50109,1,3.94 V
VCELL_77,946688544.6309986,0x19B50109,1,3.95 V
VCELL_78,946688544.6309986,0x19B50109,1,3.95 V
VCELL_79,946688544.6309986,0x19B50109,1,3.95 V
APPS_RANGE_ERROR,946688544.6383957,0x18FF1515,1,"FALSE 0 no Error, 1 Error"
SAFETY_OK,946688544.6383957,0x18FF1515,1,"FALSE 0 no Error, 1 Error"
BRAKE,946688544.6383957,0x18FF1515,1,"0 1 noBrake, 2 Brake"
VCU_STATE,946688544.6383957,0x18FF1515,1,0
APS_PERC,946688544.6383957,0x18FF1515,1,"2.56 porcentagem pedal, precisão de 2 casas decimais"
VCELL_80,946688544.6435343,0x19B5010A,1,3.95 V
VCELL_81,946688544.6435343,0x19B5010A,1,3.95 V
VCELL_82,946688544.6435343,0x19B5010A,1,3.95 V
VCELL_83,946688544.6435343,0x19B5010A,1,3.95 V
VCELL_84,946688544.6435343,0x19B5010A,1,3.95 V
VCELL_85,946688544.6435343,0x19B5010A,1,3.95 V
VCELL_86,946688544.6435343,0x19B5010A,1,3.95 V
VCELL_87,946688544.6435343,0x19B5010A,1,3.95 V
VCELL_88,946688544.6572623,0x19B5010B,1,3.95 V
VCELL_89,946688544.6572623,0x19B5010B,1,3.95 V
VCELL_90,946688544.6572623,0x19B5010B,1,3.95 V
VCELL_91,946688544.6572623,0x19B5010B,1,3.98 V
VCELL_92,946688544.6572623,0x19B5010B,1,3.97 V
VCELL_93,946688544.6572623,0x19B5010B,1,3.95 V
VCELL_94,946688544.6572623,0x19B5010B,1,3.95 V
VCELL_95,946688544.6572623,0x19B5010B,1,3.95 V
APPS_RANGE_ERROR,946688544.7383977,0x18FF1515,1,"FALSE 0 no Error, 1 Error"
SAFETY_OK,946688544.7383977,0x18FF1515,1,"FALSE 0 no Error, 1 Error"
BRAKE,946688544.7383977,0x18FF1515,1,"0 1 noBrake, 2 Brake"
VCU_STATE,946688544.7383977,0x18FF1515,1,0
APS_PERC,946688544.7383977,0x18FF1515,1,"2.56 porcentagem pedal, precisão de 2 casas decimais"
UNDER_VOLTAGE,946688544.7602562,0x19B50007,1,FALSE logic
OVER_VOLTAGE,946688544.7602562,0x19B50007,1,FALSE logic
DISCHARGE_OVER_CURRENT,946688544.7602562,0x19B50007,1,FALSE logic
CHARGE_OVER_CURRENT,946688544.7602562,0x19B50007,1,FALSE logic
CELL_MODULE_OVERHEAT,946688544.7602562,0x19B50007,1,FALSE logic
LEAKAGE,946688544.7602562,0x19B50007,1,FALSE logic
NO_CELL_COMMUNICATION,946688544.7602562,0x19B50007,1,FALSE logic
LOW_VOLTAGE_W,946688544.7602562,0x19B50007,1,FALSE logic
HIGH_CURRENT_W,946688544.7602562,0x19B50007,1,FALSE logic
HIGH_TEMPERATURE_W,946688544.7602562,0x19B50007,1,FALSE logic
CELL_OVERHEAT,946688544.7602562,0x19B50007,1,FALSE logic
NO_CURRENT_SENSOR,946688544.7602562,0x19B50007,1,FALSE logic
PACK_UNDER_VOLTAGE,946688544.7602562,0x19B50007,1,FALSE logic
VALIDITY,946688544.7602562,0x19B50007,1,39 state
APPS_RANGE_ERROR,946688544.8383976,0x18FF1515,1,"FALSE 0 no Error, 1 Error"
SAFETY_OK,946688544.8383976,0x18FF1515,1,"FALSE 0 no Error, 1 Error"
BRAKE,946688544.8383976,0x18FF1515,1,"0 1 noBrake, 2 Brake"
VCU_STATE,946688544.8383976,0x18FF1515,1,0
APS_PERC,946688544.8383976,0x18FF1515,1,"2.56 porcentagem pedal, precisão de 2 casas decimais"
APPS_RANGE_ERROR,946688544.9383941,0x18FF1515,1,"FALSE 0 no Error, 1 Error"
SAFETY_OK,946688544.9383941,0x18FF1515,1,"FALSE 0 no Error, 1 Error"
BRAKE,946688544.9383941,0x18FF1515,1,"0 1 noBrake, 2 Brake"
VCU_STATE,946688544.9383941,0x18FF1515,1,0
APS_PERC,946688544.9383941,0x18FF1515,1,"2.56 porcentagem pedal, precisão de 2 casas decimais"
UNDER_VOLTAGE,946688544.9579662,0x19B50007,1,FALSE logic
OVER_VOLTAGE,946688544.9579662,0x19B50007,1,FALSE logic
DISCHARGE_OVER_CURRENT,946688544.9579662,0x19B50007,1,FALSE logic
CHARGE_OVER_CURRENT,946688544.9579662,0x19B50007,1,FALSE logic
CELL_MODULE_OVERHEAT,946688544.9579662,0x19B50007,1,FALSE logic
LEAKAGE,946688544.9579662,0x19B50007,1,FALSE logic
NO_CELL_COMMUNICATION,946688544.9579662,0x19B50007,1,FALSE logic
LOW_VOLTAGE_W,946688544.9579662,0x19B50007,1,FALSE logic
HIGH_CURRENT_W,946688544.9579662,0x19B50007,1,FALSE logic
HIGH_TEMPERATURE_W,946688544.9579662,0x19B50007,1,FALSE logic
CELL_OVERHEAT,946688544.9579662,0x19B50007,1,FALSE logic
NO_CURRENT_SENSOR,946688544.9579662,0x19B50007,1,FALSE logic
PACK_UNDER_VOLTAGE,946688544.9579662,0x19B50007,1,FALSE logic
VALIDITY,946688544.9579662,0x19B50007,1,39 state
APPS_RANGE_ERROR,946688545.0383903,0x18FF1515,1,"FALSE 0 no Error, 1 Error"
SAFETY_OK,946688545.0383903,0x18FF1515,1,"FALSE 0 no Error, 1 Error"
BRAKE,946688545.0383903,0x18FF1515,1,"0 1 noBrake, 2 Brake"
VCU_STATE,946688545.0383903,0x18FF1515,1,0
APS_PERC,946688545.0383903,0x18FF1515,1,"2.56 porcentagem pedal, precisão de 2 casas decimais"
APPS_RANGE_ERROR,946688545.1383896,0x18FF1515,1,"FALSE 0 no Error, 1 Error"
SAFETY_OK,946688545.1383896,0x18FF1515,1,"FALSE 0 no Error, 1 Error"
BRAKE,946688545.1383896,0x18FF1515,1,"0 1 noBrake, 2 Brake"
VCU_STATE,946688545.1383896,0x18FF1515,1,0
APS_PERC,946688545.1383896,0x18FF1515,1,"2.56 porcentagem pedal, precisão de 2 casas decimais"
UNDER_VOLTAGE,946688545.1662453,0x19B50007,1,FALSE logic
OVER_VOLTAGE,946688545.1662453,0x19B50007,1,FALSE logic
DISCHARGE_OVER_CURRENT,946688545.1662453,0x19B50007,1,FALSE logic
CHARGE_OVER_CURRENT,946688545.1662453,0x19B50007,1,FALSE logic
CELL_MODULE_OVERHEAT,946688545.1662453,0x19B50007,1,FALSE logic
LEAKAGE,946688545.1662453,0x19B50007,1,FALSE logic
NO_CELL_COMMUNICATION,946688545.1662453,0x19B50007,1,FALSE logic
LOW_VOLTAGE_W,946688545.1662453,0x19B50007,1,FALSE logic
HIGH_CURRENT_W,946688545.1662453,0x19B50007,1,FALSE logic
HIGH_TEMPERATURE_W,946688545.1662453,0x19B50007,1,FALSE logic
CELL_OVERHEAT,946688545.1662453,0x19B50007,1,FALSE logic
NO_CURRENT_SENSOR,946688545.1662453,0x19B50007,1,FALSE logic
PACK_UNDER_VOLTAGE,946688545.1662453,0x19B50007,1,FALSE logic
VALIDITY,946688545.1662453,0x19B50007,1,39 state
APPS_RANGE_ERROR,946688545.2383924,0x18FF1515,1,"FALSE 0 no Error, 1 Error"
SAFETY_OK,946688545.2383924,0x18FF1515,1,"FALSE 0 no Error, 1 Error"
BRAKE,946688545.2383924,0x18FF1515,1,"0 1 noBrake, 2 Brake"
VCU_STATE,946688545.2383924,0x18FF1515,1,0
APS_PERC,946688545.2383924,0x18FF1515,1,"2.56 porcentagem pedal, precisão de 2 casas decimais"
APPS_RANGE_ERROR,946688545.3383889,0x18FF1515,1,"FALSE 0 no Error, 1 Error"
SAFETY_OK,946688545.3383889,0x18FF1515,1,"FALSE 0 no Error, 1 Error"
BRAKE,946688545.3383889,0x18FF1515,1,"0 1 noBrake, 2 Brake"
VCU_STATE,946688545.3383889,0x18FF1515,1,0
APS_PERC,946688545.3383889,0x18FF1515,1,"2.56 porcentagem pedal, precisão de 2 casas decimais"
UNDER_VOLTAGE,946688545.3565143,0x19B50007,1,FALSE logic
OVER_VOLTAGE,946688545.3565143,0x19B50007,1,FALSE logic
DISCHARGE_OVER_CURRENT,946688545.3565143,0x19B50007,1,FALSE logic
CHARGE_OVER_CURRENT,946688545.3565143,0x19B50007,1,FALSE logic
CELL_MODULE_OVERHEAT,946688545.3565143,0x19B50007,1,FALSE logic
LEAKAGE,946688545.3565143,0x19B50007,1,FALSE logic
NO_CELL_COMMUNICATION,946688545.3565143,0x19B50007,1,FALSE logic
LOW_VOLTAGE_W,946688545.3565143,0x19B50007,1,FALSE logic
HIGH_CURRENT_W,946688545.3565143,0x19B50007,1,FALSE logic
HIGH_TEMPERATURE_W,946688545.3565143,0x19B50007,1,FALSE logic
CELL_OVERHEAT,946688545.3565143,0x19B50007,1,FALSE logic
NO_CURRENT_SENSOR,946688545.3565143,0x19B50007,1,FALSE logic
PACK_UNDER_VOLTAGE,946688545.3565143,0x19B50007,1,FALSE logic
VALIDITY,946688545.3565143,0x19B50007,1,39 state
APPS_RANGE_ERROR,946688545.4383898,0x18FF1515,1,"FALSE 0 no Error, 1 Error"
SAFETY_OK,946688545.4383898,0x18FF1515,1,"FALSE 0 no Error, 1 Error"
BRAKE,946688545.4383898,0x18FF1515,1,"0 1 noBrake, 2 Brake"
VCU_STATE,946688545.4383898,0x18FF1515,1,0
APS_PERC,946688545.4383898,0x18FF1515,1,"2.56 porcentagem pedal, precisão de 2 casas decimais"
APPS_RANGE_ERROR,946688545.5383897,0x18FF1515,1,"FALSE 0 no Error, 1 Error"
SAFETY_OK,946688545.5383897,0x18FF1515,1,"FALSE 0 no Error, 1 Error"
BRAKE,946688545.5383897,0x18FF1515,1,"0 1 noBrake, 2 Brake"
VCU_STATE,946688545.5383897,0x18FF1515,1,0
APS_PERC,946688545.5383897,0x18FF1515,1,"2.56 porcentagem pedal, precisão de 2 casas decimais"
UNDER_VOLTAGE,946688545.561465,0x19B50007,1,FALSE logic
OVER_VOLTAGE,946688545.561465,0x19B50007,1,FALSE logic
DISCHARGE_OVER_CURRENT,946688545.561465,0x19B50007,1,FALSE logic
CHARGE_OVER_CURRENT,946688545.561465,0x19B50007,1,FALSE logic
CELL_MODULE_OVERHEAT,946688545.561465,0x19B50007,1,FALSE logic
LEAKAGE,946688545.561465,0x19B50007,1,FALSE logic
NO_CELL_COMMUNICATION,946688545.561465,0x19B50007,1,FALSE logic
LOW_VOLTAGE_W,946688545.561465,0x19B50007,1,FALSE logic
HIGH_CURRENT_W,946688545.561465,0x19B50007,1,FALSE logic
HIGH_TEMPERATURE_W,946688545.561465,0x19B50007,1,FALSE logic
CELL_OVERHEAT,946688545.561465,0x19B50007,1,FALSE logic
NO_CURRENT_SENSOR,946688545.561465,0x19B50007,1,FALSE logic
PACK_UNDER_VOLTAGE,946688545.561465,0x19B50007,1,FALSE logic
VALIDITY,946688545.561465,0x19B50007,1,39 state
APPS_RANGE_ERROR,946688545.6383895,0x18FF1515,1,"FALSE 0 no Error, 1 Error"
SAFETY_OK,946688545.6383895,0x18FF1515,1,"FALSE 0 no Error, 1 Error"
BRAKE,946688545.6383895,0x18FF1515,1,"0 1 noBrake, 2 Brake"
VCU_STATE,946688545.6383895,0x18FF1515,1,0
APS_PERC,946688545.6383895,0x18FF1515,1,"2.56 porcentagem pedal, precisão de 2 casas decimais"
APPS_RANGE_ERROR,946688545.7383872,0x18FF1515,1,"FALSE 0 no Error, 1 Error"
SAFETY_OK,946688545.7383872,0x18FF1515,1,"FALSE 0 no Error, 1 Error"
BRAKE,946688545.7383872,0x18FF1515,1,"0 1 noBrake, 2 Brake"
VCU_STATE,946688545.7383872,0x18FF1515,1,0
APS_PERC,946688545.7383872,0x18FF1515,1,"2.56 porcentagem pedal, precisão de 2 casas decimais"
UNDER_VOLTAGE,946688545.7572045,0x19B50007,1,FALSE logic
OVER_VOLTAGE,946688545.7572045,0x19B50007,1,FALSE logic
DISCHARGE_OVER_CURRENT,946688545.7572045,0x19B50007,1,FALSE logic
CHARGE_OVER_CURRENT,946688545.7572045,0x19B50007,1,FALSE logic
CELL_MODULE_OVERHEAT,946688545.7572045,0x19B50007,1,FALSE logic
LEAKAGE,946688545.7572045,0x19B50007,1,FALSE logic
NO_CELL_COMMUNICATION,946688545.7572045,0x19B50007,1,FALSE logic
LOW_VOLTAGE_W,946688545.7572045,0x19B50007,1,FALSE logic
HIGH_CURRENT_W,946688545.7572045,0x19B50007,1,FALSE logic
HIGH_TEMPERATURE_W,946688545.7572045,0x19B50007,1,FALSE logic
CELL_OVERHEAT,946688545.7572045,0x19B50007,1,FALSE logic
NO_CURRENT_SENSOR,946688545.7572045,0x19B50007,1,FALSE logic
PACK_UNDER_VOLTAGE,946688545.7572045,0x19B50007,1,FALSE logic
VALIDITY,946688545.7572045,0x19B50007,1,39 state
APPS_RANGE_ERROR,946688545.8383889,0x18FF1515,1,"FALSE 0 no Error, 1 Error"
SAFETY_OK,946688545.8383889,0x18FF1515,1,"FALSE 0 no Error, 1 Error"
BRAKE,946688545.8383889,0x18FF1515,1,"0 1 noBrake, 2 Brake"
VCU_STATE,946688545.8383889,0x18FF1515,1,0
APS_PERC,946688545.8383889,0x18FF1515,1,"2.56 porcentagem pedal, precisão de 2 casas decimais"
APPS_RANGE_ERROR,946688545.9383801,0x18FF1515,1,"FALSE 0 no Error, 1 Error"
SAFETY_OK,946688545.9383801,0x18FF1515,1,"FALSE 0 no Error, 1 Error"
BRAKE,946688545.9383801,0x18FF1515,1,"0 1 noBrake, 2 Brake"
VCU_STATE,946688545.9383801,0x18FF1515,1,0
APS_PERC,946688545.9383801,0x18FF1515,1,"2.56 porcentagem pedal, precisão de 2 casas decimais"
APPS_RANGE_ERROR,946688546.0383811,0x18FF1515,1,"FALSE 0 no Error, 1 Error"
SAFETY_OK,946688546.0383811,0x18FF1515,1,"FALSE 0 no Error, 1 Error"
BRAKE,946688546.0383811,0x18FF1515,1,"0 1 noBrake, 2 Brake"
VCU_STATE,946688546.0383811,0x18FF1515,1,0
APS_PERC,946688546.0383811,0x18FF1515,1,"2.56 porcentagem pedal, precisão de 2 casas decimais"
UNDER_VOLTAGE,946688546.048883,0x19B50007,1,FALSE logic
OVER_VOLTAGE,946688546.048883,0x19B50007,1,FALSE logic
DISCHARGE_OVER_CURRENT,946688546.048883,0x19B50007,1,FALSE logic
CHARGE_OVER_CURRENT,946688546.048883,0x19B50007,1,FALSE logic
CELL_MODULE_OVERHEAT,946688546.048883,0x19B50007,1,FALSE logic
LEAKAGE,946688546.048883,0x19B50007,1,FALSE logic
NO_CELL_COMMUNICATION,946688546.048883,0x19B50007,1,FALSE logic
LOW_VOLTAGE_W,946688546.048883,0x19B50007,1,FALSE logic
HIGH_CURRENT_W,946688546.048883,0x19B50007,1,FALSE logic
HIGH_TEMPERATURE_W,946688546.048883,0x19B50007,1,FALSE logic
CELL_OVERHEAT,946688546.048883,0x19B50007,1,FALSE logic
NO_CURRENT_SENSOR,946688546.048883,0x19B50007,1,FALSE logic
PACK_UNDER_VOLTAGE,946688546.048883,0x19B50007,1,FALSE logic
VALIDITY,946688546.048883,0x19B50007,1,39 state
TCELL_0,946688546.0665607,0x19B50800,1,-100.00 °C
TCELL_0,946688546.0671322,0x19B50800,1,28.00 °C
TCELL_1,946688546.0671322,0x19B50800,1,28.00 °C
TCELL_2,946688546.0671322,0x19B50800,1,28.00 °C
TCELL_3,946688546.0671322,0x19B50800,1,28.00 °C
TCELL_4,946688546.0671322,0x19B50800,1,28.00 °C
TCELL_5,946688546.0671322,0x19B50800,1,155.00 °C
TCELL_6,946688546.0671322,0x19B50800,1,155.00 °C
TCELL_7,946688546.0671322,0x19B50800,1,155.00 °C
TCELL_8,946688546.079528,0x19B50801,1,155.00 °C
TCELL_9,946688546.079528,0x19B50801,1,155.00 °C
TCELL_10,946688546.079528,0x19B50801,1,155.00 °C
TCELL_11,946688546.079528,0x19B50801,1,155.00 °C
TCELL_12,946688546.079528,0x19B50801,1,155.00 °C
TCELL_13,946688546.079528,0x19B50801,1,155.00 °C
TCELL_14,946688546.079528,0x19B50801,1,155.00 °C
TCELL_15,946688546.079528,0x19B50801,1,155.00 °C
TCELL_16,946688546.0918956,0x19B50802,1,28.00 °C
TCELL_17,946688546.0918956,0x19B50802,1,28.00 °C
TCELL_18,946688546.0918956,0x19B50802,1,28.00 °C
TCELL_19,946688546.0918956,0x19B50802,1,29.00 °C
TCELL_20,946688546.0918956,0x19B50802,1,28.00 °C
TCELL_21,946688546.0918956,0x19B50802,1,155.00 °C
TCELL_22,946688546.0918956,0x19B50802,1,155.00 °C
TCELL_23,946688546.0918956,0x19B50802,1,155.00 °C
TCELL_24,946688546.1052489,0x19B50803,1,155.00 °C
TCELL_25,946688546.1052489,0x19B50803,1,155.00 °C
TCELL_26,946688546.1052489,0x19B50803,1,155.00 °C
TCELL_27,946688546.1052489,0x19B50803,1,155.00 °C
TCELL_28,946688546.1052489,0x19B50803,1,155.00 °C
TCELL_29,946688546.1052489,0x19B50803,1,155.00 °C
TCELL_30,946688546.1052489,0x19B50803,1,155.00 °C
TCELL_31,946688546.1052489,0x19B50803,1,155.00 °C
APPS_RANGE_ERROR,946688546.1383852,0x18FF1515,1,"FALSE 0 no Error, 1 Error"
SAFETY_OK,946688546.1383852,0x18FF1515,1,"FALSE 0 no Error, 1 Error"
BRAKE,946688546.1383852,0x18FF1515,1,"0 1 noBrake, 2 Brake"
VCU_STATE,946688546.1383852,0x18FF1515,1,0
APS_PERC,946688546.1383852,0x18FF1515,1,"2.56 porcentagem pedal, precisão de 2 casas decimais"
UNDER_VOLTAGE,946688546.1640779,0x19B50007,1,FALSE logic
OVER_VOLTAGE,946688546.1640779,0x19B50007,1,FALSE logic
DISCHARGE_OVER_CURRENT,946688546.1640779,0x19B50007,1,FALSE logic
CHARGE_OVER_CURRENT,946688546.1640779,0x19B50007,1,FALSE logic
CELL_MODULE_OVERHEAT,946688546.1640779,0x19B50007,1,FALSE logic
LEAKAGE,946688546.1640779,0x19B50007,1,FALSE logic
NO_CELL_COMMUNICATION,946688546.1640779,0x19B50007,1,FALSE logic
LOW_VOLTAGE_W,946688546.1640779,0x19B50007,1,FALSE logic
HIGH_CURRENT_W,946688546.1640779,0x19B50007,1,FALSE logic
HIGH_TEMPERATURE_W,946688546.1640779,0x19B50007,1,FALSE logic
CELL_OVERHEAT,946688546.1640779,0x19B50007,1,FALSE logic
NO_CURRENT_SENSOR,946688546.1640779,0x19B50007,1,FALSE logic
PACK_UNDER_VOLTAGE,946688546.1640779,0x19B50007,1,FALSE logic
VALIDITY,946688546.1640779,0x19B50007,1,39 state
APPS_RANGE_ERROR,946688546.2383817,0x18FF1515,1,"FALSE 0 no Error, 1 Error"
SAFETY_OK,946688546.2383817,0x18FF1515,1,"FALSE 0 no Error, 1 Error"
BRAKE,946688546.2383817,0x18FF1515,1,"0 1 noBrake, 2 Brake"
VCU_STATE,946688546.2383817,0x18FF1515,1,0
APS_PERC,946688546.2383817,0x18FF1515,1,"2.56 porcentagem pedal, precisão de 2 casas decimais"
APPS_RANGE_ERROR,946688546.3383821,0x18FF1515,1,"FALSE 0 no Error, 1 Error"
SAFETY_OK,946688546.3383821,0x18FF1515,1,"FALSE 0 no Error, 1 Error"
BRAKE,946688546.3383821,0x18FF1515,1,"0 1 noBrake, 2 Brake"
VCU_STATE,946688546.3383821,0x18FF1515,1,0
APS_PERC,946688546.3383821,0x18FF1515,1,"2.56 porcentagem pedal, precisão de 2 casas decimais"
UNDER_VOLTAGE,946688546.3519425,0x19B50007,1,FALSE logic
OVER_VOLTAGE,946688546.3519425,0x19B50007,1,FALSE logic
DISCHARGE_OVER_CURRENT,946688546.3519425,0x19B50007,1,FALSE logic
CHARGE_OVER_CURRENT,946688546.3519425,0x19B50007,1,FALSE logic
CELL_MODULE_OVERHEAT,946688546.3519425,0x19B50007,1,FALSE logic
LEAKAGE,946688546.3519425,0x19B50007,1,FALSE logic
NO_CELL_COMMUNICATION,946688546.3519425,0x19B50007,1,FALSE logic
LOW_VOLTAGE_W,946688546.3519425,0x19B50007,1,FALSE logic
HIGH_CURRENT_W,946688546.3519425,0x19B50007,1,FALSE logic
HIGH_TEMPERATURE_W,946688546.3519425,0x19B50007,1,FALSE logic
CELL_OVERHEAT,946688546.3519425,0x19B50007,1,FALSE logic
NO_CURRENT_SENSOR,946688546.3519425,0x19B50007,1,FALSE logic
PACK_UNDER_VOLTAGE,946688546.3519425,0x19B50007,1,FALSE logic
VALIDITY,946688546.3519425,0x19B50007,1,39 state
APPS_RANGE_ERROR,946688546.4383749,0x18FF1515,1,"FALSE 0 no Error, 1 Error"
SAFETY_OK,946688546.4383749,0x18FF1515,1,"FALSE 0 no Error, 1 Error"
BRAKE,946688546.4383749,0x18FF1515,1,"0 1 noBrake, 2 Brake"
VCU_STATE,946688546.4383749,0x18FF1515,1,0
APS_PERC,946688546.4383749,0x18FF1515,1,"2.56 porcentagem pedal, precisão de 2 casas decimais"
VCELL_0,946688546.5260338,0x19B50100,1,2.00 V
VCELL_0,946688546.5265512,0x19B50100,1,3.96 V
VCELL_1,946688546.5265512,0x19B50100,1,3.95 V
VCELL_2,946688546.5265512,0x19B50100,1,3.95 V
VCELL_3,946688546.5265512,0x19B50100,1,3.95 V
VCELL_4,946688546.5265512,0x19B50100,1,3.95 V
VCELL_5,946688546.5265512,0x19B50100,1,3.95 V
VCELL_6,946688546.5265512,0x19B50100,1,3.95 V
VCELL_7,946688546.5265512,0x19B50100,1,3.95 V
APPS_RANGE_ERROR,946688546.5384032,0x18FF1515,1,"FALSE 0 no Error, 1 Error"
SAFETY_OK,946688546.5384032,0x18FF1515,1,"FALSE 0 no Error, 1 Error"
BRAKE,946688546.5384032,0x18FF1515,1,"0 1 noBrake, 2 Brake"
VCU_STATE,946688546.5384032,0x18FF1515,1,0
APS_PERC,946688546.5384032,0x18FF1515,1,"2.56 porcentagem pedal, precisão de 2 casas decimais"
VCELL_8,946688546.539119,0x19B50101,1,3.95 V
VCELL_9,946688546.539119,0x19B50101,1,3.95 V
VCELL_10,946688546.539119,0x19B50101,1,3.95 V
VCELL_11,946688546.539119,0x19B50101,1,3.95 V
VCELL_12,946688546.539119,0x19B50101,1,3.95 V
VCELL_13,946688546.539119,0x19B50101,1,3.95 V
VCELL_14,946688546.539119,0x19B50101,1,3.95 V
VCELL_15,946688546.539119,0x19B50101,1,3.95 V
VCELL_16,946688546.5518932,0x19B50102,1,3.95 V
VCELL_17,946688546.5518932,0x19B50102,1,3.95 V
VCELL_18,946688546.5518932,0x19B50102,1,3.95 V
VCELL_19,946688546.5518932,0x19B50102,1,3.95 V
VCELL_20,946688546.5518932,0x19B50102,1,3.95 V
VCELL_21,946688546.5518932,0x19B50102,1,3.97 V
VCELL_22,946688546.5518932,0x19B50102,1,3.95 V
VCELL_23,946688546.5518932,0x19B50102,1,3.95 V
UNDER_VOLTAGE,946688546.5612699,0x19B50007,1,FALSE logic
OVER_VOLTAGE,946688546.5612699,0x19B50007,1,FALSE logic
DISCHARGE_OVER_CURRENT,946688546.5612699,0x19B50007,1,FALSE logic
CHARGE_OVER_CURRENT,946688546.5612699,0x19B50007,1,FALSE logic
CELL_MODULE_OVERHEAT,946688546.5612699,0x19B50007,1,FALSE logic
LEAKAGE,946688546.5612699,0x19B50007,1,FALSE logic
NO_CELL_COMMUNICATION,946688546.5612699,0x19B50007,1,FALSE logic
LOW_VOLTAGE_W,946688546.5612699,0x19B50007,1,FALSE logic
HIGH_CURRENT_W,946688546.5612699,0x19B50007,1,FALSE logic
HIGH_TEMPERATURE_W,946688546.5612699,0x19B50007,1,FALSE logic
CELL_OVERHEAT,946688546.5612699,0x19B50007,1,FALSE logic
NO_CURRENT_SENSOR,946688546.5612699,0x19B50007,1,FALSE logic
PACK_UNDER_VOLTAGE,946688546.5612699,0x19B50007,1,FALSE logic
VALIDITY,946688546.5612699,0x19B50007,1,39 state
VCELL_24,946688546.5876175,0x19B50103,1,3.95 V
VCELL_25,946688546.5876175,0x19B50103,1,3.96 V
VCELL_26,946688546.5876175,0x19B50103,1,3.95 V
VCELL_27,946688546.5876175,0x19B50103,1,3.95 V
VCELL_28,946688546.5876175,0x19B50103,1,3.97 V
VCELL_29,946688546.5876175,0x19B50103,1,3.95 V
VCELL_30,946688546.5876175,0x19B50103,1,3.95 V
VCELL_31,946688546.5876175,0x19B50103,1,3.95 V
VCELL_32,946688546.6020133,0x19B50104,1,3.94 V
VCELL_33,946688546.6020133,0x19B50104,1,3.95 V
VCELL_34,946688546.6020133,0x19B50104,1,3.95 V
VCELL_35,946688546.6020133,0x19B50104,1,3.95 V
VCELL_36,946688546.6020133,0x19B50104,1,3.95 V
VCELL_37,946688546.6020133,0x19B50104,1,3.95 V
VCELL_38,946688546.6020133,0x19B50104,1,3.95 V
VCELL_39,946688546.6020133,0x19B50104,1,3.95 V
VCELL_40,946688546.6152877,0x19B50105,1,3.95 V
VCELL_41,946688546.6152877,0x19B50105,1,3.95 V
VCELL_42,946688546.6152877,0x19B50105,1,3.95 V
VCELL_43,946688546.6152877,0x19B50105,1,3.95 V
VCELL_44,946688546.6152877,0x19B50105,1,3.95 V
VCELL_45,946688546.6152877,0x19B50105,1,3.95 V
VCELL_46,946688546.6152877,0x19B50105,1,3.95 V
VCELL_47,946688546.6152877,0x19B50105,1,3.95 V
VCELL_48,946688546.6278067,0x19B50106,1,3.95 V
VCELL_49,946688546.6278067,0x19B50106,1,3.95 V
VCELL_50,946688546.6278067,0x19B50106,1,3.95 V
VCELL_51,946688546.6278067,0x19B50106,1,3.95 V
VCELL_52,946688546.6278067,0x19B50106,1,3.95 V
VCELL_53,946688546.6278067,0x19B50106,1,3.95 V
VCELL_54,946688546.6278067,0x19B50106,1,3.95 V
VCELL_55,946688546.6278067,0x19B50106,1,3.95 V
APPS_RANGE_ERROR,946688546.638376,0x18FF1515,1,"FALSE 0 no Error, 1 Error"
SAFETY_OK,946688546.638376,0x18FF1515,1,"FALSE 0 no Error, 1 Error"
BRAKE,946688546.638376,0x18FF1515,1,"0 1 noBrake, 2 Brake"
VCU_STATE,946688546.638376,0x18FF1515,1,0
APS_PERC,946688546.638376,0x18FF1515,1,"2.56 porcentagem pedal, precisão de 2 casas decimais"
VCELL_56,946688546.6406944,0x19B50107,1,3.95 V
VCELL_57,946688546.6406944,0x19B50107,1,3.95 V
VCELL_58,946688546.6406944,0x19B50107,1,3.95 V
VCELL_59,946688546.6406944,0x19B50107,1,3.95 V
VCELL_60,946688546.6406944,0x19B50107,1,3.95 V
VCELL_61,946688546.6406944,0x19B50107,1,3.95 V
VCELL_62,946688546.6406944,0x19B50107,1,3.95 V
VCELL_63,946688546.6406944,0x19B50107,1,3.95 V
VCELL_64,946688546.6656431,0x19B50108,1,3.92 V
VCELL_65,946688546.6656431,0x19B50108,1,3.94 V
VCELL_66,946688546.6656431,0x19B50108,1,3.95 V
VCELL_67,946688546.6656431,0x19B50108,1,3.95 V
VCELL_68,946688546.6656431,0x19B50108,1,3.96 V
VCELL_69,946688546.6656431,0x19B50108,1,3.96 V
VCELL_70,946688546.6656431,0x19B50108,1,3.94 V
VCELL_71,946688546.6656431,0x19B50108,1,3.95 V
VCELL_72,946688546.678002,0x19B50109,1,3.97 V
VCELL_73,946688546.678002,0x19B50109,1,3.95 V
VCELL_74,946688546.678002,0x19B50109,1,3.95 V
VCELL_75,946688546.678002,0x19B50109,1,3.96 V
VCELL_76,946688546.678002,0x19B50109,1,3.94 V
VCELL_77,946688546.678002,0x19B50109,1,3.95 V
VCELL_78,946688546.678002,0x19B50109,1,3.95 V
VCELL_79,946688546.678002,0x19B50109,1,3.95 V
VCELL_80,946688546.6903399,0x19B5010A,1,3.95 V
VCELL_81,946688546.6903399,0x19B5010A,1,3.95 V
VCELL_82,946688546.6903399,0x19B5010A,1,3.95 V
VCELL_83,946688546.6903399,0x19B5010A,1,3.95 V
VCELL_84,946688546.6903399,0x19B5010A,1,3.95 V
VCELL_85,946688546.6903399,0x19B5010A,1,3.95 V
VCELL_86,946688546.6903399,0x19B5010A,1,3.95 V
VCELL_87,946688546.6903399,0x19B5010A,1,3.95 V
VCELL_88,946688546.705959,0x19B5010B,1,3.95 V
VCELL_89,946688546.705959,0x19B5010B,1,3.95 V
VCELL_90,946688546.705959,0x19B5010B,1,3.95 V
VCELL_91,946688546.705959,0x19B5010B,1,3.98 V
VCELL_92,946688546.705959,0x19B5010B,1,3.97 V
VCELL_93,946688546.705959,0x19B5010B,1,3.95 V
VCELL_94,946688546.705959,0x19B5010B,1,3.95 V
VCELL_95,946688546.705959,0x19B5010B,1,3.95 V
APPS_RANGE_ERROR,946688546.7383738,0x18FF1515,1,"FALSE 0 no Error, 1 Error"
SAFETY_OK,946688546.7383738,0x18FF1515,1,"FALSE 0 no Error, 1 Error"
BRAKE,946688546.7383738,0x18FF1515,1,"0 1 noBrake, 2 Brake"
VCU_STATE,946688546.7383738,0x18FF1515,1,0
APS_PERC,946688546.7383738,0x18FF1515,1,"2.56 porcentagem pedal, precisão de 2 casas decimais"
UNDER_VOLTAGE,946688546.7540634,0x19B50007,1,FALSE logic
OVER_VOLTAGE,946688546.7540634,0x19B50007,1,FALSE logic
DISCHARGE_OVER_CURRENT,946688546.7540634,0x19B50007,1,FALSE logic
CHARGE_OVER_CURRENT,946688546.7540634,0x19B50007,1,FALSE logic
CELL_MODULE_OVERHEAT,946688546.7540634,0x19B50007,1,FALSE logic
LEAKAGE,946688546.7540634,0x19B50007,1,FALSE logic
NO_CELL_COMMUNICATION,946688546.7540634,0x19B50007,1,FALSE logic
LOW_VOLTAGE_W,946688546.7540634,0x19B50007,1,FALSE logic
HIGH_CURRENT_W,946688546.7540634,0x19B50007,1,FALSE logic
HIGH_TEMPERATURE_W,946688546.7540634,0x19B50007,1,FALSE logic
CELL_OVERHEAT,946688546.7540634,0x19B50007,1,FALSE logic
NO_CURRENT_SENSOR,946688546.7540634,0x19B50007,1,FALSE logic
PACK_UNDER_VOLTAGE,946688546.7540634,0x19B50007,1,FALSE logic
VALIDITY,946688546.7540634,0x19B50007,1,39 state
APPS_RANGE_ERROR,946688546.8383808,0x18FF1515,1,"FALSE 0 no Error, 1 Error"
SAFETY_OK,946688546.8383808,0x18FF1515,1,"FALSE 0 no Error, 1 Error"
BRAKE,946688546.8383808,0x18FF1515,1,"0 1 noBrake, 2 Brake"
VCU_STATE,946688546.8383808,0x18FF1515,1,0
APS_PERC,946688546.8383808,0x18FF1515,1,"2.56 porcentagem pedal, precisão de 2 casas decimais"
APPS_RANGE_ERROR,946688546.9383724,0x18FF1515,1,"FALSE 0 no Error, 1 Error"
SAFETY_OK,946688546.9383724,0x18FF1515,1,"FALSE 0 no Error, 1 Error"
BRAKE,946688546.9383724,0x18FF1515,1,"0 1 noBrake, 2 Brake"
VCU_STATE,946688546.9383724,0x18FF1515,1,0
APS_PERC,946688546.9383724,0x18FF1515,1,"2.56 porcentagem pedal, precisão de 2 casas decimais"
UNDER_VOLTAGE,946688546.9601153,0x19B50007,1,FALSE logic
OVER_VOLTAGE,946688546.9601153,0x19B50007,1,FALSE logic
DISCHARGE_OVER_CURRENT,946688546.9601153,0x19B50007,1,FALSE logic
CHARGE_OVER_CURRENT,946688546.9601153,0x19B50007,1,FALSE logic
CELL_MODULE_OVERHEAT,946688546.9601153,0x19B50007,1,FALSE logic
LEAKAGE,946688546.9601153,0x19B50007,1,FALSE logic
NO_CELL_COMMUNICATION,946688546.9601153,0x19B50007,1,FALSE logic
LOW_VOLTAGE_W,946688546.9601153,0x19B50007,1,FALSE logic
HIGH_CURRENT_W,946688546.9601153,0x19B50007,1,FALSE logic
HIGH_TEMPERATURE_W,946688546.9601153,0x19B50007,1,FALSE logic
CELL_OVERHEAT,946688546.9601153,0x19B50007,1,FALSE logic
NO_CURRENT_SENSOR,946688546.9601153,0x19B50007,1,FALSE logic
PACK_UNDER_VOLTAGE,946688546.9601153,0x19B50007,1,FALSE logic
VALIDITY,946688546.9601153,0x19B50007,1,39 state
APPS_RANGE_ERROR,946688547.0383712,0x18FF1515,1,"FALSE 0 no Error, 1 Error"
SAFETY_OK,946688547.0383712,0x18FF1515,1,"FALSE 0 no Error, 1 Error"
BRAKE,946688547.0383712,0x18FF1515,1,"0 1 noBrake, 2 Brake"
VCU_STATE,946688547.0383712,0x18FF1515,1,0
APS_PERC,946688547.0383712,0x18FF1515,1,"2.56 porcentagem pedal, precisão de 2 casas decimais"
APPS_RANGE_ERROR,946688547.1384555,0x18FF1515,1,"FALSE 0 no Error, 1 Error"
SAFETY_OK,946688547.1384555,0x18FF1515,1,"FALSE 0 no Error, 1 Error"
BRAKE,946688547.1384555,0x18FF1515,1,"0 1 noBrake, 2 Brake"
VCU_STATE,946688547.1384555,0x18FF1515,1,0
APS_PERC,946688547.1384555,0x18FF1515,1,"2.56 porcentagem pedal, precisão de 2 casas decimais"
UNDER_VOLTAGE,946688547.1626192,0x19B50007,1,FALSE logic
OVER_VOLTAGE,946688547.1626192,0x19B50007,1,FALSE logic
DISCHARGE_OVER_CURRENT,946688547.1626192,0x19B50007,1,FALSE logic
CHARGE_OVER_CURRENT,946688547.1626192,0x19B50007,1,FALSE logic
CELL_MODULE_OVERHEAT,946688547.1626192,0x19B50007,1,FALSE logic
LEAKAGE,946688547.1626192,0x19B50007,1,FALSE logic
NO_CELL_COMMUNICATION,946688547.1626192,0x19B50007,1,FALSE logic
LOW_VOLTAGE_W,946688547.1626192,0x19B50007,1,FALSE logic
HIGH_CURRENT_W,946688547.1626192,0x19B50007,1,FALSE logic
HIGH_TEMPERATURE_W,946688547.1626192,0x19B50007,1,FALSE logic
CELL_OVERHEAT,946688547.1626192,0x19B50007,1,FALSE logic
NO_CURRENT_SENSOR,946688547.1626192,0x19B50007,1,FALSE logic
PACK_UNDER_VOLTAGE,946688547.1626192,0x19B50007,1,FALSE logic
VALIDITY,946688547.1626192,0x19B50007,1,39 state
APPS_RANGE_ERROR,946688547.2384281,0x18FF1515,1,"FALSE 0 no Error, 1 Error"
SAFETY_OK,946688547.2384281,0x18FF1515,1,"FALSE 0 no Error, 1 Error"
BRAKE,946688547.2384281,0x18FF1515,1,"0 1 noBrake, 2 Brake"
VCU_STATE,946688547.2384281,0x18FF1515,1,0
APS_PERC,946688547.2384281,0x18FF1515,1,"2.56 porcentagem pedal, precisão de 2 casas decimais"
APPS_RANGE_ERROR,946688547.3383698,0x18FF1515,1,"FALSE 0 no Error, 1 Error"
SAFETY_OK,946688547.3383698,0x18FF1515,1,"FALSE 0 no Error, 1 Error"
BRAKE,946688547.3383698,0x18FF1515,1,"0 1 noBrake, 2 Brake"
VCU_STATE,946688547.3383698,0x18FF1515,1,0
APS_PERC,946688547.3383698,0x18FF1515,1,"2.56 porcentagem pedal, precisão de 2 casas decimais"
UNDER_VOLTAGE,946688547.352956,0x19B50007,1,FALSE logic
OVER_VOLTAGE,946688547.352956,0x19B50007,1,FALSE logic
DISCHARGE_OVER_CURRENT,946688547.352956,0x19B50007,1,FALSE logic
CHARGE_OVER_CURRENT,946688547.352956,0x19B50007,1,FALSE logic
CELL_MODULE_OVERHEAT,946688547.352956,0x19B50007,1,FALSE logic
LEAKAGE,946688547.352956,0x19B50007,1,FALSE logic
NO_CELL_COMMUNICATION,946688547.352956,0x19B50007,1,FALSE logic
LOW_VOLTAGE_W,946688547.352956,0x19B50007,1,FALSE logic
HIGH_CURRENT_W,946688547.352956,0x19B50007,1,FALSE logic
HIGH_TEMPERATURE_W,946688547.352956,0x19B50007,1,FALSE logic
CELL_OVERHEAT,946688547.352956,0x19B50007,1,FALSE logic
NO_CURRENT_SENSOR,946688547.352956,0x19B50007,1,FALSE logic
PACK_UNDER_VOLTAGE,946688547.352956,0x19B50007,1,FALSE logic
VALIDITY,946688547.352956,0x19B50007,1,39 state
APPS_RANGE_ERROR,946688547.438368,0x18FF1515,1,"FALSE 0 no Error, 1 Error"
SAFETY_OK,946688547.438368,0x18FF1515,1,"FALSE 0 no Error, 1 Error"
BRAKE,946688547.438368,0x18FF1515,1,"0 1 noBrake, 2 Brake"
VCU_STATE,946688547.438368,0x18FF1515,1,0
APS_PERC,946688547.438368,0x18FF1515,1,"2.56 porcentagem pedal, precisão de 2 casas decimais"
APPS_RANGE_ERROR,946688547.5383668,0x18FF1515,1,"FALSE 0 no Error, 1 Error"
SAFETY_OK,946688547.5383668,0x18FF1515,1,"FALSE 0 no Error, 1 Error"
BRAKE,946688547.5383668,0x18FF1515,1,"0 1 noBrake, 2 Brake"
VCU_STATE,946688547.5383668,0x18FF1515,1,0
APS_PERC,946688547.5383668,0x18FF1515,1,"2.56 porcentagem pedal, precisão de 2 casas decimais"
UNDER_VOLTAGE,946688547.5556695,0x19B50007,1,FALSE logic
OVER_VOLTAGE,946688547.5556695,0x19B50007,1,FALSE logic
DISCHARGE_OVER_CURRENT,946688547.5556695,0x19B50007,1,FALSE logic
CHARGE_OVER_CURRENT,946688547.5556695,0x19B50007,1,FALSE logic
CELL_MODULE_OVERHEAT,946688547.5556695,0x19B50007,1,FALSE logic
LEAKAGE,946688547.5556695,0x19B50007,1,FALSE logic
NO_CELL_COMMUNICATION,946688547.5556695,0x19B50007,1,FALSE logic
LOW_VOLTAGE_W,946688547.5556695,0x19B50007,1,FALSE logic
HIGH_CURRENT_W,946688547.5556695,0x19B50007,1,FALSE logic
HIGH_TEMPERATURE_W,946688547.5556695,0x19B50007,1,FALSE logic
CELL_OVERHEAT,946688547.5556695,0x19B50007,1,FALSE logic
NO_CURRENT_SENSOR,946688547.5556695,0x19B50007,1,FALSE logic
PACK_UNDER_VOLTAGE,946688547.5556695,0x19B50007,1,FALSE logic
VALIDITY,946688547.5556695,0x19B50007,1,39 state
APPS_RANGE_ERROR,946688547.638366,0x18FF1515,1,"FALSE 0 no Error, 1 Error"
SAFETY_OK,946688547.638366,0x18FF1515,1,"FALSE 0 no Error, 1 Error"
BRAKE,946688547.638366,0x18FF1515,1,"0 1 noBrake, 2 Brake"
VCU_STATE,946688547.638366,0x18FF1515,1,0
APS_PERC,946688547.638366,0x18FF1515,1,"2.56 porcentagem pedal, precisão de 2 casas decimais"
APPS_RANGE_ERROR,946688547.7383653,0x18FF1515,1,"FALSE 0 no Error, 1 Error"
SAFETY_OK,946688547.7383653,0x18FF1515,1,"FALSE 0 no Error, 1 Error"
BRAKE,946688547.7383653,0x18FF1515,1,"0 1 noBrake, 2 Brake"
VCU_STATE,946688547.7383653,0x18FF1515,1,0
APS_PERC,946688547.7383653,0x18FF1515,1,"2.56 porcentagem pedal, precisão de 2 casas decimais"
UNDER_VOLTAGE,946688547.7500123,0x19B50007,1,FALSE logic
OVER_VOLTAGE,946688547.7500123,0x19B50007,1,FALSE logic
DISCHARGE_OVER_CURRENT,946688547.7500123,0x19B50007,1,FALSE logic
CHARGE_OVER_CURRENT,946688547.7500123,0x19B50007,1,FALSE logic
CELL_MODULE_OVERHEAT,946688547.7500123,0x19B50007,1,FALSE logic
LEAKAGE,946688547.7500123,0x19B50007,1,FALSE logic
NO_CELL_COMMUNICATION,946688547.7500123,0x19B50007,1,FALSE logic
LOW_VOLTAGE_W,946688547.7500123,0x19B50007,1,FALSE logic
HIGH_CURRENT_W,946688547.7500123,0x19B50007,1,FALSE logic
HIGH_TEMPERATURE_W,946688547.7500123,0x19B50007,1,FALSE logic
CELL_OVERHEAT,946688547.7500123,0x19B50007,1,FALSE logic
NO_CURRENT_SENSOR,946688547.7500123,0x19B50007,1,FALSE logic
PACK_UNDER_VOLTAGE,946688547.7500123,0x19B50007,1,FALSE logic
VALIDITY,946688547.7500123,0x19B50007,1,39 state
APPS_RANGE_ERROR,946688547.8383687,0x18FF1515,1,"FALSE 0 no Error, 1 Error"
SAFETY_OK,946688547.8383687,0x18FF1515,1,"FALSE 0 no Error, 1 Error"
BRAKE,946688547.8383687,0x18FF1515,1,"0 1 noBrake, 2 Brake"
VCU_STATE,946688547.8383687,0x18FF1515,1,0
APS_PERC,946688547.8383687,0x18FF1515,1,"2.56 porcentagem pedal, precisão de 2 casas decimais"
APPS_RANGE_ERROR,946688547.9383618,0x18FF1515,1,"FALSE 0 no Error, 1 Error"
SAFETY_OK,946688547.9383618,0x18FF1515,1,"FALSE 0 no Error, 1 Error"
BRAKE,946688547.9383618,0x18FF1515,1,"0 1 noBrake, 2 Brake"
VCU_STATE,946688547.9383618,0x18FF1515,1,0
APS_PERC,946688547.9383618,0x18FF1515,1,"2.56 porcentagem pedal, precisão de 2 casas decimais"
UNDER_VOLTAGE,946688547.949774,0x19B50007,1,FALSE logic
OVER_VOLTAGE,946688547.949774,0x19B50007,1,FALSE logic
DISCHARGE_OVER_CURRENT,946688547.949774,0x19B50007,1,FALSE logic
CHARGE_OVER_CURRENT,946688547.949774,0x19B50007,1,FALSE logic
CELL_MODULE_OVERHEAT,946688547.949774,0x19B50007,1,FALSE logic
LEAKAGE,946688547.949774,0x19B50007,1,FALSE logic
NO_CELL_COMMUNICATION,946688547.949774,0x19B50007,1,FALSE logic
LOW_VOLTAGE_W,946688547.949774,0x19B50007,1,FALSE logic
HIGH_CURRENT_W,946688547.949774,0x19B50007,1,FALSE logic
HIGH_TEMPERATURE_W,946688547.949774,0x19B50007,1,FALSE logic
CELL_OVERHEAT,946688547.949774,0x19B50007,1,FALSE logic
NO_CURRENT_SENSOR,946688547.949774,0x19B50007,1,FALSE logic
PACK_UNDER_VOLTAGE,946688547.949774,0x19B50007,1,FALSE logic
VALIDITY,946688547.949774,0x19B50007,1,39 state
TCELL_0,946688547.9969579,0x19B50800,1,-100.00 °C
TCELL_0,946688547.9975432,0x19B50800,1,28.00 °C
TCELL_1,946688547.9975432,0x19B50800,1,28.00 °C
TCELL_2,946688547.9975432,0x19B50800,1,28.00 °C
TCELL_3,946688547.9975432,0x19B50800,1,28.00 °C
TCELL_4,946688547.9975432,0x19B50800,1,28.00 °C
TCELL_5,946688547.9975432,0x19B50800,1,155.00 °C
TCELL_6,946688547.9975432,0x19B50800,1,155.00 °C
TCELL_7,946688547.9975432,0x19B50800,1,155.00 °C
TCELL_8,946688548.0098515,0x19B50801,1,155.00 °C
TCELL_9,946688548.0098515,0x19B50801,1,155.00 °C
TCELL_10,946688548.0098515,0x19B50801,1,155.00 °C
TCELL_11,946688548.0098515,0x19B50801,1,155.00 °C
TCELL_12,946688548.0098515,0x19B50801,1,155.00 °C
TCELL_13,946688548.0098515,0x19B50801,1,155.00 °C
TCELL_14,946688548.0098515,0x19B50801,1,155.00 °C
TCELL_15,946688548.0098515,0x19B50801,1,155.00 °C
TCELL_16,946688548.0230991,0x19B50802,1,28.00 °C
TCELL_17,946688548.0230991,0x19B50802,1,28.00 °C
TCELL_18,946688548.0230991,0x19B50802,1,28.00 °C
TCELL_19,946688548.0230991,0x19B50802,1,29.00 °C
TCELL_20,946688548.0230991,0x19B50802,1,28.00 °C
TCELL_21,946688548.0230991,0x19B50802,1,155.00 °C
TCELL_22,946688548.0230991,0x19B50802,1,155.00 °C
TCELL_23,946688548.0230991,0x19B50802,1,155.00 °C
TCELL_24,946688548.0356905,0x19B50803,1,155.00 °C
TCELL_25,946688548.0356905,0x19B50803,1,155.00 °C
TCELL_26,946688548.0356905,0x19B50803,1,155.00 °C
TCELL_27,946688548.0356905,0x19B50803,1,155.00 °C
TCELL_28,946688548.0356905,0x19B50803,1,155.00 °C
TCELL_29,946688548.0356905,0x19B50803,1,155.00 °C
TCELL_30,946688548.0356905,0x19B50803,1,155.00 °C
TCELL_31,946688548.0356905,0x19B50803,1,155.00 °C
APPS_RANGE_ERROR,946688548.0383636,0x18FF1515,1,"FALSE 0 no Error, 1 Error"
SAFETY_OK,946688548.0383636,0x18FF1515,1,"FALSE 0 no Error, 1 Error"
BRAKE,946688548.0383636,0x18FF1515,1,"0 1 noBrake, 2 Brake"
VCU_STATE,946688548.0383636,0x18FF1515,1,0
APS_PERC,946688548.0383636,0x18FF1515,1,"2.56 porcentagem pedal, precisão de 2 casas decimais"
APPS_RANGE_ERROR,946688548.1383646,0x18FF1515,1,"FALSE 0 no Error, 1 Error"
SAFETY_OK,946688548.1383646,0x18FF1515,1,"FALSE 0 no Error, 1 Error"
BRAKE,946688548.1383646,0x18FF1515,1,"0 1 noBrake, 2 Brake"
VCU_STATE,946688548.1383646,0x18FF1515,1,0
APS_PERC,946688548.1383646,0x18FF1515,1,"2.56 porcentagem pedal, precisão de 2 casas decimais"
UNDER_VOLTAGE,946688548.1727931,0x19B50007,1,FALSE logic
OVER_VOLTAGE,946688548.1727931,0x19B50007,1,FALSE logic
DISCHARGE_OVER_CURRENT,946688548.1727931,0x19B50007,1,FALSE logic
CHARGE_OVER_CURRENT,946688548.1727931,0x19B50007,1,FALSE logic
CELL_MODULE_OVERHEAT,946688548.1727931,0x19B50007,1,FALSE logic
LEAKAGE,946688548.1727931,0x19B50007,1,FALSE logic
NO_CELL_COMMUNICATION,946688548.1727931,0x19B50007,1,FALSE logic
LOW_VOLTAGE_W,946688548.1727931,0x19B50007,1,FALSE logic
HIGH_CURRENT_W,946688548.1727931,0x19B50007,1,FALSE logic
HIGH_TEMPERATURE_W,946688548.1727931,0x19B50007,1,FALSE logic
CELL_OVERHEAT,946688548.1727931,0x19B50007,1,FALSE logic
NO_CURRENT_SENSOR,946688548.1727931,0x19B50007,1,FALSE logic
PACK_UNDER_VOLTAGE,946688548.1727931,0x19B50007,1,FALSE logic
VALIDITY,946688548.1727931,0x19B50007,1,39 state
APPS_RANGE_ERROR,946688548.2383599,0x18FF1515,1,"FALSE 0 no Error, 1 Error"
SAFETY_OK,946688548.2383599,0x18FF1515,1,"FALSE 0 no Error, 1 Error"
BRAKE,946688548.2383599,0x18FF1515,1,"0 1 noBrake, 2 Brake"
VCU_STATE,946688548.2383599,0x18FF1515,1,0
APS_PERC,946688548.2383599,0x18FF1515,1,"2.56 porcentagem pedal, precisão de 2 casas decimais"
APPS_RANGE_ERROR,946688548.3383579,0x18FF1515,1,"FALSE 0 no Error, 1 Error"
SAFETY_OK,946688548.3383579,0x18FF1515,1,"FALSE 0 no Error, 1 Error"
BRAKE,946688548.3383579,0x18FF1515,1,"0 1 noBrake, 2 Brake"
VCU_STATE,946688548.3383579,0x18FF1515,1,0
APS_PERC,946688548.3383579,0x18FF1515,1,"2.56 porcentagem pedal, precisão de 2 casas decimais"
UNDER_VOLTAGE,946688548.3510872,0x19B50007,1,FALSE logic
OVER_VOLTAGE,946688548.3510872,0x19B50007,1,FALSE logic
DISCHARGE_OVER_CURRENT,946688548.3510872,0x19B50007,1,FALSE logic
CHARGE_OVER_CURRENT,946688548.3510872,0x19B50007,1,FALSE logic
CELL_MODULE_OVERHEAT,946688548.3510872,0x19B50007,1,FALSE logic
LEAKAGE,946688548.3510872,0x19B50007,1,FALSE logic
NO_CELL_COMMUNICATION,946688548.3510872,0x19B50007,1,FALSE logic
LOW_VOLTAGE_W,946688548.3510872,0x19B50007,1,FALSE logic
HIGH_CURRENT_W,946688548.3510872,0x19B50007,1,FALSE logic
HIGH_TEMPERATURE_W,946688548.3510872,0x19B50007,1,FALSE logic
CELL_OVERHEAT,946688548.3510872,0x19B50007,1,FALSE logic
NO_CURRENT_SENSOR,946688548.3510872,0x19B50007,1,FALSE logic
PACK_UNDER_VOLTAGE,946688548.3510872,0x19B50007,1,FALSE logic
VALIDITY,946688548.3510872,0x19B50007,1,39 state
APPS_RANGE_ERROR,946688548.4383637,0x18FF1515,1,"FALSE 0 no Error, 1 Error"
SAFETY_OK,946688548.4383637,0x18FF1515,1,"FALSE 0 no Error, 1 Error"
BRAKE,946688548.4383637,0x18FF1515,1,"0 1 noBrake, 2 Brake"
VCU_STATE,946688548.4383637,0x18FF1515,1,0
APS_PERC,946688548.4383637,0x18FF1515,1,"2.56 porcentagem pedal, precisão de 2 casas decimais"
VCELL_0,946688548.4627205,0x19B50100,1,2.00 V
VCELL_0,946688548.463278,0x19B50100,1,3.96 V
VCELL_1,946688548.463278,0x19B50100,1,3.95 V
VCELL_2,946688548.463278,0x19B50100,1,3.95 V
VCELL_3,946688548.463278,0x19B50100,1,3.95 V
VCELL_4,946688548.463278,0x19B50100,1,3.95 V
VCELL_5,946688548.463278,0x19B50100,1,3.95 V
VCELL_6,946688548.463278,0x19B50100,1,3.95 V
VCELL_7,946688548.463278,0x19B50100,1,3.95 V
VCELL_8,946688548.4756837,0x19B50101,1,3.95 V
VCELL_9,946688548.4756837,0x19B50101,1,3.95 V
VCELL_10,946688548.4756837,0x19B50101,1,3.95 V
VCELL_11,946688548.4756837,0x19B50101,1,3.95 V
VCELL_12,946688548.4756837,0x19B50101,1,3.95 V
VCELL_13,946688548.4756837,0x19B50101,1,3.95 V
VCELL_14,946688548.4756837,0x19B50101,1,3.95 V
VCELL_15,946688548.4756837,0x19B50101,1,3.95 V
VCELL_16,946688548.4879732,0x19B50102,1,3.95 V
VCELL_17,946688548.4879732,0x19B50102,1,3.95 V
VCELL_18,946688548.4879732,0x19B50102,1,3.95 V
VCELL_19,946688548.4879732,0x19B50102,1,3.95 V
VCELL_20,946688548.4879732,0x19B50102,1,3.95 V
VCELL_21,946688548.4879732,0x19B50102,1,3.97 V
VCELL_22,946688548.4879732,0x19B50102,1,3.95 V
VCELL_23,946688548.4879732,0x19B50102,1,3.95 V
VCELL_24,946688548.5145781,0x19B50103,1,3.95 V
VCELL_25,946688548.5145781,0x19B50103,1,3.96 V
VCELL_26,946688548.5145781,0x19B50103,1,3.95 V
VCELL_27,946688548.5145781,0x19B50103,1,3.95 V
VCELL_28,946688548.5145781,0x19B50103,1,3.97 V
VCELL_29,946688548.5145781,0x19B50103,1,3.95 V
VCELL_30,946688548.5145781,0x19B50103,1,3.95 V
VCELL_31,946688548.5145781,0x19B50103,1,3.95 V
VCELL_32,946688548.5269653,0x19B50104,1,3.94 V
VCELL_33,946688548.5269653,0x19B50104,1,3.95 V
VCELL_34,946688548.5269653,0x19B50104,1,3.95 V
VCELL_35,946688548.5269653,0x19B50104,1,3.95 V
VCELL_36,946688548.5269653,0x19B50104,1,3.95 V
VCELL_37,946688548.5269653,0x19B50104,1,3.95 V
VCELL_38,946688548.5269653,0x19B50104,1,3.95 V
VCELL_39,946688548.5269653,0x19B50104,1,3.95 V
APPS_RANGE_ERROR,946688548.538362,0x18FF1515,1,"FALSE 0 no Error, 1 Error"
SAFETY_OK,946688548.538362,0x18FF1515,1,"FALSE 0 no Error, 1 Error"
BRAKE,946688548.538362,0x18FF1515,1,"0 1 noBrake, 2 Brake"
VCU_STATE,946688548.538362,0x18FF1515,1,0
APS_PERC,946688548.538362,0x18FF1515,1,"2.56 porcentagem pedal, precisão de 2 casas decimais"
VCELL_40,946688548.539446,0x19B50105,1,3.95 V
VCELL_41,946688548.539446,0x19B50105,1,3.95 V
VCELL_42,946688548.539446,0x19B50105,1,3.95 V
VCELL_43,946688548.539446,0x19B50105,1,3.95 V
VCELL_44,946688548.539446,0x19B50105,1,3.95 V
VCELL_45,946688548.539446,0x19B50105,1,3.95 V
VCELL_46,946688548.539446,0x19B50105,1,3.95 V
VCELL_47,946688548.539446,0x19B50105,1,3.95 V
UNDER_VOLTAGE,946688548.550245,0x19B50007,1,FALSE logic
OVER_VOLTAGE,946688548.550245,0x19B50007,1,FALSE logic
DISCHARGE_OVER_CURRENT,946688548.550245,0x19B50007,1,FALSE logic
CHARGE_OVER_CURRENT,946688548.550245,0x19B50007,1,FALSE logic
CELL_MODULE_OVERHEAT,946688548.550245,0x19B50007,1,FALSE logic
LEAKAGE,946688548.550245,0x19B50007,1,FALSE logic
NO_CELL_COMMUNICATION,946688548.550245,0x19B50007,1,FALSE logic
LOW_VOLTAGE_W,946688548.550245,0x19B50007,1,FALSE logic
HIGH_CURRENT_W,946688548.550245,0x19B50007,1,FALSE logic
HIGH_TEMPERATURE_W,946688548.550245,0x19B50007,1,FALSE logic
CELL_OVERHEAT,946688548.550245,0x19B50007,1,FALSE logic
NO_CURRENT_SENSOR,946688548.550245,0x19B50007,1,FALSE logic
PACK_UNDER_VOLTAGE,946688548.550245,0x19B50007,1,FALSE logic
VALIDITY,946688548.550245,0x19B50007,1,39 state
VCELL_48,946688548.5655425,0x19B50106,1,3.95 V
VCELL_49,946688548.5655425,0x19B50106,1,3.95 V
VCELL_50,946688548.5655425,0x19B50106,1,3.95 V
VCELL_51,946688548.5655425,0x19B50106,1,3.95 V
VCELL_52,946688548.5655425,0x19B50106,1,3.95 V
VCELL_53,946688548.5655425,0x19B50106,1,3.95 V
VCELL_54,946688548.5655425,0x19B50106,1,3.95 V
VCELL_55,946688548.5655425,0x19B50106,1,3.95 V
VCELL_56,946688548.5782181,0x19B50107,1,3.95 V
VCELL_57,946688548.5782181,0x19B50107,1,3.95 V
VCELL_58,946688548.5782181,0x19B50107,1,3.95 V
VCELL_59,946688548.5782181,0x19B50107,1,3.95 V
VCELL_60,946688548.5782181,0x19B50107,1,3.95 V
VCELL_61,946688548.5782181,0x19B50107,1,3.95 V
VCELL_62,946688548.5782181,0x19B50107,1,3.95 V
VCELL_63,946688548.5782181,0x19B50107,1,3.95 V
VCELL_64,946688548.6026953,0x19B50108,1,3.92 V
VCELL_65,946688548.6026953,0x19B50108,1,3.94 V
VCELL_66,946688548.6026953,0x19B50108,1,3.95 V
VCELL_67,946688548.6026953,0x19B50108,1,3.95 V
VCELL_68,946688548.6026953,0x19B50108,1,3.96 V
VCELL_69,946688548.6026953,0x19B50108,1,3.96 V
VCELL_70,946688548.6026953,0x19B50108,1,3.94 V
VCELL_71,946688548.6026953,0x19B50108,1,3.95 V
VCELL_72,946688548.6171272,0x19B50109,1,3.97 V
VCELL_73,946688548.6171272,0x19B50109,1,3.95 V
VCELL_74,946688548.6171272,0x19B50109,1,3.95 V
VCELL_75,946688548.6171272,0x19B50109,1,3.96 V
VCELL_76,946688548.6171272,0x19B50109,1,3.94 V
VCELL_77,946688548.6171272,0x19B50109,1,3.95 V
VCELL_78,946688548.6171272,0x19B50109,1,3.95 V
VCELL_79,946688548.6171272,0x19B50109,1,3.95 V
VCELL_80,946688548.6304042,0x19B5010A,1,3.95 V
VCELL_81,946688548.6304042,0x19B5010A,1,3.95 V
VCELL_82,946688548.6304042,0x19B5010A,1,3.95 V
VCELL_83,946688548.6304042,0x19B5010A,1,3.95 V
VCELL_84,946688548.6304042,0x19B5010A,1,3.95 V
VCELL_85,946688548.6304042,0x19B5010A,1,3.95 V
VCELL_86,946688548.6304042,0x19B5010A,1,3.95 V
VCELL_87,946688548.6304042,0x19B5010A,1,3.95 V
APPS_RANGE_ERROR,946688548.6383581,0x18FF1515,1,"FALSE 0 no Error, 1 Error"
SAFETY_OK,946688548.6383581,0x18FF1515,1,"FALSE 0 no Error, 1 Error"
BRAKE,946688548.6383581,0x18FF1515,1,"0 1 noBrake, 2 Brake"
VCU_STATE,946688548.6383581,0x18FF1515,1,0
APS_PERC,946688548.6383581,0x18FF1515,1,"2.56 porcentagem pedal, precisão de 2 casas decimais"
VCELL_88,946688548.643046,0x19B5010B,1,3.95 V
VCELL_89,946688548.643046,0x19B5010B,1,3.95 V
VCELL_90,946688548.643046,0x19B5010B,1,3.95 V
VCELL_91,946688548.643046,0x19B5010B,1,3.98 V
VCELL_92,946688548.643046,0x19B5010B,1,3.97 V
VCELL_93,946688548.643046,0x19B5010B,1,3.95 V
VCELL_94,946688548.643046,0x19B5010B,1,3.95 V
VCELL_95,946688548.643046,0x19B5010B,1,3.95 V
APPS_RANGE_ERROR,946688548.7383536,0x18FF1515,1,"FALSE 0 no Error, 1 Error"
SAFETY_OK,946688548.7383536,0x18FF1515,1,"FALSE 0 no Error, 1 Error"
BRAKE,946688548.7383536,0x18FF1515,1,"0 1 noBrake, 2 Brake"
VCU_STATE,946688548.7383536,0x18FF1515,1,0
APS_PERC,946688548.7383536,0x18FF1515,1,"2.56 porcentagem pedal, precisão de 2 casas decimais"
UNDER_VOLTAGE,946688548.7525765,0x19B50007,1,FALSE logic
OVER_VOLTAGE,946688548.7525765,0x19B50007,1,FALSE logic
DISCHARGE_OVER_CURRENT,946688548.7525765,0x19B50007,1,FALSE logic
CHARGE_OVER_CURRENT,946688548.7525765,0x19B50007,1,FALSE logic
CELL_MODULE_OVERHEAT,946688548.7525765,0x19B50007,1,FALSE logic
LEAKAGE,946688548.7525765,0x19B50007,1,FALSE logic
NO_CELL_COMMUNICATION,946688548.7525765,0x19B50007,1,FALSE logic
LOW_VOLTAGE_W,946688548.7525765,0x19B50007,1,FALSE logic
HIGH_CURRENT_W,946688548.7525765,0x19B50007,1,FALSE logic
HIGH_TEMPERATURE_W,946688548.7525765,0x19B50007,1,FALSE logic
CELL_OVERHEAT,946688548.7525765,0x19B50007,1,FALSE logic
NO_CURRENT_SENSOR,946688548.7525765,0x19B50007,1,FALSE logic
PACK_UNDER_VOLTAGE,946688548.7525765,0x19B50007,1,FALSE logic
VALIDITY,946688548.7525765,0x19B50007,1,39 state
APPS_RANGE_ERROR,946688548.8383538,0x18FF1515,1,"FALSE 0 no Error, 1 Error"
SAFETY_OK,946688548.8383538,0x18FF1515,1,"FALSE 0 no Error, 1 Error"
BRAKE,946688548.8383538,0x18FF1515,1,"0 1 noBrake, 2 Brake"
VCU_STATE,946688548.8383538,0x18FF1515,1,0
APS_PERC,946688548.8383538,0x18FF1515,1,"2.56 porcentagem pedal, precisão de 2 casas decimais"
APPS_RANGE_ERROR,946688548.9383576,0x18FF1515,1,"FALSE 0 no Error, 1 Error"
SAFETY_OK,946688548.9383576,0x18FF1515,1,"FALSE 0 no Error, 1 Error"
BRAKE,946688548.9383576,0x18FF1515,1,"0 1 noBrake, 2 Brake"
VCU_STATE,946688548.9383576,0x18FF1515,1,0
APS_PERC,946688548.9383576,0x18FF1515,1,"2.56 porcentagem pedal, precisão de 2 casas decimais"
UNDER_VOLTAGE,946688548.954861,0x19B50007,1,FALSE logic
OVER_VOLTAGE,946688548.954861,0x19B50007,1,FALSE logic
DISCHARGE_OVER_CURRENT,946688548.954861,0x19B50007,1,FALSE logic
CHARGE_OVER_CURRENT,946688548.954861,0x19B50007,1,FALSE logic
CELL_MODULE_OVERHEAT,946688548.954861,0x19B50007,1,FALSE logic
LEAKAGE,946688548.954861,0x19B50007,1,FALSE logic
NO_CELL_COMMUNICATION,946688548.954861,0x19B50007,1,FALSE logic
LOW_VOLTAGE_W,946688548.954861,0x19B50007,1,FALSE logic
HIGH_CURRENT_W,946688548.954861,0x19B50007,1,FALSE logic
HIGH_TEMPERATURE_W,946688548.954861,0x19B50007,1,FALSE logic
CELL_OVERHEAT,946688548.954861,0x19B50007,1,FALSE logic
NO_CURRENT_SENSOR,946688548.954861,0x19B50007,1,FALSE logic
PACK_UNDER_VOLTAGE,946688548.954861,0x19B50007,1,FALSE logic
VALIDITY,946688548.954861,0x19B50007,1,39 state
APPS_RANGE_ERROR,946688549.0383552,0x18FF1515,1,"FALSE 0 no Error, 1 Error"
SAFETY_OK,946688549.0383552,0x18FF1515,1,"FALSE 0 no Error, 1 Error"
BRAKE,946688549.0383552,0x18FF1515,1,"0 1 noBrake, 2 Brake"
VCU_STATE,946688549.0383552,0x18FF1515,1,0
APS_PERC,946688549.0383552,0x18FF1515,1,"2.56 porcentagem pedal, precisão de 2 casas decimais"
APPS_RANGE_ERROR,946688549.1383523,0x18FF1515,1,"FALSE 0 no Error, 1 Error"
SAFETY_OK,946688549.1383523,0x18FF1515,1,"FALSE 0 no Error, 1 Error"
BRAKE,946688549.1383523,0x18FF1515,1,"0 1 noBrake, 2 Brake"
VCU_STATE,946688549.1383523,0x18FF1515,1,0
APS_PERC,946688549.1383523,0x18FF1515,1,"2.56 porcentagem pedal, precisão de 2 casas decimais"
UNDER_VOLTAGE,946688549.1588374,0x19B50007,1,FALSE logic
OVER_VOLTAGE,946688549.1588374,0x19B50007,1,FALSE logic
DISCHARGE_OVER_CURRENT,946688549.1588374,0x19B50007,1,FALSE logic
CHARGE_OVER_CURRENT,946688549.1588374,0x19B50007,1,FALSE logic
CELL_MODULE_OVERHEAT,946688549.1588374,0x19B50007,1,FALSE logic
LEAKAGE,946688549.1588374,0x19B50007,1,FALSE logic
NO_CELL_COMMUNICATION,946688549.1588374,0x19B50007,1,FALSE logic
LOW_VOLTAGE_W,946688549.1588374,0x19B50007,1,FALSE logic
HIGH_CURRENT_W,946688549.1588374,0x19B50007,1,FALSE logic
HIGH_TEMPERATURE_W,946688549.1588374,0x19B50007,1,FALSE logic
CELL_OVERHEAT,946688549.1588374,0x19B50007,1,FALSE logic
NO_CURRENT_SENSOR,946688549.1588374,0x19B50007,1,FALSE logic
PACK_UNDER_VOLTAGE,946688549.1588374,0x19B50007,1,FALSE logic
VALIDITY,946688549.1588374,0x19B50007,1,39 state
APPS_RANGE_ERROR,946688549.2383484,0x18FF1515,1,"FALSE 0 no Error, 1 Error"
SAFETY_OK,946688549.2383484,0x18FF1515,1,"FALSE 0 no Error, 1 Error"
BRAKE,946688549.2383484,0x18FF1515,1,"0 1 noBrake, 2 Brake"
VCU_STATE,946688549.2383484,0x18FF1515,1,0
APS_PERC,946688549.2383484,0x18FF1515,1,"2.56 porcentagem pedal, precisão de 2 casas decimais"
APPS_RANGE_ERROR,946688549.3383496,0x18FF1515,1,"FALSE 0 no Error, 1 Error"
SAFETY_OK,946688549.3383496,0x18FF1515,1,"FALSE 0 no Error, 1 Error"
BRAKE,946688549.3383496,0x18FF1515,1,"0 1 noBrake, 2 Brake"
VCU_STATE,946688549.3383496,0x18FF1515,1,0
APS_PERC,946688549.3383496,0x18FF1515,1,"2.56 porcentagem pedal, precisão de 2 casas decimais"
UNDER_VOLTAGE,946688549.3525107,0x19B50007,1,FALSE logic
OVER_VOLTAGE,946688549.3525107,0x19B50007,1,FALSE logic
DISCHARGE_OVER_CURRENT,946688549.3525107,0x19B50007,1,FALSE logic
CHARGE_OVER_CURRENT,946688549.3525107,0x19B50007,1,FALSE logic
CELL_MODULE_OVERHEAT,946688549.3525107,0x19B50007,1,FALSE logic
LEAKAGE,946688549.3525107,0x19B50007,1,FALSE logic
NO_CELL_COMMUNICATION,946688549.3525107,0x19B50007,1,FALSE logic
LOW_VOLTAGE_W,946688549.3525107,0x19B50007,1,FALSE logic
HIGH_CURRENT_W,946688549.3525107,0x19B50007,1,FALSE logic
HIGH_TEMPERATURE_W,946688549.3525107,0x19B50007,1,FALSE logic
CELL_OVERHEAT,946688549.3525107,0x19B50007,1,FALSE logic
NO_CURRENT_SENSOR,946688549.3525107,0x19B50007,1,FALSE logic
PACK_UNDER_VOLTAGE,946688549.3525107,0x19B50007,1,FALSE logic
VALIDITY,946688549.3525107,0x19B50007,1,39 state
APPS_RANGE_ERROR,946688549.4383767,0x18FF1515,1,"FALSE 0 no Error, 1 Error"
SAFETY_OK,946688549.4383767,0x18FF1515,1,"FALSE 0 no Error, 1 Error"
BRAKE,946688549.4383767,0x18FF1515,1,"0 1 noBrake, 2 Brake"
VCU_STATE,946688549.4383767,0x18FF1515,1,0
APS_PERC,946688549.4383767,0x18FF1515,1,"2.56 porcentagem pedal, precisão de 2 casas decimais"
APPS_RANGE_ERROR,946688549.5383505,0x18FF1515,1,"FALSE 0 no Error, 1 Error"
SAFETY_OK,946688549.5383505,0x18FF1515,1,"FALSE 0 no Error, 1 Error"
BRAKE,946688549.5383505,0x18FF1515,1,"0 1 noBrake, 2 Brake"
VCU_STATE,946688549.5383505,0x18FF1515,1,0
APS_PERC,946688549.5383505,0x18FF1515,1,"2.56 porcentagem pedal, precisão de 2 casas decimais"
UNDER_VOLTAGE,946688549.5660431,0x19B50007,1,FALSE logic
OVER_VOLTAGE,946688549.5660431,0x19B50007,1,FALSE logic
DISCHARGE_OVER_CURRENT,946688549.5660431,0x19B50007,1,FALSE logic
CHARGE_OVER_CURRENT,946688549.5660431,0x19B50007,1,FALSE logic
CELL_MODULE_OVERHEAT,946688549.5660431,0x19B50007,1,FALSE logic
LEAKAGE,946688549.5660431,0x19B50007,1,FALSE logic
NO_CELL_COMMUNICATION,946688549.5660431,0x19B50007,1,FALSE logic
LOW_VOLTAGE_W,946688549.5660431,0x19B50007,1,FALSE logic
HIGH_CURRENT_W,946688549.5660431,0x19B50007,1,FALSE logic
HIGH_TEMPERATURE_W,946688549.5660431,0x19B50007,1,FALSE logic
CELL_OVERHEAT,946688549.5660431,0x19B50007,1,FALSE logic
NO_CURRENT_SENSOR,946688549.5660431,0x19B50007,1,FALSE logic
PACK_UNDER_VOLTAGE,946688549.5660431,0x19B50007,1,FALSE logic
VALIDITY,946688549.5660431,0x19B50007,1,39 state
APPS_RANGE_ERROR,946688549.6383481,0x18FF1515,1,"FALSE 0 no Error, 1 Error"
SAFETY_OK,946688549.6383481,0x18FF1515,1,"FALSE 0 no Error, 1 Error"
BRAKE,946688549.6383481,0x18FF1515,1,"0 1 noBrake, 2 Brake"
VCU_STATE,946688549.6383481,0x18FF1515,1,0
APS_PERC,946688549.6383481,0x18FF1515,1,"2.56 porcentagem pedal, precisão de 2 casas decimais"
APPS_RANGE_ERROR,946688549.7383525,0x18FF1515,1,"FALSE 0 no Error, 1 Error"
SAFETY_OK,946688549.7383525,0x18FF1515,1,"FALSE 0 no Error, 1 Error"
BRAKE,946688549.7383525,0x18FF1515,1,"0 1 noBrake, 2 Brake"
VCU_STATE,946688549.7383525,0x18FF1515,1,0
APS_PERC,946688549.7383525,0x18FF1515,1,"2.56 porcentagem pedal, precisão de 2 casas decimais"
UNDER_VOLTAGE,946688549.7487354,0x19B50007,1,FALSE logic
OVER_VOLTAGE,946688549.7487354,0x19B50007,1,FALSE logic
DISCHARGE_OVER_CURRENT,946688549.7487354,0x19B50007,1,FALSE logic
CHARGE_OVER_CURRENT,946688549.7487354,0x19B50007,1,FALSE logic
CELL_MODULE_OVERHEAT,946688549.7487354,0x19B50007,1,FALSE logic
LEAKAGE,946688549.7487354,0x19B50007,1,FALSE logic
NO_CELL_COMMUNICATION,946688549.7487354,0x19B50007,1,FALSE logic
LOW_VOLTAGE_W,946688549.7487354,0x19B50007,1,FALSE logic
HIGH_CURRENT_W,946688549.7487354,0x19B50007,1,FALSE logic
HIGH_TEMPERATURE_W,946688549.7487354,0x19B50007,1,FALSE logic
CELL_OVERHEAT,946688549.7487354,0x19B50007,1,FALSE logic
NO_CURRENT_SENSOR,946688549.7487354,0x19B50007,1,FALSE logic
PACK_UNDER_VOLTAGE,946688549.7487354,0x19B50007,1,FALSE logic
VALIDITY,946688549.7487354,0x19B50007,1,39 state
APPS_RANGE_ERROR,946688549.8383487,0x18FF1515,1,"FALSE 0 no Error, 1 Error"
SAFETY_OK,946688549.8383487,0x18FF1515,1,"FALSE 0 no Error, 1 Error"
BRAKE,946688549.8383487,0x18FF1515,1,"0 1 noBrake, 2 Brake"
VCU_STATE,946688549.8383487,0x18FF1515,1,0
APS_PERC,946688549.8383487,0x18FF1515,1,"2.56 porcentagem pedal, precisão de 2 casas decimais"
APPS_RANGE_ERROR,946688549.9383509,0x18FF1515,1,"FALSE 0 no Error, 1 Error"
SAFETY_OK,946688549.9383509,0x18FF1515,1,"FALSE 0 no Error, 1 Error"
BRAKE,946688549.9383509,0x18FF1515,1,"0 1 noBrake, 2 Brake"
VCU_STATE,946688549.9383509,0x18FF1515,1,0
APS_PERC,946688549.9383509,0x18FF1515,1,"2.56 porcentagem pedal, precisão de 2 casas decimais"
UNDER_VOLTAGE,946688549.9481423,0x19B50007,1,FALSE logic
OVER_VOLTAGE,946688549.9481423,0x19B50007,1,FALSE logic
DISCHARGE_OVER_CURRENT,946688549.9481423,0x19B50007,1,FALSE logic
CHARGE_OVER_CURRENT,946688549.9481423,0x19B50007,1,FALSE logic
CELL_MODULE_OVERHEAT,946688549.9481423,0x19B50007,1,FALSE logic
LEAKAGE,946688549.9481423,0x19B50007,1,FALSE logic
NO_CELL_COMMUNICATION,946688549.9481423,0x19B50007,1,FALSE logic
LOW_VOLTAGE_W,946688549.9481423,0x19B50007,1,FALSE logic
HIGH_CURRENT_W,946688549.9481423,0x19B50007,1,FALSE logic
HIGH_TEMPERATURE_W,946688549.9481423,0x19B50007,1,FALSE logic
CELL_OVERHEAT,946688549.9481423,0x19B50007,1,FALSE logic
NO_CURRENT_SENSOR,946688549.9481423,0x19B50007,1,FALSE logic
PACK_UNDER_VOLTAGE,946688549.9481423,0x19B50007,1,FALSE logic
VALIDITY,946688549.9481423,0x19B50007,1,39 state
APPS_RANGE_ERROR,946688550.0383471,0x18FF1515,1,"FALSE 0 no Error, 1 Error"
SAFETY_OK,946688550.0383471,0x18FF1515,1,"FALSE 0 no Error, 1 Error"
BRAKE,946688550.0383471,0x18FF1515,1,"0 1 noBrake, 2 Brake"
VCU_STATE,946688550.0383471,0x18FF1515,1,0
APS_PERC,946688550.0383471,0x18FF1515,1,"2.56 porcentagem pedal, precisão de 2 casas decimais"
APPS_RANGE_ERROR,946688550.1383398,0x18FF1515,1,"FALSE 0 no Error, 1 Error"
SAFETY_OK,946688550.1383398,0x18FF1515,1,"FALSE 0 no Error, 1 Error"
BRAKE,946688550.1383398,0x18FF1515,1,"0 1 noBrake, 2 Brake"
VCU_STATE,946688550.1383398,0x18FF1515,1,0
APS_PERC,946688550.1383398,0x18FF1515,1,"2.56 porcentagem pedal, precisão de 2 casas decimais"
UNDER_VOLTAGE,946688550.1483467,0x19B50007,1,FALSE logic
OVER_VOLTAGE,946688550.1483467,0x19B50007,1,FALSE logic
DISCHARGE_OVER_CURRENT,946688550.1483467,0x19B50007,1,FALSE logic
CHARGE_OVER_CURRENT,946688550.1483467,0x19B50007,1,FALSE logic
CELL_MODULE_OVERHEAT,946688550.1483467,0x19B50007,1,FALSE logic
LEAKAGE,946688550.1483467,0x19B50007,1,FALSE logic
NO_CELL_COMMUNICATION,946688550.1483467,0x19B50007,1,FALSE logic
LOW_VOLTAGE_W,946688550.1483467,0x19B50007,1,FALSE logic
HIGH_CURRENT_W,946688550.1483467,0x19B50007,1,FALSE logic
HIGH_TEMPERATURE_W,946688550.1483467,0x19B50007,1,FALSE logic
CELL_OVERHEAT,946688550.1483467,0x19B50007,1,FALSE logic
NO_CURRENT_SENSOR,946688550.1483467,0x19B50007,1,FALSE logic
PACK_UNDER_VOLTAGE,946688550.1483467,0x19B50007,1,FALSE logic
VALIDITY,946688550.1483467,0x19B50007,1,39 state
APPS_RANGE_ERROR,946688550.2383406,0x18FF1515,1,"FALSE 0 no Error, 1 Error"
SAFETY_OK,946688550.2383406,0x18FF1515,1,"FALSE 0 no Error, 1 Error"
BRAKE,946688550.2383406,0x18FF1515,1,"0 1 noBrake, 2 Brake"
VCU_STATE,946688550.2383406,0x18FF1515,1,0
APS_PERC,946688550.2383406,0x18FF1515,1,"2.56 porcentagem pedal, precisão de 2 casas decimais"
APPS_RANGE_ERROR,946688550.3383392,0x18FF1515,1,"FALSE 0 no Error, 1 Error"
SAFETY_OK,946688550.3383392,0x18FF1515,1,"FALSE 0 no Error, 1 Error"
BRAKE,946688550.3383392,0x18FF1515,1,"0 1 noBrake, 2 Brake"
VCU_STATE,946688550.3383392,0x18FF1515,1,0
APS_PERC,946688550.3383392,0x18FF1515,1,"2.56 porcentagem pedal, precisão de 2 casas decimais"
UNDER_VOLTAGE,946688550.3474094,0x19B50007,1,FALSE logic
OVER_VOLTAGE,946688550.3474094,0x19B50007,1,FALSE logic
DISCHARGE_OVER_CURRENT,946688550.3474094,0x19B50007,1,FALSE logic
CHARGE_OVER_CURRENT,946688550.3474094,0x19B50007,1,FALSE logic
CELL_MODULE_OVERHEAT,946688550.3474094,0x19B50007,1,FALSE logic
LEAKAGE,946688550.3474094,0x19B50007,1,FALSE logic
NO_CELL_COMMUNICATION,946688550.3474094,0x19B50007,1,FALSE logic
LOW_VOLTAGE_W,946688550.3474094,0x19B50007,1,FALSE logic
HIGH_CURRENT_W,946688550.3474094,0x19B50007,1,FALSE logic
HIGH_TEMPERATURE_W,946688550.3474094,0x19B50007,1,FALSE logic
CELL_OVERHEAT,946688550.3474094,0x19B50007,1,FALSE logic
NO_CURRENT_SENSOR,946688550.3474094,0x19B50007,1,FALSE logic
PACK_UNDER_VOLTAGE,946688550.3474094,0x19B50007,1,FALSE logic
VALIDITY,946688550.3474094,0x19B50007,1,39 state
APPS_RANGE_ERROR,946688550.4383501,0x18FF1515,1,"FALSE 0 no Error, 1 Error"
SAFETY_OK,946688550.4383501,0x18FF1515,1,"FALSE 0 no Error, 1 Error"
BRAKE,946688550.4383501,0x18FF1515,1,"0 1 noBrake, 2 Brake"
VCU_STATE,946688550.4383501,0x18FF1515,1,0
APS_PERC,946688550.4383501,0x18FF1515,1,"2.56 porcentagem pedal, precisão de 2 casas decimais"
APPS_RANGE_ERROR,946688550.5383397,0x18FF1515,1,"FALSE 0 no Error, 1 Error"
SAFETY_OK,946688550.5383397,0x18FF1515,1,"FALSE 0 no Error, 1 Error"
BRAKE,946688550.5383397,0x18FF1515,1,"0 1 noBrake, 2 Brake"
VCU_STATE,946688550.5383397,0x18FF1515,1,0
APS_PERC,946688550.5383397,0x18FF1515,1,"2.56 porcentagem pedal, precisão de 2 casas decimais"
UNDER_VOLTAGE,946688550.5457774,0x19B50007,1,FALSE logic
OVER_VOLTAGE,946688550.5457774,0x19B50007,1,FALSE logic
DISCHARGE_OVER_CURRENT,946688550.5457774,0x19B50007,1,FALSE logic
CHARGE_OVER_CURRENT,946688550.5457774,0x19B50007,1,FALSE logic
CELL_MODULE_OVERHEAT,946688550.5457774,0x19B50007,1,FALSE logic
LEAKAGE,946688550.5457774,0x19B50007,1,FALSE logic
NO_CELL_COMMUNICATION,946688550.5457774,0x19B50007,1,FALSE logic
LOW_VOLTAGE_W,946688550.5457774,0x19B50007,1,FALSE logic
HIGH_CURRENT_W,946688550.5457774,0x19B50007,1,FALSE logic
HIGH_TEMPERATURE_W,946688550.5457774,0x19B50007,1,FALSE logic
CELL_OVERHEAT,946688550.5457774,0x19B50007,1,FALSE logic
NO_CURRENT_SENSOR,946688550.5457774,0x19B50007,1,FALSE logic
PACK_UNDER_VOLTAGE,946688550.5457774,0x19B50007,1,FALSE logic
VALIDITY,946688550.5457774,0x19B50007,1,39 state
APPS_RANGE_ERROR,946688550.6383666,0x18FF1515,1,"FALSE 0 no Error, 1 Error"
SAFETY_OK,946688550.6383666,0x18FF1515,1,"FALSE 0 no Error, 1 Error"
BRAKE,946688550.6383666,0x18FF1515,1,"0 1 noBrake, 2 Brake"
VCU_STATE,946688550.6383666,0x18FF1515,1,0
APS_PERC,946688550.6383666,0x18FF1515,1,"2.56 porcentagem pedal, precisão de 2 casas decimais"
APPS_RANGE_ERROR,946688550.7383345,0x18FF1515,1,"FALSE 0 no Error, 1 Error"
SAFETY_OK,946688550.7383345,0x18FF1515,1,"FALSE 0 no Error, 1 Error"
BRAKE,946688550.7383345,0x18FF1515,1,"0 1 noBrake, 2 Brake"
VCU_STATE,946688550.7383345,0x18FF1515,1,0
APS_PERC,946688550.7383345,0x18FF1515,1,"2.56 porcentagem pedal, precisão de 2 casas decimais"
UNDER_VOLTAGE,946688550.7453791,0x19B50007,1,FALSE logic
OVER_VOLTAGE,946688550.7453791,0x19B50007,1,FALSE logic
DISCHARGE_OVER_CURRENT,946688550.7453791,0x19B50007,1,FALSE logic
CHARGE_OVER_CURRENT,946688550.7453791,0x19B50007,1,FALSE logic
CELL_MODULE_OVERHEAT,946688550.7453791,0x19B50007,1,FALSE logic
LEAKAGE,946688550.7453791,0x19B50007,1,FALSE logic
NO_CELL_COMMUNICATION,946688550.7453791,0x19B50007,1,FALSE logic
LOW_VOLTAGE_W,946688550.7453791,0x19B50007,1,FALSE logic
HIGH_CURRENT_W,946688550.7453791,0x19B50007,1,FALSE logic
HIGH_TEMPERATURE_W,946688550.7453791,0x19B50007,1,FALSE logic
CELL_OVERHEAT,946688550.7453791,0x19B50007,1,FALSE logic
NO_CURRENT_SENSOR,946688550.7453791,0x19B50007,1,FALSE logic
PACK_UNDER_VOLTAGE,946688550.7453791,0x19B50007,1,FALSE logic
VALIDITY,946688550.7453791,0x19B50007,1,39 state
APPS_RANGE_ERROR,946688550.8383389,0x18FF1515,1,"FALSE 0 no Error, 1 Error"
SAFETY_OK,946688550.8383389,0x18FF1515,1,"FALSE 0 no Error, 1 Error"
BRAKE,946688550.8383389,0x18FF1515,1,"0 1 noBrake, 2 Brake"
VCU_STATE,946688550.8383389,0x18FF1515,1,0
APS_PERC,946688550.8383389,0x18FF1515,1,"2.56 porcentagem pedal, precisão de 2 casas decimais"
APPS_RANGE_ERROR,946688550.9383397,0x18FF1515,1,"FALSE 0 no Error, 1 Error"
SAFETY_OK,946688550.9383397,0x18FF1515,1,"FALSE 0 no Error, 1 Error"
BRAKE,946688550.9383397,0x18FF1515,1,"0 1 noBrake, 2 Brake"
VCU_STATE,946688550.9383397,0x18FF1515,1,0
APS_PERC,946688550.9383397,0x18FF1515,1,"2.56 porcentagem pedal, precisão de 2 casas decimais"
UNDER_VOLTAGE,946688550.9471413,0x19B50007,1,FALSE logic
OVER_VOLTAGE,946688550.9471413,0x19B50007,1,FALSE logic
DISCHARGE_OVER_CURRENT,946688550.9471413,0x19B50007,1,FALSE logic
CHARGE_OVER_CURRENT,946688550.9471413,0x19B50007,1,FALSE logic
CELL_MODULE_OVERHEAT,946688550.9471413,0x19B50007,1,FALSE logic
LEAKAGE,946688550.9471413,0x19B50007,1,FALSE logic
NO_CELL_COMMUNICATION,946688550.9471413,0x19B50007,1,FALSE logic
LOW_VOLTAGE_W,946688550.9471413,0x19B50007,1,FALSE logic
HIGH_CURRENT_W,946688550.9471413,0x19B50007,1,FALSE logic
HIGH_TEMPERATURE_W,946688550.9471413,0x19B50007,1,FALSE logic
CELL_OVERHEAT,946688550.9471413,0x19B50007,1,FALSE logic
NO_CURRENT_SENSOR,946688550.9471413,0x19B50007,1,FALSE logic
PACK_UNDER_VOLTAGE,946688550.9471413,0x19B50007,1,FALSE logic
VALIDITY,946688550.9471413,0x19B50007,1,39 state
APPS_RANGE_ERROR,946688551.038333,0x18FF1515,1,"FALSE 0 no Error, 1 Error"
SAFETY_OK,946688551.038333,0x18FF1515,1,"FALSE 0 no Error, 1 Error"
BRAKE,946688551.038333,0x18FF1515,1,"0 1 noBrake, 2 Brake"
VCU_STATE,946688551.038333,0x18FF1515,1,0
APS_PERC,946688551.038333,0x18FF1515,1,"2.56 porcentagem pedal, precisão de 2 casas decimais"
APPS_RANGE_ERROR,946688551.1383318,0x18FF1515,1,"FALSE 0 no Error, 1 Error"
SAFETY_OK,946688551.1383318,0x18FF1515,1,"FALSE 0 no Error, 1 Error"
BRAKE,946688551.1383318,0x18FF1515,1,"0 1 noBrake, 2 Brake"
VCU_STATE,946688551.1383318,0x18FF1515,1,0
APS_PERC,946688551.1383318,0x18FF1515,1,"2.56 porcentagem pedal, precisão de 2 casas decimais"
UNDER_VOLTAGE,946688551.1511905,0x19B50007,1,FALSE logic
OVER_VOLTAGE,946688551.1511905,0x19B50007,1,FALSE logic
DISCHARGE_OVER_CURRENT,946688551.1511905,0x19B50007,1,FALSE logic
CHARGE_OVER_CURRENT,946688551.1511905,0x19B50007,1,FALSE logic
CELL_MODULE_OVERHEAT,946688551.1511905,0x19B50007,1,FALSE logic
LEAKAGE,946688551.1511905,0x19B50007,1,FALSE logic
NO_CELL_COMMUNICATION,946688551.1511905,0x19B50007,1,FALSE logic
LOW_VOLTAGE_W,946688551.1511905,0x19B50007,1,FALSE logic
HIGH_CURRENT_W,946688551.1511905,0x19B50007,1,FALSE logic
HIGH_TEMPERATURE_W,946688551.1511905,0x19B50007,1,FALSE logic
CELL_OVERHEAT,946688551.1511905,0x19B50007,1,FALSE logic
NO_CURRENT_SENSOR,946688551.1511905,0x19B50007,1,FALSE logic
PACK_UNDER_VOLTAGE,946688551.1511905,0x19B50007,1,FALSE logic
VALIDITY,946688551.1511905,0x19B50007,1,39 state
APPS_RANGE_ERROR,946688551.2383308,0x18FF1515,1,"FALSE 0 no Error, 1 Error"
SAFETY_OK,946688551.2383308,0x18FF1515,1,"FALSE 0 no Error, 1 Error"
BRAKE,946688551.2383308,0x18FF1515,1,"0 1 noBrake, 2 Brake"
VCU_STATE,946688551.2383308,0x18FF1515,1,0
APS_PERC,946688551.2383308,0x18FF1515,1,"2.56 porcentagem pedal, precisão de 2 casas decimais"
APPS_RANGE_ERROR,946688551.3383626,0x18FF1515,1,"FALSE 0 no Error, 1 Error"
SAFETY_OK,946688551.3383626,0x18FF1515,1,"FALSE 0 no Error, 1 Error"
BRAKE,946688551.3383626,0x18FF1515,1,"0 1 noBrake, 2 Brake"
VCU_STATE,946688551.3383626,0x18FF1515,1,0
APS_PERC,946688551.3383626,0x18FF1515,1,"2.56 porcentagem pedal, precisão de 2 casas decimais"
UNDER_VOLTAGE,946688551.349861,0x19B50007,1,FALSE logic
OVER_VOLTAGE,946688551.349861,0x19B50007,1,FALSE logic
DISCHARGE_OVER_CURRENT,946688551.349861,0x19B50007,1,FALSE logic
CHARGE_OVER_CURRENT,946688551.349861,0x19B50007,1,FALSE logic
CELL_MODULE_OVERHEAT,946688551.349861,0x19B50007,1,FALSE logic
LEAKAGE,946688551.349861,0x19B50007,1,FALSE logic
NO_CELL_COMMUNICATION,946688551.349861,0x19B50007,1,FALSE logic
LOW_VOLTAGE_W,946688551.349861,0x19B50007,1,FALSE logic
HIGH_CURRENT_W,946688551.349861,0x19B50007,1,FALSE logic
HIGH_TEMPERATURE_W,946688551.349861,0x19B50007,1,FALSE logic
CELL_OVERHEAT,946688551.349861,0x19B50007,1,FALSE logic
NO_CURRENT_SENSOR,946688551.349861,0x19B50007,1,FALSE logic
PACK_UNDER_VOLTAGE,946688551.349861,0x19B50007,1,FALSE logic
VALIDITY,946688551.349861,0x19B50007,1,39 state
APPS_RANGE_ERROR,946688551.4383361,0x18FF1515,1,"FALSE 0 no Error, 1 Error"
SAFETY_OK,946688551.4383361,0x18FF1515,1,"FALSE 0 no Error, 1 Error"
BRAKE,946688551.4383361,0x18FF1515,1,"0 1 noBrake, 2 Brake"
VCU_STATE,946688551.4383361,0x18FF1515,1,0
APS_PERC,946688551.4383361,0x18FF1515,1,"2.56 porcentagem pedal, precisão de 2 casas decimais"
APPS_RANGE_ERROR,946688551.538371,0x18FF1515,1,"FALSE 0 no Error, 1 Error"
SAFETY_OK,946688551.538371,0x18FF1515,1,"FALSE 0 no Error, 1 Error"
BRAKE,946688551.538371,0x18FF1515,1,"0 1 noBrake, 2 Brake"
VCU_STATE,946688551.538371,0x18FF1515,1,0
APS_PERC,946688551.538371,0x18FF1515,1,"2.56 porcentagem pedal, precisão de 2 casas decimais"
UNDER_VOLTAGE,946688551.5441031,0x19B50007,1,FALSE logic
OVER_VOLTAGE,946688551.5441031,0x19B50007,1,FALSE logic
DISCHARGE_OVER_CURRENT,946688551.5441031,0x19B50007,1,FALSE logic
CHARGE_OVER_CURRENT,946688551.5441031,0x19B50007,1,FALSE logic
CELL_MODULE_OVERHEAT,946688551.5441031,0x19B50007,1,FALSE logic
LEAKAGE,946688551.5441031,0x19B50007,1,FALSE logic
NO_CELL_COMMUNICATION,946688551.5441031,0x19B50007,1,FALSE logic
LOW_VOLTAGE_W,946688551.5441031,0x19B50007,1,FALSE logic
HIGH_CURRENT_W,946688551.5441031,0x19B50007,1,FALSE logic
HIGH_TEMPERATURE_W,946688551.5441031,0x19B50007,1,FALSE logic
CELL_OVERHEAT,946688551.5441031,0x19B50007,1,FALSE logic
NO_CURRENT_SENSOR,946688551.5441031,0x19B50007,1,FALSE logic
PACK_UNDER_VOLTAGE,946688551.5441031,0x19B50007,1,FALSE logic
VALIDITY,946688551.5441031,0x19B50007,1,39 state
TCELL_0,946688551.6378173,0x19B50800,1,-100.00 °C
APPS_RANGE_ERROR,946688551.6383605,0x18FF1515,1,"FALSE 0 no Error, 1 Error"
SAFETY_OK,946688551.6383605,0x18FF1515,1,"FALSE 0 no Error, 1 Error"
BRAKE,946688551.6383605,0x18FF1515,1,"0 1 noBrake, 2 Brake"
VCU_STATE,946688551.6383605,0x18FF1515,1,0
APS_PERC,946688551.6383605,0x18FF1515,1,"2.56 porcentagem pedal, precisão de 2 casas decimais"
TCELL_0,946688551.6386243,0x19B50800,1,28.00 °C
TCELL_1,946688551.6386243,0x19B50800,1,28.00 °C
TCELL_2,946688551.6386243,0x19B50800,1,28.00 °C
TCELL_3,946688551.6386243,0x19B50800,1,28.00 °C
TCELL_4,946688551.6386243,0x19B50800,1,28.00 °C
TCELL_5,946688551.6386243,0x19B50800,1,155.00 °C
TCELL_6,946688551.6386243,0x19B50800,1,155.00 °C
TCELL_7,946688551.6386243,0x19B50800,1,155.00 °C
TCELL_8,946688551.6621815,0x19B50801,1,155.00 °C
TCELL_9,946688551.6621815,0x19B50801,1,155.00 °C
TCELL_10,946688551.6621815,0x19B50801,1,155.00 °C
TCELL_11,946688551.6621815,0x19B50801,1,155.00 °C
TCELL_12,946688551.6621815,0x19B50801,1,155.00 °C
TCELL_13,946688551.6621815,0x19B50801,1,155.00 °C
TCELL_14,946688551.6621815,0x19B50801,1,155.00 °C
TCELL_15,946688551.6621815,0x19B50801,1,155.00 °C
TCELL_16,946688551.6744697,0x19B50802,1,28.00 °C
TCELL_17,946688551.6744697,0x19B50802,1,28.00 °C
TCELL_18,946688551.6744697,0x19B50802,1,28.00 °C
TCELL_19,946688551.6744697,0x19B50802,1,29.00 °C
TCELL_20,946688551.6744697,0x19B50802,1,28.00 °C
TCELL_21,946688551.6744697,0x19B50802,1,155.00 °C
TCELL_22,946688551.6744697,0x19B50802,1,155.00 °C
TCELL_23,946688551.6744697,0x19B50802,1,155.00 °C
TCELL_24,946688551.6879736,0x19B50803,1,155.00 °C
TCELL_25,946688551.6879736,0x19B50803,1,155.00 °C
TCELL_26,946688551.6879736,0x19B50803,1,155.00 °C
TCELL_27,946688551.6879736,0x19B50803,1,155.00 °C
TCELL_28,946688551.6879736,0x19B50803,1,155.00 °C
TCELL_29,946688551.6879736,0x19B50803,1,155.00 °C
TCELL_30,946688551.6879736,0x19B50803,1,155.00 °C
TCELL_31,946688551.6879736,0x19B50803,1,155.00 °C
APPS_RANGE_ERROR,946688551.7383273,0x18FF1515,1,"FALSE 0 no Error, 1 Error"
SAFETY_OK,946688551.7383273,0x18FF1515,1,"FALSE 0 no Error, 1 Error"
BRAKE,946688551.7383273,0x18FF1515,1,"0 1 noBrake, 2 Brake"
VCU_STATE,946688551.7383273,0x18FF1515,1,0
APS_PERC,946688551.7383273,0x18FF1515,1,"2.56 porcentagem pedal, precisão de 2 casas decimais"
UNDER_VOLTAGE,946688551.7458452,0x19B50007,1,FALSE logic
OVER_VOLTAGE,946688551.7458452,0x19B50007,1,FALSE logic
DISCHARGE_OVER_CURRENT,946688551.7458452,0x19B50007,1,FALSE logic
CHARGE_OVER_CURRENT,946688551.7458452,0x19B50007,1,FALSE logic
CELL_MODULE_OVERHEAT,946688551.7458452,0x19B50007,1,FALSE logic
LEAKAGE,946688551.7458452,0x19B50007,1,FALSE logic
NO_CELL_COMMUNICATION,946688551.7458452,0x19B50007,1,FALSE logic
LOW_VOLTAGE_W,946688551.7458452,0x19B50007,1,FALSE logic
HIGH_CURRENT_W,946688551.7458452,0x19B50007,1,FALSE logic
HIGH_TEMPERATURE_W,946688551.7458452,0x19B50007,1,FALSE logic
CELL_OVERHEAT,946688551.7458452,0x19B50007,1,FALSE logic
NO_CURRENT_SENSOR,946688551.7458452,0x19B50007,1,FALSE logic
PACK_UNDER_VOLTAGE,946688551.7458452,0x19B50007,1,FALSE logic
VALIDITY,946688551.7458452,0x19B50007,1,39 state
APPS_RANGE_ERROR,946688551.8383312,0x18FF1515,1,"FALSE 0 no Error, 1 Error"
SAFETY_OK,946688551.8383312,0x18FF1515,1,"FALSE 0 no Error, 1 Error"
BRAKE,946688551.8383312,0x18FF1515,1,"0 1 noBrake, 2 Brake"
VCU_STATE,946688551.8383312,0x18FF1515,1,0
APS_PERC,946688551.8383312,0x18FF1515,1,"2.56 porcentagem pedal, precisão de 2 casas decimais"
APPS_RANGE_ERROR,946688551.9383296,0x18FF1515,1,"FALSE 0 no Error, 1 Error"
SAFETY_OK,946688551.9383296,0x18FF1515,1,"FALSE 0 no Error, 1 Error"
BRAKE,946688551.9383296,0x18FF1515,1,"0 1 noBrake, 2 Brake"
VCU_STATE,946688551.9383296,0x18FF1515,1,0
APS_PERC,946688551.9383296,0x18FF1515,1,"2.56 porcentagem pedal, precisão de 2 casas decimais"
UNDER_VOLTAGE,946688551.9433459,0x19B50007,1,FALSE logic
OVER_VOLTAGE,946688551.9433459,0x19B50007,1,FALSE logic
DISCHARGE_OVER_CURRENT,946688551.9433459,0x19B50007,1,FALSE logic
CHARGE_OVER_CURRENT,946688551.9433459,0x19B50007,1,FALSE logic
CELL_MODULE_OVERHEAT,946688551.9433459,0x19B50007,1,FALSE logic
LEAKAGE,946688551.9433459,0x19B50007,1,FALSE logic
NO_CELL_COMMUNICATION,946688551.9433459,0x19B50007,1,FALSE logic
LOW_VOLTAGE_W,946688551.9433459,0x19B50007,1,FALSE logic
HIGH_CURRENT_W,946688551.9433459,0x19B50007,1,FALSE logic
HIGH_TEMPERATURE_W,946688551.9433459,0x19B50007,1,FALSE logic
CELL_OVERHEAT,946688551.9433459,0x19B50007,1,FALSE logic
NO_CURRENT_SENSOR,946688551.9433459,0x19B50007,1,FALSE logic
PACK_UNDER_VOLTAGE,946688551.9433459,0x19B50007,1,FALSE logic
VALIDITY,946688551.9433459,0x19B50007,1,39 state
APPS_RANGE_ERROR,946688552.0383226,0x18FF1515,1,"FALSE 0 no Error, 1 Error"
SAFETY_OK,946688552.0383226,0x18FF1515,1,"FALSE 0 no Error, 1 Error"
BRAKE,946688552.0383226,0x18FF1515,1,"0 1 noBrake, 2 Brake"
VCU_STATE,946688552.0383226,0x18FF1515,1,0
APS_PERC,946688552.0383226,0x18FF1515,1,"2.56 porcentagem pedal, precisão de 2 casas decimais"
VCELL_0,946688552.1361282,0x19B50100,1,2.00 V
VCELL_0,946688552.1371564,0x19B50100,1,3.96 V
VCELL_1,946688552.1371564,0x19B50100,1,3.95 V
VCELL_2,946688552.1371564,0x19B50100,1,3.95 V
VCELL_3,946688552.1371564,0x19B50100,1,3.95 V
VCELL_4,946688552.1371564,0x19B50100,1,3.95 V
VCELL_5,946688552.1371564,0x19B50100,1,3.95 V
VCELL_6,946688552.1371564,0x19B50100,1,3.95 V
VCELL_7,946688552.1371564,0x19B50100,1,3.95 V
APPS_RANGE_ERROR,946688552.137452,0x18FF1515,1,"FALSE 0 no Error, 1 Error"
SAFETY_OK,946688552.137452,0x18FF1515,1,"FALSE 0 no Error, 1 Error"
BRAKE,946688552.137452,0x18FF1515,1,"0 1 noBrake, 2 Brake"
VCU_STATE,946688552.137452,0x18FF1515,1,0
APS_PERC,946688552.137452,0x18FF1515,1,"2.56 porcentagem pedal, precisão de 2 casas decimais"
UNDER_VOLTAGE,946688552.1482524,0x19B50007,1,FALSE logic
OVER_VOLTAGE,946688552.1482524,0x19B50007,1,FALSE logic
DISCHARGE_OVER_CURRENT,946688552.1482524,0x19B50007,1,FALSE logic
CHARGE_OVER_CURRENT,946688552.1482524,0x19B50007,1,FALSE logic
CELL_MODULE_OVERHEAT,946688552.1482524,0x19B50007,1,FALSE logic
LEAKAGE,946688552.1482524,0x19B50007,1,FALSE logic
NO_CELL_COMMUNICATION,946688552.1482524,0x19B50007,1,FALSE logic
LOW_VOLTAGE_W,946688552.1482524,0x19B50007,1,FALSE logic
HIGH_CURRENT_W,946688552.1482524,0x19B50007,1,FALSE logic
HIGH_TEMPERATURE_W,946688552.1482524,0x19B50007,1,FALSE logic
CELL_OVERHEAT,946688552.1482524,0x19B50007,1,FALSE logic
NO_CURRENT_SENSOR,946688552.1482524,0x19B50007,1,FALSE logic
PACK_UNDER_VOLTAGE,946688552.1482524,0x19B50007,1,FALSE logic
VALIDITY,946688552.1482524,0x19B50007,1,39 state
VCELL_8,946688552.1620631,0x19B50101,1,3.95 V
VCELL_9,946688552.1620631,0x19B50101,1,3.95 V
VCELL_10,946688552.1620631,0x19B50101,1,3.95 V
VCELL_11,946688552.1620631,0x19B50101,1,3.95 V
VCELL_12,946688552.1620631,0x19B50101,1,3.95 V
VCELL_13,946688552.1620631,0x19B50101,1,3.95 V
VCELL_14,946688552.1620631,0x19B50101,1,3.95 V
VCELL_15,946688552.1620631,0x19B50101,1,3.95 V
VCELL_16,946688552.1752192,0x19B50102,1,3.95 V
VCELL_17,946688552.1752192,0x19B50102,1,3.95 V
VCELL_18,946688552.1752192,0x19B50102,1,3.95 V
VCELL_19,946688552.1752192,0x19B50102,1,3.95 V
VCELL_20,946688552.1752192,0x19B50102,1,3.95 V
VCELL_21,946688552.1752192,0x19B50102,1,3.97 V
VCELL_22,946688552.1752192,0x19B50102,1,3.95 V
VCELL_23,946688552.1752192,0x19B50102,1,3.95 V
VCELL_24,946688552.1899148,0x19B50103,1,3.95 V
VCELL_25,946688552.1899148,0x19B50103,1,3.96 V
VCELL_26,946688552.1899148,0x19B50103,1,3.95 V
VCELL_27,946688552.1899148,0x19B50103,1,3.95 V
VCELL_28,946688552.1899148,0x19B50103,1,3.97 V
VCELL_29,946688552.1899148,0x19B50103,1,3.95 V
VCELL_30,946688552.1899148,0x19B50103,1,3.95 V
VCELL_31,946688552.1899148,0x19B50103,1,3.95 V
VCELL_32,946688552.213315,0x19B50104,1,3.94 V
VCELL_33,946688552.213315,0x19B50104,1,3.95 V
VCELL_34,946688552.213315,0x19B50104,1,3.95 V
VCELL_35,946688552.213315,0x19B50104,1,3.95 V
VCELL_36,946688552.213315,0x19B50104,1,3.95 V
VCELL_37,946688552.213315,0x19B50104,1,3.95 V
VCELL_38,946688552.213315,0x19B50104,1,3.95 V
VCELL_39,946688552.213315,0x19B50104,1,3.95 V
VCELL_40,946688552.2267485,0x19B50105,1,3.95 V
VCELL_41,946688552.2267485,0x19B50105,1,3.95 V
VCELL_42,946688552.2267485,0x19B50105,1,3.95 V
VCELL_43,946688552.2267485,0x19B50105,1,3.95 V
VCELL_44,946688552.2267485,0x19B50105,1,3.95 V
VCELL_45,946688552.2267485,0x19B50105,1,3.95 V
VCELL_46,946688552.2267485,0x19B50105,1,3.95 V
VCELL_47,946688552.2267485,0x19B50105,1,3.95 V
APPS_RANGE_ERROR,946688552.237328,0x18FF1515,1,"FALSE 0 no Error, 1 Error"
SAFETY_OK,946688552.237328,0x18FF1515,1,"FALSE 0 no Error, 1 Error"
BRAKE,946688552.237328,0x18FF1515,1,"0 1 noBrake, 2 Brake"
VCU_STATE,946688552.237328,0x18FF1515,1,0
APS_PERC,946688552.237328,0x18FF1515,1,"2.56 porcentagem pedal, precisão de 2 casas decimais"
VCELL_48,946688552.2395873,0x19B50106,1,3.95 V
VCELL_49,946688552.2395873,0x19B50106,1,3.95 V
VCELL_50,946688552.2395873,0x19B50106,1,3.95 V
VCELL_51,946688552.2395873,0x19B50106,1,3.95 V
VCELL_52,946688552.2395873,0x19B50106,1,3.95 V
VCELL_53,946688552.2395873,0x19B50106,1,3.95 V
VCELL_54,946688552.2395873,0x19B50106,1,3.95 V
VCELL_55,946688552.2395873,0x19B50106,1,3.95 V
VCELL_56,946688552.2524974,0x19B50107,1,3.95 V
VCELL_57,946688552.2524974,0x19B50107,1,3.95 V
VCELL_58,946688552.2524974,0x19B50107,1,3.95 V
VCELL_59,946688552.2524974,0x19B50107,1,3.95 V
VCELL_60,946688552.2524974,0x19B50107,1,3.95 V
VCELL_61,946688552.2524974,0x19B50107,1,3.95 V
VCELL_62,946688552.2524974,0x19B50107,1,3.95 V
VCELL_63,946688552.2524974,0x19B50107,1,3.95 V
VCELL_64,946688552.26583,0x19B50108,1,3.92 V
VCELL_65,946688552.26583,0x19B50108,1,3.94 V
VCELL_66,946688552.26583,0x19B50108,1,3.95 V
VCELL_67,946688552.26583,0x19B50108,1,3.95 V
VCELL_68,946688552.26583,0x19B50108,1,3.96 V
VCELL_69,946688552.26583,0x19B50108,1,3.96 V
VCELL_70,946688552.26583,0x19B50108,1,3.94 V
VCELL_71,946688552.26583,0x19B50108,1,3.95 V
VCELL_72,946688552.2894298,0x19B50109,1,3.97 V
VCELL_73,946688552.2894298,0x19B50109,1,3.95 V
VCELL_74,946688552.2894298,0x19B50109,1,3.95 V
VCELL_75,946688552.2894298,0x19B50109,1,3.96 V
VCELL_76,946688552.2894298,0x19B50109,1,3.94 V
VCELL_77,946688552.2894298,0x19B50109,1,3.95 V
VCELL_78,946688552.2894298,0x19B50109,1,3.95 V
VCELL_79,946688552.2894298,0x19B50109,1,3.95 V
VCELL_80,946688552.3047562,0x19B5010A,1,3.95 V
VCELL_81,946688552.3047562,0x19B5010A,1,3.95 V
VCELL_82,946688552.3047562,0x19B5010A,1,3.95 V
VCELL_83,946688552.3047562,0x19B5010A,1,3.95 V
VCELL_84,946688552.3047562,0x19B5010A,1,3.95 V
VCELL_85,946688552.3047562,0x19B5010A,1,3.95 V
VCELL_86,946688552.3047562,0x19B5010A,1,3.95 V
VCELL_87,946688552.3047562,0x19B5010A,1,3.95 V
VCELL_88,946688552.3170242,0x19B5010B,1,3.95 V
VCELL_89,946688552.3170242,0x19B5010B,1,3.95 V
VCELL_90,946688552.3170242,0x19B5010B,1,3.95 V
VCELL_91,946688552.3170242,0x19B5010B,1,3.98 V
VCELL_92,946688552.3170242,0x19B5010B,1,3.97 V
VCELL_93,946688552.3170242,0x19B5010B,1,3.95 V
VCELL_94,946688552.3170242,0x19B5010B,1,3.95 V
VCELL_95,946688552.3170242,0x19B5010B,1,3.95 V
APPS_RANGE_ERROR,946688552.3373251,0x18FF1515,1,"FALSE 0 no Error, 1 Error"
SAFETY_OK,946688552.3373251,0x18FF1515,1,"FALSE 0 no Error, 1 Error"
BRAKE,946688552.3373251,0x18FF1515,1,"0 1 noBrake, 2 Brake"
VCU_STATE,946688552.3373251,0x18FF1515,1,0
APS_PERC,946688552.3373251,0x18FF1515,1,"2.56 porcentagem pedal, precisão de 2 casas decimais"
UNDER_VOLTAGE,946688552.3454286,0x19B50007,1,FALSE logic
OVER_VOLTAGE,946688552.3454286,0x19B50007,1,FALSE logic
DISCHARGE_OVER_CURRENT,946688552.3454286,0x19B50007,1,FALSE logic
CHARGE_OVER_CURRENT,946688552.3454286,0x19B50007,1,FALSE logic
CELL_MODULE_OVERHEAT,946688552.3454286,0x19B50007,1,FALSE logic
LEAKAGE,946688552.3454286,0x19B50007,1,FALSE logic
NO_CELL_COMMUNICATION,946688552.3454286,0x19B50007,1,FALSE logic
LOW_VOLTAGE_W,946688552.3454286,0x19B50007,1,FALSE logic
HIGH_CURRENT_W,946688552.3454286,0x19B50007,1,FALSE logic
HIGH_TEMPERATURE_W,946688552.3454286,0x19B50007,1,FALSE logic
CELL_OVERHEAT,946688552.3454286,0x19B50007,1,FALSE logic
NO_CURRENT_SENSOR,946688552.3454286,0x19B50007,1,FALSE logic
PACK_UNDER_VOLTAGE,946688552.3454286,0x19B50007,1,FALSE logic
VALIDITY,946688552.3454286,0x19B50007,1,39 state
APPS_RANGE_ERROR,946688552.4373202,0x18FF1515,1,"FALSE 0 no Error, 1 Error"
SAFETY_OK,946688552.4373202,0x18FF1515,1,"FALSE 0 no Error, 1 Error"
BRAKE,946688552.4373202,0x18FF1515,1,"0 1 noBrake, 2 Brake"
VCU_STATE,946688552.4373202,0x18FF1515,1,0
APS_PERC,946688552.4373202,0x18FF1515,1,"2.56 porcentagem pedal, precisão de 2 casas decimais"
APPS_RANGE_ERROR,946688552.5373241,0x18FF1515,1,"FALSE 0 no Error, 1 Error"
SAFETY_OK,946688552.5373241,0x18FF1515,1,"FALSE 0 no Error, 1 Error"
BRAKE,946688552.5373241,0x18FF1515,1,"0 1 noBrake, 2 Brake"
VCU_STATE,946688552.5373241,0x18FF1515,1,0
APS_PERC,946688552.5373241,0x18FF1515,1,"2.56 porcentagem pedal, precisão de 2 casas decimais"
UNDER_VOLTAGE,946688552.5452307,0x19B50007,1,FALSE logic
OVER_VOLTAGE,946688552.5452307,0x19B50007,1,FALSE logic
DISCHARGE_OVER_CURRENT,946688552.5452307,0x19B50007,1,FALSE logic
CHARGE_OVER_CURRENT,946688552.5452307,0x19B50007,1,FALSE logic
CELL_MODULE_OVERHEAT,946688552.5452307,0x19B50007,1,FALSE logic
LEAKAGE,946688552.5452307,0x19B50007,1,FALSE logic
NO_CELL_COMMUNICATION,946688552.5452307,0x19B50007,1,FALSE logic
LOW_VOLTAGE_W,946688552.5452307,0x19B50007,1,FALSE logic
HIGH_CURRENT_W,946688552.5452307,0x19B50007,1,FALSE logic
HIGH_TEMPERATURE_W,946688552.5452307,0x19B50007,1,FALSE logic
CELL_OVERHEAT,946688552.5452307,0x19B50007,1,FALSE logic
NO_CURRENT_SENSOR,946688552.5452307,0x19B50007,1,FALSE logic
PACK_UNDER_VOLTAGE,946688552.5452307,0x19B50007,1,FALSE logic
VALIDITY,946688552.5452307,0x19B50007,1,39 state
APPS_RANGE_ERROR,946688552.6373174,0x18FF1515,1,"FALSE 0 no Error, 1 Error"
SAFETY_OK,946688552.6373174,0x18FF1515,1,"FALSE 0 no Error, 1 Error"
BRAKE,946688552.6373174,0x18FF1515,1,"0 1 noBrake, 2 Brake"
VCU_STATE,946688552.6373174,0x18FF1515,1,0
APS_PERC,946688552.6373174,0x18FF1515,1,"2.56 porcentagem pedal, precisão de 2 casas decimais"
APPS_RANGE_ERROR,946688552.7373217,0x18FF1515,1,"FALSE 0 no Error, 1 Error"
SAFETY_OK,946688552.7373217,0x18FF1515,1,"FALSE 0 no Error, 1 Error"
BRAKE,946688552.7373217,0x18FF1515,1,"0 1 noBrake, 2 Brake"
VCU_STATE,946688552.7373217,0x18FF1515,1,0
APS_PERC,946688552.7373217,0x18FF1515,1,"2.56 porcentagem pedal, precisão de 2 casas decimais"
UNDER_VOLTAGE,946688552.7488905,0x19B50007,1,FALSE logic
OVER_VOLTAGE,946688552.7488905,0x19B50007,1,FALSE logic
DISCHARGE_OVER_CURRENT,946688552.7488905,0x19B50007,1,FALSE logic
CHARGE_OVER_CURRENT,946688552.7488905,0x19B50007,1,FALSE logic
CELL_MODULE_OVERHEAT,946688552.7488905,0x19B50007,1,FALSE logic
LEAKAGE,946688552.7488905,0x19B50007,1,FALSE logic
NO_CELL_COMMUNICATION,946688552.7488905,0x19B50007,1,FALSE logic
LOW_VOLTAGE_W,946688552.7488905,0x19B50007,1,FALSE logic
HIGH_CURRENT_W,946688552.7488905,0x19B50007,1,FALSE logic
HIGH_TEMPERATURE_W,946688552.7488905,0x19B50007,1,FALSE logic
CELL_OVERHEAT,946688552.7488905,0x19B50007,1,FALSE logic
NO_CURRENT_SENSOR,946688552.7488905,0x19B50007,1,FALSE logic
PACK_UNDER_VOLTAGE,946688552.7488905,0x19B50007,1,FALSE logic
VALIDITY,946688552.7488905,0x19B50007,1,39 state
APPS_RANGE_ERROR,946688552.8373172,0x18FF1515,1,"FALSE 0 no Error, 1 Error"
SAFETY_OK,946688552.8373172,0x18FF1515,1,"FALSE 0 no Error, 1 Error"
BRAKE,946688552.8373172,0x18FF1515,1,"0 1 noBrake, 2 Brake"
VCU_STATE,946688552.8373172,0x18FF1515,1,0
APS_PERC,946688552.8373172,0x18FF1515,1,"2.56 porcentagem pedal, precisão de 2 casas decimais"
APPS_RANGE_ERROR,946688552.9373181,0x18FF1515,1,"FALSE 0 no Error, 1 Error"
SAFETY_OK,946688552.9373181,0x18FF1515,1,"FALSE 0 no Error, 1 Error"
BRAKE,946688552.9373181,0x18FF1515,1,"0 1 noBrake, 2 Brake"
VCU_STATE,946688552.9373181,0x18FF1515,1,0
APS_PERC,946688552.9373181,0x18FF1515,1,"2.56 porcentagem pedal, precisão de 2 casas decimais"
UNDER_VOLTAGE,946688552.9458202,0x19B50007,1,FALSE logic
OVER_VOLTAGE,946688552.9458202,0x19B50007,1,FALSE logic
DISCHARGE_OVER_CURRENT,946688552.9458202,0x19B50007,1,FALSE logic
CHARGE_OVER_CURRENT,946688552.9458202,0x19B50007,1,FALSE logic
CELL_MODULE_OVERHEAT,946688552.9458202,0x19B50007,1,FALSE logic
LEAKAGE,946688552.9458202,0x19B50007,1,FALSE logic
NO_CELL_COMMUNICATION,946688552.9458202,0x19B50007,1,FALSE logic
LOW_VOLTAGE_W,946688552.9458202,0x19B50007,1,FALSE logic
HIGH_CURRENT_W,946688552.9458202,0x19B50007,1,FALSE logic
HIGH_TEMPERATURE_W,946688552.9458202,0x19B50007,1,FALSE logic
CELL_OVERHEAT,946688552.9458202,0x19B50007,1,FALSE logic
NO_CURRENT_SENSOR,946688552.9458202,0x19B50007,1,FALSE logic
PACK_UNDER_VOLTAGE,946688552.9458202,0x19B50007,1,FALSE logic
VALIDITY,946688552.9458202,0x19B50007,1,39 state
APPS_RANGE_ERROR,946688553.0373133,0x18FF1515,1,"FALSE 0 no Error, 1 Error"
SAFETY_OK,946688553.0373133,0x18FF1515,1,"FALSE 0 no Error, 1 Error"
BRAKE,946688553.0373133,0x18FF1515,1,"0 1 noBrake, 2 Brake"
VCU_STATE,946688553.0373133,0x18FF1515,1,0
APS_PERC,946688553.0373133,0x18FF1515,1,"2.56 porcentagem pedal, precisão de 2 casas decimais"
APPS_RANGE_ERROR,946688553.1373144,0x18FF1515,1,"FALSE 0 no Error, 1 Error"
SAFETY_OK,946688553.1373144,0x18FF1515,1,"FALSE 0 no Error, 1 Error"
BRAKE,946688553.1373144,0x18FF1515,1,"0 1 noBrake, 2 Brake"
VCU_STATE,946688553.1373144,0x18FF1515,1,0
APS_PERC,946688553.1373144,0x18FF1515,1,"2.56 porcentagem pedal, precisão de 2 casas decimais"
UNDER_VOLTAGE,946688553.1503621,0x19B50007,1,FALSE logic
OVER_VOLTAGE,946688553.1503621,0x19B50007,1,FALSE logic
DISCHARGE_OVER_CURRENT,946688553.1503621,0x19B50007,1,FALSE logic
CHARGE_OVER_CURRENT,946688553.1503621,0x19B50007,1,FALSE logic
CELL_MODULE_OVERHEAT,946688553.1503621,0x19B50007,1,FALSE logic
LEAKAGE,946688553.1503621,0x19B50007,1,FALSE logic
NO_CELL_COMMUNICATION,946688553.1503621,0x19B50007,1,FALSE logic
LOW_VOLTAGE_W,946688553.1503621,0x19B50007,1,FALSE logic
HIGH_CURRENT_W,946688553.1503621,0x19B50007,1,FALSE logic
HIGH_TEMPERATURE_W,946688553.1503621,0x19B50007,1,FALSE logic
CELL_OVERHEAT,946688553.1503621,0x19B50007,1,FALSE logic
NO_CURRENT_SENSOR,946688553.1503621,0x19B50007,1,FALSE logic
PACK_UNDER_VOLTAGE,946688553.1503621,0x19B50007,1,FALSE logic
VALIDITY,946688553.1503621,0x19B50007,1,39 state
APPS_RANGE_ERROR,946688553.2373177,0x18FF1515,1,"FALSE 0 no Error, 1 Error"
SAFETY_OK,946688553.2373177,0x18FF1515,1,"FALSE 0 no Error, 1 Error"
BRAKE,946688553.2373177,0x18FF1515,1,"0 1 noBrake, 2 Brake"
VCU_STATE,946688553.2373177,0x18FF1515,1,0
APS_PERC,946688553.2373177,0x18FF1515,1,"2.56 porcentagem pedal, precisão de 2 casas decimais"
APPS_RANGE_ERROR,946688553.337315,0x18FF1515,1,"FALSE 0 no Error, 1 Error"
SAFETY_OK,946688553.337315,0x18FF1515,1,"FALSE 0 no Error, 1 Error"
BRAKE,946688553.337315,0x18FF1515,1,"0 1 noBrake, 2 Brake"
VCU_STATE,946688553.337315,0x18FF1515,1,0
APS_PERC,946688553.337315,0x18FF1515,1,"2.56 porcentagem pedal, precisão de 2 casas decimais"
UNDER_VOLTAGE,946688553.3449227,0x19B50007,1,FALSE logic
OVER_VOLTAGE,946688553.3449227,0x19B50007,1,FALSE logic
DISCHARGE_OVER_CURRENT,946688553.3449227,0x19B50007,1,FALSE logic
CHARGE_OVER_CURRENT,946688553.3449227,0x19B50007,1,FALSE logic
CELL_MODULE_OVERHEAT,946688553.3449227,0x19B50007,1,FALSE logic
LEAKAGE,946688553.3449227,0x19B50007,1,FALSE logic
NO_CELL_COMMUNICATION,946688553.3449227,0x19B50007,1,FALSE logic
LOW_VOLTAGE_W,946688553.3449227,0x19B50007,1,FALSE logic
HIGH_CURRENT_W,946688553.3449227,0x19B50007,1,FALSE logic
HIGH_TEMPERATURE_W,946688553.3449227,0x19B50007,1,FALSE logic
CELL_OVERHEAT,946688553.3449227,0x19B50007,1,FALSE logic
NO_CURRENT_SENSOR,946688553.3449227,0x19B50007,1,FALSE logic
PACK_UNDER_VOLTAGE,946688553.3449227,0x19B50007,1,FALSE logic
VALIDITY,946688553.3449227,0x19B50007,1,39 state
APPS_RANGE_ERROR,946688553.4373126,0x18FF1515,1,"FALSE 0 no Error, 1 Error"
SAFETY_OK,946688553.4373126,0x18FF1515,1,"FALSE 0 no Error, 1 Error"
BRAKE,946688553.4373126,0x18FF1515,1,"0 1 noBrake, 2 Brake"
VCU_STATE,946688553.4373126,0x18FF1515,1,0
APS_PERC,946688553.4373126,0x18FF1515,1,"2.56 porcentagem pedal, precisão de 2 casas decimais"
TCELL_0,946688553.5335258,0x19B50800,1,-100.00 °C
TCELL_0,946688553.5345972,0x19B50800,1,28.00 °C
TCELL_1,946688553.5345972,0x19B50800,1,28.00 °C
TCELL_2,946688553.5345972,0x19B50800,1,28.00 °C
TCELL_3,946688553.5345972,0x19B50800,1,28.00 °C
TCELL_4,946688553.5345972,0x19B50800,1,28.00 °C
TCELL_5,946688553.5345972,0x19B50800,1,155.00 °C
TCELL_6,946688553.5345972,0x19B50800,1,155.00 °C
TCELL_7,946688553.5345972,0x19B50800,1,155.00 °C
APPS_RANGE_ERROR,946688553.5373087,0x18FF1515,1,"FALSE 0 no Error, 1 Error"
SAFETY_OK,946688553.5373087,0x18FF1515,1,"FALSE 0 no Error, 1 Error"
BRAKE,946688553.5373087,0x18FF1515,1,"0 1 noBrake, 2 Brake"
VCU_STATE,946688553.5373087,0x18FF1515,1,0
APS_PERC,946688553.5373087,0x18FF1515,1,"2.56 porcentagem pedal, precisão de 2 casas decimais"
UNDER_VOLTAGE,946688553.544622,0x19B50007,1,FALSE logic
OVER_VOLTAGE,946688553.544622,0x19B50007,1,FALSE logic
DISCHARGE_OVER_CURRENT,946688553.544622,0x19B50007,1,FALSE logic
CHARGE_OVER_CURRENT,946688553.544622,0x19B50007,1,FALSE logic
CELL_MODULE_OVERHEAT,946688553.544622,0x19B50007,1,FALSE logic
LEAKAGE,946688553.544622,0x19B50007,1,FALSE logic
NO_CELL_COMMUNICATION,946688553.544622,0x19B50007,1,FALSE logic
LOW_VOLTAGE_W,946688553.544622,0x19B50007,1,FALSE logic
HIGH_CURRENT_W,946688553.544622,0x19B50007,1,FALSE logic
HIGH_TEMPERATURE_W,946688553.544622,0x19B50007,1,FALSE logic
CELL_OVERHEAT,946688553.544622,0x19B50007,1,FALSE logic
NO_CURRENT_SENSOR,946688553.544622,0x19B50007,1,FALSE logic
PACK_UNDER_VOLTAGE,946688553.544622,0x19B50007,1,FALSE logic
VALIDITY,946688553.544622,0x19B50007,1,39 state
TCELL_8,946688553.5594136,0x19B50801,1,155.00 °C
TCELL_9,946688553.5594136,0x19B50801,1,155.00 °C
TCELL_10,946688553.5594136,0x19B50801,1,155.00 °C
TCELL_11,946688553.5594136,0x19B50801,1,155.00 °C
TCELL_12,946688553.5594136,0x19B50801,1,155.00 °C
TCELL_13,946688553.5594136,0x19B50801,1,155.00 °C
TCELL_14,946688553.5594136,0x19B50801,1,155.00 °C
TCELL_15,946688553.5594136,0x19B50801,1,155.00 °C
TCELL_16,946688553.572622,0x19B50802,1,28.00 °C
TCELL_17,946688553.572622,0x19B50802,1,28.00 °C
TCELL_18,946688553.572622,0x19B50802,1,28.00 °C
TCELL_19,946688553.572622,0x19B50802,1,29.00 °C
TCELL_20,946688553.572622,0x19B50802,1,28.00 °C
TCELL_21,946688553.572622,0x19B50802,1,155.00 °C
TCELL_22,946688553.572622,0x19B50802,1,155.00 °C
TCELL_23,946688553.572622,0x19B50802,1,155.00 °C
TCELL_24,946688553.5962162,0x19B50803,1,155.00 °C
TCELL_25,946688553.5962162,0x19B50803,1,155.00 °C
TCELL_26,946688553.5962162,0x19B50803,1,155.00 °C
TCELL_27,946688553.5962162,0x19B50803,1,155.00 °C
TCELL_28,946688553.5962162,0x19B50803,1,155.00 °C
TCELL_29,946688553.5962162,0x19B50803,1,155.00 °C
TCELL_30,946688553.5962162,0x19B50803,1,155.00 °C
TCELL_31,946688553.5962162,0x19B50803,1,155.00 °C
APPS_RANGE_ERROR,946688553.638307,0x18FF1515,1,"FALSE 0 no Error, 1 Error"
SAFETY_OK,946688553.638307,0x18FF1515,1,"FALSE 0 no Error, 1 Error"
BRAKE,946688553.638307,0x18FF1515,1,"0 1 noBrake, 2 Brake"
VCU_STATE,946688553.638307,0x18FF1515,1,0
APS_PERC,946688553.638307,0x18FF1515,1,"2.56 porcentagem pedal, precisão de 2 casas decimais"
APPS_RANGE_ERROR,946688553.7373075,0x18FF1515,1,"FALSE 0 no Error, 1 Error"
SAFETY_OK,946688553.7373075,0x18FF1515,1,"FALSE 0 no Error, 1 Error"
BRAKE,946688553.7373075,0x18FF1515,1,"0 1 noBrake, 2 Brake"
VCU_STATE,946688553.7373075,0x18FF1515,1,0
APS_PERC,946688553.7373075,0x18FF1515,1,"2.56 porcentagem pedal, precisão de 2 casas decimais"
UNDER_VOLTAGE,946688553.7406064,0x19B50007,1,FALSE logic
OVER_VOLTAGE,946688553.7406064,0x19B50007,1,FALSE logic
DISCHARGE_OVER_CURRENT,946688553.7406064,0x19B50007,1,FALSE logic
CHARGE_OVER_CURRENT,946688553.7406064,0x19B50007,1,FALSE logic
CELL_MODULE_OVERHEAT,946688553.7406064,0x19B50007,1,FALSE logic
LEAKAGE,946688553.7406064,0x19B50007,1,FALSE logic
NO_CELL_COMMUNICATION,946688553.7406064,0x19B50007,1,FALSE logic
LOW_VOLTAGE_W,946688553.7406064,0x19B50007,1,FALSE logic
HIGH_CURRENT_W,946688553.7406064,0x19B50007,1,FALSE logic
HIGH_TEMPERATURE_W,946688553.7406064,0x19B50007,1,FALSE logic
CELL_OVERHEAT,946688553.7406064,0x19B50007,1,FALSE logic
NO_CURRENT_SENSOR,946688553.7406064,0x19B50007,1,FALSE logic
PACK_UNDER_VOLTAGE,946688553.7406064,0x19B50007,1,FALSE logic
VALIDITY,946688553.7406064,0x19B50007,1,39 state
APPS_RANGE_ERROR,946688553.8373083,0x18FF1515,1,"FALSE 0 no Error, 1 Error"
SAFETY_OK,946688553.8373083,0x18FF1515,1,"FALSE 0 no Error, 1 Error"
BRAKE,946688553.8373083,0x18FF1515,1,"0 1 noBrake, 2 Brake"
VCU_STATE,946688553.8373083,0x18FF1515,1,0
APS_PERC,946688553.8373083,0x18FF1515,1,"2.56 porcentagem pedal, precisão de 2 casas decimais"
APPS_RANGE_ERROR,946688553.9373055,0x18FF1515,1,"FALSE 0 no Error, 1 Error"
SAFETY_OK,946688553.9373055,0x18FF1515,1,"FALSE 0 no Error, 1 Error"
BRAKE,946688553.9373055,0x18FF1515,1,"0 1 noBrake, 2 Brake"
VCU_STATE,946688553.9373055,0x18FF1515,1,0
APS_PERC,946688553.9373055,0x18FF1515,1,"2.56 porcentagem pedal, precisão de 2 casas decimais"
UNDER_VOLTAGE,946688553.9399267,0x19B50007,1,FALSE logic
OVER_VOLTAGE,946688553.9399267,0x19B50007,1,FALSE logic
DISCHARGE_OVER_CURRENT,946688553.9399267,0x19B50007,1,FALSE logic
CHARGE_OVER_CURRENT,946688553.9399267,0x19B50007,1,FALSE logic
CELL_MODULE_OVERHEAT,946688553.9399267,0x19B50007,1,FALSE logic
LEAKAGE,946688553.9399267,0x19B50007,1,FALSE logic
NO_CELL_COMMUNICATION,946688553.9399267,0x19B50007,1,FALSE logic
LOW_VOLTAGE_W,946688553.9399267,0x19B50007,1,FALSE logic
HIGH_CURRENT_W,946688553.9399267,0x19B50007,1,FALSE logic
HIGH_TEMPERATURE_W,946688553.9399267,0x19B50007,1,FALSE logic
CELL_OVERHEAT,946688553.9399267,0x19B50007,1,FALSE logic
NO_CURRENT_SENSOR,946688553.9399267,0x19B50007,1,FALSE logic
PACK_UNDER_VOLTAGE,946688553.9399267,0x19B50007,1,FALSE logic
VALIDITY,946688553.9399267,0x19B50007,1,39 state
VCELL_0,946688554.0133867,0x19B50100,1,2.00 V
VCELL_0,946688554.0139469,0x19B50100,1,3.96 V
VCELL_1,946688554.0139469,0x19B50100,1,3.95 V
VCELL_2,946688554.0139469,0x19B50100,1,3.95 V
VCELL_3,946688554.0139469,0x19B50100,1,3.95 V
VCELL_4,946688554.0139469,0x19B50100,1,3.95 V
VCELL_5,946688554.0139469,0x19B50100,1,3.95 V
VCELL_6,946688554.0139469,0x19B50100,1,3.95 V
VCELL_7,946688554.0139469,0x19B50100,1,3.95 V
VCELL_8,946688554.0263333,0x19B50101,1,3.95 V
VCELL_9,946688554.0263333,0x19B50101,1,3.95 V
VCELL_10,946688554.0263333,0x19B50101,1,3.95 V
VCELL_11,946688554.0263333,0x19B50101,1,3.95 V
VCELL_12,946688554.0263333,0x19B50101,1,3.95 V
VCELL_13,946688554.0263333,0x19B50101,1,3.95 V
VCELL_14,946688554.0263333,0x19B50101,1,3.95 V
VCELL_15,946688554.0263333,0x19B50101,1,3.95 V
APPS_RANGE_ERROR,946688554.0373054,0x18FF1515,1,"FALSE 0 no Error, 1 Error"
SAFETY_OK,946688554.0373054,0x18FF1515,1,"FALSE 0 no Error, 1 Error"
BRAKE,946688554.0373054,0x18FF1515,1,"0 1 noBrake, 2 Brake"
VCU_STATE,946688554.0373054,0x18FF1515,1,0
APS_PERC,946688554.0373054,0x18FF1515,1,"2.56 porcentagem pedal, precisão de 2 casas decimais"
VCELL_16,946688554.0393791,0x19B50102,1,3.95 V
VCELL_17,946688554.0393791,0x19B50102,1,3.95 V
VCELL_18,946688554.0393791,0x19B50102,1,3.95 V
VCELL_19,946688554.0393791,0x19B50102,1,3.95 V
VCELL_20,946688554.0393791,0x19B50102,1,3.95 V
VCELL_21,946688554.0393791,0x19B50102,1,3.97 V
VCELL_22,946688554.0393791,0x19B50102,1,3.95 V
VCELL_23,946688554.0393791,0x19B50102,1,3.95 V
VCELL_24,946688554.0823158,0x19B50103,1,3.95 V
VCELL_25,946688554.0823158,0x19B50103,1,3.96 V
VCELL_26,946688554.0823158,0x19B50103,1,3.95 V
VCELL_27,946688554.0823158,0x19B50103,1,3.95 V
VCELL_28,946688554.0823158,0x19B50103,1,3.97 V
VCELL_29,946688554.0823158,0x19B50103,1,3.95 V
VCELL_30,946688554.0823158,0x19B50103,1,3.95 V
VCELL_31,946688554.0823158,0x19B50103,1,3.95 V
VCELL_32,946688554.0975412,0x19B50104,1,3.94 V
VCELL_33,946688554.0975412,0x19B50104,1,3.95 V
VCELL_34,946688554.0975412,0x19B50104,1,3.95 V
VCELL_35,946688554.0975412,0x19B50104,1,3.95 V
VCELL_36,946688554.0975412,0x19B50104,1,3.95 V
VCELL_37,946688554.0975412,0x19B50104,1,3.95 V
VCELL_38,946688554.0975412,0x19B50104,1,3.95 V
VCELL_39,946688554.0975412,0x19B50104,1,3.95 V
VCELL_40,946688554.1120492,0x19B50105,1,3.95 V
VCELL_41,946688554.1120492,0x19B50105,1,3.95 V
VCELL_42,946688554.1120492,0x19B50105,1,3.95 V
VCELL_43,946688554.1120492,0x19B50105,1,3.95 V
VCELL_44,946688554.1120492,0x19B50105,1,3.95 V
VCELL_45,946688554.1120492,0x19B50105,1,3.95 V
VCELL_46,946688554.1120492,0x19B50105,1,3.95 V
VCELL_47,946688554.1120492,0x19B50105,1,3.95 V
VCELL_48,946688554.1259975,0x19B50106,1,3.95 V
VCELL_49,946688554.1259975,0x19B50106,1,3.95 V
VCELL_50,946688554.1259975,0x19B50106,1,3.95 V
VCELL_51,946688554.1259975,0x19B50106,1,3.95 V
VCELL_52,946688554.1259975,0x19B50106,1,3.95 V
VCELL_53,946688554.1259975,0x19B50106,1,3.95 V
VCELL_54,946688554.1259975,0x19B50106,1,3.95 V
VCELL_55,946688554.1259975,0x19B50106,1,3.95 V
APPS_RANGE_ERROR,946688554.1373076,0x18FF1515,1,"FALSE 0 no Error, 1 Error"
SAFETY_OK,946688554.1373076,0x18FF1515,1,"FALSE 0 no Error, 1 Error"
BRAKE,946688554.1373076,0x18FF1515,1,"0 1 noBrake, 2 Brake"
VCU_STATE,946688554.1373076,0x18FF1515,1,0
APS_PERC,946688554.1373076,0x18FF1515,1,"2.56 porcentagem pedal, precisão de 2 casas decimais"
VCELL_56,946688554.1408771,0x19B50107,1,3.95 V
VCELL_57,946688554.1408771,0x19B50107,1,3.95 V
VCELL_58,946688554.1408771,0x19B50107,1,3.95 V
VCELL_59,946688554.1408771,0x19B50107,1,3.95 V
VCELL_60,946688554.1408771,0x19B50107,1,3.95 V
VCELL_61,946688554.1408771,0x19B50107,1,3.95 V
VCELL_62,946688554.1408771,0x19B50107,1,3.95 V
VCELL_63,946688554.1408771,0x19B50107,1,3.95 V
UNDER_VOLTAGE,946688554.1521294,0x19B50007,1,FALSE logic
OVER_VOLTAGE,946688554.1521294,0x19B50007,1,FALSE logic
DISCHARGE_OVER_CURRENT,946688554.1521294,0x19B50007,1,FALSE logic
CHARGE_OVER_CURRENT,946688554.1521294,0x19B50007,1,FALSE logic
CELL_MODULE_OVERHEAT,946688554.1521294,0x19B50007,1,FALSE logic
LEAKAGE,946688554.1521294,0x19B50007,1,FALSE logic
NO_CELL_COMMUNICATION,946688554.1521294,0x19B50007,1,FALSE logic
LOW_VOLTAGE_W,946688554.1521294,0x19B50007,1,FALSE logic
HIGH_CURRENT_W,946688554.1521294,0x19B50007,1,FALSE logic
HIGH_TEMPERATURE_W,946688554.1521294,0x19B50007,1,FALSE logic
CELL_OVERHEAT,946688554.1521294,0x19B50007,1,FALSE logic
NO_CURRENT_SENSOR,946688554.1521294,0x19B50007,1,FALSE logic
PACK_UNDER_VOLTAGE,946688554.1521294,0x19B50007,1,FALSE logic
VALIDITY,946688554.1521294,0x19B50007,1,39 state
VCELL_64,946688554.1707153,0x19B50108,1,3.92 V
VCELL_65,946688554.1707153,0x19B50108,1,3.94 V
VCELL_66,946688554.1707153,0x19B50108,1,3.95 V
VCELL_67,946688554.1707153,0x19B50108,1,3.95 V
VCELL_68,946688554.1707153,0x19B50108,1,3.96 V
VCELL_69,946688554.1707153,0x19B50108,1,3.96 V
VCELL_70,946688554.1707153,0x19B50108,1,3.94 V
VCELL_71,946688554.1707153,0x19B50108,1,3.95 V
VCELL_72,946688554.1987547,0x19B50109,1,3.97 V
VCELL_73,946688554.1987547,0x19B50109,1,3.95 V
VCELL_74,946688554.1987547,0x19B50109,1,3.95 V
VCELL_75,946688554.1987547,0x19B50109,1,3.96 V
VCELL_76,946688554.1987547,0x19B50109,1,3.94 V
VCELL_77,946688554.1987547,0x19B50109,1,3.95 V
VCELL_78,946688554.1987547,0x19B50109,1,3.95 V
VCELL_79,946688554.1987547,0x19B50109,1,3.95 V
APPS_RANGE_ERROR,946688554.2373043,0x18FF1515,1,"FALSE 0 no Error, 1 Error"
SAFETY_OK,946688554.2373043,0x18FF1515,1,"FALSE 0 no Error, 1 Error"
BRAKE,946688554.2373043,0x18FF1515,1,"0 1 noBrake, 2 Brake"
VCU_STATE,946688554.2373043,0x18FF1515,1,0
APS_PERC,946688554.2373043,0x18FF1515,1,"2.56 porcentagem pedal, precisão de 2 casas decimais"
APPS_RANGE_ERROR,946688554.3372983,0x18FF1515,1,"FALSE 0 no Error, 1 Error"
SAFETY_OK,946688554.3372983,0x18FF1515,1,"FALSE 0 no Error, 1 Error"
BRAKE,946688554.3372983,0x18FF1515,1,"0 1 noBrake, 2 Brake"
VCU_STATE,946688554.3372983,0x18FF1515,1,0
APS_PERC,946688554.3372983,0x18FF1515,1,"2.56 porcentagem pedal, precisão de 2 casas decimais"
UNDER_VOLTAGE,946688554.3399309,0x19B50007,1,FALSE logic
OVER_VOLTAGE,946688554.3399309,0x19B50007,1,FALSE logic
DISCHARGE_OVER_CURRENT,946688554.3399309,0x19B50007,1,FALSE logic
CHARGE_OVER_CURRENT,946688554.3399309,0x19B50007,1,FALSE logic
CELL_MODULE_OVERHEAT,946688554.3399309,0x19B50007,1,FALSE logic
LEAKAGE,946688554.3399309,0x19B50007,1,FALSE logic
NO_CELL_COMMUNICATION,946688554.3399309,0x19B50007,1,FALSE logic
LOW_VOLTAGE_W,946688554.3399309,0x19B50007,1,FALSE logic
HIGH_CURRENT_W,946688554.3399309,0x19B50007,1,FALSE logic
HIGH_TEMPERATURE_W,946688554.3399309,0x19B50007,1,FALSE logic
CELL_OVERHEAT,946688554.3399309,0x19B50007,1,FALSE logic
NO_CURRENT_SENSOR,946688554.3399309,0x19B50007,1,FALSE logic
PACK_UNDER_VOLTAGE,946688554.3399309,0x19B50007,1,FALSE logic
VALIDITY,946688554.3399309,0x19B50007,1,39 state
APPS_RANGE_ERROR,946688554.4372991,0x18FF1515,1,"FALSE 0 no Error, 1 Error"
SAFETY_OK,946688554.4372991,0x18FF1515,1,"FALSE 0 no Error, 1 Error"
BRAKE,946688554.4372991,0x18FF1515,1,"0 1 noBrake, 2 Brake"
VCU_STATE,946688554.4372991,0x18FF1515,1,0
APS_PERC,946688554.4372991,0x18FF1515,1,"2.56 porcentagem pedal, precisão de 2 casas decimais"
VCELL_80,946688554.4921633,0x19B5010A,1,3.95 V
VCELL_81,946688554.4921633,0x19B5010A,1,3.95 V
VCELL_82,946688554.4921633,0x19B5010A,1,3.95 V
VCELL_83,946688554.4921633,0x19B5010A,1,3.95 V
VCELL_84,946688554.4921633,0x19B5010A,1,3.95 V
VCELL_85,946688554.4921633,0x19B5010A,1,3.95 V
VCELL_86,946688554.4921633,0x19B5010A,1,3.95 V
VCELL_87,946688554.4921633,0x19B5010A,1,3.95 V
VCELL_88,946688554.5047731,0x19B5010B,1,3.95 V
VCELL_89,946688554.5047731,0x19B5010B,1,3.95 V
VCELL_90,946688554.5047731,0x19B5010B,1,3.95 V
VCELL_91,946688554.5047731,0x19B5010B,1,3.98 V
VCELL_92,946688554.5047731,0x19B5010B,1,3.97 V
VCELL_93,946688554.5047731,0x19B5010B,1,3.95 V
VCELL_94,946688554.5047731,0x19B5010B,1,3.95 V
VCELL_95,946688554.5047731,0x19B5010B,1,3.95 V
APPS_RANGE_ERROR,946688554.5372959,0x18FF1515,1,"FALSE 0 no Error, 1 Error"
SAFETY_OK,946688554.5372959,0x18FF1515,1,"FALSE 0 no Error, 1 Error"
BRAKE,946688554.5372959,0x18FF1515,1,"0 1 noBrake, 2 Brake"
VCU_STATE,946688554.5372959,0x18FF1515,1,0
APS_PERC,946688554.5372959,0x18FF1515,1,"2.56 porcentagem pedal, precisão de 2 casas decimais"
UNDER_VOLTAGE,946688554.5413435,0x19B50007,1,FALSE logic
OVER_VOLTAGE,946688554.5413435,0x19B50007,1,FALSE logic
DISCHARGE_OVER_CURRENT,946688554.5413435,0x19B50007,1,FALSE logic
CHARGE_OVER_CURRENT,946688554.5413435,0x19B50007,1,FALSE logic
CELL_MODULE_OVERHEAT,946688554.5413435,0x19B50007,1,FALSE logic
LEAKAGE,946688554.5413435,0x19B50007,1,FALSE logic
NO_CELL_COMMUNICATION,946688554.5413435,0x19B50007,1,FALSE logic
LOW_VOLTAGE_W,946688554.5413435,0x19B50007,1,FALSE logic
HIGH_CURRENT_W,946688554.5413435,0x19B50007,1,FALSE logic
HIGH_TEMPERATURE_W,946688554.5413435,0x19B50007,1,FALSE logic
CELL_OVERHEAT,946688554.5413435,0x19B50007,1,FALSE logic
NO_CURRENT_SENSOR,946688554.5413435,0x19B50007,1,FALSE logic
PACK_UNDER_VOLTAGE,946688554.5413435,0x19B50007,1,FALSE logic
VALIDITY,946688554.5413435,0x19B50007,1,39 state
APPS_RANGE_ERROR,946688554.6373008,0x18FF1515,1,"FALSE 0 no Error, 1 Error"
SAFETY_OK,946688554.6373008,0x18FF1515,1,"FALSE 0 no Error, 1 Error"
BRAKE,946688554.6373008,0x18FF1515,1,"0 1 noBrake, 2 Brake"
VCU_STATE,946688554.6373008,0x18FF1515,1,0
APS_PERC,946688554.6373008,0x18FF1515,1,"2.56 porcentagem pedal, precisão de 2 casas decimais"
APPS_RANGE_ERROR,946688554.7373029,0x18FF1515,1,"FALSE 0 no Error, 1 Error"
SAFETY_OK,946688554.7373029,0x18FF1515,1,"FALSE 0 no Error, 1 Error"
BRAKE,946688554.7373029,0x18FF1515,1,"0 1 noBrake, 2 Brake"
VCU_STATE,946688554.7373029,0x18FF1515,1,0
APS_PERC,946688554.7373029,0x18FF1515,1,"2.56 porcentagem pedal, precisão de 2 casas decimais"
UNDER_VOLTAGE,946688554.7415717,0x19B50007,1,FALSE logic
OVER_VOLTAGE,946688554.7415717,0x19B50007,1,FALSE logic
DISCHARGE_OVER_CURRENT,946688554.7415717,0x19B50007,1,FALSE logic
CHARGE_OVER_CURRENT,946688554.7415717,0x19B50007,1,FALSE logic
CELL_MODULE_OVERHEAT,946688554.7415717,0x19B50007,1,FALSE logic
LEAKAGE,946688554.7415717,0x19B50007,1,FALSE logic
NO_CELL_COMMUNICATION,946688554.7415717,0x19B50007,1,FALSE logic
LOW_VOLTAGE_W,946688554.7415717,0x19B50007,1,FALSE logic
HIGH_CURRENT_W,946688554.7415717,0x19B50007,1,FALSE logic
HIGH_TEMPERATURE_W,946688554.7415717,0x19B50007,1,FALSE logic
CELL_OVERHEAT,946688554.7415717,0x19B50007,1,FALSE logic
NO_CURRENT_SENSOR,946688554.7415717,0x19B50007,1,FALSE logic
PACK_UNDER_VOLTAGE,946688554.7415717,0x19B50007,1,FALSE logic
VALIDITY,946688554.7415717,0x19B50007,1,39 state
APPS_RANGE_ERROR,946688554.8373052,0x18FF1515,1,"FALSE 0 no Error, 1 Error"
SAFETY_OK,946688554.8373052,0x18FF1515,1,"FALSE 0 no Error, 1 Error"
BRAKE,946688554.8373052,0x18FF1515,1,"0 1 noBrake, 2 Brake"
VCU_STATE,946688554.8373052,0x18FF1515,1,0
APS_PERC,946688554.8373052,0x18FF1515,1,"2.56 porcentagem pedal, precisão de 2 casas decimais"
APPS_RANGE_ERROR,946688554.937301,0x18FF1515,1,"FALSE 0 no Error, 1 Error"
SAFETY_OK,946688554.937301,0x18FF1515,1,"FALSE 0 no Error, 1 Error"
BRAKE,946688554.937301,0x18FF1515,1,"0 1 noBrake, 2 Brake"
VCU_STATE,946688554.937301,0x18FF1515,1,0
APS_PERC,946688554.937301,0x18FF1515,1,"2.56 porcentagem pedal, precisão de 2 casas decimais"
UNDER_VOLTAGE,946688554.9400835,0x19B50007,1,FALSE logic
OVER_VOLTAGE,946688554.9400835,0x19B50007,1,FALSE logic
DISCHARGE_OVER_CURRENT,946688554.9400835,0x19B50007,1,FALSE logic
CHARGE_OVER_CURRENT,946688554.9400835,0x19B50007,1,FALSE logic
CELL_MODULE_OVERHEAT,946688554.9400835,0x19B50007,1,FALSE logic
LEAKAGE,946688554.9400835,0x19B50007,1,FALSE logic
NO_CELL_COMMUNICATION,946688554.9400835,0x19B50007,1,FALSE logic
LOW_VOLTAGE_W,946688554.9400835,0x19B50007,1,FALSE logic
HIGH_CURRENT_W,946688554.9400835,0x19B50007,1,FALSE logic
HIGH_TEMPERATURE_W,946688554.9400835,0x19B50007,1,FALSE logic
CELL_OVERHEAT,946688554.9400835,0x19B50007,1,FALSE logic
NO_CURRENT_SENSOR,946688554.9400835,0x19B50007,1,FALSE logic
PACK_UNDER_VOLTAGE,946688554.9400835,0x19B50007,1,FALSE logic
VALIDITY,946688554.9400835,0x19B50007,1,39 state
APPS_RANGE_ERROR,946688555.0373201,0x18FF1515,1,"FALSE 0 no Error, 1 Error"
SAFETY_OK,946688555.0373201,0x18FF1515,1,"FALSE 0 no Error, 1 Error"
BRAKE,946688555.0373201,0x18FF1515,1,"0 1 noBrake, 2 Brake"
VCU_STATE,946688555.0373201,0x18FF1515,1,0
APS_PERC,946688555.0373201,0x18FF1515,1,"2.56 porcentagem pedal, precisão de 2 casas decimais"
APPS_RANGE_ERROR,946688555.1372963,0x18FF1515,1,"FALSE 0 no Error, 1 Error"
SAFETY_OK,946688555.1372963,0x18FF1515,1,"FALSE 0 no Error, 1 Error"
BRAKE,946688555.1372963,0x18FF1515,1,"0 1 noBrake, 2 Brake"
VCU_STATE,946688555.1372963,0x18FF1515,1,0
APS_PERC,946688555.1372963,0x18FF1515,1,"2.56 porcentagem pedal, precisão de 2 casas decimais"
UNDER_VOLTAGE,946688555.1502165,0x19B50007,1,FALSE logic
OVER_VOLTAGE,946688555.1502165,0x19B50007,1,FALSE logic
DISCHARGE_OVER_CURRENT,946688555.1502165,0x19B50007,1,FALSE logic
CHARGE_OVER_CURRENT,946688555.1502165,0x19B50007,1,FALSE logic
CELL_MODULE_OVERHEAT,946688555.1502165,0x19B50007,1,FALSE logic
LEAKAGE,946688555.1502165,0x19B50007,1,FALSE logic
NO_CELL_COMMUNICATION,946688555.1502165,0x19B50007,1,FALSE logic
LOW_VOLTAGE_W,946688555.1502165,0x19B50007,1,FALSE logic
HIGH_CURRENT_W,946688555.1502165,0x19B50007,1,FALSE logic
HIGH_TEMPERATURE_W,946688555.1502165,0x19B50007,1,FALSE logic
CELL_OVERHEAT,946688555.1502165,0x19B50007,1,FALSE logic
NO_CURRENT_SENSOR,946688555.1502165,0x19B50007,1,FALSE logic
PACK_UNDER_VOLTAGE,946688555.1502165,0x19B50007,1,FALSE logic
VALIDITY,946688555.1502165,0x19B50007,1,39 state
APPS_RANGE_ERROR,946688555.2372963,0x18FF1515,1,"FALSE 0 no Error, 1 Error"
SAFETY_OK,946688555.2372963,0x18FF1515,1,"FALSE 0 no Error, 1 Error"
BRAKE,946688555.2372963,0x18FF1515,1,"0 1 noBrake, 2 Brake"
VCU_STATE,946688555.2372963,0x18FF1515,1,0
APS_PERC,946688555.2372963,0x18FF1515,1,"2.56 porcentagem pedal, precisão de 2 casas decimais"
APPS_RANGE_ERROR,946688555.3372877,0x18FF1515,1,"FALSE 0 no Error, 1 Error"
SAFETY_OK,946688555.3372877,0x18FF1515,1,"FALSE 0 no Error, 1 Error"
BRAKE,946688555.3372877,0x18FF1515,1,"0 1 noBrake, 2 Brake"
VCU_STATE,946688555.3372877,0x18FF1515,1,0
APS_PERC,946688555.3372877,0x18FF1515,1,"2.56 porcentagem pedal, precisão de 2 casas decimais"
UNDER_VOLTAGE,946688555.3410796,0x19B50007,1,FALSE logic
OVER_VOLTAGE,946688555.3410796,0x19B50007,1,FALSE logic
DISCHARGE_OVER_CURRENT,946688555.3410796,0x19B50007,1,FALSE logic
CHARGE_OVER_CURRENT,946688555.3410796,0x19B50007,1,FALSE logic
CELL_MODULE_OVERHEAT,946688555.3410796,0x19B50007,1,FALSE logic
LEAKAGE,946688555.3410796,0x19B50007,1,FALSE logic
NO_CELL_COMMUNICATION,946688555.3410796,0x19B50007,1,FALSE logic
LOW_VOLTAGE_W,946688555.3410796,0x19B50007,1,FALSE logic
HIGH_CURRENT_W,946688555.3410796,0x19B50007,1,FALSE logic
HIGH_TEMPERATURE_W,946688555.3410796,0x19B50007,1,FALSE logic
CELL_OVERHEAT,946688555.3410796,0x19B50007,1,FALSE logic
NO_CURRENT_SENSOR,946688555.3410796,0x19B50007,1,FALSE logic
PACK_UNDER_VOLTAGE,946688555.3410796,0x19B50007,1,FALSE logic
VALIDITY,946688555.3410796,0x19B50007,1,39 state
APPS_RANGE_ERROR,946688555.4372909,0x18FF1515,1,"FALSE 0 no Error, 1 Error"
SAFETY_OK,946688555.4372909,0x18FF1515,1,"FALSE 0 no Error, 1 Error"
BRAKE,946688555.4372909,0x18FF1515,1,"0 1 noBrake, 2 Brake"
VCU_STATE,946688555.4372909,0x18FF1515,1,0
APS_PERC,946688555.4372909,0x18FF1515,1,"2.56 porcentagem pedal, precisão de 2 casas decimais"
APPS_RANGE_ERROR,946688555.5372922,0x18FF1515,1,"FALSE 0 no Error, 1 Error"
SAFETY_OK,946688555.5372922,0x18FF1515,1,"FALSE 0 no Error, 1 Error"
BRAKE,946688555.5372922,0x18FF1515,1,"0 1 noBrake, 2 Brake"
VCU_STATE,946688555.5372922,0x18FF1515,1,0
APS_PERC,946688555.5372922,0x18FF1515,1,"2.56 porcentagem pedal, precisão de 2 casas decimais"
UNDER_VOLTAGE,946688555.5439049,0x19B50007,1,FALSE logic
OVER_VOLTAGE,946688555.5439049,0x19B50007,1,FALSE logic
DISCHARGE_OVER_CURRENT,946688555.5439049,0x19B50007,1,FALSE logic
CHARGE_OVER_CURRENT,946688555.5439049,0x19B50007,1,FALSE logic
CELL_MODULE_OVERHEAT,946688555.5439049,0x19B50007,1,FALSE logic
LEAKAGE,946688555.5439049,0x19B50007,1,FALSE logic
NO_CELL_COMMUNICATION,946688555.5439049,0x19B50007,1,FALSE logic
LOW_VOLTAGE_W,946688555.5439049,0x19B50007,1,FALSE logic
HIGH_CURRENT_W,946688555.5439049,0x19B50007,1,FALSE logic
HIGH_TEMPERATURE_W,946688555.5439049,0x19B50007,1,FALSE logic
CELL_OVERHEAT,946688555.5439049,0x19B50007,1,FALSE logic
NO_CURRENT_SENSOR,946688555.5439049,0x19B50007,1,FALSE logic
PACK_UNDER_VOLTAGE,946688555.5439049,0x19B50007,1,FALSE logic
VALIDITY,946688555.5439049,0x19B50007,1,39 state
APPS_RANGE_ERROR,946688555.6372892,0x18FF1515,1,"FALSE 0 no Error, 1 Error"
SAFETY_OK,946688555.6372892,0x18FF1515,1,"FALSE 0 no Error, 1 Error"
BRAKE,946688555.6372892,0x18FF1515,1,"0 1 noBrake, 2 Brake"
VCU_STATE,946688555.6372892,0x18FF1515,1,0
APS_PERC,946688555.6372892,0x18FF1515,1,"2.56 porcentagem pedal, precisão de 2 casas decimais"
APPS_RANGE_ERROR,946688555.7372925,0x18FF1515,1,"FALSE 0 no Error, 1 Error"
SAFETY_OK,946688555.7372925,0x18FF1515,1,"FALSE 0 no Error, 1 Error"
BRAKE,946688555.7372925,0x18FF1515,1,"0 1 noBrake, 2 Brake"
VCU_STATE,946688555.7372925,0x18FF1515,1,0
APS_PERC,946688555.7372925,0x18FF1515,1,"2.56 porcentagem pedal, precisão de 2 casas decimais"
UNDER_VOLTAGE,946688555.7397592,0x19B50007,1,FALSE logic
OVER_VOLTAGE,946688555.7397592,0x19B50007,1,FALSE logic
DISCHARGE_OVER_CURRENT,946688555.7397592,0x19B50007,1,FALSE logic
CHARGE_OVER_CURRENT,946688555.7397592,0x19B50007,1,FALSE logic
CELL_MODULE_OVERHEAT,946688555.7397592,0x19B50007,1,FALSE logic
LEAKAGE,946688555.7397592,0x19B50007,1,FALSE logic
NO_CELL_COMMUNICATION,946688555.7397592,0x19B50007,1,FALSE logic
LOW_VOLTAGE_W,946688555.7397592,0x19B50007,1,FALSE logic
HIGH_CURRENT_W,946688555.7397592,0x19B50007,1,FALSE logic
HIGH_TEMPERATURE_W,946688555.7397592,0x19B50007,1,FALSE logic
CELL_OVERHEAT,946688555.7397592,0x19B50007,1,FALSE logic
NO_CURRENT_SENSOR,946688555.7397592,0x19B50007,1,FALSE logic
PACK_UNDER_VOLTAGE,946688555.7397592,0x19B50007,1,FALSE logic
VALIDITY,946688555.7397592,0x19B50007,1,39 state
APPS_RANGE_ERROR,946688555.837284,0x18FF1515,1,"FALSE 0 no Error, 1 Error"
SAFETY_OK,946688555.837284,0x18FF1515,1,"FALSE 0 no Error, 1 Error"
BRAKE,946688555.837284,0x18FF1515,1,"0 1 noBrake, 2 Brake"
VCU_STATE,946688555.837284,0x18FF1515,1,0
APS_PERC,946688555.837284,0x18FF1515,1,"2.56 porcentagem pedal, precisão de 2 casas decimais"
TCELL_0,946688555.9328552,0x19B50800,1,-100.00 °C
TCELL_0,946688555.9334042,0x19B50800,1,28.00 °C
TCELL_1,946688555.9334042,0x19B50800,1,28.00 °C
TCELL_2,946688555.9334042,0x19B50800,1,28.00 °C
TCELL_3,946688555.9334042,0x19B50800,1,28.00 °C
TCELL_4,946688555.9334042,0x19B50800,1,28.00 °C
TCELL_5,946688555.9334042,0x19B50800,1,155.00 °C
TCELL_6,946688555.9334042,0x19B50800,1,155.00 °C
TCELL_7,946688555.9334042,0x19B50800,1,155.00 °C
APPS_RANGE_ERROR,946688555.9372857,0x18FF1515,1,"FALSE 0 no Error, 1 Error"
SAFETY_OK,946688555.9372857,0x18FF1515,1,"FALSE 0 no Error, 1 Error"
BRAKE,946688555.9372857,0x18FF1515,1,"0 1 noBrake, 2 Brake"
VCU_STATE,946688555.9372857,0x18FF1515,1,0
APS_PERC,946688555.9372857,0x18FF1515,1,"2.56 porcentagem pedal, precisão de 2 casas decimais"
UNDER_VOLTAGE,946688555.9554724,0x19B50007,1,FALSE logic
OVER_VOLTAGE,946688555.9554724,0x19B50007,1,FALSE logic
DISCHARGE_OVER_CURRENT,946688555.9554724,0x19B50007,1,FALSE logic
CHARGE_OVER_CURRENT,946688555.9554724,0x19B50007,1,FALSE logic
CELL_MODULE_OVERHEAT,946688555.9554724,0x19B50007,1,FALSE logic
LEAKAGE,946688555.9554724,0x19B50007,1,FALSE logic
NO_CELL_COMMUNICATION,946688555.9554724,0x19B50007,1,FALSE logic
LOW_VOLTAGE_W,946688555.9554724,0x19B50007,1,FALSE logic
HIGH_CURRENT_W,946688555.9554724,0x19B50007,1,FALSE logic
HIGH_TEMPERATURE_W,946688555.9554724,0x19B50007,1,FALSE logic
CELL_OVERHEAT,946688555.9554724,0x19B50007,1,FALSE logic
NO_CURRENT_SENSOR,946688555.9554724,0x19B50007,1,FALSE logic
PACK_UNDER_VOLTAGE,946688555.9554724,0x19B50007,1,FALSE logic
VALIDITY,946688555.9554724,0x19B50007,1,39 state
TCELL_8,946688555.969334,0x19B50801,1,155.00 °C
TCELL_9,946688555.969334,0x19B50801,1,155.00 °C
TCELL_10,946688555.969334,0x19B50801,1,155.00 °C
TCELL_11,946688555.969334,0x19B50801,1,155.00 °C
TCELL_12,946688555.969334,0x19B50801,1,155.00 °C
TCELL_13,946688555.969334,0x19B50801,1,155.00 °C
TCELL_14,946688555.969334,0x19B50801,1,155.00 °C
TCELL_15,946688555.969334,0x19B50801,1,155.00 °C
TCELL_16,946688555.9817389,0x19B50802,1,28.00 °C
TCELL_17,946688555.9817389,0x19B50802,1,28.00 °C
TCELL_18,946688555.9817389,0x19B50802,1,28.00 °C
TCELL_19,946688555.9817389,0x19B50802,1,29.00 °C
TCELL_20,946688555.9817389,0x19B50802,1,28.00 °C
TCELL_21,946688555.9817389,0x19B50802,1,155.00 °C
TCELL_22,946688555.9817389,0x19B50802,1,155.00 °C
TCELL_23,946688555.9817389,0x19B50802,1,155.00 °C
TCELL_24,946688555.9941798,0x19B50803,1,155.00 °C
TCELL_25,946688555.9941798,0x19B50803,1,155.00 °C
TCELL_26,946688555.9941798,0x19B50803,1,155.00 °C
TCELL_27,946688555.9941798,0x19B50803,1,155.00 °C
TCELL_28,946688555.9941798,0x19B50803,1,155.00 °C
TCELL_29,946688555.9941798,0x19B50803,1,155.00 °C
TCELL_30,946688555.9941798,0x19B50803,1,155.00 °C
TCELL_31,946688555.9941798,0x19B50803,1,155.00 °C
APPS_RANGE_ERROR,946688556.0372899,0x18FF1515,1,"FALSE 0 no Error, 1 Error"
SAFETY_OK,946688556.0372899,0x18FF1515,1,"FALSE 0 no Error, 1 Error"
BRAKE,946688556.0372899,0x18FF1515,1,"0 1 noBrake, 2 Brake"
VCU_STATE,946688556.0372899,0x18FF1515,1,0
APS_PERC,946688556.0372899,0x18FF1515,1,"2.56 porcentagem pedal, precisão de 2 casas decimais"
APPS_RANGE_ERROR,946688556.1372857,0x18FF1515,1,"FALSE 0 no Error, 1 Error"
SAFETY_OK,946688556.1372857,0x18FF1515,1,"FALSE 0 no Error, 1 Error"
BRAKE,946688556.1372857,0x18FF1515,1,"0 1 noBrake, 2 Brake"
VCU_STATE,946688556.1372857,0x18FF1515,1,0
APS_PERC,946688556.1372857,0x18FF1515,1,"2.56 porcentagem pedal, precisão de 2 casas decimais"
UNDER_VOLTAGE,946688556.1400703,0x19B50007,1,FALSE logic
OVER_VOLTAGE,946688556.1400703,0x19B50007,1,FALSE logic
DISCHARGE_OVER_CURRENT,946688556.1400703,0x19B50007,1,FALSE logic
CHARGE_OVER_CURRENT,946688556.1400703,0x19B50007,1,FALSE logic
CELL_MODULE_OVERHEAT,946688556.1400703,0x19B50007,1,FALSE logic
LEAKAGE,946688556.1400703,0x19B50007,1,FALSE logic
NO_CELL_COMMUNICATION,946688556.1400703,0x19B50007,1,FALSE logic
LOW_VOLTAGE_W,946688556.1400703,0x19B50007,1,FALSE logic
HIGH_CURRENT_W,946688556.1400703,0x19B50007,1,FALSE logic
HIGH_TEMPERATURE_W,946688556.1400703,0x19B50007,1,FALSE logic
CELL_OVERHEAT,946688556.1400703,0x19B50007,1,FALSE logic
NO_CURRENT_SENSOR,946688556.1400703,0x19B50007,1,FALSE logic
PACK_UNDER_VOLTAGE,946688556.1400703,0x19B50007,1,FALSE logic
VALIDITY,946688556.1400703,0x19B50007,1,39 state
APPS_RANGE_ERROR,946688556.2372842,0x18FF1515,1,"FALSE 0 no Error, 1 Error"
SAFETY_OK,946688556.2372842,0x18FF1515,1,"FALSE 0 no Error, 1 Error"
BRAKE,946688556.2372842,0x18FF1515,1,"0 1 noBrake, 2 Brake"
VCU_STATE,946688556.2372842,0x18FF1515,1,0
APS_PERC,946688556.2372842,0x18FF1515,1,"2.56 porcentagem pedal, precisão de 2 casas decimais"
APPS_RANGE_ERROR,946688556.3372924,0x18FF1515,1,"FALSE 0 no Error, 1 Error"
SAFETY_OK,946688556.3372924,0x18FF1515,1,"FALSE 0 no Error, 1 Error"
BRAKE,946688556.3372924,0x18FF1515,1,"0 1 noBrake, 2 Brake"
VCU_STATE,946688556.3372924,0x18FF1515,1,0
APS_PERC,946688556.3372924,0x18FF1515,1,"2.56 porcentagem pedal, precisão de 2 casas decimais"
UNDER_VOLTAGE,946688556.3392942,0x19B50007,1,FALSE logic
OVER_VOLTAGE,946688556.3392942,0x19B50007,1,FALSE logic
DISCHARGE_OVER_CURRENT,946688556.3392942,0x19B50007,1,FALSE logic
CHARGE_OVER_CURRENT,946688556.3392942,0x19B50007,1,FALSE logic
CELL_MODULE_OVERHEAT,946688556.3392942,0x19B50007,1,FALSE logic
LEAKAGE,946688556.3392942,0x19B50007,1,FALSE logic
NO_CELL_COMMUNICATION,946688556.3392942,0x19B50007,1,FALSE logic
LOW_VOLTAGE_W,946688556.3392942,0x19B50007,1,FALSE logic
HIGH_CURRENT_W,946688556.3392942,0x19B50007,1,FALSE logic
HIGH_TEMPERATURE_W,946688556.3392942,0x19B50007,1,FALSE logic
CELL_OVERHEAT,946688556.3392942,0x19B50007,1,FALSE logic
NO_CURRENT_SENSOR,946688556.3392942,0x19B50007,1,FALSE logic
PACK_UNDER_VOLTAGE,946688556.3392942,0x19B50007,1,FALSE logic
VALIDITY,946688556.3392942,0x19B50007,1,39 state
VCELL_0,946688556.3991275,0x19B50100,1,2.00 V
VCELL_0,946688556.3998829,0x19B50100,1,3.96 V
VCELL_1,946688556.3998829,0x19B50100,1,3.95 V
VCELL_2,946688556.3998829,0x19B50100,1,3.95 V
VCELL_3,946688556.3998829,0x19B50100,1,3.95 V
VCELL_4,946688556.3998829,0x19B50100,1,3.95 V
VCELL_5,946688556.3998829,0x19B50100,1,3.95 V
VCELL_6,946688556.3998829,0x19B50100,1,3.95 V
VCELL_7,946688556.3998829,0x19B50100,1,3.95 V
VCELL_8,946688556.412264,0x19B50101,1,3.95 V
VCELL_9,946688556.412264,0x19B50101,1,3.95 V
VCELL_10,946688556.412264,0x19B50101,1,3.95 V
VCELL_11,946688556.412264,0x19B50101,1,3.95 V
VCELL_12,946688556.412264,0x19B50101,1,3.95 V
VCELL_13,946688556.412264,0x19B50101,1,3.95 V
VCELL_14,946688556.412264,0x19B50101,1,3.95 V
VCELL_15,946688556.412264,0x19B50101,1,3.95 V
VCELL_16,946688556.4245366,0x19B50102,1,3.95 V
VCELL_17,946688556.4245366,0x19B50102,1,3.95 V
VCELL_18,946688556.4245366,0x19B50102,1,3.95 V
VCELL_19,946688556.4245366,0x19B50102,1,3.95 V
VCELL_20,946688556.4245366,0x19B50102,1,3.95 V
VCELL_21,946688556.4245366,0x19B50102,1,3.97 V
VCELL_22,946688556.4245366,0x19B50102,1,3.95 V
VCELL_23,946688556.4245366,0x19B50102,1,3.95 V
APPS_RANGE_ERROR,946688556.4372854,0x18FF1515,1,"FALSE 0 no Error, 1 Error"
SAFETY_OK,946688556.4372854,0x18FF1515,1,"FALSE 0 no Error, 1 Error"
BRAKE,946688556.4372854,0x18FF1515,1,"0 1 noBrake, 2 Brake"
VCU_STATE,946688556.4372854,0x18FF1515,1,0
APS_PERC,946688556.4372854,0x18FF1515,1,"2.56 porcentagem pedal, precisão de 2 casas decimais"
VCELL_24,946688556.4382912,0x19B50103,1,3.95 V
VCELL_25,946688556.4382912,0x19B50103,1,3.96 V
VCELL_26,946688556.4382912,0x19B50103,1,3.95 V
VCELL_27,946688556.4382912,0x19B50103,1,3.95 V
VCELL_28,946688556.4382912,0x19B50103,1,3.97 V
VCELL_29,946688556.4382912,0x19B50103,1,3.95 V
VCELL_30,946688556.4382912,0x19B50103,1,3.95 V
VCELL_31,946688556.4382912,0x19B50103,1,3.95 V
VCELL_32,946688556.4507377,0x19B50104,1,3.94 V
VCELL_33,946688556.4507377,0x19B50104,1,3.95 V
VCELL_34,946688556.4507377,0x19B50104,1,3.95 V
VCELL_35,946688556.4507377,0x19B50104,1,3.95 V
VCELL_36,946688556.4507377,0x19B50104,1,3.95 V
VCELL_37,946688556.4507377,0x19B50104,1,3.95 V
VCELL_38,946688556.4507377,0x19B50104,1,3.95 V
VCELL_39,946688556.4507377,0x19B50104,1,3.95 V
VCELL_40,946688556.4652281,0x19B50105,1,3.95 V
VCELL_41,946688556.4652281,0x19B50105,1,3.95 V
VCELL_42,946688556.4652281,0x19B50105,1,3.95 V
VCELL_43,946688556.4652281,0x19B50105,1,3.95 V
VCELL_44,946688556.4652281,0x19B50105,1,3.95 V
VCELL_45,946688556.4652281,0x19B50105,1,3.95 V
VCELL_46,946688556.4652281,0x19B50105,1,3.95 V
VCELL_47,946688556.4652281,0x19B50105,1,3.95 V
VCELL_48,946688556.4896878,0x19B50106,1,3.95 V
VCELL_49,946688556.4896878,0x19B50106,1,3.95 V
VCELL_50,946688556.4896878,0x19B50106,1,3.95 V
VCELL_51,946688556.4896878,0x19B50106,1,3.95 V
VCELL_52,946688556.4896878,0x19B50106,1,3.95 V
VCELL_53,946688556.4896878,0x19B50106,1,3.95 V
VCELL_54,946688556.4896878,0x19B50106,1,3.95 V
VCELL_55,946688556.4896878,0x19B50106,1,3.95 V
VCELL_56,946688556.5021118,0x19B50107,1,3.95 V
VCELL_57,946688556.5021118,0x19B50107,1,3.95 V
VCELL_58,946688556.5021118,0x19B50107,1,3.95 V
VCELL_59,946688556.5021118,0x19B50107,1,3.95 V
VCELL_60,946688556.5021118,0x19B50107,1,3.95 V
VCELL_61,946688556.5021118,0x19B50107,1,3.95 V
VCELL_62,946688556.5021118,0x19B50107,1,3.95 V
VCELL_63,946688556.5021118,0x19B50107,1,3.95 V
VCELL_64,946688556.5147616,0x19B50108,1,3.92 V
VCELL_65,946688556.5147616,0x19B50108,1,3.94 V
VCELL_66,946688556.5147616,0x19B50108,1,3.95 V
VCELL_67,946688556.5147616,0x19B50108,1,3.95 V
VCELL_68,946688556.5147616,0x19B50108,1,3.96 V
VCELL_69,946688556.5147616,0x19B50108,1,3.96 V
VCELL_70,946688556.5147616,0x19B50108,1,3.94 V
VCELL_71,946688556.5147616,0x19B50108,1,3.95 V
VCELL_72,946688556.5279833,0x19B50109,1,3.97 V
VCELL_73,946688556.5279833,0x19B50109,1,3.95 V
VCELL_74,946688556.5279833,0x19B50109,1,3.95 V
VCELL_75,946688556.5279833,0x19B50109,1,3.96 V
VCELL_76,946688556.5279833,0x19B50109,1,3.94 V
VCELL_77,946688556.5279833,0x19B50109,1,3.95 V
VCELL_78,946688556.5279833,0x19B50109,1,3.95 V
VCELL_79,946688556.5279833,0x19B50109,1,3.95 V
APPS_RANGE_ERROR,946688556.5372895,0x18FF1515,1,"FALSE 0 no Error, 1 Error"
SAFETY_OK,946688556.5372895,0x18FF1515,1,"FALSE 0 no Error, 1 Error"
BRAKE,946688556.5372895,0x18FF1515,1,"0 1 noBrake, 2 Brake"
VCU_STATE,946688556.5372895,0x18FF1515,1,0
APS_PERC,946688556.5372895,0x18FF1515,1,"2.56 porcentagem pedal, precisão de 2 casas decimais"
UNDER_VOLTAGE,946688556.5388175,0x19B50007,1,FALSE logic
OVER_VOLTAGE,946688556.5388175,0x19B50007,1,FALSE logic
DISCHARGE_OVER_CURRENT,946688556.5388175,0x19B50007,1,FALSE logic
CHARGE_OVER_CURRENT,946688556.5388175,0x19B50007,1,FALSE logic
CELL_MODULE_OVERHEAT,946688556.5388175,0x19B50007,1,FALSE logic
LEAKAGE,946688556.5388175,0x19B50007,1,FALSE logic
NO_CELL_COMMUNICATION,946688556.5388175,0x19B50007,1,FALSE logic
LOW_VOLTAGE_W,946688556.5388175,0x19B50007,1,FALSE logic
HIGH_CURRENT_W,946688556.5388175,0x19B50007,1,FALSE logic
HIGH_TEMPERATURE_W,946688556.5388175,0x19B50007,1,FALSE logic
CELL_OVERHEAT,946688556.5388175,0x19B50007,1,FALSE logic
NO_CURRENT_SENSOR,946688556.5388175,0x19B50007,1,FALSE logic
PACK_UNDER_VOLTAGE,946688556.5388175,0x19B50007,1,FALSE logic
VALIDITY,946688556.5388175,0x19B50007,1,39 state
VCELL_80,946688556.5528777,0x19B5010A,1,3.95 V
VCELL_81,946688556.5528777,0x19B5010A,1,3.95 V
VCELL_82,946688556.5528777,0x19B5010A,1,3.95 V
VCELL_83,946688556.5528777,0x19B5010A,1,3.95 V
VCELL_84,946688556.5528777,0x19B5010A,1,3.95 V
VCELL_85,946688556.5528777,0x19B5010A,1,3.95 V
VCELL_86,946688556.5528777,0x19B5010A,1,3.95 V
VCELL_87,946688556.5528777,0x19B5010A,1,3.95 V
VCELL_88,946688556.5684386,0x19B5010B,1,3.95 V
VCELL_89,946688556.5684386,0x19B5010B,1,3.95 V
VCELL_90,946688556.5684386,0x19B5010B,1,3.95 V
VCELL_91,946688556.5684386,0x19B5010B,1,3.98 V
VCELL_92,946688556.5684386,0x19B5010B,1,3.97 V
VCELL_93,946688556.5684386,0x19B5010B,1,3.95 V
VCELL_94,946688556.5684386,0x19B5010B,1,3.95 V
VCELL_95,946688556.5684386,0x19B5010B,1,3.95 V
APPS_RANGE_ERROR,946688556.6372784,0x18FF1515,1,"FALSE 0 no Error, 1 Error"
SAFETY_OK,946688556.6372784,0x18FF1515,1,"FALSE 0 no Error, 1 Error"
BRAKE,946688556.6372784,0x18FF1515,1,"0 1 noBrake, 2 Brake"
VCU_STATE,946688556.6372784,0x18FF1515,1,0
APS_PERC,946688556.6372784,0x18FF1515,1,"2.56 porcentagem pedal, precisão de 2 casas decimais"
UNDER_VOLTAGE,946688556.737353,0x19B50007,1,FALSE logic
OVER_VOLTAGE,946688556.737353,0x19B50007,1,FALSE logic
DISCHARGE_OVER_CURRENT,946688556.737353,0x19B50007,1,FALSE logic
CHARGE_OVER_CURRENT,946688556.737353,0x19B50007,1,FALSE logic
CELL_MODULE_OVERHEAT,946688556.737353,0x19B50007,1,FALSE logic
LEAKAGE,946688556.737353,0x19B50007,1,FALSE logic
NO_CELL_COMMUNICATION,946688556.737353,0x19B50007,1,FALSE logic
LOW_VOLTAGE_W,946688556.737353,0x19B50007,1,FALSE logic
HIGH_CURRENT_W,946688556.737353,0x19B50007,1,FALSE logic
HIGH_TEMPERATURE_W,946688556.737353,0x19B50007,1,FALSE logic
CELL_OVERHEAT,946688556.737353,0x19B50007,1,FALSE logic
NO_CURRENT_SENSOR,946688556.737353,0x19B50007,1,FALSE logic
PACK_UNDER_VOLTAGE,946688556.737353,0x19B50007,1,FALSE logic
VALIDITY,946688556.737353,0x19B50007,1,39 state
APPS_RANGE_ERROR,946688556.7383116,0x18FF1515,1,"FALSE 0 no Error, 1 Error"
SAFETY_OK,946688556.7383116,0x18FF1515,1,"FALSE 0 no Error, 1 Error"
BRAKE,946688556.7383116,0x18FF1515,1,"0 1 noBrake, 2 Brake"
VCU_STATE,946688556.7383116,0x18FF1515,1,0
APS_PERC,946688556.7383116,0x18FF1515,1,"2.56 porcentagem pedal, precisão de 2 casas decimais"
APPS_RANGE_ERROR,946688556.8372816,0x18FF1515,1,"FALSE 0 no Error, 1 Error"
SAFETY_OK,946688556.8372816,0x18FF1515,1,"FALSE 0 no Error, 1 Error"
BRAKE,946688556.8372816,0x18FF1515,1,"0 1 noBrake, 2 Brake"
VCU_STATE,946688556.8372816,0x18FF1515,1,0
APS_PERC,946688556.8372816,0x18FF1515,1,"2.56 porcentagem pedal, precisão de 2 casas decimais"
APPS_RANGE_ERROR,946688556.9372755,0x18FF1515,1,"FALSE 0 no Error, 1 Error"
SAFETY_OK,946688556.9372755,0x18FF1515,1,"FALSE 0 no Error, 1 Error"
BRAKE,946688556.9372755,0x18FF1515,1,"0 1 noBrake, 2 Brake"
VCU_STATE,946688556.9372755,0x18FF1515,1,0
APS_PERC,946688556.9372755,0x18FF1515,1,"2.56 porcentagem pedal, precisão de 2 casas decimais"
UNDER_VOLTAGE,946688556.9566374,0x19B50007,1,FALSE logic
OVER_VOLTAGE,946688556.9566374,0x19B50007,1,FALSE logic
DISCHARGE_OVER_CURRENT,946688556.9566374,0x19B50007,1,FALSE logic
CHARGE_OVER_CURRENT,946688556.9566374,0x19B50007,1,FALSE logic
CELL_MODULE_OVERHEAT,946688556.9566374,0x19B50007,1,FALSE logic
LEAKAGE,946688556.9566374,0x19B50007,1,FALSE logic
NO_CELL_COMMUNICATION,946688556.9566374,0x19B50007,1,FALSE logic
LOW_VOLTAGE_W,946688556.9566374,0x19B50007,1,FALSE logic
HIGH_CURRENT_W,946688556.9566374,0x19B50007,1,FALSE logic
HIGH_TEMPERATURE_W,946688556.9566374,0x19B50007,1,FALSE logic
CELL_OVERHEAT,946688556.9566374,0x19B50007,1,FALSE logic
NO_CURRENT_SENSOR,946688556.9566374,0x19B50007,1,FALSE logic
PACK_UNDER_VOLTAGE,946688556.9566374,0x19B50007,1,FALSE logic
VALIDITY,946688556.9566374,0x19B50007,1,39 state
APPS_RANGE_ERROR,946688557.0372713,0x18FF1515,1,"FALSE 0 no Error, 1 Error"
SAFETY_OK,946688557.0372713,0x18FF1515,1,"FALSE 0 no Error, 1 Error"
BRAKE,946688557.0372713,0x18FF1515,1,"0 1 noBrake, 2 Brake"
VCU_STATE,946688557.0372713,0x18FF1515,1,0
APS_PERC,946688557.0372713,0x18FF1515,1,"2.56 porcentagem pedal, precisão de 2 casas decimais"
UNDER_VOLTAGE,946688557.1358091,0x19B50007,1,FALSE logic
OVER_VOLTAGE,946688557.1358091,0x19B50007,1,FALSE logic
DISCHARGE_OVER_CURRENT,946688557.1358091,0x19B50007,1,FALSE logic
CHARGE_OVER_CURRENT,946688557.1358091,0x19B50007,1,FALSE logic
CELL_MODULE_OVERHEAT,946688557.1358091,0x19B50007,1,FALSE logic
LEAKAGE,946688557.1358091,0x19B50007,1,FALSE logic
NO_CELL_COMMUNICATION,946688557.1358091,0x19B50007,1,FALSE logic
LOW_VOLTAGE_W,946688557.1358091,0x19B50007,1,FALSE logic
HIGH_CURRENT_W,946688557.1358091,0x19B50007,1,FALSE logic
HIGH_TEMPERATURE_W,946688557.1358091,0x19B50007,1,FALSE logic
CELL_OVERHEAT,946688557.1358091,0x19B50007,1,FALSE logic
NO_CURRENT_SENSOR,946688557.1358091,0x19B50007,1,FALSE logic
PACK_UNDER_VOLTAGE,946688557.1358091,0x19B50007,1,FALSE logic
VALIDITY,946688557.1358091,0x19B50007,1,39 state
APPS_RANGE_ERROR,946688557.1373568,0x18FF1515,1,"FALSE 0 no Error, 1 Error"
SAFETY_OK,946688557.1373568,0x18FF1515,1,"FALSE 0 no Error, 1 Error"
BRAKE,946688557.1373568,0x18FF1515,1,"0 1 noBrake, 2 Brake"
VCU_STATE,946688557.1373568,0x18FF1515,1,0
APS_PERC,946688557.1373568,0x18FF1515,1,"2.56 porcentagem pedal, precisão de 2 casas decimais"
APPS_RANGE_ERROR,946688557.2372701,0x18FF1515,1,"FALSE 0 no Error, 1 Error"
SAFETY_OK,946688557.2372701,0x18FF1515,1,"FALSE 0 no Error, 1 Error"
BRAKE,946688557.2372701,0x18FF1515,1,"0 1 noBrake, 2 Brake"
VCU_STATE,946688557.2372701,0x18FF1515,1,0
APS_PERC,946688557.2372701,0x18FF1515,1,"2.56 porcentagem pedal, precisão de 2 casas decimais"
UNDER_VOLTAGE,946688557.3365533,0x19B50007,1,FALSE logic
OVER_VOLTAGE,946688557.3365533,0x19B50007,1,FALSE logic
DISCHARGE_OVER_CURRENT,946688557.3365533,0x19B50007,1,FALSE logic
CHARGE_OVER_CURRENT,946688557.3365533,0x19B50007,1,FALSE logic
CELL_MODULE_OVERHEAT,946688557.3365533,0x19B50007,1,FALSE logic
LEAKAGE,946688557.3365533,0x19B50007,1,FALSE logic
NO_CELL_COMMUNICATION,946688557.3365533,0x19B50007,1,FALSE logic
LOW_VOLTAGE_W,946688557.3365533,0x19B50007,1,FALSE logic
HIGH_CURRENT_W,946688557.3365533,0x19B50007,1,FALSE logic
HIGH_TEMPERATURE_W,946688557.3365533,0x19B50007,1,FALSE logic
CELL_OVERHEAT,946688557.3365533,0x19B50007,1,FALSE logic
NO_CURRENT_SENSOR,946688557.3365533,0x19B50007,1,FALSE logic
PACK_UNDER_VOLTAGE,946688557.3365533,0x19B50007,1,FALSE logic
VALIDITY,946688557.3365533,0x19B50007,1,39 state
APPS_RANGE_ERROR,946688557.3374178,0x18FF1515,1,"FALSE 0 no Error, 1 Error"
SAFETY_OK,946688557.3374178,0x18FF1515,1,"FALSE 0 no Error, 1 Error"
BRAKE,946688557.3374178,0x18FF1515,1,"0 1 noBrake, 2 Brake"
VCU_STATE,946688557.3374178,0x18FF1515,1,0
APS_PERC,946688557.3374178,0x18FF1515,1,"2.56 porcentagem pedal, precisão de 2 casas decimais"
APPS_RANGE_ERROR,946688557.4373353,0x18FF1515,1,"FALSE 0 no Error, 1 Error"
SAFETY_OK,946688557.4373353,0x18FF1515,1,"FALSE 0 no Error, 1 Error"
BRAKE,946688557.4373353,0x18FF1515,1,"0 1 noBrake, 2 Brake"
VCU_STATE,946688557.4373353,0x18FF1515,1,0
APS_PERC,946688557.4373353,0x18FF1515,1,"2.56 porcentagem pedal, precisão de 2 casas decimais"
UNDER_VOLTAGE,946688557.5359403,0x19B50007,1,FALSE logic
OVER_VOLTAGE,946688557.5359403,0x19B50007,1,FALSE logic
DISCHARGE_OVER_CURRENT,946688557.5359403,0x19B50007,1,FALSE logic
CHARGE_OVER_CURRENT,946688557.5359403,0x19B50007,1,FALSE logic
CELL_MODULE_OVERHEAT,946688557.5359403,0x19B50007,1,FALSE logic
LEAKAGE,946688557.5359403,0x19B50007,1,FALSE logic
NO_CELL_COMMUNICATION,946688557.5359403,0x19B50007,1,FALSE logic
LOW_VOLTAGE_W,946688557.5359403,0x19B50007,1,FALSE logic
HIGH_CURRENT_W,946688557.5359403,0x19B50007,1,FALSE logic
HIGH_TEMPERATURE_W,946688557.5359403,0x19B50007,1,FALSE logic
CELL_OVERHEAT,946688557.5359403,0x19B50007,1,FALSE logic
NO_CURRENT_SENSOR,946688557.5359403,0x19B50007,1,FALSE logic
PACK_UNDER_VOLTAGE,946688557.5359403,0x19B50007,1,FALSE logic
VALIDITY,946688557.5359403,0x19B50007,1,39 state
APPS_RANGE_ERROR,946688557.537365,0x18FF1515,1,"FALSE 0 no Error, 1 Error"
SAFETY_OK,946688557.537365,0x18FF1515,1,"FALSE 0 no Error, 1 Error"
BRAKE,946688557.537365,0x18FF1515,1,"0 1 noBrake, 2 Brake"
VCU_STATE,946688557.537365,0x18FF1515,1,0
APS_PERC,946688557.537365,0x18FF1515,1,"2.56 porcentagem pedal, precisão de 2 casas decimais"
APPS_RANGE_ERROR,946688557.6372726,0x18FF1515,1,"FALSE 0 no Error, 1 Error"
SAFETY_OK,946688557.6372726,0x18FF1515,1,"FALSE 0 no Error, 1 Error"
BRAKE,946688557.6372726,0x18FF1515,1,"0 1 noBrake, 2 Brake"
VCU_STATE,946688557.6372726,0x18FF1515,1,0
APS_PERC,946688557.6372726,0x18FF1515,1,"2.56 porcentagem pedal, precisão de 2 casas decimais"
APPS_RANGE_ERROR,946688557.7372652,0x18FF1515,1,"FALSE 0 no Error, 1 Error"
SAFETY_OK,946688557.7372652,0x18FF1515,1,"FALSE 0 no Error, 1 Error"
BRAKE,946688557.7372652,0x18FF1515,1,"0 1 noBrake, 2 Brake"
VCU_STATE,946688557.7372652,0x18FF1515,1,0
APS_PERC,946688557.7372652,0x18FF1515,1,"2.56 porcentagem pedal, precisão de 2 casas decimais"
UNDER_VOLTAGE,946688557.7401307,0x19B50007,1,FALSE logic
OVER_VOLTAGE,946688557.7401307,0x19B50007,1,FALSE logic
DISCHARGE_OVER_CURRENT,946688557.7401307,0x19B50007,1,FALSE logic
CHARGE_OVER_CURRENT,946688557.7401307,0x19B50007,1,FALSE logic
CELL_MODULE_OVERHEAT,946688557.7401307,0x19B50007,1,FALSE logic
LEAKAGE,946688557.7401307,0x19B50007,1,FALSE logic
NO_CELL_COMMUNICATION,946688557.7401307,0x19B50007,1,FALSE logic
LOW_VOLTAGE_W,946688557.7401307,0x19B50007,1,FALSE logic
HIGH_CURRENT_W,946688557.7401307,0x19B50007,1,FALSE logic
HIGH_TEMPERATURE_W,946688557.7401307,0x19B50007,1,FALSE logic
CELL_OVERHEAT,946688557.7401307,0x19B50007,1,FALSE logic
NO_CURRENT_SENSOR,946688557.7401307,0x19B50007,1,FALSE logic
PACK_UNDER_VOLTAGE,946688557.7401307,0x19B50007,1,FALSE logic
VALIDITY,946688557.7401307,0x19B50007,1,39 state
APPS_RANGE_ERROR,946688557.8372732,0x18FF1515,1,"FALSE 0 no Error, 1 Error"
SAFETY_OK,946688557.8372732,0x18FF1515,1,"FALSE 0 no Error, 1 Error"
BRAKE,946688557.8372732,0x18FF1515,1,"0 1 noBrake, 2 Brake"
VCU_STATE,946688557.8372732,0x18FF1515,1,0
APS_PERC,946688557.8372732,0x18FF1515,1,"2.56 porcentagem pedal, precisão de 2 casas decimais"
UNDER_VOLTAGE,946688557.9349036,0x19B50007,1,FALSE logic
OVER_VOLTAGE,946688557.9349036,0x19B50007,1,FALSE logic
DISCHARGE_OVER_CURRENT,946688557.9349036,0x19B50007,1,FALSE logic
CHARGE_OVER_CURRENT,946688557.9349036,0x19B50007,1,FALSE logic
CELL_MODULE_OVERHEAT,946688557.9349036,0x19B50007,1,FALSE logic
LEAKAGE,946688557.9349036,0x19B50007,1,FALSE logic
NO_CELL_COMMUNICATION,946688557.9349036,0x19B50007,1,FALSE logic
LOW_VOLTAGE_W,946688557.9349036,0x19B50007,1,FALSE logic
HIGH_CURRENT_W,946688557.9349036,0x19B50007,1,FALSE logic
HIGH_TEMPERATURE_W,946688557.9349036,0x19B50007,1,FALSE logic
CELL_OVERHEAT,946688557.9349036,0x19B50007,1,FALSE logic
NO_CURRENT_SENSOR,946688557.9349036,0x19B50007,1,FALSE logic
PACK_UNDER_VOLTAGE,946688557.9349036,0x19B50007,1,FALSE logic
VALIDITY,946688557.9349036,0x19B50007,1,39 state
APPS_RANGE_ERROR,946688557.9372638,0x18FF1515,1,"FALSE 0 no Error, 1 Error"
SAFETY_OK,946688557.9372638,0x18FF1515,1,"FALSE 0 no Error, 1 Error"
BRAKE,946688557.9372638,0x18FF1515,1,"0 1 noBrake, 2 Brake"
VCU_STATE,946688557.9372638,0x18FF1515,1,0
APS_PERC,946688557.9372638,0x18FF1515,1,"2.56 porcentagem pedal, precisão de 2 casas decimais"
APPS_RANGE_ERROR,946688558.0372646,0x18FF1515,1,"FALSE 0 no Error, 1 Error"
SAFETY_OK,946688558.0372646,0x18FF1515,1,"FALSE 0 no Error, 1 Error"
BRAKE,946688558.0372646,0x18FF1515,1,"0 1 noBrake, 2 Brake"
VCU_STATE,946688558.0372646,0x18FF1515,1,0
APS_PERC,946688558.0372646,0x18FF1515,1,"2.56 porcentagem pedal, precisão de 2 casas decimais"
APPS_RANGE_ERROR,946688558.137263,0x18FF1515,1,"FALSE 0 no Error, 1 Error"
SAFETY_OK,946688558.137263,0x18FF1515,1,"FALSE 0 no Error, 1 Error"
BRAKE,946688558.137263,0x18FF1515,1,"0 1 noBrake, 2 Brake"
VCU_STATE,946688558.137263,0x18FF1515,1,0
APS_PERC,946688558.137263,0x18FF1515,1,"2.56 porcentagem pedal, precisão de 2 casas decimais"
UNDER_VOLTAGE,946688558.1419975,0x19B50007,1,FALSE logic
OVER_VOLTAGE,946688558.1419975,0x19B50007,1,FALSE logic
DISCHARGE_OVER_CURRENT,946688558.1419975,0x19B50007,1,FALSE logic
CHARGE_OVER_CURRENT,946688558.1419975,0x19B50007,1,FALSE logic
CELL_MODULE_OVERHEAT,946688558.1419975,0x19B50007,1,FALSE logic
LEAKAGE,946688558.1419975,0x19B50007,1,FALSE logic
NO_CELL_COMMUNICATION,946688558.1419975,0x19B50007,1,FALSE logic
LOW_VOLTAGE_W,946688558.1419975,0x19B50007,1,FALSE logic
HIGH_CURRENT_W,946688558.1419975,0x19B50007,1,FALSE logic
HIGH_TEMPERATURE_W,946688558.1419975,0x19B50007,1,FALSE logic
CELL_OVERHEAT,946688558.1419975,0x19B50007,1,FALSE logic
NO_CURRENT_SENSOR,946688558.1419975,0x19B50007,1,FALSE logic
PACK_UNDER_VOLTAGE,946688558.1419975,0x19B50007,1,FALSE logic
VALIDITY,946688558.1419975,0x19B50007,1,39 state
APPS_RANGE_ERROR,946688558.2372656,0x18FF1515,1,"FALSE 0 no Error, 1 Error"
SAFETY_OK,946688558.2372656,0x18FF1515,1,"FALSE 0 no Error, 1 Error"
BRAKE,946688558.2372656,0x18FF1515,1,"0 1 noBrake, 2 Brake"
VCU_STATE,946688558.2372656,0x18FF1515,1,0
APS_PERC,946688558.2372656,0x18FF1515,1,"2.56 porcentagem pedal, precisão de 2 casas decimais"
UNDER_VOLTAGE,946688558.3353301,0x19B50007,1,FALSE logic
OVER_VOLTAGE,946688558.3353301,0x19B50007,1,FALSE logic
DISCHARGE_OVER_CURRENT,946688558.3353301,0x19B50007,1,FALSE logic
CHARGE_OVER_CURRENT,946688558.3353301,0x19B50007,1,FALSE logic
CELL_MODULE_OVERHEAT,946688558.3353301,0x19B50007,1,FALSE logic
LEAKAGE,946688558.3353301,0x19B50007,1,FALSE logic
NO_CELL_COMMUNICATION,946688558.3353301,0x19B50007,1,FALSE logic
LOW_VOLTAGE_W,946688558.3353301,0x19B50007,1,FALSE logic
HIGH_CURRENT_W,946688558.3353301,0x19B50007,1,FALSE logic
HIGH_TEMPERATURE_W,946688558.3353301,0x19B50007,1,FALSE logic
CELL_OVERHEAT,946688558.3353301,0x19B50007,1,FALSE logic
NO_CURRENT_SENSOR,946688558.3353301,0x19B50007,1,FALSE logic
PACK_UNDER_VOLTAGE,946688558.3353301,0x19B50007,1,FALSE logic
VALIDITY,946688558.3353301,0x19B50007,1,39 state
APPS_RANGE_ERROR,946688558.337524,0x18FF1515,1,"FALSE 0 no Error, 1 Error"
SAFETY_OK,946688558.337524,0x18FF1515,1,"FALSE 0 no Error, 1 Error"
BRAKE,946688558.337524,0x18FF1515,1,"0 1 noBrake, 2 Brake"
VCU_STATE,946688558.337524,0x18FF1515,1,0
APS_PERC,946688558.337524,0x18FF1515,1,"2.56 porcentagem pedal, precisão de 2 casas decimais"
APPS_RANGE_ERROR,946688558.4372605,0x18FF1515,1,"FALSE 0 no Error, 1 Error"
SAFETY_OK,946688558.4372605,0x18FF1515,1,"FALSE 0 no Error, 1 Error"
BRAKE,946688558.4372605,0x18FF1515,1,"0 1 noBrake, 2 Brake"
VCU_STATE,946688558.4372605,0x18FF1515,1,0
APS_PERC,946688558.4372605,0x18FF1515,1,"2.56 porcentagem pedal, precisão de 2 casas decimais"
UNDER_VOLTAGE,946688558.535035,0x19B50007,1,FALSE logic
OVER_VOLTAGE,946688558.535035,0x19B50007,1,FALSE logic
DISCHARGE_OVER_CURRENT,946688558.535035,0x19B50007,1,FALSE logic
CHARGE_OVER_CURRENT,946688558.535035,0x19B50007,1,FALSE logic
CELL_MODULE_OVERHEAT,946688558.535035,0x19B50007,1,FALSE logic
LEAKAGE,946688558.535035,0x19B50007,1,FALSE logic
NO_CELL_COMMUNICATION,946688558.535035,0x19B50007,1,FALSE logic
LOW_VOLTAGE_W,946688558.535035,0x19B50007,1,FALSE logic
HIGH_CURRENT_W,946688558.535035,0x19B50007,1,FALSE logic
HIGH_TEMPERATURE_W,946688558.535035,0x19B50007,1,FALSE logic
CELL_OVERHEAT,946688558.535035,0x19B50007,1,FALSE logic
NO_CURRENT_SENSOR,946688558.535035,0x19B50007,1,FALSE logic
PACK_UNDER_VOLTAGE,946688558.535035,0x19B50007,1,FALSE logic
VALIDITY,946688558.535035,0x19B50007,1,39 state
APPS_RANGE_ERROR,946688558.5373292,0x18FF1515,1,"FALSE 0 no Error, 1 Error"
SAFETY_OK,946688558.5373292,0x18FF1515,1,"FALSE 0 no Error, 1 Error"
BRAKE,946688558.5373292,0x18FF1515,1,"0 1 noBrake, 2 Brake"
VCU_STATE,946688558.5373292,0x18FF1515,1,0
APS_PERC,946688558.5373292,0x18FF1515,1,"2.56 porcentagem pedal, precisão de 2 casas decimais"
TCELL_0,946688558.5484766,0x19B50800,1,-100.00 °C
TCELL_0,946688558.5490676,0x19B50800,1,28.00 °C
TCELL_1,946688558.5490676,0x19B50800,1,28.00 °C
TCELL_2,946688558.5490676,0x19B50800,1,28.00 °C
TCELL_3,946688558.5490676,0x19B50800,1,28.00 °C
TCELL_4,946688558.5490676,0x19B50800,1,28.00 °C
TCELL_5,946688558.5490676,0x19B50800,1,155.00 °C
TCELL_6,946688558.5490676,0x19B50800,1,155.00 °C
TCELL_7,946688558.5490676,0x19B50800,1,155.00 °C
TCELL_8,946688558.5616486,0x19B50801,1,155.00 °C
TCELL_9,946688558.5616486,0x19B50801,1,155.00 °C
TCELL_10,946688558.5616486,0x19B50801,1,155.00 °C
TCELL_11,946688558.5616486,0x19B50801,1,155.00 °C
TCELL_12,946688558.5616486,0x19B50801,1,155.00 °C
TCELL_13,946688558.5616486,0x19B50801,1,155.00 °C
TCELL_14,946688558.5616486,0x19B50801,1,155.00 °C
TCELL_15,946688558.5616486,0x19B50801,1,155.00 °C
TCELL_16,946688558.5747956,0x19B50802,1,28.00 °C
TCELL_17,946688558.5747956,0x19B50802,1,28.00 °C
TCELL_18,946688558.5747956,0x19B50802,1,28.00 °C
TCELL_19,946688558.5747956,0x19B50802,1,29.00 °C
TCELL_20,946688558.5747956,0x19B50802,1,28.00 °C
TCELL_21,946688558.5747956,0x19B50802,1,155.00 °C
TCELL_22,946688558.5747956,0x19B50802,1,155.00 °C
TCELL_23,946688558.5747956,0x19B50802,1,155.00 °C
TCELL_24,946688558.5871254,0x19B50803,1,155.00 °C
TCELL_25,946688558.5871254,0x19B50803,1,155.00 °C
TCELL_26,946688558.5871254,0x19B50803,1,155.00 °C
TCELL_27,946688558.5871254,0x19B50803,1,155.00 °C
TCELL_28,946688558.5871254,0x19B50803,1,155.00 °C
TCELL_29,946688558.5871254,0x19B50803,1,155.00 °C
TCELL_30,946688558.5871254,0x19B50803,1,155.00 °C
TCELL_31,946688558.5871254,0x19B50803,1,155.00 °C
APPS_RANGE_ERROR,946688558.6372575,0x18FF1515,1,"FALSE 0 no Error, 1 Error"
SAFETY_OK,946688558.6372575,0x18FF1515,1,"FALSE 0 no Error, 1 Error"
BRAKE,946688558.6372575,0x18FF1515,1,"0 1 noBrake, 2 Brake"
VCU_STATE,946688558.6372575,0x18FF1515,1,0
APS_PERC,946688558.6372575,0x18FF1515,1,"2.56 porcentagem pedal, precisão de 2 casas decimais"
UNDER_VOLTAGE,946688558.7369503,0x19B50007,1,FALSE logic
OVER_VOLTAGE,946688558.7369503,0x19B50007,1,FALSE logic
DISCHARGE_OVER_CURRENT,946688558.7369503,0x19B50007,1,FALSE logic
CHARGE_OVER_CURRENT,946688558.7369503,0x19B50007,1,FALSE logic
CELL_MODULE_OVERHEAT,946688558.7369503,0x19B50007,1,FALSE logic
LEAKAGE,946688558.7369503,0x19B50007,1,FALSE logic
NO_CELL_COMMUNICATION,946688558.7369503,0x19B50007,1,FALSE logic
LOW_VOLTAGE_W,946688558.7369503,0x19B50007,1,FALSE logic
HIGH_CURRENT_W,946688558.7369503,0x19B50007,1,FALSE logic
HIGH_TEMPERATURE_W,946688558.7369503,0x19B50007,1,FALSE logic
CELL_OVERHEAT,946688558.7369503,0x19B50007,1,FALSE logic
NO_CURRENT_SENSOR,946688558.7369503,0x19B50007,1,FALSE logic
PACK_UNDER_VOLTAGE,946688558.7369503,0x19B50007,1,FALSE logic
VALIDITY,946688558.7369503,0x19B50007,1,39 state
APPS_RANGE_ERROR,946688558.7373623,0x18FF1515,1,"FALSE 0 no Error, 1 Error"
SAFETY_OK,946688558.7373623,0x18FF1515,1,"FALSE 0 no Error, 1 Error"
BRAKE,946688558.7373623,0x18FF1515,1,"0 1 noBrake, 2 Brake"
VCU_STATE,946688558.7373623,0x18FF1515,1,0
APS_PERC,946688558.7373623,0x18FF1515,1,"2.56 porcentagem pedal, precisão de 2 casas decimais"
APPS_RANGE_ERROR,946688558.8372673,0x18FF1515,1,"FALSE 0 no Error, 1 Error"
SAFETY_OK,946688558.8372673,0x18FF1515,1,"FALSE 0 no Error, 1 Error"
BRAKE,946688558.8372673,0x18FF1515,1,"0 1 noBrake, 2 Brake"
VCU_STATE,946688558.8372673,0x18FF1515,1,0
APS_PERC,946688558.8372673,0x18FF1515,1,"2.56 porcentagem pedal, precisão de 2 casas decimais"
APPS_RANGE_ERROR,946688558.9375514,0x18FF1515,1,"FALSE 0 no Error, 1 Error"
SAFETY_OK,946688558.9375514,0x18FF1515,1,"FALSE 0 no Error, 1 Error"
BRAKE,946688558.9375514,0x18FF1515,1,"0 1 noBrake, 2 Brake"
VCU_STATE,946688558.9375514,0x18FF1515,1,0
APS_PERC,946688558.9375514,0x18FF1515,1,"2.56 porcentagem pedal, precisão de 2 casas decimais"
UNDER_VOLTAGE,946688558.9380233,0x19B50007,1,FALSE logic
OVER_VOLTAGE,946688558.9380233,0x19B50007,1,FALSE logic
DISCHARGE_OVER_CURRENT,946688558.9380233,0x19B50007,1,FALSE logic
CHARGE_OVER_CURRENT,946688558.9380233,0x19B50007,1,FALSE logic
CELL_MODULE_OVERHEAT,946688558.9380233,0x19B50007,1,FALSE logic
LEAKAGE,946688558.9380233,0x19B50007,1,FALSE logic
NO_CELL_COMMUNICATION,946688558.9380233,0x19B50007,1,FALSE logic
LOW_VOLTAGE_W,946688558.9380233,0x19B50007,1,FALSE logic
HIGH_CURRENT_W,946688558.9380233,0x19B50007,1,FALSE logic
HIGH_TEMPERATURE_W,946688558.9380233,0x19B50007,1,FALSE logic
CELL_OVERHEAT,946688558.9380233,0x19B50007,1,FALSE logic
NO_CURRENT_SENSOR,946688558.9380233,0x19B50007,1,FALSE logic
PACK_UNDER_VOLTAGE,946688558.9380233,0x19B50007,1,FALSE logic
VALIDITY,946688558.9380233,0x19B50007,1,39 state
VCELL_0,946688559.0361078,0x19B50100,1,2.00 V
VCELL_0,946688559.0367033,0x19B50100,1,3.96 V
VCELL_1,946688559.0367033,0x19B50100,1,3.95 V
VCELL_2,946688559.0367033,0x19B50100,1,3.95 V
VCELL_3,946688559.0367033,0x19B50100,1,3.95 V
VCELL_4,946688559.0367033,0x19B50100,1,3.95 V
VCELL_5,946688559.0367033,0x19B50100,1,3.95 V
VCELL_6,946688559.0367033,0x19B50100,1,3.95 V
VCELL_7,946688559.0367033,0x19B50100,1,3.95 V
APPS_RANGE_ERROR,946688559.0372903,0x18FF1515,1,"FALSE 0 no Error, 1 Error"
SAFETY_OK,946688559.0372903,0x18FF1515,1,"FALSE 0 no Error, 1 Error"
BRAKE,946688559.0372903,0x18FF1515,1,"0 1 noBrake, 2 Brake"
VCU_STATE,946688559.0372903,0x18FF1515,1,0
APS_PERC,946688559.0372903,0x18FF1515,1,"2.56 porcentagem pedal, precisão de 2 casas decimais"
VCELL_8,946688559.0494639,0x19B50101,1,3.95 V
VCELL_9,946688559.0494639,0x19B50101,1,3.95 V
VCELL_10,946688559.0494639,0x19B50101,1,3.95 V
VCELL_11,946688559.0494639,0x19B50101,1,3.95 V
VCELL_12,946688559.0494639,0x19B50101,1,3.95 V
VCELL_13,946688559.0494639,0x19B50101,1,3.95 V
VCELL_14,946688559.0494639,0x19B50101,1,3.95 V
VCELL_15,946688559.0494639,0x19B50101,1,3.95 V
VCELL_16,946688559.0617894,0x19B50102,1,3.95 V
VCELL_17,946688559.0617894,0x19B50102,1,3.95 V
VCELL_18,946688559.0617894,0x19B50102,1,3.95 V
VCELL_19,946688559.0617894,0x19B50102,1,3.95 V
VCELL_20,946688559.0617894,0x19B50102,1,3.95 V
VCELL_21,946688559.0617894,0x19B50102,1,3.97 V
VCELL_22,946688559.0617894,0x19B50102,1,3.95 V
VCELL_23,946688559.0617894,0x19B50102,1,3.95 V
VCELL_24,946688559.0862583,0x19B50103,1,3.95 V
VCELL_25,946688559.0862583,0x19B50103,1,3.96 V
VCELL_26,946688559.0862583,0x19B50103,1,3.95 V
VCELL_27,946688559.0862583,0x19B50103,1,3.95 V
VCELL_28,946688559.0862583,0x19B50103,1,3.97 V
VCELL_29,946688559.0862583,0x19B50103,1,3.95 V
VCELL_30,946688559.0862583,0x19B50103,1,3.95 V
VCELL_31,946688559.0862583,0x19B50103,1,3.95 V
VCELL_32,946688559.1007483,0x19B50104,1,3.94 V
VCELL_33,946688559.1007483,0x19B50104,1,3.95 V
VCELL_34,946688559.1007483,0x19B50104,1,3.95 V
VCELL_35,946688559.1007483,0x19B50104,1,3.95 V
VCELL_36,946688559.1007483,0x19B50104,1,3.95 V
VCELL_37,946688559.1007483,0x19B50104,1,3.95 V
VCELL_38,946688559.1007483,0x19B50104,1,3.95 V
VCELL_39,946688559.1007483,0x19B50104,1,3.95 V
VCELL_40,946688559.1140867,0x19B50105,1,3.95 V
VCELL_41,946688559.1140867,0x19B50105,1,3.95 V
VCELL_42,946688559.1140867,0x19B50105,1,3.95 V
VCELL_43,946688559.1140867,0x19B50105,1,3.95 V
VCELL_44,946688559.1140867,0x19B50105,1,3.95 V
VCELL_45,946688559.1140867,0x19B50105,1,3.95 V
VCELL_46,946688559.1140867,0x19B50105,1,3.95 V
VCELL_47,946688559.1140867,0x19B50105,1,3.95 V
VCELL_48,946688559.1269977,0x19B50106,1,3.95 V
VCELL_49,946688559.1269977,0x19B50106,1,3.95 V
VCELL_50,946688559.1269977,0x19B50106,1,3.95 V
VCELL_51,946688559.1269977,0x19B50106,1,3.95 V
VCELL_52,946688559.1269977,0x19B50106,1,3.95 V
VCELL_53,946688559.1269977,0x19B50106,1,3.95 V
VCELL_54,946688559.1269977,0x19B50106,1,3.95 V
VCELL_55,946688559.1269977,0x19B50106,1,3.95 V
APPS_RANGE_ERROR,946688559.1372651,0x18FF1515,1,"FALSE 0 no Error, 1 Error"
SAFETY_OK,946688559.1372651,0x18FF1515,1,"FALSE 0 no Error, 1 Error"
BRAKE,946688559.1372651,0x18FF1515,1,"0 1 noBrake, 2 Brake"
VCU_STATE,946688559.1372651,0x18FF1515,1,0
APS_PERC,946688559.1372651,0x18FF1515,1,"2.56 porcentagem pedal, precisão de 2 casas decimais"
UNDER_VOLTAGE,946688559.1375419,0x19B50007,1,FALSE logic
OVER_VOLTAGE,946688559.1375419,0x19B50007,1,FALSE logic
DISCHARGE_OVER_CURRENT,946688559.1375419,0x19B50007,1,FALSE logic
CHARGE_OVER_CURRENT,946688559.1375419,0x19B50007,1,FALSE logic
CELL_MODULE_OVERHEAT,946688559.1375419,0x19B50007,1,FALSE logic
LEAKAGE,946688559.1375419,0x19B50007,1,FALSE logic
NO_CELL_COMMUNICATION,946688559.1375419,0x19B50007,1,FALSE logic
LOW_VOLTAGE_W,946688559.1375419,0x19B50007,1,FALSE logic
HIGH_CURRENT_W,946688559.1375419,0x19B50007,1,FALSE logic
HIGH_TEMPERATURE_W,946688559.1375419,0x19B50007,1,FALSE logic
CELL_OVERHEAT,946688559.1375419,0x19B50007,1,FALSE logic
NO_CURRENT_SENSOR,946688559.1375419,0x19B50007,1,FALSE logic
PACK_UNDER_VOLTAGE,946688559.1375419,0x19B50007,1,FALSE logic
VALIDITY,946688559.1375419,0x19B50007,1,39 state
VCELL_56,946688559.1519268,0x19B50107,1,3.95 V
VCELL_57,946688559.1519268,0x19B50107,1,3.95 V
VCELL_58,946688559.1519268,0x19B50107,1,3.95 V
VCELL_59,946688559.1519268,0x19B50107,1,3.95 V
VCELL_60,946688559.1519268,0x19B50107,1,3.95 V
VCELL_61,946688559.1519268,0x19B50107,1,3.95 V
VCELL_62,946688559.1519268,0x19B50107,1,3.95 V
VCELL_63,946688559.1519268,0x19B50107,1,3.95 V
VCELL_64,946688559.1766274,0x19B50108,1,3.92 V
VCELL_65,946688559.1766274,0x19B50108,1,3.94 V
VCELL_66,946688559.1766274,0x19B50108,1,3.95 V
VCELL_67,946688559.1766274,0x19B50108,1,3.95 V
VCELL_68,946688559.1766274,0x19B50108,1,3.96 V
VCELL_69,946688559.1766274,0x19B50108,1,3.96 V
VCELL_70,946688559.1766274,0x19B50108,1,3.94 V
VCELL_71,946688559.1766274,0x19B50108,1,3.95 V
VCELL_72,946688559.1890265,0x19B50109,1,3.97 V
VCELL_73,946688559.1890265,0x19B50109,1,3.95 V
VCELL_74,946688559.1890265,0x19B50109,1,3.95 V
VCELL_75,946688559.1890265,0x19B50109,1,3.96 V
VCELL_76,946688559.1890265,0x19B50109,1,3.94 V
VCELL_77,946688559.1890265,0x19B50109,1,3.95 V
VCELL_78,946688559.1890265,0x19B50109,1,3.95 V
VCELL_79,946688559.1890265,0x19B50109,1,3.95 V
VCELL_80,946688559.204358,0x19B5010A,1,3.95 V
VCELL_81,946688559.204358,0x19B5010A,1,3.95 V
VCELL_82,946688559.204358,0x19B5010A,1,3.95 V
VCELL_83,946688559.204358,0x19B5010A,1,3.95 V
VCELL_84,946688559.204358,0x19B5010A,1,3.95 V
VCELL_85,946688559.204358,0x19B5010A,1,3.95 V
VCELL_86,946688559.204358,0x19B5010A,1,3.95 V
VCELL_87,946688559.204358,0x19B5010A,1,3.95 V
VCELL_88,946688559.2169211,0x19B5010B,1,3.95 V
VCELL_89,946688559.2169211,0x19B5010B,1,3.95 V
VCELL_90,946688559.2169211,0x19B5010B,1,3.95 V
VCELL_91,946688559.2169211,0x19B5010B,1,3.98 V
VCELL_92,946688559.2169211,0x19B5010B,1,3.97 V
VCELL_93,946688559.2169211,0x19B5010B,1,3.95 V
VCELL_94,946688559.2169211,0x19B5010B,1,3.95 V
VCELL_95,946688559.2169211,0x19B5010B,1,3.95 V
APPS_RANGE_ERROR,946688559.2372575,0x18FF1515,1,"FALSE 0 no Error, 1 Error"
SAFETY_OK,946688559.2372575,0x18FF1515,1,"FALSE 0 no Error, 1 Error"
BRAKE,946688559.2372575,0x18FF1515,1,"0 1 noBrake, 2 Brake"
VCU_STATE,946688559.2372575,0x18FF1515,1,0
APS_PERC,946688559.2372575,0x18FF1515,1,"2.56 porcentagem pedal, precisão de 2 casas decimais"
UNDER_VOLTAGE,946688559.336367,0x19B50007,1,FALSE logic
OVER_VOLTAGE,946688559.336367,0x19B50007,1,FALSE logic
DISCHARGE_OVER_CURRENT,946688559.336367,0x19B50007,1,FALSE logic
CHARGE_OVER_CURRENT,946688559.336367,0x19B50007,1,FALSE logic
CELL_MODULE_OVERHEAT,946688559.336367,0x19B50007,1,FALSE logic
LEAKAGE,946688559.336367,0x19B50007,1,FALSE logic
NO_CELL_COMMUNICATION,946688559.336367,0x19B50007,1,FALSE logic
LOW_VOLTAGE_W,946688559.336367,0x19B50007,1,FALSE logic
HIGH_CURRENT_W,946688559.336367,0x19B50007,1,FALSE logic
HIGH_TEMPERATURE_W,946688559.336367,0x19B50007,1,FALSE logic
CELL_OVERHEAT,946688559.336367,0x19B50007,1,FALSE logic
NO_CURRENT_SENSOR,946688559.336367,0x19B50007,1,FALSE logic
PACK_UNDER_VOLTAGE,946688559.336367,0x19B50007,1,FALSE logic
VALIDITY,946688559.336367,0x19B50007,1,39 state
APPS_RANGE_ERROR,946688559.3373426,0x18FF1515,1,"FALSE 0 no Error, 1 Error"
SAFETY_OK,946688559.3373426,0x18FF1515,1,"FALSE 0 no Error, 1 Error"
BRAKE,946688559.3373426,0x18FF1515,1,"0 1 noBrake, 2 Brake"
VCU_STATE,946688559.3373426,0x18FF1515,1,0
APS_PERC,946688559.3373426,0x18FF1515,1,"2.56 porcentagem pedal, precisão de 2 casas decimais"
APPS_RANGE_ERROR,946688559.4372505,0x18FF1515,1,"FALSE 0 no Error, 1 Error"
SAFETY_OK,946688559.4372505,0x18FF1515,1,"FALSE 0 no Error, 1 Error"
BRAKE,946688559.4372505,0x18FF1515,1,"0 1 noBrake, 2 Brake"
VCU_STATE,946688559.4372505,0x18FF1515,1,0
APS_PERC,946688559.4372505,0x18FF1515,1,"2.56 porcentagem pedal, precisão de 2 casas decimais"
APPS_RANGE_ERROR,946688559.5372463,0x18FF1515,1,"FALSE 0 no Error, 1 Error"
SAFETY_OK,946688559.5372463,0x18FF1515,1,"FALSE 0 no Error, 1 Error"
BRAKE,946688559.5372463,0x18FF1515,1,"0 1 noBrake, 2 Brake"
VCU_STATE,946688559.5372463,0x18FF1515,1,0
APS_PERC,946688559.5372463,0x18FF1515,1,"2.56 porcentagem pedal, precisão de 2 casas decimais"
UNDER_VOLTAGE,946688559.5413998,0x19B50007,1,FALSE logic
OVER_VOLTAGE,946688559.5413998,0x19B50007,1,FALSE logic
DISCHARGE_OVER_CURRENT,946688559.5413998,0x19B50007,1,FALSE logic
CHARGE_OVER_CURRENT,946688559.5413998,0x19B50007,1,FALSE logic
CELL_MODULE_OVERHEAT,946688559.5413998,0x19B50007,1,FALSE logic
LEAKAGE,946688559.5413998,0x19B50007,1,FALSE logic
NO_CELL_COMMUNICATION,946688559.5413998,0x19B50007,1,FALSE logic
LOW_VOLTAGE_W,946688559.5413998,0x19B50007,1,FALSE logic
HIGH_CURRENT_W,946688559.5413998,0x19B50007,1,FALSE logic
HIGH_TEMPERATURE_W,946688559.5413998,0x19B50007,1,FALSE logic
CELL_OVERHEAT,946688559.5413998,0x19B50007,1,FALSE logic
NO_CURRENT_SENSOR,946688559.5413998,0x19B50007,1,FALSE logic
PACK_UNDER_VOLTAGE,946688559.5413998,0x19B50007,1,FALSE logic
VALIDITY,946688559.5413998,0x19B50007,1,39 state
APPS_RANGE_ERROR,946688559.6372443,0x18FF1515,1,"FALSE 0 no Error, 1 Error"
SAFETY_OK,946688559.6372443,0x18FF1515,1,"FALSE 0 no Error, 1 Error"
BRAKE,946688559.6372443,0x18FF1515,1,"0 1 noBrake, 2 Brake"
VCU_STATE,946688559.6372443,0x18FF1515,1,0
APS_PERC,946688559.6372443,0x18FF1515,1,"2.56 porcentagem pedal, precisão de 2 casas decimais"
APPS_RANGE_ERROR,946688559.7372465,0x18FF1515,1,"FALSE 0 no Error, 1 Error"
SAFETY_OK,946688559.7372465,0x18FF1515,1,"FALSE 0 no Error, 1 Error"
BRAKE,946688559.7372465,0x18FF1515,1,"0 1 noBrake, 2 Brake"
VCU_STATE,946688559.7372465,0x18FF1515,1,0
APS_PERC,946688559.7372465,0x18FF1515,1,"2.56 porcentagem pedal, precisão de 2 casas decimais"
UNDER_VOLTAGE,946688559.7420083,0x19B50007,1,FALSE logic
OVER_VOLTAGE,946688559.7420083,0x19B50007,1,FALSE logic
DISCHARGE_OVER_CURRENT,946688559.7420083,0x19B50007,1,FALSE logic
CHARGE_OVER_CURRENT,946688559.7420083,0x19B50007,1,FALSE logic
CELL_MODULE_OVERHEAT,946688559.7420083,0x19B50007,1,FALSE logic
LEAKAGE,946688559.7420083,0x19B50007,1,FALSE logic
NO_CELL_COMMUNICATION,946688559.7420083,0x19B50007,1,FALSE logic
LOW_VOLTAGE_W,946688559.7420083,0x19B50007,1,FALSE logic
HIGH_CURRENT_W,946688559.7420083,0x19B50007,1,FALSE logic
HIGH_TEMPERATURE_W,946688559.7420083,0x19B50007,1,FALSE logic
CELL_OVERHEAT,946688559.7420083,0x19B50007,1,FALSE logic
NO_CURRENT_SENSOR,946688559.7420083,0x19B50007,1,FALSE logic
PACK_UNDER_VOLTAGE,946688559.7420083,0x19B50007,1,FALSE logic
VALIDITY,946688559.7420083,0x19B50007,1,39 state
APPS_RANGE_ERROR,946688559.8372529,0x18FF1515,1,"FALSE 0 no Error, 1 Error"
SAFETY_OK,946688559.8372529,0x18FF1515,1,"FALSE 0 no Error, 1 Error"
BRAKE,946688559.8372529,0x18FF1515,1,"0 1 noBrake, 2 Brake"
VCU_STATE,946688559.8372529,0x18FF1515,1,0
APS_PERC,946688559.8372529,0x18FF1515,1,"2.56 porcentagem pedal, precisão de 2 casas decimais"
UNDER_VOLTAGE,946688559.9298562,0x19B50007,1,FALSE logic
OVER_VOLTAGE,946688559.9298562,0x19B50007,1,FALSE logic
DISCHARGE_OVER_CURRENT,946688559.9298562,0x19B50007,1,FALSE logic
CHARGE_OVER_CURRENT,946688559.9298562,0x19B50007,1,FALSE logic
CELL_MODULE_OVERHEAT,946688559.9298562,0x19B50007,1,FALSE logic
LEAKAGE,946688559.9298562,0x19B50007,1,FALSE logic
NO_CELL_COMMUNICATION,946688559.9298562,0x19B50007,1,FALSE logic
LOW_VOLTAGE_W,946688559.9298562,0x19B50007,1,FALSE logic
HIGH_CURRENT_W,946688559.9298562,0x19B50007,1,FALSE logic
HIGH_TEMPERATURE_W,946688559.9298562,0x19B50007,1,FALSE logic
CELL_OVERHEAT,946688559.9298562,0x19B50007,1,FALSE logic
NO_CURRENT_SENSOR,946688559.9298562,0x19B50007,1,FALSE logic
PACK_UNDER_VOLTAGE,946688559.9298562,0x19B50007,1,FALSE logic
VALIDITY,946688559.9298562,0x19B50007,1,39 state
APPS_RANGE_ERROR,946688559.9373181,0x18FF1515,1,"FALSE 0 no Error, 1 Error"
SAFETY_OK,946688559.9373181,0x18FF1515,1,"FALSE 0 no Error, 1 Error"
BRAKE,946688559.9373181,0x18FF1515,1,"0 1 noBrake, 2 Brake"
VCU_STATE,946688559.9373181,0x18FF1515,1,0
APS_PERC,946688559.9373181,0x18FF1515,1,"2.56 porcentagem pedal, precisão de 2 casas decimais"
APPS_RANGE_ERROR,946688560.0372475,0x18FF1515,1,"FALSE 0 no Error, 1 Error"
SAFETY_OK,946688560.0372475,0x18FF1515,1,"FALSE 0 no Error, 1 Error"
BRAKE,946688560.0372475,0x18FF1515,1,"0 1 noBrake, 2 Brake"
VCU_STATE,946688560.0372475,0x18FF1515,1,0
APS_PERC,946688560.0372475,0x18FF1515,1,"2.56 porcentagem pedal, precisão de 2 casas decimais"
APPS_RANGE_ERROR,946688560.1372446,0x18FF1515,1,"FALSE 0 no Error, 1 Error"
SAFETY_OK,946688560.1372446,0x18FF1515,1,"FALSE 0 no Error, 1 Error"
BRAKE,946688560.1372446,0x18FF1515,1,"0 1 noBrake, 2 Brake"
VCU_STATE,946688560.1372446,0x18FF1515,1,0
APS_PERC,946688560.1372446,0x18FF1515,1,"2.56 porcentagem pedal, precisão de 2 casas decimais"
UNDER_VOLTAGE,946688560.1419784,0x19B50007,1,FALSE logic
OVER_VOLTAGE,946688560.1419784,0x19B50007,1,FALSE logic
DISCHARGE_OVER_CURRENT,946688560.1419784,0x19B50007,1,FALSE logic
CHARGE_OVER_CURRENT,946688560.1419784,0x19B50007,1,FALSE logic
CELL_MODULE_OVERHEAT,946688560.1419784,0x19B50007,1,FALSE logic
LEAKAGE,946688560.1419784,0x19B50007,1,FALSE logic
NO_CELL_COMMUNICATION,946688560.1419784,0x19B50007,1,FALSE logic
LOW_VOLTAGE_W,946688560.1419784,0x19B50007,1,FALSE logic
HIGH_CURRENT_W,946688560.1419784,0x19B50007,1,FALSE logic
HIGH_TEMPERATURE_W,946688560.1419784,0x19B50007,1,FALSE logic
CELL_OVERHEAT,946688560.1419784,0x19B50007,1,FALSE logic
NO_CURRENT_SENSOR,946688560.1419784,0x19B50007,1,FALSE logic
PACK_UNDER_VOLTAGE,946688560.1419784,0x19B50007,1,FALSE logic
VALIDITY,946688560.1419784,0x19B50007,1,39 state
APPS_RANGE_ERROR,946688560.237244,0x18FF1515,1,"FALSE 0 no Error, 1 Error"
SAFETY_OK,946688560.237244,0x18FF1515,1,"FALSE 0 no Error, 1 Error"
BRAKE,946688560.237244,0x18FF1515,1,"0 1 noBrake, 2 Brake"
VCU_STATE,946688560.237244,0x18FF1515,1,0
APS_PERC,946688560.237244,0x18FF1515,1,"2.56 porcentagem pedal, precisão de 2 casas decimais"
UNDER_VOLTAGE,946688560.3352834,0x19B50007,1,FALSE logic
OVER_VOLTAGE,946688560.3352834,0x19B50007,1,FALSE logic
DISCHARGE_OVER_CURRENT,946688560.3352834,0x19B50007,1,FALSE logic
CHARGE_OVER_CURRENT,946688560.3352834,0x19B50007,1,FALSE logic
CELL_MODULE_OVERHEAT,946688560.3352834,0x19B50007,1,FALSE logic
LEAKAGE,946688560.3352834,0x19B50007,1,FALSE logic
NO_CELL_COMMUNICATION,946688560.3352834,0x19B50007,1,FALSE logic
LOW_VOLTAGE_W,946688560.3352834,0x19B50007,1,FALSE logic
HIGH_CURRENT_W,946688560.3352834,0x19B50007,1,FALSE logic
HIGH_TEMPERATURE_W,946688560.3352834,0x19B50007,1,FALSE logic
CELL_OVERHEAT,946688560.3352834,0x19B50007,1,FALSE logic
NO_CURRENT_SENSOR,946688560.3352834,0x19B50007,1,FALSE logic
PACK_UNDER_VOLTAGE,946688560.3352834,0x19B50007,1,FALSE logic
VALIDITY,946688560.3352834,0x19B50007,1,39 state
APPS_RANGE_ERROR,946688560.3373454,0x18FF1515,1,"FALSE 0 no Error, 1 Error"
SAFETY_OK,946688560.3373454,0x18FF1515,1,"FALSE 0 no Error, 1 Error"
BRAKE,946688560.3373454,0x18FF1515,1,"0 1 noBrake, 2 Brake"
VCU_STATE,946688560.3373454,0x18FF1515,1,0
APS_PERC,946688560.3373454,0x18FF1515,1,"2.56 porcentagem pedal, precisão de 2 casas decimais"
APPS_RANGE_ERROR,946688560.4372387,0x18FF1515,1,"FALSE 0 no Error, 1 Error"
SAFETY_OK,946688560.4372387,0x18FF1515,1,"FALSE 0 no Error, 1 Error"
BRAKE,946688560.4372387,0x18FF1515,1,"0 1 noBrake, 2 Brake"
VCU_STATE,946688560.4372387,0x18FF1515,1,0
APS_PERC,946688560.4372387,0x18FF1515,1,"2.56 porcentagem pedal, precisão de 2 casas decimais"
TCELL_0,946688560.4930468,0x19B50800,1,-100.00 °C
TCELL_0,946688560.493603,0x19B50800,1,28.00 °C
TCELL_1,946688560.493603,0x19B50800,1,28.00 °C
TCELL_2,946688560.493603,0x19B50800,1,28.00 °C
TCELL_3,946688560.493603,0x19B50800,1,28.00 °C
TCELL_4,946688560.493603,0x19B50800,1,28.00 °C
TCELL_5,946688560.493603,0x19B50800,1,155.00 °C
TCELL_6,946688560.493603,0x19B50800,1,155.00 °C
TCELL_7,946688560.493603,0x19B50800,1,155.00 °C
TCELL_8,946688560.5060904,0x19B50801,1,155.00 °C
TCELL_9,946688560.5060904,0x19B50801,1,155.00 °C
TCELL_10,946688560.5060904,0x19B50801,1,155.00 °C
TCELL_11,946688560.5060904,0x19B50801,1,155.00 °C
TCELL_12,946688560.5060904,0x19B50801,1,155.00 °C
TCELL_13,946688560.5060904,0x19B50801,1,155.00 °C
TCELL_14,946688560.5060904,0x19B50801,1,155.00 °C
TCELL_15,946688560.5060904,0x19B50801,1,155.00 °C
TCELL_16,946688560.5212885,0x19B50802,1,28.00 °C
TCELL_17,946688560.5212885,0x19B50802,1,28.00 °C
TCELL_18,946688560.5212885,0x19B50802,1,28.00 °C
TCELL_19,946688560.5212885,0x19B50802,1,29.00 °C
TCELL_20,946688560.5212885,0x19B50802,1,28.00 °C
TCELL_21,946688560.5212885,0x19B50802,1,155.00 °C
TCELL_22,946688560.5212885,0x19B50802,1,155.00 °C
TCELL_23,946688560.5212885,0x19B50802,1,155.00 °C
UNDER_VOLTAGE,946688560.5318968,0x19B50007,1,FALSE logic
OVER_VOLTAGE,946688560.5318968,0x19B50007,1,FALSE logic
DISCHARGE_OVER_CURRENT,946688560.5318968,0x19B50007,1,FALSE logic
CHARGE_OVER_CURRENT,946688560.5318968,0x19B50007,1,FALSE logic
CELL_MODULE_OVERHEAT,946688560.5318968,0x19B50007,1,FALSE logic
LEAKAGE,946688560.5318968,0x19B50007,1,FALSE logic
NO_CELL_COMMUNICATION,946688560.5318968,0x19B50007,1,FALSE logic
LOW_VOLTAGE_W,946688560.5318968,0x19B50007,1,FALSE logic
HIGH_CURRENT_W,946688560.5318968,0x19B50007,1,FALSE logic
HIGH_TEMPERATURE_W,946688560.5318968,0x19B50007,1,FALSE logic
CELL_OVERHEAT,946688560.5318968,0x19B50007,1,FALSE logic
NO_CURRENT_SENSOR,946688560.5318968,0x19B50007,1,FALSE logic
PACK_UNDER_VOLTAGE,946688560.5318968,0x19B50007,1,FALSE logic
VALIDITY,946688560.5318968,0x19B50007,1,39 state
APPS_RANGE_ERROR,946688560.53736,0x18FF1515,1,"FALSE 0 no Error, 1 Error"
SAFETY_OK,946688560.53736,0x18FF1515,1,"FALSE 0 no Error, 1 Error"
BRAKE,946688560.53736,0x18FF1515,1,"0 1 noBrake, 2 Brake"
VCU_STATE,946688560.53736,0x18FF1515,1,0
APS_PERC,946688560.53736,0x18FF1515,1,"2.56 porcentagem pedal, precisão de 2 casas decimais"
TCELL_24,946688560.5460995,0x19B50803,1,155.00 °C
TCELL_25,946688560.5460995,0x19B50803,1,155.00 °C
TCELL_26,946688560.5460995,0x19B50803,1,155.00 °C
TCELL_27,946688560.5460995,0x19B50803,1,155.00 °C
TCELL_28,946688560.5460995,0x19B50803,1,155.00 °C
TCELL_29,946688560.5460995,0x19B50803,1,155.00 °C
TCELL_30,946688560.5460995,0x19B50803,1,155.00 °C
TCELL_31,946688560.5460995,0x19B50803,1,155.00 °C
APPS_RANGE_ERROR,946688560.6372457,0x18FF1515,1,"FALSE 0 no Error, 1 Error"
SAFETY_OK,946688560.6372457,0x18FF1515,1,"FALSE 0 no Error, 1 Error"
BRAKE,946688560.6372457,0x18FF1515,1,"0 1 noBrake, 2 Brake"
VCU_STATE,946688560.6372457,0x18FF1515,1,0
APS_PERC,946688560.6372457,0x18FF1515,1,"2.56 porcentagem pedal, precisão de 2 casas decimais"
UNDER_VOLTAGE,946688560.7315995,0x19B50007,1,FALSE logic
OVER_VOLTAGE,946688560.7315995,0x19B50007,1,FALSE logic
DISCHARGE_OVER_CURRENT,946688560.7315995,0x19B50007,1,FALSE logic
CHARGE_OVER_CURRENT,946688560.7315995,0x19B50007,1,FALSE logic
CELL_MODULE_OVERHEAT,946688560.7315995,0x19B50007,1,FALSE logic
LEAKAGE,946688560.7315995,0x19B50007,1,FALSE logic
NO_CELL_COMMUNICATION,946688560.7315995,0x19B50007,1,FALSE logic
LOW_VOLTAGE_W,946688560.7315995,0x19B50007,1,FALSE logic
HIGH_CURRENT_W,946688560.7315995,0x19B50007,1,FALSE logic
HIGH_TEMPERATURE_W,946688560.7315995,0x19B50007,1,FALSE logic
CELL_OVERHEAT,946688560.7315995,0x19B50007,1,FALSE logic
NO_CURRENT_SENSOR,946688560.7315995,0x19B50007,1,FALSE logic
PACK_UNDER_VOLTAGE,946688560.7315995,0x19B50007,1,FALSE logic
VALIDITY,946688560.7315995,0x19B50007,1,39 state
APPS_RANGE_ERROR,946688560.7372782,0x18FF1515,1,"FALSE 0 no Error, 1 Error"
SAFETY_OK,946688560.7372782,0x18FF1515,1,"FALSE 0 no Error, 1 Error"
BRAKE,946688560.7372782,0x18FF1515,1,"0 1 noBrake, 2 Brake"
VCU_STATE,946688560.7372782,0x18FF1515,1,0
APS_PERC,946688560.7372782,0x18FF1515,1,"2.56 porcentagem pedal, precisão de 2 casas decimais"
APPS_RANGE_ERROR,946688560.8372347,0x18FF1515,1,"FALSE 0 no Error, 1 Error"
SAFETY_OK,946688560.8372347,0x18FF1515,1,"FALSE 0 no Error, 1 Error"
BRAKE,946688560.8372347,0x18FF1515,1,"0 1 noBrake, 2 Brake"
VCU_STATE,946688560.8372347,0x18FF1515,1,0
APS_PERC,946688560.8372347,0x18FF1515,1,"2.56 porcentagem pedal, precisão de 2 casas decimais"
UNDER_VOLTAGE,946688560.9282585,0x19B50007,1,FALSE logic
OVER_VOLTAGE,946688560.9282585,0x19B50007,1,FALSE logic
DISCHARGE_OVER_CURRENT,946688560.9282585,0x19B50007,1,FALSE logic
CHARGE_OVER_CURRENT,946688560.9282585,0x19B50007,1,FALSE logic
CELL_MODULE_OVERHEAT,946688560.9282585,0x19B50007,1,FALSE logic
LEAKAGE,946688560.9282585,0x19B50007,1,FALSE logic
NO_CELL_COMMUNICATION,946688560.9282585,0x19B50007,1,FALSE logic
LOW_VOLTAGE_W,946688560.9282585,0x19B50007,1,FALSE logic
HIGH_CURRENT_W,946688560.9282585,0x19B50007,1,FALSE logic
HIGH_TEMPERATURE_W,946688560.9282585,0x19B50007,1,FALSE logic
CELL_OVERHEAT,946688560.9282585,0x19B50007,1,FALSE logic
NO_CURRENT_SENSOR,946688560.9282585,0x19B50007,1,FALSE logic
PACK_UNDER_VOLTAGE,946688560.9282585,0x19B50007,1,FALSE logic
VALIDITY,946688560.9282585,0x19B50007,1,39 state
APPS_RANGE_ERROR,946688560.9372356,0x18FF1515,1,"FALSE 0 no Error, 1 Error"
SAFETY_OK,946688560.9372356,0x18FF1515,1,"FALSE 0 no Error, 1 Error"
BRAKE,946688560.9372356,0x18FF1515,1,"0 1 noBrake, 2 Brake"
VCU_STATE,946688560.9372356,0x18FF1515,1,0
APS_PERC,946688560.9372356,0x18FF1515,1,"2.56 porcentagem pedal, precisão de 2 casas decimais"
VCELL_0,946688560.9715002,0x19B50100,1,2.00 V
VCELL_0,946688560.9723076,0x19B50100,1,3.96 V
VCELL_1,946688560.9723076,0x19B50100,1,3.95 V
VCELL_2,946688560.9723076,0x19B50100,1,3.95 V
VCELL_3,946688560.9723076,0x19B50100,1,3.95 V
VCELL_4,946688560.9723076,0x19B50100,1,3.95 V
VCELL_5,946688560.9723076,0x19B50100,1,3.95 V
VCELL_6,946688560.9723076,0x19B50100,1,3.95 V
VCELL_7,946688560.9723076,0x19B50100,1,3.95 V
VCELL_8,946688560.9846635,0x19B50101,1,3.95 V
VCELL_9,946688560.9846635,0x19B50101,1,3.95 V
VCELL_10,946688560.9846635,0x19B50101,1,3.95 V
VCELL_11,946688560.9846635,0x19B50101,1,3.95 V
VCELL_12,946688560.9846635,0x19B50101,1,3.95 V
VCELL_13,946688560.9846635,0x19B50101,1,3.95 V
VCELL_14,946688560.9846635,0x19B50101,1,3.95 V
VCELL_15,946688560.9846635,0x19B50101,1,3.95 V
VCELL_16,946688560.9969819,0x19B50102,1,3.95 V
VCELL_17,946688560.9969819,0x19B50102,1,3.95 V
VCELL_18,946688560.9969819,0x19B50102,1,3.95 V
VCELL_19,946688560.9969819,0x19B50102,1,3.95 V
VCELL_20,946688560.9969819,0x19B50102,1,3.95 V
VCELL_21,946688560.9969819,0x19B50102,1,3.97 V
VCELL_22,946688560.9969819,0x19B50102,1,3.95 V
VCELL_23,946688560.9969819,0x19B50102,1,3.95 V
VCELL_24,946688561.0102121,0x19B50103,1,3.95 V
VCELL_25,946688561.0102121,0x19B50103,1,3.96 V
VCELL_26,946688561.0102121,0x19B50103,1,3.95 V
VCELL_27,946688561.0102121,0x19B50103,1,3.95 V
VCELL_28,946688561.0102121,0x19B50103,1,3.97 V
VCELL_29,946688561.0102121,0x19B50103,1,3.95 V
VCELL_30,946688561.0102121,0x19B50103,1,3.95 V
VCELL_31,946688561.0102121,0x19B50103,1,3.95 V
VCELL_32,946688561.0231026,0x19B50104,1,3.94 V
VCELL_33,946688561.0231026,0x19B50104,1,3.95 V
VCELL_34,946688561.0231026,0x19B50104,1,3.95 V
VCELL_35,946688561.0231026,0x19B50104,1,3.95 V
VCELL_36,946688561.0231026,0x19B50104,1,3.95 V
VCELL_37,946688561.0231026,0x19B50104,1,3.95 V
VCELL_38,946688561.0231026,0x19B50104,1,3.95 V
VCELL_39,946688561.0231026,0x19B50104,1,3.95 V
APPS_RANGE_ERROR,946688561.0372385,0x18FF1515,1,"FALSE 0 no Error, 1 Error"
SAFETY_OK,946688561.0372385,0x18FF1515,1,"FALSE 0 no Error, 1 Error"
BRAKE,946688561.0372385,0x18FF1515,1,"0 1 noBrake, 2 Brake"
VCU_STATE,946688561.0372385,0x18FF1515,1,0
APS_PERC,946688561.0372385,0x18FF1515,1,"2.56 porcentagem pedal, precisão de 2 casas decimais"
VCELL_40,946688561.0469152,0x19B50105,1,3.95 V
VCELL_41,946688561.0469152,0x19B50105,1,3.95 V
VCELL_42,946688561.0469152,0x19B50105,1,3.95 V
VCELL_43,946688561.0469152,0x19B50105,1,3.95 V
VCELL_44,946688561.0469152,0x19B50105,1,3.95 V
VCELL_45,946688561.0469152,0x19B50105,1,3.95 V
VCELL_46,946688561.0469152,0x19B50105,1,3.95 V
VCELL_47,946688561.0469152,0x19B50105,1,3.95 V
VCELL_48,946688561.0623312,0x19B50106,1,3.95 V
VCELL_49,946688561.0623312,0x19B50106,1,3.95 V
VCELL_50,946688561.0623312,0x19B50106,1,3.95 V
VCELL_51,946688561.0623312,0x19B50106,1,3.95 V
VCELL_52,946688561.0623312,0x19B50106,1,3.95 V
VCELL_53,946688561.0623312,0x19B50106,1,3.95 V
VCELL_54,946688561.0623312,0x19B50106,1,3.95 V
VCELL_55,946688561.0623312,0x19B50106,1,3.95 V
VCELL_56,946688561.0746728,0x19B50107,1,3.95 V
VCELL_57,946688561.0746728,0x19B50107,1,3.95 V
VCELL_58,946688561.0746728,0x19B50107,1,3.95 V
VCELL_59,946688561.0746728,0x19B50107,1,3.95 V
VCELL_60,946688561.0746728,0x19B50107,1,3.95 V
VCELL_61,946688561.0746728,0x19B50107,1,3.95 V
VCELL_62,946688561.0746728,0x19B50107,1,3.95 V
VCELL_63,946688561.0746728,0x19B50107,1,3.95 V
VCELL_64,946688561.0873674,0x19B50108,1,3.92 V
VCELL_65,946688561.0873674,0x19B50108,1,3.94 V
VCELL_66,946688561.0873674,0x19B50108,1,3.95 V
VCELL_67,946688561.0873674,0x19B50108,1,3.95 V
VCELL_68,946688561.0873674,0x19B50108,1,3.96 V
VCELL_69,946688561.0873674,0x19B50108,1,3.96 V
VCELL_70,946688561.0873674,0x19B50108,1,3.94 V
VCELL_71,946688561.0873674,0x19B50108,1,3.95 V
VCELL_72,946688561.1006293,0x19B50109,1,3.97 V
VCELL_73,946688561.1006293,0x19B50109,1,3.95 V
VCELL_74,946688561.1006293,0x19B50109,1,3.95 V
VCELL_75,946688561.1006293,0x19B50109,1,3.96 V
VCELL_76,946688561.1006293,0x19B50109,1,3.94 V
VCELL_77,946688561.1006293,0x19B50109,1,3.95 V
VCELL_78,946688561.1006293,0x19B50109,1,3.95 V
VCELL_79,946688561.1006293,0x19B50109,1,3.95 V
VCELL_80,946688561.1129524,0x19B5010A,1,3.95 V
VCELL_81,946688561.1129524,0x19B5010A,1,3.95 V
VCELL_82,946688561.1129524,0x19B5010A,1,3.95 V
VCELL_83,946688561.1129524,0x19B5010A,1,3.95 V
VCELL_84,946688561.1129524,0x19B5010A,1,3.95 V
VCELL_85,946688561.1129524,0x19B5010A,1,3.95 V
VCELL_86,946688561.1129524,0x19B5010A,1,3.95 V
VCELL_87,946688561.1129524,0x19B5010A,1,3.95 V
UNDER_VOLTAGE,946688561.1349148,0x19B50007,1,FALSE logic
OVER_VOLTAGE,946688561.1349148,0x19B50007,1,FALSE logic
DISCHARGE_OVER_CURRENT,946688561.1349148,0x19B50007,1,FALSE logic
CHARGE_OVER_CURRENT,946688561.1349148,0x19B50007,1,FALSE logic
CELL_MODULE_OVERHEAT,946688561.1349148,0x19B50007,1,FALSE logic
LEAKAGE,946688561.1349148,0x19B50007,1,FALSE logic
NO_CELL_COMMUNICATION,946688561.1349148,0x19B50007,1,FALSE logic
LOW_VOLTAGE_W,946688561.1349148,0x19B50007,1,FALSE logic
HIGH_CURRENT_W,946688561.1349148,0x19B50007,1,FALSE logic
HIGH_TEMPERATURE_W,946688561.1349148,0x19B50007,1,FALSE logic
CELL_OVERHEAT,946688561.1349148,0x19B50007,1,FALSE logic
NO_CURRENT_SENSOR,946688561.1349148,0x19B50007,1,FALSE logic
PACK_UNDER_VOLTAGE,946688561.1349148,0x19B50007,1,FALSE logic
VALIDITY,946688561.1349148,0x19B50007,1,39 state
APPS_RANGE_ERROR,946688561.1372336,0x18FF1515,1,"FALSE 0 no Error, 1 Error"
SAFETY_OK,946688561.1372336,0x18FF1515,1,"FALSE 0 no Error, 1 Error"
BRAKE,946688561.1372336,0x18FF1515,1,"0 1 noBrake, 2 Brake"
VCU_STATE,946688561.1372336,0x18FF1515,1,0
APS_PERC,946688561.1372336,0x18FF1515,1,"2.56 porcentagem pedal, precisão de 2 casas decimais"
VCELL_88,946688561.1488642,0x19B5010B,1,3.95 V
VCELL_89,946688561.1488642,0x19B5010B,1,3.95 V
VCELL_90,946688561.1488642,0x19B5010B,1,3.95 V
VCELL_91,946688561.1488642,0x19B5010B,1,3.98 V
VCELL_92,946688561.1488642,0x19B5010B,1,3.97 V
VCELL_93,946688561.1488642,0x19B5010B,1,3.95 V
VCELL_94,946688561.1488642,0x19B5010B,1,3.95 V
VCELL_95,946688561.1488642,0x19B5010B,1,3.95 V
APPS_RANGE_ERROR,946688561.2372344,0x18FF1515,1,"FALSE 0 no Error, 1 Error"
SAFETY_OK,946688561.2372344,0x18FF1515,1,"FALSE 0 no Error, 1 Error"
BRAKE,946688561.2372344,0x18FF1515,1,"0 1 noBrake, 2 Brake"
VCU_STATE,946688561.2372344,0x18FF1515,1,0
APS_PERC,946688561.2372344,0x18FF1515,1,"2.56 porcentagem pedal, precisão de 2 casas decimais"
UNDER_VOLTAGE,946688561.3343468,0x19B50007,1,FALSE logic
OVER_VOLTAGE,946688561.3343468,0x19B50007,1,FALSE logic
DISCHARGE_OVER_CURRENT,946688561.3343468,0x19B50007,1,FALSE logic
CHARGE_OVER_CURRENT,946688561.3343468,0x19B50007,1,FALSE logic
CELL_MODULE_OVERHEAT,946688561.3343468,0x19B50007,1,FALSE logic
LEAKAGE,946688561.3343468,0x19B50007,1,FALSE logic
NO_CELL_COMMUNICATION,946688561.3343468,0x19B50007,1,FALSE logic
LOW_VOLTAGE_W,946688561.3343468,0x19B50007,1,FALSE logic
HIGH_CURRENT_W,946688561.3343468,0x19B50007,1,FALSE logic
HIGH_TEMPERATURE_W,946688561.3343468,0x19B50007,1,FALSE logic
CELL_OVERHEAT,946688561.3343468,0x19B50007,1,FALSE logic
NO_CURRENT_SENSOR,946688561.3343468,0x19B50007,1,FALSE logic
PACK_UNDER_VOLTAGE,946688561.3343468,0x19B50007,1,FALSE logic
VALIDITY,946688561.3343468,0x19B50007,1,39 state
APPS_RANGE_ERROR,946688561.3372514,0x18FF1515,1,"FALSE 0 no Error, 1 Error"
SAFETY_OK,946688561.3372514,0x18FF1515,1,"FALSE 0 no Error, 1 Error"
BRAKE,946688561.3372514,0x18FF1515,1,"0 1 noBrake, 2 Brake"
VCU_STATE,946688561.3372514,0x18FF1515,1,0
APS_PERC,946688561.3372514,0x18FF1515,1,"2.56 porcentagem pedal, precisão de 2 casas decimais"
APPS_RANGE_ERROR,946688561.4372299,0x18FF1515,1,"FALSE 0 no Error, 1 Error"
SAFETY_OK,946688561.4372299,0x18FF1515,1,"FALSE 0 no Error, 1 Error"
BRAKE,946688561.4372299,0x18FF1515,1,"0 1 noBrake, 2 Brake"
VCU_STATE,946688561.4372299,0x18FF1515,1,0
APS_PERC,946688561.4372299,0x18FF1515,1,"2.56 porcentagem pedal, precisão de 2 casas decimais"
UNDER_VOLTAGE,946688561.5319002,0x19B50007,1,FALSE logic
OVER_VOLTAGE,946688561.5319002,0x19B50007,1,FALSE logic
DISCHARGE_OVER_CURRENT,946688561.5319002,0x19B50007,1,FALSE logic
CHARGE_OVER_CURRENT,946688561.5319002,0x19B50007,1,FALSE logic
CELL_MODULE_OVERHEAT,946688561.5319002,0x19B50007,1,FALSE logic
LEAKAGE,946688561.5319002,0x19B50007,1,FALSE logic
NO_CELL_COMMUNICATION,946688561.5319002,0x19B50007,1,FALSE logic
LOW_VOLTAGE_W,946688561.5319002,0x19B50007,1,FALSE logic
HIGH_CURRENT_W,946688561.5319002,0x19B50007,1,FALSE logic
HIGH_TEMPERATURE_W,946688561.5319002,0x19B50007,1,FALSE logic
CELL_OVERHEAT,946688561.5319002,0x19B50007,1,FALSE logic
NO_CURRENT_SENSOR,946688561.5319002,0x19B50007,1,FALSE logic
PACK_UNDER_VOLTAGE,946688561.5319002,0x19B50007,1,FALSE logic
VALIDITY,946688561.5319002,0x19B50007,1,39 state
APPS_RANGE_ERROR,946688561.5372273,0x18FF1515,1,"FALSE 0 no Error, 1 Error"
SAFETY_OK,946688561.5372273,0x18FF1515,1,"FALSE 0 no Error, 1 Error"
BRAKE,946688561.5372273,0x18FF1515,1,"0 1 noBrake, 2 Brake"
VCU_STATE,946688561.5372273,0x18FF1515,1,0
APS_PERC,946688561.5372273,0x18FF1515,1,"2.56 porcentagem pedal, precisão de 2 casas decimais"
APPS_RANGE_ERROR,946688561.6372297,0x18FF1515,1,"FALSE 0 no Error, 1 Error"
SAFETY_OK,946688561.6372297,0x18FF1515,1,"FALSE 0 no Error, 1 Error"
BRAKE,946688561.6372297,0x18FF1515,1,"0 1 noBrake, 2 Brake"
VCU_STATE,946688561.6372297,0x18FF1515,1,0
APS_PERC,946688561.6372297,0x18FF1515,1,"2.56 porcentagem pedal, precisão de 2 casas decimais"
UNDER_VOLTAGE,946688561.7271957,0x19B50007,1,FALSE logic
OVER_VOLTAGE,946688561.7271957,0x19B50007,1,FALSE logic
DISCHARGE_OVER_CURRENT,946688561.7271957,0x19B50007,1,FALSE logic
CHARGE_OVER_CURRENT,946688561.7271957,0x19B50007,1,FALSE logic
CELL_MODULE_OVERHEAT,946688561.7271957,0x19B50007,1,FALSE logic
LEAKAGE,946688561.7271957,0x19B50007,1,FALSE logic
NO_CELL_COMMUNICATION,946688561.7271957,0x19B50007,1,FALSE logic
LOW_VOLTAGE_W,946688561.7271957,0x19B50007,1,FALSE logic
HIGH_CURRENT_W,946688561.7271957,0x19B50007,1,FALSE logic
HIGH_TEMPERATURE_W,946688561.7271957,0x19B50007,1,FALSE logic
CELL_OVERHEAT,946688561.7271957,0x19B50007,1,FALSE logic
NO_CURRENT_SENSOR,946688561.7271957,0x19B50007,1,FALSE logic
PACK_UNDER_VOLTAGE,946688561.7271957,0x19B50007,1,FALSE logic
VALIDITY,946688561.7271957,0x19B50007,1,39 state
APPS_RANGE_ERROR,946688561.7372317,0x18FF1515,1,"FALSE 0 no Error, 1 Error"
SAFETY_OK,946688561.7372317,0x18FF1515,1,"FALSE 0 no Error, 1 Error"
BRAKE,946688561.7372317,0x18FF1515,1,"0 1 noBrake, 2 Brake"
VCU_STATE,946688561.7372317,0x18FF1515,1,0
APS_PERC,946688561.7372317,0x18FF1515,1,"2.56 porcentagem pedal, precisão de 2 casas decimais"
APPS_RANGE_ERROR,946688561.837231,0x18FF1515,1,"FALSE 0 no Error, 1 Error"
SAFETY_OK,946688561.837231,0x18FF1515,1,"FALSE 0 no Error, 1 Error"
BRAKE,946688561.837231,0x18FF1515,1,"0 1 noBrake, 2 Brake"
VCU_STATE,946688561.837231,0x18FF1515,1,0
APS_PERC,946688561.837231,0x18FF1515,1,"2.56 porcentagem pedal, precisão de 2 casas decimais"
UNDER_VOLTAGE,946688561.9303261,0x19B50007,1,FALSE logic
OVER_VOLTAGE,946688561.9303261,0x19B50007,1,FALSE logic
DISCHARGE_OVER_CURRENT,946688561.9303261,0x19B50007,1,FALSE logic
CHARGE_OVER_CURRENT,946688561.9303261,0x19B50007,1,FALSE logic
CELL_MODULE_OVERHEAT,946688561.9303261,0x19B50007,1,FALSE logic
LEAKAGE,946688561.9303261,0x19B50007,1,FALSE logic
NO_CELL_COMMUNICATION,946688561.9303261,0x19B50007,1,FALSE logic
LOW_VOLTAGE_W,946688561.9303261,0x19B50007,1,FALSE logic
HIGH_CURRENT_W,946688561.9303261,0x19B50007,1,FALSE logic
HIGH_TEMPERATURE_W,946688561.9303261,0x19B50007,1,FALSE logic
CELL_OVERHEAT,946688561.9303261,0x19B50007,1,FALSE logic
NO_CURRENT_SENSOR,946688561.9303261,0x19B50007,1,FALSE logic
PACK_UNDER_VOLTAGE,946688561.9303261,0x19B50007,1,FALSE logic
VALIDITY,946688561.9303261,0x19B50007,1,39 state
APPS_RANGE_ERROR,946688561.9372355,0x18FF1515,1,"FALSE 0 no Error, 1 Error"
SAFETY_OK,946688561.9372355,0x18FF1515,1,"FALSE 0 no Error, 1 Error"
BRAKE,946688561.9372355,0x18FF1515,1,"0 1 noBrake, 2 Brake"
VCU_STATE,946688561.9372355,0x18FF1515,1,0
APS_PERC,946688561.9372355,0x18FF1515,1,"2.56 porcentagem pedal, precisão de 2 casas decimais"
APPS_RANGE_ERROR,946688562.0372297,0x18FF1515,1,"FALSE 0 no Error, 1 Error"
SAFETY_OK,946688562.0372297,0x18FF1515,1,"FALSE 0 no Error, 1 Error"
BRAKE,946688562.0372297,0x18FF1515,1,"0 1 noBrake, 2 Brake"
VCU_STATE,946688562.0372297,0x18FF1515,1,0
APS_PERC,946688562.0372297,0x18FF1515,1,"2.56 porcentagem pedal, precisão de 2 casas decimais"
UNDER_VOLTAGE,946688562.1293539,0x19B50007,1,FALSE logic
OVER_VOLTAGE,946688562.1293539,0x19B50007,1,FALSE logic
DISCHARGE_OVER_CURRENT,946688562.1293539,0x19B50007,1,FALSE logic
CHARGE_OVER_CURRENT,946688562.1293539,0x19B50007,1,FALSE logic
CELL_MODULE_OVERHEAT,946688562.1293539,0x19B50007,1,FALSE logic
LEAKAGE,946688562.1293539,0x19B50007,1,FALSE logic
NO_CELL_COMMUNICATION,946688562.1293539,0x19B50007,1,FALSE logic
LOW_VOLTAGE_W,946688562.1293539,0x19B50007,1,FALSE logic
HIGH_CURRENT_W,946688562.1293539,0x19B50007,1,FALSE logic
HIGH_TEMPERATURE_W,946688562.1293539,0x19B50007,1,FALSE logic
CELL_OVERHEAT,946688562.1293539,0x19B50007,1,FALSE logic
NO_CURRENT_SENSOR,946688562.1293539,0x19B50007,1,FALSE logic
PACK_UNDER_VOLTAGE,946688562.1293539,0x19B50007,1,FALSE logic
VALIDITY,946688562.1293539,0x19B50007,1,39 state
APPS_RANGE_ERROR,946688562.1372948,0x18FF1515,1,"FALSE 0 no Error, 1 Error"
SAFETY_OK,946688562.1372948,0x18FF1515,1,"FALSE 0 no Error, 1 Error"
BRAKE,946688562.1372948,0x18FF1515,1,"0 1 noBrake, 2 Brake"
VCU_STATE,946688562.1372948,0x18FF1515,1,0
APS_PERC,946688562.1372948,0x18FF1515,1,"2.56 porcentagem pedal, precisão de 2 casas decimais"
APPS_RANGE_ERROR,946688562.237224,0x18FF1515,1,"FALSE 0 no Error, 1 Error"
SAFETY_OK,946688562.237224,0x18FF1515,1,"FALSE 0 no Error, 1 Error"
BRAKE,946688562.237224,0x18FF1515,1,"0 1 noBrake, 2 Brake"
VCU_STATE,946688562.237224,0x18FF1515,1,0
APS_PERC,946688562.237224,0x18FF1515,1,"2.56 porcentagem pedal, precisão de 2 casas decimais"
UNDER_VOLTAGE,946688562.328926,0x19B50007,1,FALSE logic
OVER_VOLTAGE,946688562.328926,0x19B50007,1,FALSE logic
DISCHARGE_OVER_CURRENT,946688562.328926,0x19B50007,1,FALSE logic
CHARGE_OVER_CURRENT,946688562.328926,0x19B50007,1,FALSE logic
CELL_MODULE_OVERHEAT,946688562.328926,0x19B50007,1,FALSE logic
LEAKAGE,946688562.328926,0x19B50007,1,FALSE logic
NO_CELL_COMMUNICATION,946688562.328926,0x19B50007,1,FALSE logic
LOW_VOLTAGE_W,946688562.328926,0x19B50007,1,FALSE logic
HIGH_CURRENT_W,946688562.328926,0x19B50007,1,FALSE logic
HIGH_TEMPERATURE_W,946688562.328926,0x19B50007,1,FALSE logic
CELL_OVERHEAT,946688562.328926,0x19B50007,1,FALSE logic
NO_CURRENT_SENSOR,946688562.328926,0x19B50007,1,FALSE logic
PACK_UNDER_VOLTAGE,946688562.328926,0x19B50007,1,FALSE logic
VALIDITY,946688562.328926,0x19B50007,1,39 state
APPS_RANGE_ERROR,946688562.3372221,0x18FF1515,1,"FALSE 0 no Error, 1 Error"
SAFETY_OK,946688562.3372221,0x18FF1515,1,"FALSE 0 no Error, 1 Error"
BRAKE,946688562.3372221,0x18FF1515,1,"0 1 noBrake, 2 Brake"
VCU_STATE,946688562.3372221,0x18FF1515,1,0
APS_PERC,946688562.3372221,0x18FF1515,1,"2.56 porcentagem pedal, precisão de 2 casas decimais"
TCELL_0,946688562.3425008,0x19B50800,1,-100.00 °C
TCELL_0,946688562.3430761,0x19B50800,1,28.00 °C
TCELL_1,946688562.3430761,0x19B50800,1,28.00 °C
TCELL_2,946688562.3430761,0x19B50800,1,28.00 °C
TCELL_3,946688562.3430761,0x19B50800,1,28.00 °C
TCELL_4,946688562.3430761,0x19B50800,1,28.00 °C
TCELL_5,946688562.3430761,0x19B50800,1,155.00 °C
TCELL_6,946688562.3430761,0x19B50800,1,155.00 °C
TCELL_7,946688562.3430761,0x19B50800,1,155.00 °C
TCELL_8,946688562.3557258,0x19B50801,1,155.00 °C
TCELL_9,946688562.3557258,0x19B50801,1,155.00 °C
TCELL_10,946688562.3557258,0x19B50801,1,155.00 °C
TCELL_11,946688562.3557258,0x19B50801,1,155.00 °C
TCELL_12,946688562.3557258,0x19B50801,1,155.00 °C
TCELL_13,946688562.3557258,0x19B50801,1,155.00 °C
TCELL_14,946688562.3557258,0x19B50801,1,155.00 °C
TCELL_15,946688562.3557258,0x19B50801,1,155.00 °C
TCELL_16,946688562.3689245,0x19B50802,1,28.00 °C
TCELL_17,946688562.3689245,0x19B50802,1,28.00 °C
TCELL_18,946688562.3689245,0x19B50802,1,28.00 °C
TCELL_19,946688562.3689245,0x19B50802,1,29.00 °C
TCELL_20,946688562.3689245,0x19B50802,1,28.00 °C
TCELL_21,946688562.3689245,0x19B50802,1,155.00 °C
TCELL_22,946688562.3689245,0x19B50802,1,155.00 °C
TCELL_23,946688562.3689245,0x19B50802,1,155.00 °C
TCELL_24,946688562.3815919,0x19B50803,1,155.00 °C
TCELL_25,946688562.3815919,0x19B50803,1,155.00 °C
TCELL_26,946688562.3815919,0x19B50803,1,155.00 °C
TCELL_27,946688562.3815919,0x19B50803,1,155.00 °C
TCELL_28,946688562.3815919,0x19B50803,1,155.00 °C
TCELL_29,946688562.3815919,0x19B50803,1,155.00 °C
TCELL_30,946688562.3815919,0x19B50803,1,155.00 °C
TCELL_31,946688562.3815919,0x19B50803,1,155.00 °C
APPS_RANGE_ERROR,946688562.4372213,0x18FF1515,1,"FALSE 0 no Error, 1 Error"
SAFETY_OK,946688562.4372213,0x18FF1515,1,"FALSE 0 no Error, 1 Error"
BRAKE,946688562.4372213,0x18FF1515,1,"0 1 noBrake, 2 Brake"
VCU_STATE,946688562.4372213,0x18FF1515,1,0
APS_PERC,946688562.4372213,0x18FF1515,1,"2.56 porcentagem pedal, precisão de 2 casas decimais"
UNDER_VOLTAGE,946688562.5311476,0x19B50007,1,FALSE logic
OVER_VOLTAGE,946688562.5311476,0x19B50007,1,FALSE logic
DISCHARGE_OVER_CURRENT,946688562.5311476,0x19B50007,1,FALSE logic
CHARGE_OVER_CURRENT,946688562.5311476,0x19B50007,1,FALSE logic
CELL_MODULE_OVERHEAT,946688562.5311476,0x19B50007,1,FALSE logic
LEAKAGE,946688562.5311476,0x19B50007,1,FALSE logic
NO_CELL_COMMUNICATION,946688562.5311476,0x19B50007,1,FALSE logic
LOW_VOLTAGE_W,946688562.5311476,0x19B50007,1,FALSE logic
HIGH_CURRENT_W,946688562.5311476,0x19B50007,1,FALSE logic
HIGH_TEMPERATURE_W,946688562.5311476,0x19B50007,1,FALSE logic
CELL_OVERHEAT,946688562.5311476,0x19B50007,1,FALSE logic
NO_CURRENT_SENSOR,946688562.5311476,0x19B50007,1,FALSE logic
PACK_UNDER_VOLTAGE,946688562.5311476,0x19B50007,1,FALSE logic
VALIDITY,946688562.5311476,0x19B50007,1,39 state
APPS_RANGE_ERROR,946688562.5372205,0x18FF1515,1,"FALSE 0 no Error, 1 Error"
SAFETY_OK,946688562.5372205,0x18FF1515,1,"FALSE 0 no Error, 1 Error"
BRAKE,946688562.5372205,0x18FF1515,1,"0 1 noBrake, 2 Brake"
VCU_STATE,946688562.5372205,0x18FF1515,1,0
APS_PERC,946688562.5372205,0x18FF1515,1,"2.56 porcentagem pedal, precisão de 2 casas decimais"
APPS_RANGE_ERROR,946688562.6372199,0x18FF1515,1,"FALSE 0 no Error, 1 Error"
SAFETY_OK,946688562.6372199,0x18FF1515,1,"FALSE 0 no Error, 1 Error"
BRAKE,946688562.6372199,0x18FF1515,1,"0 1 noBrake, 2 Brake"
VCU_STATE,946688562.6372199,0x18FF1515,1,0
APS_PERC,946688562.6372199,0x18FF1515,1,"2.56 porcentagem pedal, precisão de 2 casas decimais"
UNDER_VOLTAGE,946688562.726141,0x19B50007,1,FALSE logic
OVER_VOLTAGE,946688562.726141,0x19B50007,1,FALSE logic
DISCHARGE_OVER_CURRENT,946688562.726141,0x19B50007,1,FALSE logic
CHARGE_OVER_CURRENT,946688562.726141,0x19B50007,1,FALSE logic
CELL_MODULE_OVERHEAT,946688562.726141,0x19B50007,1,FALSE logic
LEAKAGE,946688562.726141,0x19B50007,1,FALSE logic
NO_CELL_COMMUNICATION,946688562.726141,0x19B50007,1,FALSE logic
LOW_VOLTAGE_W,946688562.726141,0x19B50007,1,FALSE logic
HIGH_CURRENT_W,946688562.726141,0x19B50007,1,FALSE logic
HIGH_TEMPERATURE_W,946688562.726141,0x19B50007,1,FALSE logic
CELL_OVERHEAT,946688562.726141,0x19B50007,1,FALSE logic
NO_CURRENT_SENSOR,946688562.726141,0x19B50007,1,FALSE logic
PACK_UNDER_VOLTAGE,946688562.726141,0x19B50007,1,FALSE logic
VALIDITY,946688562.726141,0x19B50007,1,39 state
APPS_RANGE_ERROR,946688562.7374225,0x18FF1515,1,"FALSE 0 no Error, 1 Error"
SAFETY_OK,946688562.7374225,0x18FF1515,1,"FALSE 0 no Error, 1 Error"
BRAKE,946688562.7374225,0x18FF1515,1,"0 1 noBrake, 2 Brake"
VCU_STATE,946688562.7374225,0x18FF1515,1,0
APS_PERC,946688562.7374225,0x18FF1515,1,"2.56 porcentagem pedal, precisão de 2 casas decimais"
VCELL_0,946688562.8193654,0x19B50100,1,2.00 V
VCELL_0,946688562.8199,0x19B50100,1,3.96 V
VCELL_1,946688562.8199,0x19B50100,1,3.95 V
VCELL_2,946688562.8199,0x19B50100,1,3.95 V
VCELL_3,946688562.8199,0x19B50100,1,3.95 V
VCELL_4,946688562.8199,0x19B50100,1,3.95 V
VCELL_5,946688562.8199,0x19B50100,1,3.95 V
VCELL_6,946688562.8199,0x19B50100,1,3.95 V
VCELL_7,946688562.8199,0x19B50100,1,3.95 V
APPS_RANGE_ERROR,946688562.8372217,0x18FF1515,1,"FALSE 0 no Error, 1 Error"
SAFETY_OK,946688562.8372217,0x18FF1515,1,"FALSE 0 no Error, 1 Error"
BRAKE,946688562.8372217,0x18FF1515,1,"0 1 noBrake, 2 Brake"
VCU_STATE,946688562.8372217,0x18FF1515,1,0
APS_PERC,946688562.8372217,0x18FF1515,1,"2.56 porcentagem pedal, precisão de 2 casas decimais"
VCELL_8,946688562.8701912,0x19B50101,1,3.95 V
VCELL_9,946688562.8701912,0x19B50101,1,3.95 V
VCELL_10,946688562.8701912,0x19B50101,1,3.95 V
VCELL_11,946688562.8701912,0x19B50101,1,3.95 V
VCELL_12,946688562.8701912,0x19B50101,1,3.95 V
VCELL_13,946688562.8701912,0x19B50101,1,3.95 V
VCELL_14,946688562.8701912,0x19B50101,1,3.95 V
VCELL_15,946688562.8701912,0x19B50101,1,3.95 V
VCELL_16,946688562.8847146,0x19B50102,1,3.95 V
VCELL_17,946688562.8847146,0x19B50102,1,3.95 V
VCELL_18,946688562.8847146,0x19B50102,1,3.95 V
VCELL_19,946688562.8847146,0x19B50102,1,3.95 V
VCELL_20,946688562.8847146,0x19B50102,1,3.95 V
VCELL_21,946688562.8847146,0x19B50102,1,3.97 V
VCELL_22,946688562.8847146,0x19B50102,1,3.95 V
VCELL_23,946688562.8847146,0x19B50102,1,3.95 V
VCELL_24,946688562.8978724,0x19B50103,1,3.95 V
VCELL_25,946688562.8978724,0x19B50103,1,3.96 V
VCELL_26,946688562.8978724,0x19B50103,1,3.95 V
VCELL_27,946688562.8978724,0x19B50103,1,3.95 V
VCELL_28,946688562.8978724,0x19B50103,1,3.97 V
VCELL_29,946688562.8978724,0x19B50103,1,3.95 V
VCELL_30,946688562.8978724,0x19B50103,1,3.95 V
VCELL_31,946688562.8978724,0x19B50103,1,3.95 V
VCELL_32,946688562.9104383,0x19B50104,1,3.94 V
VCELL_33,946688562.9104383,0x19B50104,1,3.95 V
VCELL_34,946688562.9104383,0x19B50104,1,3.95 V
VCELL_35,946688562.9104383,0x19B50104,1,3.95 V
VCELL_36,946688562.9104383,0x19B50104,1,3.95 V
VCELL_37,946688562.9104383,0x19B50104,1,3.95 V
VCELL_38,946688562.9104383,0x19B50104,1,3.95 V
VCELL_39,946688562.9104383,0x19B50104,1,3.95 V
VCELL_40,946688562.9233872,0x19B50105,1,3.95 V
VCELL_41,946688562.9233872,0x19B50105,1,3.95 V
VCELL_42,946688562.9233872,0x19B50105,1,3.95 V
VCELL_43,946688562.9233872,0x19B50105,1,3.95 V
VCELL_44,946688562.9233872,0x19B50105,1,3.95 V
VCELL_45,946688562.9233872,0x19B50105,1,3.95 V
VCELL_46,946688562.9233872,0x19B50105,1,3.95 V
VCELL_47,946688562.9233872,0x19B50105,1,3.95 V
UNDER_VOLTAGE,946688562.9337612,0x19B50007,1,FALSE logic
OVER_VOLTAGE,946688562.9337612,0x19B50007,1,FALSE logic
DISCHARGE_OVER_CURRENT,946688562.9337612,0x19B50007,1,FALSE logic
CHARGE_OVER_CURRENT,946688562.9337612,0x19B50007,1,FALSE logic
CELL_MODULE_OVERHEAT,946688562.9337612,0x19B50007,1,FALSE logic
LEAKAGE,946688562.9337612,0x19B50007,1,FALSE logic
NO_CELL_COMMUNICATION,946688562.9337612,0x19B50007,1,FALSE logic
LOW_VOLTAGE_W,946688562.9337612,0x19B50007,1,FALSE logic
HIGH_CURRENT_W,946688562.9337612,0x19B50007,1,FALSE logic
HIGH_TEMPERATURE_W,946688562.9337612,0x19B50007,1,FALSE logic
CELL_OVERHEAT,946688562.9337612,0x19B50007,1,FALSE logic
NO_CURRENT_SENSOR,946688562.9337612,0x19B50007,1,FALSE logic
PACK_UNDER_VOLTAGE,946688562.9337612,0x19B50007,1,FALSE logic
VALIDITY,946688562.9337612,0x19B50007,1,39 state
APPS_RANGE_ERROR,946688562.9373068,0x18FF1515,1,"FALSE 0 no Error, 1 Error"
SAFETY_OK,946688562.9373068,0x18FF1515,1,"FALSE 0 no Error, 1 Error"
BRAKE,946688562.9373068,0x18FF1515,1,"0 1 noBrake, 2 Brake"
VCU_STATE,946688562.9373068,0x18FF1515,1,0
APS_PERC,946688562.9373068,0x18FF1515,1,"2.56 porcentagem pedal, precisão de 2 casas decimais"
VCELL_48,946688562.959313,0x19B50106,1,3.95 V
VCELL_49,946688562.959313,0x19B50106,1,3.95 V
VCELL_50,946688562.959313,0x19B50106,1,3.95 V
VCELL_51,946688562.959313,0x19B50106,1,3.95 V
VCELL_52,946688562.959313,0x19B50106,1,3.95 V
VCELL_53,946688562.959313,0x19B50106,1,3.95 V
VCELL_54,946688562.959313,0x19B50106,1,3.95 V
VCELL_55,946688562.959313,0x19B50106,1,3.95 V
VCELL_56,946688562.9719197,0x19B50107,1,3.95 V
VCELL_57,946688562.9719197,0x19B50107,1,3.95 V
VCELL_58,946688562.9719197,0x19B50107,1,3.95 V
VCELL_59,946688562.9719197,0x19B50107,1,3.95 V
VCELL_60,946688562.9719197,0x19B50107,1,3.95 V
VCELL_61,946688562.9719197,0x19B50107,1,3.95 V
VCELL_62,946688562.9719197,0x19B50107,1,3.95 V
VCELL_63,946688562.9719197,0x19B50107,1,3.95 V
VCELL_64,946688562.9872777,0x19B50108,1,3.92 V
VCELL_65,946688562.9872777,0x19B50108,1,3.94 V
VCELL_66,946688562.9872777,0x19B50108,1,3.95 V
VCELL_67,946688562.9872777,0x19B50108,1,3.95 V
VCELL_68,946688562.9872777,0x19B50108,1,3.96 V
VCELL_69,946688562.9872777,0x19B50108,1,3.96 V
VCELL_70,946688562.9872777,0x19B50108,1,3.94 V
VCELL_71,946688562.9872777,0x19B50108,1,3.95 V
VCELL_72,946688562.9994874,0x19B50109,1,3.97 V
VCELL_73,946688562.9994874,0x19B50109,1,3.95 V
VCELL_74,946688562.9994874,0x19B50109,1,3.95 V
VCELL_75,946688562.9994874,0x19B50109,1,3.96 V
VCELL_76,946688562.9994874,0x19B50109,1,3.94 V
VCELL_77,946688562.9994874,0x19B50109,1,3.95 V
VCELL_78,946688562.9994874,0x19B50109,1,3.95 V
VCELL_79,946688562.9994874,0x19B50109,1,3.95 V
VCELL_80,946688563.0118991,0x19B5010A,1,3.95 V
VCELL_81,946688563.0118991,0x19B5010A,1,3.95 V
VCELL_82,946688563.0118991,0x19B5010A,1,3.95 V
VCELL_83,946688563.0118991,0x19B5010A,1,3.95 V
VCELL_84,946688563.0118991,0x19B5010A,1,3.95 V
VCELL_85,946688563.0118991,0x19B5010A,1,3.95 V
VCELL_86,946688563.0118991,0x19B5010A,1,3.95 V
VCELL_87,946688563.0118991,0x19B5010A,1,3.95 V
APPS_RANGE_ERROR,946688563.037213,0x18FF1515,1,"FALSE 0 no Error, 1 Error"
SAFETY_OK,946688563.037213,0x18FF1515,1,"FALSE 0 no Error, 1 Error"
BRAKE,946688563.037213,0x18FF1515,1,"0 1 noBrake, 2 Brake"
VCU_STATE,946688563.037213,0x18FF1515,1,0
APS_PERC,946688563.037213,0x18FF1515,1,"2.56 porcentagem pedal, precisão de 2 casas decimais"
UNDER_VOLTAGE,946688563.1279099,0x19B50007,1,FALSE logic
OVER_VOLTAGE,946688563.1279099,0x19B50007,1,FALSE logic
DISCHARGE_OVER_CURRENT,946688563.1279099,0x19B50007,1,FALSE logic
CHARGE_OVER_CURRENT,946688563.1279099,0x19B50007,1,FALSE logic
CELL_MODULE_OVERHEAT,946688563.1279099,0x19B50007,1,FALSE logic
LEAKAGE,946688563.1279099,0x19B50007,1,FALSE logic
NO_CELL_COMMUNICATION,946688563.1279099,0x19B50007,1,FALSE logic
LOW_VOLTAGE_W,946688563.1279099,0x19B50007,1,FALSE logic
HIGH_CURRENT_W,946688563.1279099,0x19B50007,1,FALSE logic
HIGH_TEMPERATURE_W,946688563.1279099,0x19B50007,1,FALSE logic
CELL_OVERHEAT,946688563.1279099,0x19B50007,1,FALSE logic
NO_CURRENT_SENSOR,946688563.1279099,0x19B50007,1,FALSE logic
PACK_UNDER_VOLTAGE,946688563.1279099,0x19B50007,1,FALSE logic
VALIDITY,946688563.1279099,0x19B50007,1,39 state
APPS_RANGE_ERROR,946688563.1372159,0x18FF1515,1,"FALSE 0 no Error, 1 Error"
SAFETY_OK,946688563.1372159,0x18FF1515,1,"FALSE 0 no Error, 1 Error"
BRAKE,946688563.1372159,0x18FF1515,1,"0 1 noBrake, 2 Brake"
VCU_STATE,946688563.1372159,0x18FF1515,1,0
APS_PERC,946688563.1372159,0x18FF1515,1,"2.56 porcentagem pedal, precisão de 2 casas decimais"
APPS_RANGE_ERROR,946688563.2372148,0x18FF1515,1,"FALSE 0 no Error, 1 Error"
SAFETY_OK,946688563.2372148,0x18FF1515,1,"FALSE 0 no Error, 1 Error"
BRAKE,946688563.2372148,0x18FF1515,1,"0 1 noBrake, 2 Brake"
VCU_STATE,946688563.2372148,0x18FF1515,1,0
APS_PERC,946688563.2372148,0x18FF1515,1,"2.56 porcentagem pedal, precisão de 2 casas decimais"
VCELL_88,946688563.2779512,0x19B5010B,1,3.95 V
VCELL_89,946688563.2779512,0x19B5010B,1,3.95 V
VCELL_90,946688563.2779512,0x19B5010B,1,3.95 V
VCELL_91,946688563.2779512,0x19B5010B,1,3.98 V
VCELL_92,946688563.2779512,0x19B5010B,1,3.97 V
VCELL_93,946688563.2779512,0x19B5010B,1,3.95 V
VCELL_94,946688563.2779512,0x19B5010B,1,3.95 V
VCELL_95,946688563.2779512,0x19B5010B,1,3.95 V
UNDER_VOLTAGE,946688563.3265755,0x19B50007,1,FALSE logic
OVER_VOLTAGE,946688563.3265755,0x19B50007,1,FALSE logic
DISCHARGE_OVER_CURRENT,946688563.3265755,0x19B50007,1,FALSE logic
CHARGE_OVER_CURRENT,946688563.3265755,0x19B50007,1,FALSE logic
CELL_MODULE_OVERHEAT,946688563.3265755,0x19B50007,1,FALSE logic
LEAKAGE,946688563.3265755,0x19B50007,1,FALSE logic
NO_CELL_COMMUNICATION,946688563.3265755,0x19B50007,1,FALSE logic
LOW_VOLTAGE_W,946688563.3265755,0x19B50007,1,FALSE logic
HIGH_CURRENT_W,946688563.3265755,0x19B50007,1,FALSE logic
HIGH_TEMPERATURE_W,946688563.3265755,0x19B50007,1,FALSE logic
CELL_OVERHEAT,946688563.3265755,0x19B50007,1,FALSE logic
NO_CURRENT_SENSOR,946688563.3265755,0x19B50007,1,FALSE logic
PACK_UNDER_VOLTAGE,946688563.3265755,0x19B50007,1,FALSE logic
VALIDITY,946688563.3265755,0x19B50007,1,39 state
APPS_RANGE_ERROR,946688563.3372111,0x18FF1515,1,"FALSE 0 no Error, 1 Error"
SAFETY_OK,946688563.3372111,0x18FF1515,1,"FALSE 0 no Error, 1 Error"
BRAKE,946688563.3372111,0x18FF1515,1,"0 1 noBrake, 2 Brake"
VCU_STATE,946688563.3372111,0x18FF1515,1,0
APS_PERC,946688563.3372111,0x18FF1515,1,"2.56 porcentagem pedal, precisão de 2 casas decimais"
APPS_RANGE_ERROR,946688563.4372182,0x18FF1515,1,"FALSE 0 no Error, 1 Error"
SAFETY_OK,946688563.4372182,0x18FF1515,1,"FALSE 0 no Error, 1 Error"
BRAKE,946688563.4372182,0x18FF1515,1,"0 1 noBrake, 2 Brake"
VCU_STATE,946688563.4372182,0x18FF1515,1,0
APS_PERC,946688563.4372182,0x18FF1515,1,"2.56 porcentagem pedal, precisão de 2 casas decimais"
UNDER_VOLTAGE,946688563.530705,0x19B50007,1,FALSE logic
OVER_VOLTAGE,946688563.530705,0x19B50007,1,FALSE logic
DISCHARGE_OVER_CURRENT,946688563.530705,0x19B50007,1,FALSE logic
CHARGE_OVER_CURRENT,946688563.530705,0x19B50007,1,FALSE logic
CELL_MODULE_OVERHEAT,946688563.530705,0x19B50007,1,FALSE logic
LEAKAGE,946688563.530705,0x19B50007,1,FALSE logic
NO_CELL_COMMUNICATION,946688563.530705,0x19B50007,1,FALSE logic
LOW_VOLTAGE_W,946688563.530705,0x19B50007,1,FALSE logic
HIGH_CURRENT_W,946688563.530705,0x19B50007,1,FALSE logic
HIGH_TEMPERATURE_W,946688563.530705,0x19B50007,1,FALSE logic
CELL_OVERHEAT,946688563.530705,0x19B50007,1,FALSE logic
NO_CURRENT_SENSOR,946688563.530705,0x19B50007,1,FALSE logic
PACK_UNDER_VOLTAGE,946688563.530705,0x19B50007,1,FALSE logic
VALIDITY,946688563.530705,0x19B50007,1,39 state
APPS_RANGE_ERROR,946688563.5372097,0x18FF1515,1,"FALSE 0 no Error, 1 Error"
SAFETY_OK,946688563.5372097,0x18FF1515,1,"FALSE 0 no Error, 1 Error"
BRAKE,946688563.5372097,0x18FF1515,1,"0 1 noBrake, 2 Brake"
VCU_STATE,946688563.5372097,0x18FF1515,1,0
APS_PERC,946688563.5372097,0x18FF1515,1,"2.56 porcentagem pedal, precisão de 2 casas decimais"
APPS_RANGE_ERROR,946688563.6372284,0x18FF1515,1,"FALSE 0 no Error, 1 Error"
SAFETY_OK,946688563.6372284,0x18FF1515,1,"FALSE 0 no Error, 1 Error"
BRAKE,946688563.6372284,0x18FF1515,1,"0 1 noBrake, 2 Brake"
VCU_STATE,946688563.6372284,0x18FF1515,1,0
APS_PERC,946688563.6372284,0x18FF1515,1,"2.56 porcentagem pedal, precisão de 2 casas decimais"
UNDER_VOLTAGE,946688563.7235653,0x19B50007,1,FALSE logic
OVER_VOLTAGE,946688563.7235653,0x19B50007,1,FALSE logic
DISCHARGE_OVER_CURRENT,946688563.7235653,0x19B50007,1,FALSE logic
CHARGE_OVER_CURRENT,946688563.7235653,0x19B50007,1,FALSE logic
CELL_MODULE_OVERHEAT,946688563.7235653,0x19B50007,1,FALSE logic
LEAKAGE,946688563.7235653,0x19B50007,1,FALSE logic
NO_CELL_COMMUNICATION,946688563.7235653,0x19B50007,1,FALSE logic
LOW_VOLTAGE_W,946688563.7235653,0x19B50007,1,FALSE logic
HIGH_CURRENT_W,946688563.7235653,0x19B50007,1,FALSE logic
HIGH_TEMPERATURE_W,946688563.7235653,0x19B50007,1,FALSE logic
CELL_OVERHEAT,946688563.7235653,0x19B50007,1,FALSE logic
NO_CURRENT_SENSOR,946688563.7235653,0x19B50007,1,FALSE logic
PACK_UNDER_VOLTAGE,946688563.7235653,0x19B50007,1,FALSE logic
VALIDITY,946688563.7235653,0x19B50007,1,39 state
APPS_RANGE_ERROR,946688563.7372115,0x18FF1515,1,"FALSE 0 no Error, 1 Error"
SAFETY_OK,946688563.7372115,0x18FF1515,1,"FALSE 0 no Error, 1 Error"
BRAKE,946688563.7372115,0x18FF1515,1,"0 1 noBrake, 2 Brake"
VCU_STATE,946688563.7372115,0x18FF1515,1,0
APS_PERC,946688563.7372115,0x18FF1515,1,"2.56 porcentagem pedal, precisão de 2 casas decimais"
APPS_RANGE_ERROR,946688563.8372116,0x18FF1515,1,"FALSE 0 no Error, 1 Error"
SAFETY_OK,946688563.8372116,0x18FF1515,1,"FALSE 0 no Error, 1 Error"
BRAKE,946688563.8372116,0x18FF1515,1,"0 1 noBrake, 2 Brake"
VCU_STATE,946688563.8372116,0x18FF1515,1,0
APS_PERC,946688563.8372116,0x18FF1515,1,"2.56 porcentagem pedal, precisão de 2 casas decimais"
APPS_RANGE_ERROR,946688563.937209,0x18FF1515,1,"FALSE 0 no Error, 1 Error"
SAFETY_OK,946688563.937209,0x18FF1515,1,"FALSE 0 no Error, 1 Error"
BRAKE,946688563.937209,0x18FF1515,1,"0 1 noBrake, 2 Brake"
VCU_STATE,946688563.937209,0x18FF1515,1,0
APS_PERC,946688563.937209,0x18FF1515,1,"2.56 porcentagem pedal, precisão de 2 casas decimais"
UNDER_VOLTAGE,946688563.9389144,0x19B50007,1,FALSE logic
OVER_VOLTAGE,946688563.9389144,0x19B50007,1,FALSE logic
DISCHARGE_OVER_CURRENT,946688563.9389144,0x19B50007,1,FALSE logic
CHARGE_OVER_CURRENT,946688563.9389144,0x19B50007,1,FALSE logic
CELL_MODULE_OVERHEAT,946688563.9389144,0x19B50007,1,FALSE logic
LEAKAGE,946688563.9389144,0x19B50007,1,FALSE logic
NO_CELL_COMMUNICATION,946688563.9389144,0x19B50007,1,FALSE logic
LOW_VOLTAGE_W,946688563.9389144,0x19B50007,1,FALSE logic
HIGH_CURRENT_W,946688563.9389144,0x19B50007,1,FALSE logic
HIGH_TEMPERATURE_W,946688563.9389144,0x19B50007,1,FALSE logic
CELL_OVERHEAT,946688563.9389144,0x19B50007,1,FALSE logic
NO_CURRENT_SENSOR,946688563.9389144,0x19B50007,1,FALSE logic
PACK_UNDER_VOLTAGE,946688563.9389144,0x19B50007,1,FALSE logic
VALIDITY,946688563.9389144,0x19B50007,1,39 state
APPS_RANGE_ERROR,946688564.0372294,0x18FF1515,1,"FALSE 0 no Error, 1 Error"
SAFETY_OK,946688564.0372294,0x18FF1515,1,"FALSE 0 no Error, 1 Error"
BRAKE,946688564.0372294,0x18FF1515,1,"0 1 noBrake, 2 Brake"
VCU_STATE,946688564.0372294,0x18FF1515,1,0
APS_PERC,946688564.0372294,0x18FF1515,1,"2.56 porcentagem pedal, precisão de 2 casas decimais"
UNDER_VOLTAGE,946688564.1307716,0x19B50007,1,FALSE logic
OVER_VOLTAGE,946688564.1307716,0x19B50007,1,FALSE logic
DISCHARGE_OVER_CURRENT,946688564.1307716,0x19B50007,1,FALSE logic
CHARGE_OVER_CURRENT,946688564.1307716,0x19B50007,1,FALSE logic
CELL_MODULE_OVERHEAT,946688564.1307716,0x19B50007,1,FALSE logic
LEAKAGE,946688564.1307716,0x19B50007,1,FALSE logic
NO_CELL_COMMUNICATION,946688564.1307716,0x19B50007,1,FALSE logic
LOW_VOLTAGE_W,946688564.1307716,0x19B50007,1,FALSE logic
HIGH_CURRENT_W,946688564.1307716,0x19B50007,1,FALSE logic
HIGH_TEMPERATURE_W,946688564.1307716,0x19B50007,1,FALSE logic
CELL_OVERHEAT,946688564.1307716,0x19B50007,1,FALSE logic
NO_CURRENT_SENSOR,946688564.1307716,0x19B50007,1,FALSE logic
PACK_UNDER_VOLTAGE,946688564.1307716,0x19B50007,1,FALSE logic
VALIDITY,946688564.1307716,0x19B50007,1,39 state
APPS_RANGE_ERROR,946688564.1371979,0x18FF1515,1,"FALSE 0 no Error, 1 Error"
SAFETY_OK,946688564.1371979,0x18FF1515,1,"FALSE 0 no Error, 1 Error"
BRAKE,946688564.1371979,0x18FF1515,1,"0 1 noBrake, 2 Brake"
VCU_STATE,946688564.1371979,0x18FF1515,1,0
APS_PERC,946688564.1371979,0x18FF1515,1,"2.56 porcentagem pedal, precisão de 2 casas decimais"
APPS_RANGE_ERROR,946688564.2372023,0x18FF1515,1,"FALSE 0 no Error, 1 Error"
SAFETY_OK,946688564.2372023,0x18FF1515,1,"FALSE 0 no Error, 1 Error"
BRAKE,946688564.2372023,0x18FF1515,1,"0 1 noBrake, 2 Brake"
VCU_STATE,946688564.2372023,0x18FF1515,1,0
APS_PERC,946688564.2372023,0x18FF1515,1,"2.56 porcentagem pedal, precisão de 2 casas decimais"
UNDER_VOLTAGE,946688564.3262528,0x19B50007,1,FALSE logic
OVER_VOLTAGE,946688564.3262528,0x19B50007,1,FALSE logic
DISCHARGE_OVER_CURRENT,946688564.3262528,0x19B50007,1,FALSE logic
CHARGE_OVER_CURRENT,946688564.3262528,0x19B50007,1,FALSE logic
CELL_MODULE_OVERHEAT,946688564.3262528,0x19B50007,1,FALSE logic
LEAKAGE,946688564.3262528,0x19B50007,1,FALSE logic
NO_CELL_COMMUNICATION,946688564.3262528,0x19B50007,1,FALSE logic
LOW_VOLTAGE_W,946688564.3262528,0x19B50007,1,FALSE logic
HIGH_CURRENT_W,946688564.3262528,0x19B50007,1,FALSE logic
HIGH_TEMPERATURE_W,946688564.3262528,0x19B50007,1,FALSE logic
CELL_OVERHEAT,946688564.3262528,0x19B50007,1,FALSE logic
NO_CURRENT_SENSOR,946688564.3262528,0x19B50007,1,FALSE logic
PACK_UNDER_VOLTAGE,946688564.3262528,0x19B50007,1,FALSE logic
VALIDITY,946688564.3262528,0x19B50007,1,39 state
APPS_RANGE_ERROR,946688564.3371971,0x18FF1515,1,"FALSE 0 no Error, 1 Error"
SAFETY_OK,946688564.3371971,0x18FF1515,1,"FALSE 0 no Error, 1 Error"
BRAKE,946688564.3371971,0x18FF1515,1,"0 1 noBrake, 2 Brake"
VCU_STATE,946688564.3371971,0x18FF1515,1,0
APS_PERC,946688564.3371971,0x18FF1515,1,"2.56 porcentagem pedal, precisão de 2 casas decimais"
APPS_RANGE_ERROR,946688564.4372041,0x18FF1515,1,"FALSE 0 no Error, 1 Error"
SAFETY_OK,946688564.4372041,0x18FF1515,1,"FALSE 0 no Error, 1 Error"
BRAKE,946688564.4372041,0x18FF1515,1,"0 1 noBrake, 2 Brake"
VCU_STATE,946688564.4372041,0x18FF1515,1,0
APS_PERC,946688564.4372041,0x18FF1515,1,"2.56 porcentagem pedal, precisão de 2 casas decimais"
UNDER_VOLTAGE,946688564.5226555,0x19B50007,1,FALSE logic
OVER_VOLTAGE,946688564.5226555,0x19B50007,1,FALSE logic
DISCHARGE_OVER_CURRENT,946688564.5226555,0x19B50007,1,FALSE logic
CHARGE_OVER_CURRENT,946688564.5226555,0x19B50007,1,FALSE logic
CELL_MODULE_OVERHEAT,946688564.5226555,0x19B50007,1,FALSE logic
LEAKAGE,946688564.5226555,0x19B50007,1,FALSE logic
NO_CELL_COMMUNICATION,946688564.5226555,0x19B50007,1,FALSE logic
LOW_VOLTAGE_W,946688564.5226555,0x19B50007,1,FALSE logic
HIGH_CURRENT_W,946688564.5226555,0x19B50007,1,FALSE logic
HIGH_TEMPERATURE_W,946688564.5226555,0x19B50007,1,FALSE logic
CELL_OVERHEAT,946688564.5226555,0x19B50007,1,FALSE logic
NO_CURRENT_SENSOR,946688564.5226555,0x19B50007,1,FALSE logic
PACK_UNDER_VOLTAGE,946688564.5226555,0x19B50007,1,FALSE logic
VALIDITY,946688564.5226555,0x19B50007,1,39 state
APPS_RANGE_ERROR,946688564.5371965,0x18FF1515,1,"FALSE 0 no Error, 1 Error"
SAFETY_OK,946688564.5371965,0x18FF1515,1,"FALSE 0 no Error, 1 Error"
BRAKE,946688564.5371965,0x18FF1515,1,"0 1 noBrake, 2 Brake"
VCU_STATE,946688564.5371965,0x18FF1515,1,0
APS_PERC,946688564.5371965,0x18FF1515,1,"2.56 porcentagem pedal, precisão de 2 casas decimais"
APPS_RANGE_ERROR,946688564.6372168,0x18FF1515,1,"FALSE 0 no Error, 1 Error"
SAFETY_OK,946688564.6372168,0x18FF1515,1,"FALSE 0 no Error, 1 Error"
BRAKE,946688564.6372168,0x18FF1515,1,"0 1 noBrake, 2 Brake"
VCU_STATE,946688564.6372168,0x18FF1515,1,0
APS_PERC,946688564.6372168,0x18FF1515,1,"2.56 porcentagem pedal, precisão de 2 casas decimais"
UNDER_VOLTAGE,946688564.7249707,0x19B50007,1,FALSE logic
OVER_VOLTAGE,946688564.7249707,0x19B50007,1,FALSE logic
DISCHARGE_OVER_CURRENT,946688564.7249707,0x19B50007,1,FALSE logic
CHARGE_OVER_CURRENT,946688564.7249707,0x19B50007,1,FALSE logic
CELL_MODULE_OVERHEAT,946688564.7249707,0x19B50007,1,FALSE logic
LEAKAGE,946688564.7249707,0x19B50007,1,FALSE logic
NO_CELL_COMMUNICATION,946688564.7249707,0x19B50007,1,FALSE logic
LOW_VOLTAGE_W,946688564.7249707,0x19B50007,1,FALSE logic
HIGH_CURRENT_W,946688564.7249707,0x19B50007,1,FALSE logic
HIGH_TEMPERATURE_W,946688564.7249707,0x19B50007,1,FALSE logic
CELL_OVERHEAT,946688564.7249707,0x19B50007,1,FALSE logic
NO_CURRENT_SENSOR,946688564.7249707,0x19B50007,1,FALSE logic
PACK_UNDER_VOLTAGE,946688564.7249707,0x19B50007,1,FALSE logic
VALIDITY,946688564.7249707,0x19B50007,1,39 state
APPS_RANGE_ERROR,946688564.7371964,0x18FF1515,1,"FALSE 0 no Error, 1 Error"
SAFETY_OK,946688564.7371964,0x18FF1515,1,"FALSE 0 no Error, 1 Error"
BRAKE,946688564.7371964,0x18FF1515,1,"0 1 noBrake, 2 Brake"
VCU_STATE,946688564.7371964,0x18FF1515,1,0
APS_PERC,946688564.7371964,0x18FF1515,1,"2.56 porcentagem pedal, precisão de 2 casas decimais"
APPS_RANGE_ERROR,946688564.8372067,0x18FF1515,1,"FALSE 0 no Error, 1 Error"
SAFETY_OK,946688564.8372067,0x18FF1515,1,"FALSE 0 no Error, 1 Error"
BRAKE,946688564.8372067,0x18FF1515,1,"0 1 noBrake, 2 Brake"
VCU_STATE,946688564.8372067,0x18FF1515,1,0
APS_PERC,946688564.8372067,0x18FF1515,1,"2.56 porcentagem pedal, precisão de 2 casas decimais"
UNDER_VOLTAGE,946688564.9218795,0x19B50007,1,FALSE logic
OVER_VOLTAGE,946688564.9218795,0x19B50007,1,FALSE logic
DISCHARGE_OVER_CURRENT,946688564.9218795,0x19B50007,1,FALSE logic
CHARGE_OVER_CURRENT,946688564.9218795,0x19B50007,1,FALSE logic
CELL_MODULE_OVERHEAT,946688564.9218795,0x19B50007,1,FALSE logic
LEAKAGE,946688564.9218795,0x19B50007,1,FALSE logic
NO_CELL_COMMUNICATION,946688564.9218795,0x19B50007,1,FALSE logic
LOW_VOLTAGE_W,946688564.9218795,0x19B50007,1,FALSE logic
HIGH_CURRENT_W,946688564.9218795,0x19B50007,1,FALSE logic
HIGH_TEMPERATURE_W,946688564.9218795,0x19B50007,1,FALSE logic
CELL_OVERHEAT,946688564.9218795,0x19B50007,1,FALSE logic
NO_CURRENT_SENSOR,946688564.9218795,0x19B50007,1,FALSE logic
PACK_UNDER_VOLTAGE,946688564.9218795,0x19B50007,1,FALSE logic
VALIDITY,946688564.9218795,0x19B50007,1,39 state
APPS_RANGE_ERROR,946688564.9371961,0x18FF1515,1,"FALSE 0 no Error, 1 Error"
SAFETY_OK,946688564.9371961,0x18FF1515,1,"FALSE 0 no Error, 1 Error"
BRAKE,946688564.9371961,0x18FF1515,1,"0 1 noBrake, 2 Brake"
VCU_STATE,946688564.9371961,0x18FF1515,1,0
APS_PERC,946688564.9371961,0x18FF1515,1,"2.56 porcentagem pedal, precisão de 2 casas decimais"
APPS_RANGE_ERROR,946688565.037202,0x18FF1515,1,"FALSE 0 no Error, 1 Error"
SAFETY_OK,946688565.037202,0x18FF1515,1,"FALSE 0 no Error, 1 Error"
BRAKE,946688565.037202,0x18FF1515,1,"0 1 noBrake, 2 Brake"
VCU_STATE,946688565.037202,0x18FF1515,1,0
APS_PERC,946688565.037202,0x18FF1515,1,"2.56 porcentagem pedal, precisão de 2 casas decimais"
UNDER_VOLTAGE,946688565.1240336,0x19B50007,1,FALSE logic
OVER_VOLTAGE,946688565.1240336,0x19B50007,1,FALSE logic
DISCHARGE_OVER_CURRENT,946688565.1240336,0x19B50007,1,FALSE logic
CHARGE_OVER_CURRENT,946688565.1240336,0x19B50007,1,FALSE logic
CELL_MODULE_OVERHEAT,946688565.1240336,0x19B50007,1,FALSE logic
LEAKAGE,946688565.1240336,0x19B50007,1,FALSE logic
NO_CELL_COMMUNICATION,946688565.1240336,0x19B50007,1,FALSE logic
LOW_VOLTAGE_W,946688565.1240336,0x19B50007,1,FALSE logic
HIGH_CURRENT_W,946688565.1240336,0x19B50007,1,FALSE logic
HIGH_TEMPERATURE_W,946688565.1240336,0x19B50007,1,FALSE logic
CELL_OVERHEAT,946688565.1240336,0x19B50007,1,FALSE logic
NO_CURRENT_SENSOR,946688565.1240336,0x19B50007,1,FALSE logic
PACK_UNDER_VOLTAGE,946688565.1240336,0x19B50007,1,FALSE logic
VALIDITY,946688565.1240336,0x19B50007,1,39 state
APPS_RANGE_ERROR,946688565.1371948,0x18FF1515,1,"FALSE 0 no Error, 1 Error"
SAFETY_OK,946688565.1371948,0x18FF1515,1,"FALSE 0 no Error, 1 Error"
BRAKE,946688565.1371948,0x18FF1515,1,"0 1 noBrake, 2 Brake"
VCU_STATE,946688565.1371948,0x18FF1515,1,0
APS_PERC,946688565.1371948,0x18FF1515,1,"2.56 porcentagem pedal, precisão de 2 casas decimais"
APPS_RANGE_ERROR,946688565.2372515,0x18FF1515,1,"FALSE 0 no Error, 1 Error"
SAFETY_OK,946688565.2372515,0x18FF1515,1,"FALSE 0 no Error, 1 Error"
BRAKE,946688565.2372515,0x18FF1515,1,"0 1 noBrake, 2 Brake"
VCU_STATE,946688565.2372515,0x18FF1515,1,0
APS_PERC,946688565.2372515,0x18FF1515,1,"2.56 porcentagem pedal, precisão de 2 casas decimais"
UNDER_VOLTAGE,946688565.3238996,0x19B50007,1,FALSE logic
OVER_VOLTAGE,946688565.3238996,0x19B50007,1,FALSE logic
DISCHARGE_OVER_CURRENT,946688565.3238996,0x19B50007,1,FALSE logic
CHARGE_OVER_CURRENT,946688565.3238996,0x19B50007,1,FALSE logic
CELL_MODULE_OVERHEAT,946688565.3238996,0x19B50007,1,FALSE logic
LEAKAGE,946688565.3238996,0x19B50007,1,FALSE logic
NO_CELL_COMMUNICATION,946688565.3238996,0x19B50007,1,FALSE logic
LOW_VOLTAGE_W,946688565.3238996,0x19B50007,1,FALSE logic
HIGH_CURRENT_W,946688565.3238996,0x19B50007,1,FALSE logic
HIGH_TEMPERATURE_W,946688565.3238996,0x19B50007,1,FALSE logic
CELL_OVERHEAT,946688565.3238996,0x19B50007,1,FALSE logic
NO_CURRENT_SENSOR,946688565.3238996,0x19B50007,1,FALSE logic
PACK_UNDER_VOLTAGE,946688565.3238996,0x19B50007,1,FALSE logic
VALIDITY,946688565.3238996,0x19B50007,1,39 state
APPS_RANGE_ERROR,946688565.3371983,0x18FF1515,1,"FALSE 0 no Error, 1 Error"
SAFETY_OK,946688565.3371983,0x18FF1515,1,"FALSE 0 no Error, 1 Error"
BRAKE,946688565.3371983,0x18FF1515,1,"0 1 noBrake, 2 Brake"
VCU_STATE,946688565.3371983,0x18FF1515,1,0
APS_PERC,946688565.3371983,0x18FF1515,1,"2.56 porcentagem pedal, precisão de 2 casas decimais"
APPS_RANGE_ERROR,946688565.4371934,0x18FF1515,1,"FALSE 0 no Error, 1 Error"
SAFETY_OK,946688565.4371934,0x18FF1515,1,"FALSE 0 no Error, 1 Error"
BRAKE,946688565.4371934,0x18FF1515,1,"0 1 noBrake, 2 Brake"
VCU_STATE,946688565.4371934,0x18FF1515,1,0
APS_PERC,946688565.4371934,0x18FF1515,1,"2.56 porcentagem pedal, precisão de 2 casas decimais"
TCELL_0,946688565.5040642,0x19B50800,1,-100.00 °C
TCELL_0,946688565.5048289,0x19B50800,1,28.00 °C
TCELL_1,946688565.5048289,0x19B50800,1,28.00 °C
TCELL_2,946688565.5048289,0x19B50800,1,28.00 °C
TCELL_3,946688565.5048289,0x19B50800,1,28.00 °C
TCELL_4,946688565.5048289,0x19B50800,1,28.00 °C
TCELL_5,946688565.5048289,0x19B50800,1,155.00 °C
TCELL_6,946688565.5048289,0x19B50800,1,155.00 °C
TCELL_7,946688565.5048289,0x19B50800,1,155.00 °C
TCELL_8,946688565.517526,0x19B50801,1,155.00 °C
TCELL_9,946688565.517526,0x19B50801,1,155.00 °C
TCELL_10,946688565.517526,0x19B50801,1,155.00 °C
TCELL_11,946688565.517526,0x19B50801,1,155.00 °C
TCELL_12,946688565.517526,0x19B50801,1,155.00 °C
TCELL_13,946688565.517526,0x19B50801,1,155.00 °C
TCELL_14,946688565.517526,0x19B50801,1,155.00 °C
TCELL_15,946688565.517526,0x19B50801,1,155.00 °C
UNDER_VOLTAGE,946688565.5277349,0x19B50007,1,FALSE logic
OVER_VOLTAGE,946688565.5277349,0x19B50007,1,FALSE logic
DISCHARGE_OVER_CURRENT,946688565.5277349,0x19B50007,1,FALSE logic
CHARGE_OVER_CURRENT,946688565.5277349,0x19B50007,1,FALSE logic
CELL_MODULE_OVERHEAT,946688565.5277349,0x19B50007,1,FALSE logic
LEAKAGE,946688565.5277349,0x19B50007,1,FALSE logic
NO_CELL_COMMUNICATION,946688565.5277349,0x19B50007,1,FALSE logic
LOW_VOLTAGE_W,946688565.5277349,0x19B50007,1,FALSE logic
HIGH_CURRENT_W,946688565.5277349,0x19B50007,1,FALSE logic
HIGH_TEMPERATURE_W,946688565.5277349,0x19B50007,1,FALSE logic
CELL_OVERHEAT,946688565.5277349,0x19B50007,1,FALSE logic
NO_CURRENT_SENSOR,946688565.5277349,0x19B50007,1,FALSE logic
PACK_UNDER_VOLTAGE,946688565.5277349,0x19B50007,1,FALSE logic
VALIDITY,946688565.5277349,0x19B50007,1,39 state
APPS_RANGE_ERROR,946688565.5371907,0x18FF1515,1,"FALSE 0 no Error, 1 Error"
SAFETY_OK,946688565.5371907,0x18FF1515,1,"FALSE 0 no Error, 1 Error"
BRAKE,946688565.5371907,0x18FF1515,1,"0 1 noBrake, 2 Brake"
VCU_STATE,946688565.5371907,0x18FF1515,1,0
APS_PERC,946688565.5371907,0x18FF1515,1,"2.56 porcentagem pedal, precisão de 2 casas decimais"
TCELL_16,946688565.5429839,0x19B50802,1,28.00 °C
TCELL_17,946688565.5429839,0x19B50802,1,28.00 °C
TCELL_18,946688565.5429839,0x19B50802,1,28.00 °C
TCELL_19,946688565.5429839,0x19B50802,1,29.00 °C
TCELL_20,946688565.5429839,0x19B50802,1,28.00 °C
TCELL_21,946688565.5429839,0x19B50802,1,155.00 °C
TCELL_22,946688565.5429839,0x19B50802,1,155.00 °C
TCELL_23,946688565.5429839,0x19B50802,1,155.00 °C
TCELL_24,946688565.5554206,0x19B50803,1,155.00 °C
TCELL_25,946688565.5554206,0x19B50803,1,155.00 °C
TCELL_26,946688565.5554206,0x19B50803,1,155.00 °C
TCELL_27,946688565.5554206,0x19B50803,1,155.00 °C
TCELL_28,946688565.5554206,0x19B50803,1,155.00 °C
TCELL_29,946688565.5554206,0x19B50803,1,155.00 °C
TCELL_30,946688565.5554206,0x19B50803,1,155.00 °C
TCELL_31,946688565.5554206,0x19B50803,1,155.00 °C
APPS_RANGE_ERROR,946688565.6371928,0x18FF1515,1,"FALSE 0 no Error, 1 Error"
SAFETY_OK,946688565.6371928,0x18FF1515,1,"FALSE 0 no Error, 1 Error"
BRAKE,946688565.6371928,0x18FF1515,1,"0 1 noBrake, 2 Brake"
VCU_STATE,946688565.6371928,0x18FF1515,1,0
APS_PERC,946688565.6371928,0x18FF1515,1,"2.56 porcentagem pedal, precisão de 2 casas decimais"
UNDER_VOLTAGE,946688565.7221475,0x19B50007,1,FALSE logic
OVER_VOLTAGE,946688565.7221475,0x19B50007,1,FALSE logic
DISCHARGE_OVER_CURRENT,946688565.7221475,0x19B50007,1,FALSE logic
CHARGE_OVER_CURRENT,946688565.7221475,0x19B50007,1,FALSE logic
CELL_MODULE_OVERHEAT,946688565.7221475,0x19B50007,1,FALSE logic
LEAKAGE,946688565.7221475,0x19B50007,1,FALSE logic
NO_CELL_COMMUNICATION,946688565.7221475,0x19B50007,1,FALSE logic
LOW_VOLTAGE_W,946688565.7221475,0x19B50007,1,FALSE logic
HIGH_CURRENT_W,946688565.7221475,0x19B50007,1,FALSE logic
HIGH_TEMPERATURE_W,946688565.7221475,0x19B50007,1,FALSE logic
CELL_OVERHEAT,946688565.7221475,0x19B50007,1,FALSE logic
NO_CURRENT_SENSOR,946688565.7221475,0x19B50007,1,FALSE logic
PACK_UNDER_VOLTAGE,946688565.7221475,0x19B50007,1,FALSE logic
VALIDITY,946688565.7221475,0x19B50007,1,39 state
APPS_RANGE_ERROR,946688565.7371886,0x18FF1515,1,"FALSE 0 no Error, 1 Error"
SAFETY_OK,946688565.7371886,0x18FF1515,1,"FALSE 0 no Error, 1 Error"
BRAKE,946688565.7371886,0x18FF1515,1,"0 1 noBrake, 2 Brake"
VCU_STATE,946688565.7371886,0x18FF1515,1,0
APS_PERC,946688565.7371886,0x18FF1515,1,"2.56 porcentagem pedal, precisão de 2 casas decimais"
APPS_RANGE_ERROR,946688565.8371869,0x18FF1515,1,"FALSE 0 no Error, 1 Error"
SAFETY_OK,946688565.8371869,0x18FF1515,1,"FALSE 0 no Error, 1 Error"
BRAKE,946688565.8371869,0x18FF1515,1,"0 1 noBrake, 2 Brake"
VCU_STATE,946688565.8371869,0x18FF1515,1,0
APS_PERC,946688565.8371869,0x18FF1515,1,"2.56 porcentagem pedal, precisão de 2 casas decimais"
UNDER_VOLTAGE,946688565.9233873,0x19B50007,1,FALSE logic
OVER_VOLTAGE,946688565.9233873,0x19B50007,1,FALSE logic
DISCHARGE_OVER_CURRENT,946688565.9233873,0x19B50007,1,FALSE logic
CHARGE_OVER_CURRENT,946688565.9233873,0x19B50007,1,FALSE logic
CELL_MODULE_OVERHEAT,946688565.9233873,0x19B50007,1,FALSE logic
LEAKAGE,946688565.9233873,0x19B50007,1,FALSE logic
NO_CELL_COMMUNICATION,946688565.9233873,0x19B50007,1,FALSE logic
LOW_VOLTAGE_W,946688565.9233873,0x19B50007,1,FALSE logic
HIGH_CURRENT_W,946688565.9233873,0x19B50007,1,FALSE logic
HIGH_TEMPERATURE_W,946688565.9233873,0x19B50007,1,FALSE logic
CELL_OVERHEAT,946688565.9233873,0x19B50007,1,FALSE logic
NO_CURRENT_SENSOR,946688565.9233873,0x19B50007,1,FALSE logic
PACK_UNDER_VOLTAGE,946688565.9233873,0x19B50007,1,FALSE logic
VALIDITY,946688565.9233873,0x19B50007,1,39 state
APPS_RANGE_ERROR,946688565.9371866,0x18FF1515,1,"FALSE 0 no Error, 1 Error"
SAFETY_OK,946688565.9371866,0x18FF1515,1,"FALSE 0 no Error, 1 Error"
BRAKE,946688565.9371866,0x18FF1515,1,"0 1 noBrake, 2 Brake"
VCU_STATE,946688565.9371866,0x18FF1515,1,0
APS_PERC,946688565.9371866,0x18FF1515,1,"2.56 porcentagem pedal, precisão de 2 casas decimais"
VCELL_0,946688566.0057236,0x19B50100,1,2.00 V
VCELL_0,946688566.0062872,0x19B50100,1,3.96 V
VCELL_1,946688566.0062872,0x19B50100,1,3.95 V
VCELL_2,946688566.0062872,0x19B50100,1,3.95 V
VCELL_3,946688566.0062872,0x19B50100,1,3.95 V
VCELL_4,946688566.0062872,0x19B50100,1,3.95 V
VCELL_5,946688566.0062872,0x19B50100,1,3.95 V
VCELL_6,946688566.0062872,0x19B50100,1,3.95 V
VCELL_7,946688566.0062872,0x19B50100,1,3.95 V
VCELL_8,946688566.0192454,0x19B50101,1,3.95 V
VCELL_9,946688566.0192454,0x19B50101,1,3.95 V
VCELL_10,946688566.0192454,0x19B50101,1,3.95 V
VCELL_11,946688566.0192454,0x19B50101,1,3.95 V
VCELL_12,946688566.0192454,0x19B50101,1,3.95 V
VCELL_13,946688566.0192454,0x19B50101,1,3.95 V
VCELL_14,946688566.0192454,0x19B50101,1,3.95 V
VCELL_15,946688566.0192454,0x19B50101,1,3.95 V
VCELL_16,946688566.0323865,0x19B50102,1,3.95 V
VCELL_17,946688566.0323865,0x19B50102,1,3.95 V
VCELL_18,946688566.0323865,0x19B50102,1,3.95 V
VCELL_19,946688566.0323865,0x19B50102,1,3.95 V
VCELL_20,946688566.0323865,0x19B50102,1,3.95 V
VCELL_21,946688566.0323865,0x19B50102,1,3.97 V
VCELL_22,946688566.0323865,0x19B50102,1,3.95 V
VCELL_23,946688566.0323865,0x19B50102,1,3.95 V
APPS_RANGE_ERROR,946688566.0371891,0x18FF1515,1,"FALSE 0 no Error, 1 Error"
SAFETY_OK,946688566.0371891,0x18FF1515,1,"FALSE 0 no Error, 1 Error"
BRAKE,946688566.0371891,0x18FF1515,1,"0 1 noBrake, 2 Brake"
VCU_STATE,946688566.0371891,0x18FF1515,1,0
APS_PERC,946688566.0371891,0x18FF1515,1,"2.56 porcentagem pedal, precisão de 2 casas decimais"
VCELL_24,946688566.044746,0x19B50103,1,3.95 V
VCELL_25,946688566.044746,0x19B50103,1,3.96 V
VCELL_26,946688566.044746,0x19B50103,1,3.95 V
VCELL_27,946688566.044746,0x19B50103,1,3.95 V
VCELL_28,946688566.044746,0x19B50103,1,3.97 V
VCELL_29,946688566.044746,0x19B50103,1,3.95 V
VCELL_30,946688566.044746,0x19B50103,1,3.95 V
VCELL_31,946688566.044746,0x19B50103,1,3.95 V
VCELL_32,946688566.0683833,0x19B50104,1,3.94 V
VCELL_33,946688566.0683833,0x19B50104,1,3.95 V
VCELL_34,946688566.0683833,0x19B50104,1,3.95 V
VCELL_35,946688566.0683833,0x19B50104,1,3.95 V
VCELL_36,946688566.0683833,0x19B50104,1,3.95 V
VCELL_37,946688566.0683833,0x19B50104,1,3.95 V
VCELL_38,946688566.0683833,0x19B50104,1,3.95 V
VCELL_39,946688566.0683833,0x19B50104,1,3.95 V
VCELL_40,946688566.0806509,0x19B50105,1,3.95 V
VCELL_41,946688566.0806509,0x19B50105,1,3.95 V
VCELL_42,946688566.0806509,0x19B50105,1,3.95 V
VCELL_43,946688566.0806509,0x19B50105,1,3.95 V
VCELL_44,946688566.0806509,0x19B50105,1,3.95 V
VCELL_45,946688566.0806509,0x19B50105,1,3.95 V
VCELL_46,946688566.0806509,0x19B50105,1,3.95 V
VCELL_47,946688566.0806509,0x19B50105,1,3.95 V
VCELL_48,946688566.0941182,0x19B50106,1,3.95 V
VCELL_49,946688566.0941182,0x19B50106,1,3.95 V
VCELL_50,946688566.0941182,0x19B50106,1,3.95 V
VCELL_51,946688566.0941182,0x19B50106,1,3.95 V
VCELL_52,946688566.0941182,0x19B50106,1,3.95 V
VCELL_53,946688566.0941182,0x19B50106,1,3.95 V
VCELL_54,946688566.0941182,0x19B50106,1,3.95 V
VCELL_55,946688566.0941182,0x19B50106,1,3.95 V
VCELL_56,946688566.1088586,0x19B50107,1,3.95 V
VCELL_57,946688566.1088586,0x19B50107,1,3.95 V
VCELL_58,946688566.1088586,0x19B50107,1,3.95 V
VCELL_59,946688566.1088586,0x19B50107,1,3.95 V
VCELL_60,946688566.1088586,0x19B50107,1,3.95 V
VCELL_61,946688566.1088586,0x19B50107,1,3.95 V
VCELL_62,946688566.1088586,0x19B50107,1,3.95 V
VCELL_63,946688566.1088586,0x19B50107,1,3.95 V
UNDER_VOLTAGE,946688566.1194708,0x19B50007,1,FALSE logic
OVER_VOLTAGE,946688566.1194708,0x19B50007,1,FALSE logic
DISCHARGE_OVER_CURRENT,946688566.1194708,0x19B50007,1,FALSE logic
CHARGE_OVER_CURRENT,946688566.1194708,0x19B50007,1,FALSE logic
CELL_MODULE_OVERHEAT,946688566.1194708,0x19B50007,1,FALSE logic
LEAKAGE,946688566.1194708,0x19B50007,1,FALSE logic
NO_CELL_COMMUNICATION,946688566.1194708,0x19B50007,1,FALSE logic
LOW_VOLTAGE_W,946688566.1194708,0x19B50007,1,FALSE logic
HIGH_CURRENT_W,946688566.1194708,0x19B50007,1,FALSE logic
HIGH_TEMPERATURE_W,946688566.1194708,0x19B50007,1,FALSE logic
CELL_OVERHEAT,946688566.1194708,0x19B50007,1,FALSE logic
NO_CURRENT_SENSOR,946688566.1194708,0x19B50007,1,FALSE logic
PACK_UNDER_VOLTAGE,946688566.1194708,0x19B50007,1,FALSE logic
VALIDITY,946688566.1194708,0x19B50007,1,39 state
VCELL_64,946688566.1338036,0x19B50108,1,3.92 V
VCELL_65,946688566.1338036,0x19B50108,1,3.94 V
VCELL_66,946688566.1338036,0x19B50108,1,3.95 V
VCELL_67,946688566.1338036,0x19B50108,1,3.95 V
VCELL_68,946688566.1338036,0x19B50108,1,3.96 V
VCELL_69,946688566.1338036,0x19B50108,1,3.96 V
VCELL_70,946688566.1338036,0x19B50108,1,3.94 V
VCELL_71,946688566.1338036,0x19B50108,1,3.95 V
APPS_RANGE_ERROR,946688566.1371855,0x18FF1515,1,"FALSE 0 no Error, 1 Error"
SAFETY_OK,946688566.1371855,0x18FF1515,1,"FALSE 0 no Error, 1 Error"
BRAKE,946688566.1371855,0x18FF1515,1,"0 1 noBrake, 2 Brake"
VCU_STATE,946688566.1371855,0x18FF1515,1,0
APS_PERC,946688566.1371855,0x18FF1515,1,"2.56 porcentagem pedal, precisão de 2 casas decimais"
VCELL_72,946688566.1576445,0x19B50109,1,3.97 V
VCELL_73,946688566.1576445,0x19B50109,1,3.95 V
VCELL_74,946688566.1576445,0x19B50109,1,3.95 V
VCELL_75,946688566.1576445,0x19B50109,1,3.96 V
VCELL_76,946688566.1576445,0x19B50109,1,3.94 V
VCELL_77,946688566.1576445,0x19B50109,1,3.95 V
VCELL_78,946688566.1576445,0x19B50109,1,3.95 V
VCELL_79,946688566.1576445,0x19B50109,1,3.95 V
VCELL_80,946688566.1700335,0x19B5010A,1,3.95 V
VCELL_81,946688566.1700335,0x19B5010A,1,3.95 V
VCELL_82,946688566.1700335,0x19B5010A,1,3.95 V
VCELL_83,946688566.1700335,0x19B5010A,1,3.95 V
VCELL_84,946688566.1700335,0x19B5010A,1,3.95 V
VCELL_85,946688566.1700335,0x19B5010A,1,3.95 V
VCELL_86,946688566.1700335,0x19B5010A,1,3.95 V
VCELL_87,946688566.1700335,0x19B5010A,1,3.95 V
VCELL_88,946688566.1832893,0x19B5010B,1,3.95 V
VCELL_89,946688566.1832893,0x19B5010B,1,3.95 V
VCELL_90,946688566.1832893,0x19B5010B,1,3.95 V
VCELL_91,946688566.1832893,0x19B5010B,1,3.98 V
VCELL_92,946688566.1832893,0x19B5010B,1,3.97 V
VCELL_93,946688566.1832893,0x19B5010B,1,3.95 V
VCELL_94,946688566.1832893,0x19B5010B,1,3.95 V
VCELL_95,946688566.1832893,0x19B5010B,1,3.95 V
APPS_RANGE_ERROR,946688566.2371874,0x18FF1515,1,"FALSE 0 no Error, 1 Error"
SAFETY_OK,946688566.2371874,0x18FF1515,1,"FALSE 0 no Error, 1 Error"
BRAKE,946688566.2371874,0x18FF1515,1,"0 1 noBrake, 2 Brake"
VCU_STATE,946688566.2371874,0x18FF1515,1,0
APS_PERC,946688566.2371874,0x18FF1515,1,"2.56 porcentagem pedal, precisão de 2 casas decimais"
UNDER_VOLTAGE,946688566.3228649,0x19B50007,1,FALSE logic
OVER_VOLTAGE,946688566.3228649,0x19B50007,1,FALSE logic
DISCHARGE_OVER_CURRENT,946688566.3228649,0x19B50007,1,FALSE logic
CHARGE_OVER_CURRENT,946688566.3228649,0x19B50007,1,FALSE logic
CELL_MODULE_OVERHEAT,946688566.3228649,0x19B50007,1,FALSE logic
LEAKAGE,946688566.3228649,0x19B50007,1,FALSE logic
NO_CELL_COMMUNICATION,946688566.3228649,0x19B50007,1,FALSE logic
LOW_VOLTAGE_W,946688566.3228649,0x19B50007,1,FALSE logic
HIGH_CURRENT_W,946688566.3228649,0x19B50007,1,FALSE logic
HIGH_TEMPERATURE_W,946688566.3228649,0x19B50007,1,FALSE logic
CELL_OVERHEAT,946688566.3228649,0x19B50007,1,FALSE logic
NO_CURRENT_SENSOR,946688566.3228649,0x19B50007,1,FALSE logic
PACK_UNDER_VOLTAGE,946688566.3228649,0x19B50007,1,FALSE logic
VALIDITY,946688566.3228649,0x19B50007,1,39 state
APPS_RANGE_ERROR,946688566.3371831,0x18FF1515,1,"FALSE 0 no Error, 1 Error"
SAFETY_OK,946688566.3371831,0x18FF1515,1,"FALSE 0 no Error, 1 Error"
BRAKE,946688566.3371831,0x18FF1515,1,"0 1 noBrake, 2 Brake"
VCU_STATE,946688566.3371831,0x18FF1515,1,0
APS_PERC,946688566.3371831,0x18FF1515,1,"2.56 porcentagem pedal, precisão de 2 casas decimais"
APPS_RANGE_ERROR,946688566.437187,0x18FF1515,1,"FALSE 0 no Error, 1 Error"
SAFETY_OK,946688566.437187,0x18FF1515,1,"FALSE 0 no Error, 1 Error"
BRAKE,946688566.437187,0x18FF1515,1,"0 1 noBrake, 2 Brake"
VCU_STATE,946688566.437187,0x18FF1515,1,0
APS_PERC,946688566.437187,0x18FF1515,1,"2.56 porcentagem pedal, precisão de 2 casas decimais"
UNDER_VOLTAGE,946688566.5216916,0x19B50007,1,FALSE logic
OVER_VOLTAGE,946688566.5216916,0x19B50007,1,FALSE logic
DISCHARGE_OVER_CURRENT,946688566.5216916,0x19B50007,1,FALSE logic
CHARGE_OVER_CURRENT,946688566.5216916,0x19B50007,1,FALSE logic
CELL_MODULE_OVERHEAT,946688566.5216916,0x19B50007,1,FALSE logic
LEAKAGE,946688566.5216916,0x19B50007,1,FALSE logic
NO_CELL_COMMUNICATION,946688566.5216916,0x19B50007,1,FALSE logic
LOW_VOLTAGE_W,946688566.5216916,0x19B50007,1,FALSE logic
HIGH_CURRENT_W,946688566.5216916,0x19B50007,1,FALSE logic
HIGH_TEMPERATURE_W,946688566.5216916,0x19B50007,1,FALSE logic
CELL_OVERHEAT,946688566.5216916,0x19B50007,1,FALSE logic
NO_CURRENT_SENSOR,946688566.5216916,0x19B50007,1,FALSE logic
PACK_UNDER_VOLTAGE,946688566.5216916,0x19B50007,1,FALSE logic
VALIDITY,946688566.5216916,0x19B50007,1,39 state
APPS_RANGE_ERROR,946688566.5371984,0x18FF1515,1,"FALSE 0 no Error, 1 Error"
SAFETY_OK,946688566.5371984,0x18FF1515,1,"FALSE 0 no Error, 1 Error"
BRAKE,946688566.5371984,0x18FF1515,1,"0 1 noBrake, 2 Brake"
VCU_STATE,946688566.5371984,0x18FF1515,1,0
APS_PERC,946688566.5371984,0x18FF1515,1,"2.56 porcentagem pedal, precisão de 2 casas decimais"
APPS_RANGE_ERROR,946688566.6371847,0x18FF1515,1,"FALSE 0 no Error, 1 Error"
SAFETY_OK,946688566.6371847,0x18FF1515,1,"FALSE 0 no Error, 1 Error"
BRAKE,946688566.6371847,0x18FF1515,1,"0 1 noBrake, 2 Brake"
VCU_STATE,946688566.6371847,0x18FF1515,1,0
APS_PERC,946688566.6371847,0x18FF1515,1,"2.56 porcentagem pedal, precisão de 2 casas decimais"
UNDER_VOLTAGE,946688566.7207896,0x19B50007,1,FALSE logic
OVER_VOLTAGE,946688566.7207896,0x19B50007,1,FALSE logic
DISCHARGE_OVER_CURRENT,946688566.7207896,0x19B50007,1,FALSE logic
CHARGE_OVER_CURRENT,946688566.7207896,0x19B50007,1,FALSE logic
CELL_MODULE_OVERHEAT,946688566.7207896,0x19B50007,1,FALSE logic
LEAKAGE,946688566.7207896,0x19B50007,1,FALSE logic
NO_CELL_COMMUNICATION,946688566.7207896,0x19B50007,1,FALSE logic
LOW_VOLTAGE_W,946688566.7207896,0x19B50007,1,FALSE logic
HIGH_CURRENT_W,946688566.7207896,0x19B50007,1,FALSE logic
HIGH_TEMPERATURE_W,946688566.7207896,0x19B50007,1,FALSE logic
CELL_OVERHEAT,946688566.7207896,0x19B50007,1,FALSE logic
NO_CURRENT_SENSOR,946688566.7207896,0x19B50007,1,FALSE logic
PACK_UNDER_VOLTAGE,946688566.7207896,0x19B50007,1,FALSE logic
VALIDITY,946688566.7207896,0x19B50007,1,39 state
APPS_RANGE_ERROR,946688566.7371802,0x18FF1515,1,"FALSE 0 no Error, 1 Error"
SAFETY_OK,946688566.7371802,0x18FF1515,1,"FALSE 0 no Error, 1 Error"
BRAKE,946688566.7371802,0x18FF1515,1,"0 1 noBrake, 2 Brake"
VCU_STATE,946688566.7371802,0x18FF1515,1,0
APS_PERC,946688566.7371802,0x18FF1515,1,"2.56 porcentagem pedal, precisão de 2 casas decimais"
APPS_RANGE_ERROR,946688566.8371856,0x18FF1515,1,"FALSE 0 no Error, 1 Error"
SAFETY_OK,946688566.8371856,0x18FF1515,1,"FALSE 0 no Error, 1 Error"
BRAKE,946688566.8371856,0x18FF1515,1,"0 1 noBrake, 2 Brake"
VCU_STATE,946688566.8371856,0x18FF1515,1,0
APS_PERC,946688566.8371856,0x18FF1515,1,"2.56 porcentagem pedal, precisão de 2 casas decimais"
UNDER_VOLTAGE,946688566.9183547,0x19B50007,1,FALSE logic
OVER_VOLTAGE,946688566.9183547,0x19B50007,1,FALSE logic
DISCHARGE_OVER_CURRENT,946688566.9183547,0x19B50007,1,FALSE logic
CHARGE_OVER_CURRENT,946688566.9183547,0x19B50007,1,FALSE logic
CELL_MODULE_OVERHEAT,946688566.9183547,0x19B50007,1,FALSE logic
LEAKAGE,946688566.9183547,0x19B50007,1,FALSE logic
NO_CELL_COMMUNICATION,946688566.9183547,0x19B50007,1,FALSE logic
LOW_VOLTAGE_W,946688566.9183547,0x19B50007,1,FALSE logic
HIGH_CURRENT_W,946688566.9183547,0x19B50007,1,FALSE logic
HIGH_TEMPERATURE_W,946688566.9183547,0x19B50007,1,FALSE logic
CELL_OVERHEAT,946688566.9183547,0x19B50007,1,FALSE logic
NO_CURRENT_SENSOR,946688566.9183547,0x19B50007,1,FALSE logic
PACK_UNDER_VOLTAGE,946688566.9183547,0x19B50007,1,FALSE logic
VALIDITY,946688566.9183547,0x19B50007,1,39 state
APPS_RANGE_ERROR,946688566.9371775,0x18FF1515,1,"FALSE 0 no Error, 1 Error"
SAFETY_OK,946688566.9371775,0x18FF1515,1,"FALSE 0 no Error, 1 Error"
BRAKE,946688566.9371775,0x18FF1515,1,"0 1 noBrake, 2 Brake"
VCU_STATE,946688566.9371775,0x18FF1515,1,0
APS_PERC,946688566.9371775,0x18FF1515,1,"2.56 porcentagem pedal, precisão de 2 casas decimais"
APPS_RANGE_ERROR,946688567.0371759,0x18FF1515,1,"FALSE 0 no Error, 1 Error"
SAFETY_OK,946688567.0371759,0x18FF1515,1,"FALSE 0 no Error, 1 Error"
BRAKE,946688567.0371759,0x18FF1515,1,"0 1 noBrake, 2 Brake"
VCU_STATE,946688567.0371759,0x18FF1515,1,0
APS_PERC,946688567.0371759,0x18FF1515,1,"2.56 porcentagem pedal, precisão de 2 casas decimais"
UNDER_VOLTAGE,946688567.1257066,0x19B50007,1,FALSE logic
OVER_VOLTAGE,946688567.1257066,0x19B50007,1,FALSE logic
DISCHARGE_OVER_CURRENT,946688567.1257066,0x19B50007,1,FALSE logic
CHARGE_OVER_CURRENT,946688567.1257066,0x19B50007,1,FALSE logic
CELL_MODULE_OVERHEAT,946688567.1257066,0x19B50007,1,FALSE logic
LEAKAGE,946688567.1257066,0x19B50007,1,FALSE logic
NO_CELL_COMMUNICATION,946688567.1257066,0x19B50007,1,FALSE logic
LOW_VOLTAGE_W,946688567.1257066,0x19B50007,1,FALSE logic
HIGH_CURRENT_W,946688567.1257066,0x19B50007,1,FALSE logic
HIGH_TEMPERATURE_W,946688567.1257066,0x19B50007,1,FALSE logic
CELL_OVERHEAT,946688567.1257066,0x19B50007,1,FALSE logic
NO_CURRENT_SENSOR,946688567.1257066,0x19B50007,1,FALSE logic
PACK_UNDER_VOLTAGE,946688567.1257066,0x19B50007,1,FALSE logic
VALIDITY,946688567.1257066,0x19B50007,1,39 state
APPS_RANGE_ERROR,946688567.137178,0x18FF1515,1,"FALSE 0 no Error, 1 Error"
SAFETY_OK,946688567.137178,0x18FF1515,1,"FALSE 0 no Error, 1 Error"
BRAKE,946688567.137178,0x18FF1515,1,"0 1 noBrake, 2 Brake"
VCU_STATE,946688567.137178,0x18FF1515,1,0
APS_PERC,946688567.137178,0x18FF1515,1,"2.56 porcentagem pedal, precisão de 2 casas decimais"
APPS_RANGE_ERROR,946688567.2371804,0x18FF1515,1,"FALSE 0 no Error, 1 Error"
SAFETY_OK,946688567.2371804,0x18FF1515,1,"FALSE 0 no Error, 1 Error"
BRAKE,946688567.2371804,0x18FF1515,1,"0 1 noBrake, 2 Brake"
VCU_STATE,946688567.2371804,0x18FF1515,1,0
APS_PERC,946688567.2371804,0x18FF1515,1,"2.56 porcentagem pedal, precisão de 2 casas decimais"
UNDER_VOLTAGE,946688567.3179553,0x19B50007,1,FALSE logic
OVER_VOLTAGE,946688567.3179553,0x19B50007,1,FALSE logic
DISCHARGE_OVER_CURRENT,946688567.3179553,0x19B50007,1,FALSE logic
CHARGE_OVER_CURRENT,946688567.3179553,0x19B50007,1,FALSE logic
CELL_MODULE_OVERHEAT,946688567.3179553,0x19B50007,1,FALSE logic
LEAKAGE,946688567.3179553,0x19B50007,1,FALSE logic
NO_CELL_COMMUNICATION,946688567.3179553,0x19B50007,1,FALSE logic
LOW_VOLTAGE_W,946688567.3179553,0x19B50007,1,FALSE logic
HIGH_CURRENT_W,946688567.3179553,0x19B50007,1,FALSE logic
HIGH_TEMPERATURE_W,946688567.3179553,0x19B50007,1,FALSE logic
CELL_OVERHEAT,946688567.3179553,0x19B50007,1,FALSE logic
NO_CURRENT_SENSOR,946688567.3179553,0x19B50007,1,FALSE logic
PACK_UNDER_VOLTAGE,946688567.3179553,0x19B50007,1,FALSE logic
VALIDITY,946688567.3179553,0x19B50007,1,39 state
APPS_RANGE_ERROR,946688567.3371713,0x18FF1515,1,"FALSE 0 no Error, 1 Error"
SAFETY_OK,946688567.3371713,0x18FF1515,1,"FALSE 0 no Error, 1 Error"
BRAKE,946688567.3371713,0x18FF1515,1,"0 1 noBrake, 2 Brake"
VCU_STATE,946688567.3371713,0x18FF1515,1,0
APS_PERC,946688567.3371713,0x18FF1515,1,"2.56 porcentagem pedal, precisão de 2 casas decimais"
TCELL_0,946688567.4308918,0x19B50800,1,-100.00 °C
TCELL_0,946688567.431605,0x19B50800,1,28.00 °C
TCELL_1,946688567.431605,0x19B50800,1,28.00 °C
TCELL_2,946688567.431605,0x19B50800,1,28.00 °C
TCELL_3,946688567.431605,0x19B50800,1,28.00 °C
TCELL_4,946688567.431605,0x19B50800,1,28.00 °C
TCELL_5,946688567.431605,0x19B50800,1,155.00 °C
TCELL_6,946688567.431605,0x19B50800,1,155.00 °C
TCELL_7,946688567.431605,0x19B50800,1,155.00 °C
APPS_RANGE_ERROR,946688567.4371761,0x18FF1515,1,"FALSE 0 no Error, 1 Error"
SAFETY_OK,946688567.4371761,0x18FF1515,1,"FALSE 0 no Error, 1 Error"
BRAKE,946688567.4371761,0x18FF1515,1,"0 1 noBrake, 2 Brake"
VCU_STATE,946688567.4371761,0x18FF1515,1,0
APS_PERC,946688567.4371761,0x18FF1515,1,"2.56 porcentagem pedal, precisão de 2 casas decimais"
TCELL_8,946688567.4575738,0x19B50801,1,155.00 °C
TCELL_9,946688567.4575738,0x19B50801,1,155.00 °C
TCELL_10,946688567.4575738,0x19B50801,1,155.00 °C
TCELL_11,946688567.4575738,0x19B50801,1,155.00 °C
TCELL_12,946688567.4575738,0x19B50801,1,155.00 °C
TCELL_13,946688567.4575738,0x19B50801,1,155.00 °C
TCELL_14,946688567.4575738,0x19B50801,1,155.00 °C
TCELL_15,946688567.4575738,0x19B50801,1,155.00 °C
TCELL_16,946688567.4707228,0x19B50802,1,28.00 °C
TCELL_17,946688567.4707228,0x19B50802,1,28.00 °C
TCELL_18,946688567.4707228,0x19B50802,1,28.00 °C
TCELL_19,946688567.4707228,0x19B50802,1,29.00 °C
TCELL_20,946688567.4707228,0x19B50802,1,28.00 °C
TCELL_21,946688567.4707228,0x19B50802,1,155.00 °C
TCELL_22,946688567.4707228,0x19B50802,1,155.00 °C
TCELL_23,946688567.4707228,0x19B50802,1,155.00 °C
TCELL_24,946688567.4833137,0x19B50803,1,155.00 °C
TCELL_25,946688567.4833137,0x19B50803,1,155.00 °C
TCELL_26,946688567.4833137,0x19B50803,1,155.00 °C
TCELL_27,946688567.4833137,0x19B50803,1,155.00 °C
TCELL_28,946688567.4833137,0x19B50803,1,155.00 °C
TCELL_29,946688567.4833137,0x19B50803,1,155.00 °C
TCELL_30,946688567.4833137,0x19B50803,1,155.00 °C
TCELL_31,946688567.4833137,0x19B50803,1,155.00 °C
UNDER_VOLTAGE,946688567.5176798,0x19B50007,1,FALSE logic
OVER_VOLTAGE,946688567.5176798,0x19B50007,1,FALSE logic
DISCHARGE_OVER_CURRENT,946688567.5176798,0x19B50007,1,FALSE logic
CHARGE_OVER_CURRENT,946688567.5176798,0x19B50007,1,FALSE logic
CELL_MODULE_OVERHEAT,946688567.5176798,0x19B50007,1,FALSE logic
LEAKAGE,946688567.5176798,0x19B50007,1,FALSE logic
NO_CELL_COMMUNICATION,946688567.5176798,0x19B50007,1,FALSE logic
LOW_VOLTAGE_W,946688567.5176798,0x19B50007,1,FALSE logic
HIGH_CURRENT_W,946688567.5176798,0x19B50007,1,FALSE logic
HIGH_TEMPERATURE_W,946688567.5176798,0x19B50007,1,FALSE logic
CELL_OVERHEAT,946688567.5176798,0x19B50007,1,FALSE logic
NO_CURRENT_SENSOR,946688567.5176798,0x19B50007,1,FALSE logic
PACK_UNDER_VOLTAGE,946688567.5176798,0x19B50007,1,FALSE logic
VALIDITY,946688567.5176798,0x19B50007,1,39 state
APPS_RANGE_ERROR,946688567.5372036,0x18FF1515,1,"FALSE 0 no Error, 1 Error"
SAFETY_OK,946688567.5372036,0x18FF1515,1,"FALSE 0 no Error, 1 Error"
BRAKE,946688567.5372036,0x18FF1515,1,"0 1 noBrake, 2 Brake"
VCU_STATE,946688567.5372036,0x18FF1515,1,0
APS_PERC,946688567.5372036,0x18FF1515,1,"2.56 porcentagem pedal, precisão de 2 casas decimais"
APPS_RANGE_ERROR,946688567.637177,0x18FF1515,1,"FALSE 0 no Error, 1 Error"
SAFETY_OK,946688567.637177,0x18FF1515,1,"FALSE 0 no Error, 1 Error"
BRAKE,946688567.637177,0x18FF1515,1,"0 1 noBrake, 2 Brake"
VCU_STATE,946688567.637177,0x18FF1515,1,0
APS_PERC,946688567.637177,0x18FF1515,1,"2.56 porcentagem pedal, precisão de 2 casas decimais"
UNDER_VOLTAGE,946688567.7185936,0x19B50007,1,FALSE logic
OVER_VOLTAGE,946688567.7185936,0x19B50007,1,FALSE logic
DISCHARGE_OVER_CURRENT,946688567.7185936,0x19B50007,1,FALSE logic
CHARGE_OVER_CURRENT,946688567.7185936,0x19B50007,1,FALSE logic
CELL_MODULE_OVERHEAT,946688567.7185936,0x19B50007,1,FALSE logic
LEAKAGE,946688567.7185936,0x19B50007,1,FALSE logic
NO_CELL_COMMUNICATION,946688567.7185936,0x19B50007,1,FALSE logic
LOW_VOLTAGE_W,946688567.7185936,0x19B50007,1,FALSE logic
HIGH_CURRENT_W,946688567.7185936,0x19B50007,1,FALSE logic
HIGH_TEMPERATURE_W,946688567.7185936,0x19B50007,1,FALSE logic
CELL_OVERHEAT,946688567.7185936,0x19B50007,1,FALSE logic
NO_CURRENT_SENSOR,946688567.7185936,0x19B50007,1,FALSE logic
PACK_UNDER_VOLTAGE,946688567.7185936,0x19B50007,1,FALSE logic
VALIDITY,946688567.7185936,0x19B50007,1,39 state
APPS_RANGE_ERROR,946688567.7371873,0x18FF1515,1,"FALSE 0 no Error, 1 Error"
SAFETY_OK,946688567.7371873,0x18FF1515,1,"FALSE 0 no Error, 1 Error"
BRAKE,946688567.7371873,0x18FF1515,1,"0 1 noBrake, 2 Brake"
VCU_STATE,946688567.7371873,0x18FF1515,1,0
APS_PERC,946688567.7371873,0x18FF1515,1,"2.56 porcentagem pedal, precisão de 2 casas decimais"
APPS_RANGE_ERROR,946688567.8371731,0x18FF1515,1,"FALSE 0 no Error, 1 Error"
SAFETY_OK,946688567.8371731,0x18FF1515,1,"FALSE 0 no Error, 1 Error"
BRAKE,946688567.8371731,0x18FF1515,1,"0 1 noBrake, 2 Brake"
VCU_STATE,946688567.8371731,0x18FF1515,1,0
APS_PERC,946688567.8371731,0x18FF1515,1,"2.56 porcentagem pedal, precisão de 2 casas decimais"
VCELL_0,946688567.9031414,0x19B50100,1,2.00 V
VCELL_0,946688567.9037223,0x19B50100,1,3.96 V
VCELL_1,946688567.9037223,0x19B50100,1,3.95 V
VCELL_2,946688567.9037223,0x19B50100,1,3.95 V
VCELL_3,946688567.9037223,0x19B50100,1,3.95 V
VCELL_4,946688567.9037223,0x19B50100,1,3.95 V
VCELL_5,946688567.9037223,0x19B50100,1,3.95 V
VCELL_6,946688567.9037223,0x19B50100,1,3.95 V
VCELL_7,946688567.9037223,0x19B50100,1,3.95 V
VCELL_8,946688567.9162537,0x19B50101,1,3.95 V
VCELL_9,946688567.9162537,0x19B50101,1,3.95 V
VCELL_10,946688567.9162537,0x19B50101,1,3.95 V
VCELL_11,946688567.9162537,0x19B50101,1,3.95 V
VCELL_12,946688567.9162537,0x19B50101,1,3.95 V
VCELL_13,946688567.9162537,0x19B50101,1,3.95 V
VCELL_14,946688567.9162537,0x19B50101,1,3.95 V
VCELL_15,946688567.9162537,0x19B50101,1,3.95 V
UNDER_VOLTAGE,946688567.9256452,0x19B50007,1,FALSE logic
OVER_VOLTAGE,946688567.9256452,0x19B50007,1,FALSE logic
DISCHARGE_OVER_CURRENT,946688567.9256452,0x19B50007,1,FALSE logic
CHARGE_OVER_CURRENT,946688567.9256452,0x19B50007,1,FALSE logic
CELL_MODULE_OVERHEAT,946688567.9256452,0x19B50007,1,FALSE logic
LEAKAGE,946688567.9256452,0x19B50007,1,FALSE logic
NO_CELL_COMMUNICATION,946688567.9256452,0x19B50007,1,FALSE logic
LOW_VOLTAGE_W,946688567.9256452,0x19B50007,1,FALSE logic
HIGH_CURRENT_W,946688567.9256452,0x19B50007,1,FALSE logic
HIGH_TEMPERATURE_W,946688567.9256452,0x19B50007,1,FALSE logic
CELL_OVERHEAT,946688567.9256452,0x19B50007,1,FALSE logic
NO_CURRENT_SENSOR,946688567.9256452,0x19B50007,1,FALSE logic
PACK_UNDER_VOLTAGE,946688567.9256452,0x19B50007,1,FALSE logic
VALIDITY,946688567.9256452,0x19B50007,1,39 state
APPS_RANGE_ERROR,946688567.9371742,0x18FF1515,1,"FALSE 0 no Error, 1 Error"
SAFETY_OK,946688567.9371742,0x18FF1515,1,"FALSE 0 no Error, 1 Error"
BRAKE,946688567.9371742,0x18FF1515,1,"0 1 noBrake, 2 Brake"
VCU_STATE,946688567.9371742,0x18FF1515,1,0
APS_PERC,946688567.9371742,0x18FF1515,1,"2.56 porcentagem pedal, precisão de 2 casas decimais"
VCELL_16,946688567.9411075,0x19B50102,1,3.95 V
VCELL_17,946688567.9411075,0x19B50102,1,3.95 V
VCELL_18,946688567.9411075,0x19B50102,1,3.95 V
VCELL_19,946688567.9411075,0x19B50102,1,3.95 V
VCELL_20,946688567.9411075,0x19B50102,1,3.95 V
VCELL_21,946688567.9411075,0x19B50102,1,3.97 V
VCELL_22,946688567.9411075,0x19B50102,1,3.95 V
VCELL_23,946688567.9411075,0x19B50102,1,3.95 V
VCELL_24,946688567.9537351,0x19B50103,1,3.95 V
VCELL_25,946688567.9537351,0x19B50103,1,3.96 V
VCELL_26,946688567.9537351,0x19B50103,1,3.95 V
VCELL_27,946688567.9537351,0x19B50103,1,3.95 V
VCELL_28,946688567.9537351,0x19B50103,1,3.97 V
VCELL_29,946688567.9537351,0x19B50103,1,3.95 V
VCELL_30,946688567.9537351,0x19B50103,1,3.95 V
VCELL_31,946688567.9537351,0x19B50103,1,3.95 V
VCELL_32,946688567.9690858,0x19B50104,1,3.94 V
VCELL_33,946688567.9690858,0x19B50104,1,3.95 V
VCELL_34,946688567.9690858,0x19B50104,1,3.95 V
VCELL_35,946688567.9690858,0x19B50104,1,3.95 V
VCELL_36,946688567.9690858,0x19B50104,1,3.95 V
VCELL_37,946688567.9690858,0x19B50104,1,3.95 V
VCELL_38,946688567.9690858,0x19B50104,1,3.95 V
VCELL_39,946688567.9690858,0x19B50104,1,3.95 V
VCELL_40,946688567.9813516,0x19B50105,1,3.95 V
VCELL_41,946688567.9813516,0x19B50105,1,3.95 V
VCELL_42,946688567.9813516,0x19B50105,1,3.95 V
VCELL_43,946688567.9813516,0x19B50105,1,3.95 V
VCELL_44,946688567.9813516,0x19B50105,1,3.95 V
VCELL_45,946688567.9813516,0x19B50105,1,3.95 V
VCELL_46,946688567.9813516,0x19B50105,1,3.95 V
VCELL_47,946688567.9813516,0x19B50105,1,3.95 V
VCELL_48,946688568.0049782,0x19B50106,1,3.95 V
VCELL_49,946688568.0049782,0x19B50106,1,3.95 V
VCELL_50,946688568.0049782,0x19B50106,1,3.95 V
VCELL_51,946688568.0049782,0x19B50106,1,3.95 V
VCELL_52,946688568.0049782,0x19B50106,1,3.95 V
VCELL_53,946688568.0049782,0x19B50106,1,3.95 V
VCELL_54,946688568.0049782,0x19B50106,1,3.95 V
VCELL_55,946688568.0049782,0x19B50106,1,3.95 V
VCELL_56,946688568.017845,0x19B50107,1,3.95 V
VCELL_57,946688568.017845,0x19B50107,1,3.95 V
VCELL_58,946688568.017845,0x19B50107,1,3.95 V
VCELL_59,946688568.017845,0x19B50107,1,3.95 V
VCELL_60,946688568.017845,0x19B50107,1,3.95 V
VCELL_61,946688568.017845,0x19B50107,1,3.95 V
VCELL_62,946688568.017845,0x19B50107,1,3.95 V
VCELL_63,946688568.017845,0x19B50107,1,3.95 V
VCELL_64,946688568.0313499,0x19B50108,1,3.92 V
VCELL_65,946688568.0313499,0x19B50108,1,3.94 V
VCELL_66,946688568.0313499,0x19B50108,1,3.95 V
VCELL_67,946688568.0313499,0x19B50108,1,3.95 V
VCELL_68,946688568.0313499,0x19B50108,1,3.96 V
VCELL_69,946688568.0313499,0x19B50108,1,3.96 V
VCELL_70,946688568.0313499,0x19B50108,1,3.94 V
VCELL_71,946688568.0313499,0x19B50108,1,3.95 V
APPS_RANGE_ERROR,946688568.037172,0x18FF1515,1,"FALSE 0 no Error, 1 Error"
SAFETY_OK,946688568.037172,0x18FF1515,1,"FALSE 0 no Error, 1 Error"
BRAKE,946688568.037172,0x18FF1515,1,"0 1 noBrake, 2 Brake"
VCU_STATE,946688568.037172,0x18FF1515,1,0
APS_PERC,946688568.037172,0x18FF1515,1,"2.56 porcentagem pedal, precisão de 2 casas decimais"
VCELL_72,946688568.0438966,0x19B50109,1,3.97 V
VCELL_73,946688568.0438966,0x19B50109,1,3.95 V
VCELL_74,946688568.0438966,0x19B50109,1,3.95 V
VCELL_75,946688568.0438966,0x19B50109,1,3.96 V
VCELL_76,946688568.0438966,0x19B50109,1,3.94 V
VCELL_77,946688568.0438966,0x19B50109,1,3.95 V
VCELL_78,946688568.0438966,0x19B50109,1,3.95 V
VCELL_79,946688568.0438966,0x19B50109,1,3.95 V
VCELL_80,946688568.0565821,0x19B5010A,1,3.95 V
VCELL_81,946688568.0565821,0x19B5010A,1,3.95 V
VCELL_82,946688568.0565821,0x19B5010A,1,3.95 V
VCELL_83,946688568.0565821,0x19B5010A,1,3.95 V
VCELL_84,946688568.0565821,0x19B5010A,1,3.95 V
VCELL_85,946688568.0565821,0x19B5010A,1,3.95 V
VCELL_86,946688568.0565821,0x19B5010A,1,3.95 V
VCELL_87,946688568.0565821,0x19B5010A,1,3.95 V
VCELL_88,946688568.0810753,0x19B5010B,1,3.95 V
VCELL_89,946688568.0810753,0x19B5010B,1,3.95 V
VCELL_90,946688568.0810753,0x19B5010B,1,3.95 V
VCELL_91,946688568.0810753,0x19B5010B,1,3.98 V
VCELL_92,946688568.0810753,0x19B5010B,1,3.97 V
VCELL_93,946688568.0810753,0x19B5010B,1,3.95 V
VCELL_94,946688568.0810753,0x19B5010B,1,3.95 V
VCELL_95,946688568.0810753,0x19B5010B,1,3.95 V
UNDER_VOLTAGE,946688568.1162764,0x19B50007,1,FALSE logic
OVER_VOLTAGE,946688568.1162764,0x19B50007,1,FALSE logic
DISCHARGE_OVER_CURRENT,946688568.1162764,0x19B50007,1,FALSE logic
CHARGE_OVER_CURRENT,946688568.1162764,0x19B50007,1,FALSE logic
CELL_MODULE_OVERHEAT,946688568.1162764,0x19B50007,1,FALSE logic
LEAKAGE,946688568.1162764,0x19B50007,1,FALSE logic
NO_CELL_COMMUNICATION,946688568.1162764,0x19B50007,1,FALSE logic
LOW_VOLTAGE_W,946688568.1162764,0x19B50007,1,FALSE logic
HIGH_CURRENT_W,946688568.1162764,0x19B50007,1,FALSE logic
HIGH_TEMPERATURE_W,946688568.1162764,0x19B50007,1,FALSE logic
CELL_OVERHEAT,946688568.1162764,0x19B50007,1,FALSE logic
NO_CURRENT_SENSOR,946688568.1162764,0x19B50007,1,FALSE logic
PACK_UNDER_VOLTAGE,946688568.1162764,0x19B50007,1,FALSE logic
VALIDITY,946688568.1162764,0x19B50007,1,39 state
APPS_RANGE_ERROR,946688568.1371706,0x18FF1515,1,"FALSE 0 no Error, 1 Error"
SAFETY_OK,946688568.1371706,0x18FF1515,1,"FALSE 0 no Error, 1 Error"
BRAKE,946688568.1371706,0x18FF1515,1,"0 1 noBrake, 2 Brake"
VCU_STATE,946688568.1371706,0x18FF1515,1,0
APS_PERC,946688568.1371706,0x18FF1515,1,"2.56 porcentagem pedal, precisão de 2 casas decimais"
APPS_RANGE_ERROR,946688568.2371644,0x18FF1515,1,"FALSE 0 no Error, 1 Error"
SAFETY_OK,946688568.2371644,0x18FF1515,1,"FALSE 0 no Error, 1 Error"
BRAKE,946688568.2371644,0x18FF1515,1,"0 1 noBrake, 2 Brake"
VCU_STATE,946688568.2371644,0x18FF1515,1,0
APS_PERC,946688568.2371644,0x18FF1515,1,"2.56 porcentagem pedal, precisão de 2 casas decimais"
UNDER_VOLTAGE,946688568.3185902,0x19B50007,1,FALSE logic
OVER_VOLTAGE,946688568.3185902,0x19B50007,1,FALSE logic
DISCHARGE_OVER_CURRENT,946688568.3185902,0x19B50007,1,FALSE logic
CHARGE_OVER_CURRENT,946688568.3185902,0x19B50007,1,FALSE logic
CELL_MODULE_OVERHEAT,946688568.3185902,0x19B50007,1,FALSE logic
LEAKAGE,946688568.3185902,0x19B50007,1,FALSE logic
NO_CELL_COMMUNICATION,946688568.3185902,0x19B50007,1,FALSE logic
LOW_VOLTAGE_W,946688568.3185902,0x19B50007,1,FALSE logic
HIGH_CURRENT_W,946688568.3185902,0x19B50007,1,FALSE logic
HIGH_TEMPERATURE_W,946688568.3185902,0x19B50007,1,FALSE logic
CELL_OVERHEAT,946688568.3185902,0x19B50007,1,FALSE logic
NO_CURRENT_SENSOR,946688568.3185902,0x19B50007,1,FALSE logic
PACK_UNDER_VOLTAGE,946688568.3185902,0x19B50007,1,FALSE logic
VALIDITY,946688568.3185902,0x19B50007,1,39 state
APPS_RANGE_ERROR,946688568.3371643,0x18FF1515,1,"FALSE 0 no Error, 1 Error"
SAFETY_OK,946688568.3371643,0x18FF1515,1,"FALSE 0 no Error, 1 Error"
BRAKE,946688568.3371643,0x18FF1515,1,"0 1 noBrake, 2 Brake"
VCU_STATE,946688568.3371643,0x18FF1515,1,0
APS_PERC,946688568.3371643,0x18FF1515,1,"2.56 porcentagem pedal, precisão de 2 casas decimais"
APPS_RANGE_ERROR,946688568.4372491,0x18FF1515,1,"FALSE 0 no Error, 1 Error"
SAFETY_OK,946688568.4372491,0x18FF1515,1,"FALSE 0 no Error, 1 Error"
BRAKE,946688568.4372491,0x18FF1515,1,"0 1 noBrake, 2 Brake"
VCU_STATE,946688568.4372491,0x18FF1515,1,0
APS_PERC,946688568.4372491,0x18FF1515,1,"2.56 porcentagem pedal, precisão de 2 casas decimais"
UNDER_VOLTAGE,946688568.5253906,0x19B50007,1,FALSE logic
OVER_VOLTAGE,946688568.5253906,0x19B50007,1,FALSE logic
DISCHARGE_OVER_CURRENT,946688568.5253906,0x19B50007,1,FALSE logic
CHARGE_OVER_CURRENT,946688568.5253906,0x19B50007,1,FALSE logic
CELL_MODULE_OVERHEAT,946688568.5253906,0x19B50007,1,FALSE logic
LEAKAGE,946688568.5253906,0x19B50007,1,FALSE logic
NO_CELL_COMMUNICATION,946688568.5253906,0x19B50007,1,FALSE logic
LOW_VOLTAGE_W,946688568.5253906,0x19B50007,1,FALSE logic
HIGH_CURRENT_W,946688568.5253906,0x19B50007,1,FALSE logic
HIGH_TEMPERATURE_W,946688568.5253906,0x19B50007,1,FALSE logic
CELL_OVERHEAT,946688568.5253906,0x19B50007,1,FALSE logic
NO_CURRENT_SENSOR,946688568.5253906,0x19B50007,1,FALSE logic
PACK_UNDER_VOLTAGE,946688568.5253906,0x19B50007,1,FALSE logic
VALIDITY,946688568.5253906,0x19B50007,1,39 state
APPS_RANGE_ERROR,946688568.5371604,0x18FF1515,1,"FALSE 0 no Error, 1 Error"
SAFETY_OK,946688568.5371604,0x18FF1515,1,"FALSE 0 no Error, 1 Error"
BRAKE,946688568.5371604,0x18FF1515,1,"0 1 noBrake, 2 Brake"
VCU_STATE,946688568.5371604,0x18FF1515,1,0
APS_PERC,946688568.5371604,0x18FF1515,1,"2.56 porcentagem pedal, precisão de 2 casas decimais"
APPS_RANGE_ERROR,946688568.6371617,0x18FF1515,1,"FALSE 0 no Error, 1 Error"
SAFETY_OK,946688568.6371617,0x18FF1515,1,"FALSE 0 no Error, 1 Error"
BRAKE,946688568.6371617,0x18FF1515,1,"0 1 noBrake, 2 Brake"
VCU_STATE,946688568.6371617,0x18FF1515,1,0
APS_PERC,946688568.6371617,0x18FF1515,1,"2.56 porcentagem pedal, precisão de 2 casas decimais"
UNDER_VOLTAGE,946688568.7186428,0x19B50007,1,FALSE logic
OVER_VOLTAGE,946688568.7186428,0x19B50007,1,FALSE logic
DISCHARGE_OVER_CURRENT,946688568.7186428,0x19B50007,1,FALSE logic
CHARGE_OVER_CURRENT,946688568.7186428,0x19B50007,1,FALSE logic
CELL_MODULE_OVERHEAT,946688568.7186428,0x19B50007,1,FALSE logic
LEAKAGE,946688568.7186428,0x19B50007,1,FALSE logic
NO_CELL_COMMUNICATION,946688568.7186428,0x19B50007,1,FALSE logic
LOW_VOLTAGE_W,946688568.7186428,0x19B50007,1,FALSE logic
HIGH_CURRENT_W,946688568.7186428,0x19B50007,1,FALSE logic
HIGH_TEMPERATURE_W,946688568.7186428,0x19B50007,1,FALSE logic
CELL_OVERHEAT,946688568.7186428,0x19B50007,1,FALSE logic
NO_CURRENT_SENSOR,946688568.7186428,0x19B50007,1,FALSE logic
PACK_UNDER_VOLTAGE,946688568.7186428,0x19B50007,1,FALSE logic
VALIDITY,946688568.7186428,0x19B50007,1,39 state
APPS_RANGE_ERROR,946688568.7371609,0x18FF1515,1,"FALSE 0 no Error, 1 Error"
SAFETY_OK,946688568.7371609,0x18FF1515,1,"FALSE 0 no Error, 1 Error"
BRAKE,946688568.7371609,0x18FF1515,1,"0 1 noBrake, 2 Brake"
VCU_STATE,946688568.7371609,0x18FF1515,1,0
APS_PERC,946688568.7371609,0x18FF1515,1,"2.56 porcentagem pedal, precisão de 2 casas decimais"
APPS_RANGE_ERROR,946688568.837165,0x18FF1515,1,"FALSE 0 no Error, 1 Error"
SAFETY_OK,946688568.837165,0x18FF1515,1,"FALSE 0 no Error, 1 Error"
BRAKE,946688568.837165,0x18FF1515,1,"0 1 noBrake, 2 Brake"
VCU_STATE,946688568.837165,0x18FF1515,1,0
APS_PERC,946688568.837165,0x18FF1515,1,"2.56 porcentagem pedal, precisão de 2 casas decimais"
UNDER_VOLTAGE,946688568.9234345,0x19B50007,1,FALSE logic
OVER_VOLTAGE,946688568.9234345,0x19B50007,1,FALSE logic
DISCHARGE_OVER_CURRENT,946688568.9234345,0x19B50007,1,FALSE logic
CHARGE_OVER_CURRENT,946688568.9234345,0x19B50007,1,FALSE logic
CELL_MODULE_OVERHEAT,946688568.9234345,0x19B50007,1,FALSE logic
LEAKAGE,946688568.9234345,0x19B50007,1,FALSE logic
NO_CELL_COMMUNICATION,946688568.9234345,0x19B50007,1,FALSE logic
LOW_VOLTAGE_W,946688568.9234345,0x19B50007,1,FALSE logic
HIGH_CURRENT_W,946688568.9234345,0x19B50007,1,FALSE logic
HIGH_TEMPERATURE_W,946688568.9234345,0x19B50007,1,FALSE logic
CELL_OVERHEAT,946688568.9234345,0x19B50007,1,FALSE logic
NO_CURRENT_SENSOR,946688568.9234345,0x19B50007,1,FALSE logic
PACK_UNDER_VOLTAGE,946688568.9234345,0x19B50007,1,FALSE logic
VALIDITY,946688568.9234345,0x19B50007,1,39 state
APPS_RANGE_ERROR,946688568.9371632,0x18FF1515,1,"FALSE 0 no Error, 1 Error"
SAFETY_OK,946688568.9371632,0x18FF1515,1,"FALSE 0 no Error, 1 Error"
BRAKE,946688568.9371632,0x18FF1515,1,"0 1 noBrake, 2 Brake"
VCU_STATE,946688568.9371632,0x18FF1515,1,0
APS_PERC,946688568.9371632,0x18FF1515,1,"2.56 porcentagem pedal, precisão de 2 casas decimais"
APPS_RANGE_ERROR,946688569.0371627,0x18FF1515,1,"FALSE 0 no Error, 1 Error"
SAFETY_OK,946688569.0371627,0x18FF1515,1,"FALSE 0 no Error, 1 Error"
BRAKE,946688569.0371627,0x18FF1515,1,"0 1 noBrake, 2 Brake"
VCU_STATE,946688569.0371627,0x18FF1515,1,0
APS_PERC,946688569.0371627,0x18FF1515,1,"2.56 porcentagem pedal, precisão de 2 casas decimais"
UNDER_VOLTAGE,946688569.1148314,0x19B50007,1,FALSE logic
OVER_VOLTAGE,946688569.1148314,0x19B50007,1,FALSE logic
DISCHARGE_OVER_CURRENT,946688569.1148314,0x19B50007,1,FALSE logic
CHARGE_OVER_CURRENT,946688569.1148314,0x19B50007,1,FALSE logic
CELL_MODULE_OVERHEAT,946688569.1148314,0x19B50007,1,FALSE logic
LEAKAGE,946688569.1148314,0x19B50007,1,FALSE logic
NO_CELL_COMMUNICATION,946688569.1148314,0x19B50007,1,FALSE logic
LOW_VOLTAGE_W,946688569.1148314,0x19B50007,1,FALSE logic
HIGH_CURRENT_W,946688569.1148314,0x19B50007,1,FALSE logic
HIGH_TEMPERATURE_W,946688569.1148314,0x19B50007,1,FALSE logic
CELL_OVERHEAT,946688569.1148314,0x19B50007,1,FALSE logic
NO_CURRENT_SENSOR,946688569.1148314,0x19B50007,1,FALSE logic
PACK_UNDER_VOLTAGE,946688569.1148314,0x19B50007,1,FALSE logic
VALIDITY,946688569.1148314,0x19B50007,1,39 state
APPS_RANGE_ERROR,946688569.1371585,0x18FF1515,1,"FALSE 0 no Error, 1 Error"
SAFETY_OK,946688569.1371585,0x18FF1515,1,"FALSE 0 no Error, 1 Error"
BRAKE,946688569.1371585,0x18FF1515,1,"0 1 noBrake, 2 Brake"
VCU_STATE,946688569.1371585,0x18FF1515,1,0
APS_PERC,946688569.1371585,0x18FF1515,1,"2.56 porcentagem pedal, precisão de 2 casas decimais"
APPS_RANGE_ERROR,946688569.2371521,0x18FF1515,1,"FALSE 0 no Error, 1 Error"
SAFETY_OK,946688569.2371521,0x18FF1515,1,"FALSE 0 no Error, 1 Error"
BRAKE,946688569.2371521,0x18FF1515,1,"0 1 noBrake, 2 Brake"
VCU_STATE,946688569.2371521,0x18FF1515,1,0
APS_PERC,946688569.2371521,0x18FF1515,1,"2.56 porcentagem pedal, precisão de 2 casas decimais"
TCELL_0,946688569.31075,0x19B50800,1,-100.00 °C
TCELL_0,946688569.3113254,0x19B50800,1,28.00 °C
TCELL_1,946688569.3113254,0x19B50800,1,28.00 °C
TCELL_2,946688569.3113254,0x19B50800,1,28.00 °C
TCELL_3,946688569.3113254,0x19B50800,1,28.00 °C
TCELL_4,946688569.3113254,0x19B50800,1,28.00 °C
TCELL_5,946688569.3113254,0x19B50800,1,155.00 °C
TCELL_6,946688569.3113254,0x19B50800,1,155.00 °C
TCELL_7,946688569.3113254,0x19B50800,1,155.00 °C
UNDER_VOLTAGE,946688569.3198268,0x19B50007,1,FALSE logic
OVER_VOLTAGE,946688569.3198268,0x19B50007,1,FALSE logic
DISCHARGE_OVER_CURRENT,946688569.3198268,0x19B50007,1,FALSE logic
CHARGE_OVER_CURRENT,946688569.3198268,0x19B50007,1,FALSE logic
CELL_MODULE_OVERHEAT,946688569.3198268,0x19B50007,1,FALSE logic
LEAKAGE,946688569.3198268,0x19B50007,1,FALSE logic
NO_CELL_COMMUNICATION,946688569.3198268,0x19B50007,1,FALSE logic
LOW_VOLTAGE_W,946688569.3198268,0x19B50007,1,FALSE logic
HIGH_CURRENT_W,946688569.3198268,0x19B50007,1,FALSE logic
HIGH_TEMPERATURE_W,946688569.3198268,0x19B50007,1,FALSE logic
CELL_OVERHEAT,946688569.3198268,0x19B50007,1,FALSE logic
NO_CURRENT_SENSOR,946688569.3198268,0x19B50007,1,FALSE logic
PACK_UNDER_VOLTAGE,946688569.3198268,0x19B50007,1,FALSE logic
VALIDITY,946688569.3198268,0x19B50007,1,39 state
TCELL_8,946688569.3366774,0x19B50801,1,155.00 °C
TCELL_9,946688569.3366774,0x19B50801,1,155.00 °C
TCELL_10,946688569.3366774,0x19B50801,1,155.00 °C
TCELL_11,946688569.3366774,0x19B50801,1,155.00 °C
TCELL_12,946688569.3366774,0x19B50801,1,155.00 °C
TCELL_13,946688569.3366774,0x19B50801,1,155.00 °C
TCELL_14,946688569.3366774,0x19B50801,1,155.00 °C
TCELL_15,946688569.3366774,0x19B50801,1,155.00 °C
APPS_RANGE_ERROR,946688569.3371527,0x18FF1515,1,"FALSE 0 no Error, 1 Error"
SAFETY_OK,946688569.3371527,0x18FF1515,1,"FALSE 0 no Error, 1 Error"
BRAKE,946688569.3371527,0x18FF1515,1,"0 1 noBrake, 2 Brake"
VCU_STATE,946688569.3371527,0x18FF1515,1,0
APS_PERC,946688569.3371527,0x18FF1515,1,"2.56 porcentagem pedal, precisão de 2 casas decimais"
TCELL_16,946688569.3496798,0x19B50802,1,28.00 °C
TCELL_17,946688569.3496798,0x19B50802,1,28.00 °C
TCELL_18,946688569.3496798,0x19B50802,1,28.00 °C
TCELL_19,946688569.3496798,0x19B50802,1,29.00 °C
TCELL_20,946688569.3496798,0x19B50802,1,28.00 °C
TCELL_21,946688569.3496798,0x19B50802,1,155.00 °C
TCELL_22,946688569.3496798,0x19B50802,1,155.00 °C
TCELL_23,946688569.3496798,0x19B50802,1,155.00 °C
TCELL_24,946688569.3620741,0x19B50803,1,155.00 °C
TCELL_25,946688569.3620741,0x19B50803,1,155.00 °C
TCELL_26,946688569.3620741,0x19B50803,1,155.00 °C
TCELL_27,946688569.3620741,0x19B50803,1,155.00 °C
TCELL_28,946688569.3620741,0x19B50803,1,155.00 °C
TCELL_29,946688569.3620741,0x19B50803,1,155.00 °C
TCELL_30,946688569.3620741,0x19B50803,1,155.00 °C
TCELL_31,946688569.3620741,0x19B50803,1,155.00 °C
APPS_RANGE_ERROR,946688569.4371502,0x18FF1515,1,"FALSE 0 no Error, 1 Error"
SAFETY_OK,946688569.4371502,0x18FF1515,1,"FALSE 0 no Error, 1 Error"
BRAKE,946688569.4371502,0x18FF1515,1,"0 1 noBrake, 2 Brake"
VCU_STATE,946688569.4371502,0x18FF1515,1,0
APS_PERC,946688569.4371502,0x18FF1515,1,"2.56 porcentagem pedal, precisão de 2 casas decimais"
UNDER_VOLTAGE,946688569.5169437,0x19B50007,1,FALSE logic
OVER_VOLTAGE,946688569.5169437,0x19B50007,1,FALSE logic
DISCHARGE_OVER_CURRENT,946688569.5169437,0x19B50007,1,FALSE logic
CHARGE_OVER_CURRENT,946688569.5169437,0x19B50007,1,FALSE logic
CELL_MODULE_OVERHEAT,946688569.5169437,0x19B50007,1,FALSE logic
LEAKAGE,946688569.5169437,0x19B50007,1,FALSE logic
NO_CELL_COMMUNICATION,946688569.5169437,0x19B50007,1,FALSE logic
LOW_VOLTAGE_W,946688569.5169437,0x19B50007,1,FALSE logic
HIGH_CURRENT_W,946688569.5169437,0x19B50007,1,FALSE logic
HIGH_TEMPERATURE_W,946688569.5169437,0x19B50007,1,FALSE logic
CELL_OVERHEAT,946688569.5169437,0x19B50007,1,FALSE logic
NO_CURRENT_SENSOR,946688569.5169437,0x19B50007,1,FALSE logic
PACK_UNDER_VOLTAGE,946688569.5169437,0x19B50007,1,FALSE logic
VALIDITY,946688569.5169437,0x19B50007,1,39 state
APPS_RANGE_ERROR,946688569.5371544,0x18FF1515,1,"FALSE 0 no Error, 1 Error"
SAFETY_OK,946688569.5371544,0x18FF1515,1,"FALSE 0 no Error, 1 Error"
BRAKE,946688569.5371544,0x18FF1515,1,"0 1 noBrake, 2 Brake"
VCU_STATE,946688569.5371544,0x18FF1515,1,0
APS_PERC,946688569.5371544,0x18FF1515,1,"2.56 porcentagem pedal, precisão de 2 casas decimais"
APPS_RANGE_ERROR,946688569.6371472,0x18FF1515,1,"FALSE 0 no Error, 1 Error"
SAFETY_OK,946688569.6371472,0x18FF1515,1,"FALSE 0 no Error, 1 Error"
BRAKE,946688569.6371472,0x18FF1515,1,"0 1 noBrake, 2 Brake"
VCU_STATE,946688569.6371472,0x18FF1515,1,0
APS_PERC,946688569.6371472,0x18FF1515,1,"2.56 porcentagem pedal, precisão de 2 casas decimais"
UNDER_VOLTAGE,946688569.7209935,0x19B50007,1,FALSE logic
OVER_VOLTAGE,946688569.7209935,0x19B50007,1,FALSE logic
DISCHARGE_OVER_CURRENT,946688569.7209935,0x19B50007,1,FALSE logic
CHARGE_OVER_CURRENT,946688569.7209935,0x19B50007,1,FALSE logic
CELL_MODULE_OVERHEAT,946688569.7209935,0x19B50007,1,FALSE logic
LEAKAGE,946688569.7209935,0x19B50007,1,FALSE logic
NO_CELL_COMMUNICATION,946688569.7209935,0x19B50007,1,FALSE logic
LOW_VOLTAGE_W,946688569.7209935,0x19B50007,1,FALSE logic
HIGH_CURRENT_W,946688569.7209935,0x19B50007,1,FALSE logic
HIGH_TEMPERATURE_W,946688569.7209935,0x19B50007,1,FALSE logic
CELL_OVERHEAT,946688569.7209935,0x19B50007,1,FALSE logic
NO_CURRENT_SENSOR,946688569.7209935,0x19B50007,1,FALSE logic
PACK_UNDER_VOLTAGE,946688569.7209935,0x19B50007,1,FALSE logic
VALIDITY,946688569.7209935,0x19B50007,1,39 state
APPS_RANGE_ERROR,946688569.7371625,0x18FF1515,1,"FALSE 0 no Error, 1 Error"
SAFETY_OK,946688569.7371625,0x18FF1515,1,"FALSE 0 no Error, 1 Error"
BRAKE,946688569.7371625,0x18FF1515,1,"0 1 noBrake, 2 Brake"
VCU_STATE,946688569.7371625,0x18FF1515,1,0
APS_PERC,946688569.7371625,0x18FF1515,1,"2.56 porcentagem pedal, precisão de 2 casas decimais"
VCELL_0,946688569.767328,0x19B50100,1,2.00 V
VCELL_0,946688569.7679892,0x19B50100,1,3.96 V
VCELL_1,946688569.7679892,0x19B50100,1,3.95 V
VCELL_2,946688569.7679892,0x19B50100,1,3.95 V
VCELL_3,946688569.7679892,0x19B50100,1,3.95 V
VCELL_4,946688569.7679892,0x19B50100,1,3.95 V
VCELL_5,946688569.7679892,0x19B50100,1,3.95 V
VCELL_6,946688569.7679892,0x19B50100,1,3.95 V
VCELL_7,946688569.7679892,0x19B50100,1,3.95 V
VCELL_8,946688569.780989,0x19B50101,1,3.95 V
VCELL_9,946688569.780989,0x19B50101,1,3.95 V
VCELL_10,946688569.780989,0x19B50101,1,3.95 V
VCELL_11,946688569.780989,0x19B50101,1,3.95 V
VCELL_12,946688569.780989,0x19B50101,1,3.95 V
VCELL_13,946688569.780989,0x19B50101,1,3.95 V
VCELL_14,946688569.780989,0x19B50101,1,3.95 V
VCELL_15,946688569.780989,0x19B50101,1,3.95 V
VCELL_16,946688569.7939672,0x19B50102,1,3.95 V
VCELL_17,946688569.7939672,0x19B50102,1,3.95 V
VCELL_18,946688569.7939672,0x19B50102,1,3.95 V
VCELL_19,946688569.7939672,0x19B50102,1,3.95 V
VCELL_20,946688569.7939672,0x19B50102,1,3.95 V
VCELL_21,946688569.7939672,0x19B50102,1,3.97 V
VCELL_22,946688569.7939672,0x19B50102,1,3.95 V
VCELL_23,946688569.7939672,0x19B50102,1,3.95 V
VCELL_24,946688569.8111982,0x19B50103,1,3.95 V
VCELL_25,946688569.8111982,0x19B50103,1,3.96 V
VCELL_26,946688569.8111982,0x19B50103,1,3.95 V
VCELL_27,946688569.8111982,0x19B50103,1,3.95 V
VCELL_28,946688569.8111982,0x19B50103,1,3.97 V
VCELL_29,946688569.8111982,0x19B50103,1,3.95 V
VCELL_30,946688569.8111982,0x19B50103,1,3.95 V
VCELL_31,946688569.8111982,0x19B50103,1,3.95 V
VCELL_32,946688569.8317742,0x19B50104,1,3.94 V
VCELL_33,946688569.8317742,0x19B50104,1,3.95 V
VCELL_34,946688569.8317742,0x19B50104,1,3.95 V
VCELL_35,946688569.8317742,0x19B50104,1,3.95 V
VCELL_36,946688569.8317742,0x19B50104,1,3.95 V
VCELL_37,946688569.8317742,0x19B50104,1,3.95 V
VCELL_38,946688569.8317742,0x19B50104,1,3.95 V
VCELL_39,946688569.8317742,0x19B50104,1,3.95 V
APPS_RANGE_ERROR,946688569.8371499,0x18FF1515,1,"FALSE 0 no Error, 1 Error"
SAFETY_OK,946688569.8371499,0x18FF1515,1,"FALSE 0 no Error, 1 Error"
BRAKE,946688569.8371499,0x18FF1515,1,"0 1 noBrake, 2 Brake"
VCU_STATE,946688569.8371499,0x18FF1515,1,0
APS_PERC,946688569.8371499,0x18FF1515,1,"2.56 porcentagem pedal, precisão de 2 casas decimais"
VCELL_40,946688569.8865334,0x19B50105,1,3.95 V
VCELL_41,946688569.8865334,0x19B50105,1,3.95 V
VCELL_42,946688569.8865334,0x19B50105,1,3.95 V
VCELL_43,946688569.8865334,0x19B50105,1,3.95 V
VCELL_44,946688569.8865334,0x19B50105,1,3.95 V
VCELL_45,946688569.8865334,0x19B50105,1,3.95 V
VCELL_46,946688569.8865334,0x19B50105,1,3.95 V
VCELL_47,946688569.8865334,0x19B50105,1,3.95 V
VCELL_48,946688569.9197062,0x19B50106,1,3.95 V
VCELL_49,946688569.9197062,0x19B50106,1,3.95 V
VCELL_50,946688569.9197062,0x19B50106,1,3.95 V
VCELL_51,946688569.9197062,0x19B50106,1,3.95 V
VCELL_52,946688569.9197062,0x19B50106,1,3.95 V
VCELL_53,946688569.9197062,0x19B50106,1,3.95 V
VCELL_54,946688569.9197062,0x19B50106,1,3.95 V
VCELL_55,946688569.9197062,0x19B50106,1,3.95 V
UNDER_VOLTAGE,946688569.9314235,0x19B50007,1,FALSE logic
OVER_VOLTAGE,946688569.9314235,0x19B50007,1,FALSE logic
DISCHARGE_OVER_CURRENT,946688569.9314235,0x19B50007,1,FALSE logic
CHARGE_OVER_CURRENT,946688569.9314235,0x19B50007,1,FALSE logic
CELL_MODULE_OVERHEAT,946688569.9314235,0x19B50007,1,FALSE logic
LEAKAGE,946688569.9314235,0x19B50007,1,FALSE logic
NO_CELL_COMMUNICATION,946688569.9314235,0x19B50007,1,FALSE logic
LOW_VOLTAGE_W,946688569.9314235,0x19B50007,1,FALSE logic
HIGH_CURRENT_W,946688569.9314235,0x19B50007,1,FALSE logic
HIGH_TEMPERATURE_W,946688569.9314235,0x19B50007,1,FALSE logic
CELL_OVERHEAT,946688569.9314235,0x19B50007,1,FALSE logic
NO_CURRENT_SENSOR,946688569.9314235,0x19B50007,1,FALSE logic
PACK_UNDER_VOLTAGE,946688569.9314235,0x19B50007,1,FALSE logic
VALIDITY,946688569.9314235,0x19B50007,1,39 state
APPS_RANGE_ERROR,946688569.9372416,0x18FF1515,1,"FALSE 0 no Error, 1 Error"
SAFETY_OK,946688569.9372416,0x18FF1515,1,"FALSE 0 no Error, 1 Error"
BRAKE,946688569.9372416,0x18FF1515,1,"0 1 noBrake, 2 Brake"
VCU_STATE,946688569.9372416,0x18FF1515,1,0
APS_PERC,946688569.9372416,0x18FF1515,1,"2.56 porcentagem pedal, precisão de 2 casas decimais"
VCELL_56,946688569.962349,0x19B50107,1,3.95 V
VCELL_57,946688569.962349,0x19B50107,1,3.95 V
VCELL_58,946688569.962349,0x19B50107,1,3.95 V
VCELL_59,946688569.962349,0x19B50107,1,3.95 V
VCELL_60,946688569.962349,0x19B50107,1,3.95 V
VCELL_61,946688569.962349,0x19B50107,1,3.95 V
VCELL_62,946688569.962349,0x19B50107,1,3.95 V
VCELL_63,946688569.962349,0x19B50107,1,3.95 V
APPS_RANGE_ERROR,946688570.0371507,0x18FF1515,1,"FALSE 0 no Error, 1 Error"
SAFETY_OK,946688570.0371507,0x18FF1515,1,"FALSE 0 no Error, 1 Error"
BRAKE,946688570.0371507,0x18FF1515,1,"0 1 noBrake, 2 Brake"
VCU_STATE,946688570.0371507,0x18FF1515,1,0
APS_PERC,946688570.0371507,0x18FF1515,1,"2.56 porcentagem pedal, precisão de 2 casas decimais"
UNDER_VOLTAGE,946688570.11734,0x19B50007,1,FALSE logic
OVER_VOLTAGE,946688570.11734,0x19B50007,1,FALSE logic
DISCHARGE_OVER_CURRENT,946688570.11734,0x19B50007,1,FALSE logic
CHARGE_OVER_CURRENT,946688570.11734,0x19B50007,1,FALSE logic
CELL_MODULE_OVERHEAT,946688570.11734,0x19B50007,1,FALSE logic
LEAKAGE,946688570.11734,0x19B50007,1,FALSE logic
NO_CELL_COMMUNICATION,946688570.11734,0x19B50007,1,FALSE logic
LOW_VOLTAGE_W,946688570.11734,0x19B50007,1,FALSE logic
HIGH_CURRENT_W,946688570.11734,0x19B50007,1,FALSE logic
HIGH_TEMPERATURE_W,946688570.11734,0x19B50007,1,FALSE logic
CELL_OVERHEAT,946688570.11734,0x19B50007,1,FALSE logic
NO_CURRENT_SENSOR,946688570.11734,0x19B50007,1,FALSE logic
PACK_UNDER_VOLTAGE,946688570.11734,0x19B50007,1,FALSE logic
VALIDITY,946688570.11734,0x19B50007,1,39 state
APPS_RANGE_ERROR,946688570.1371496,0x18FF1515,1,"FALSE 0 no Error, 1 Error"
SAFETY_OK,946688570.1371496,0x18FF1515,1,"FALSE 0 no Error, 1 Error"
BRAKE,946688570.1371496,0x18FF1515,1,"0 1 noBrake, 2 Brake"
VCU_STATE,946688570.1371496,0x18FF1515,1,0
APS_PERC,946688570.1371496,0x18FF1515,1,"2.56 porcentagem pedal, precisão de 2 casas decimais"
APPS_RANGE_ERROR,946688570.2371477,0x18FF1515,1,"FALSE 0 no Error, 1 Error"
SAFETY_OK,946688570.2371477,0x18FF1515,1,"FALSE 0 no Error, 1 Error"
BRAKE,946688570.2371477,0x18FF1515,1,"0 1 noBrake, 2 Brake"
VCU_STATE,946688570.2371477,0x18FF1515,1,0
APS_PERC,946688570.2371477,0x18FF1515,1,"2.56 porcentagem pedal, precisão de 2 casas decimais"
VCELL_64,946688570.2374552,0x19B50108,1,3.92 V
VCELL_65,946688570.2374552,0x19B50108,1,3.94 V
VCELL_66,946688570.2374552,0x19B50108,1,3.95 V
VCELL_67,946688570.2374552,0x19B50108,1,3.95 V
VCELL_68,946688570.2374552,0x19B50108,1,3.96 V
VCELL_69,946688570.2374552,0x19B50108,1,3.96 V
VCELL_70,946688570.2374552,0x19B50108,1,3.94 V
VCELL_71,946688570.2374552,0x19B50108,1,3.95 V
VCELL_72,946688570.2502341,0x19B50109,1,3.97 V
VCELL_73,946688570.2502341,0x19B50109,1,3.95 V
VCELL_74,946688570.2502341,0x19B50109,1,3.95 V
VCELL_75,946688570.2502341,0x19B50109,1,3.96 V
VCELL_76,946688570.2502341,0x19B50109,1,3.94 V
VCELL_77,946688570.2502341,0x19B50109,1,3.95 V
VCELL_78,946688570.2502341,0x19B50109,1,3.95 V
VCELL_79,946688570.2502341,0x19B50109,1,3.95 V
VCELL_80,946688570.276569,0x19B5010A,1,3.95 V
VCELL_81,946688570.276569,0x19B5010A,1,3.95 V
VCELL_82,946688570.276569,0x19B5010A,1,3.95 V
VCELL_83,946688570.276569,0x19B5010A,1,3.95 V
VCELL_84,946688570.276569,0x19B5010A,1,3.95 V
VCELL_85,946688570.276569,0x19B5010A,1,3.95 V
VCELL_86,946688570.276569,0x19B5010A,1,3.95 V
VCELL_87,946688570.276569,0x19B5010A,1,3.95 V
VCELL_88,946688570.2891365,0x19B5010B,1,3.95 V
VCELL_89,946688570.2891365,0x19B5010B,1,3.95 V
VCELL_90,946688570.2891365,0x19B5010B,1,3.95 V
VCELL_91,946688570.2891365,0x19B5010B,1,3.98 V
VCELL_92,946688570.2891365,0x19B5010B,1,3.97 V
VCELL_93,946688570.2891365,0x19B5010B,1,3.95 V
VCELL_94,946688570.2891365,0x19B5010B,1,3.95 V
VCELL_95,946688570.2891365,0x19B5010B,1,3.95 V
UNDER_VOLTAGE,946688570.3244814,0x19B50007,1,FALSE logic
OVER_VOLTAGE,946688570.3244814,0x19B50007,1,FALSE logic
DISCHARGE_OVER_CURRENT,946688570.3244814,0x19B50007,1,FALSE logic
CHARGE_OVER_CURRENT,946688570.3244814,0x19B50007,1,FALSE logic
CELL_MODULE_OVERHEAT,946688570.3244814,0x19B50007,1,FALSE logic
LEAKAGE,946688570.3244814,0x19B50007,1,FALSE logic
NO_CELL_COMMUNICATION,946688570.3244814,0x19B50007,1,FALSE logic
LOW_VOLTAGE_W,946688570.3244814,0x19B50007,1,FALSE logic
HIGH_CURRENT_W,946688570.3244814,0x19B50007,1,FALSE logic
HIGH_TEMPERATURE_W,946688570.3244814,0x19B50007,1,FALSE logic
CELL_OVERHEAT,946688570.3244814,0x19B50007,1,FALSE logic
NO_CURRENT_SENSOR,946688570.3244814,0x19B50007,1,FALSE logic
PACK_UNDER_VOLTAGE,946688570.3244814,0x19B50007,1,FALSE logic
VALIDITY,946688570.3244814,0x19B50007,1,39 state
APPS_RANGE_ERROR,946688570.3371453,0x18FF1515,1,"FALSE 0 no Error, 1 Error"
SAFETY_OK,946688570.3371453,0x18FF1515,1,"FALSE 0 no Error, 1 Error"
BRAKE,946688570.3371453,0x18FF1515,1,"0 1 noBrake, 2 Brake"
VCU_STATE,946688570.3371453,0x18FF1515,1,0
APS_PERC,946688570.3371453,0x18FF1515,1,"2.56 porcentagem pedal, precisão de 2 casas decimais"
APPS_RANGE_ERROR,946688570.4371483,0x18FF1515,1,"FALSE 0 no Error, 1 Error"
SAFETY_OK,946688570.4371483,0x18FF1515,1,"FALSE 0 no Error, 1 Error"
BRAKE,946688570.4371483,0x18FF1515,1,"0 1 noBrake, 2 Brake"
VCU_STATE,946688570.4371483,0x18FF1515,1,0
APS_PERC,946688570.4371483,0x18FF1515,1,"2.56 porcentagem pedal, precisão de 2 casas decimais"
UNDER_VOLTAGE,946688570.5153916,0x19B50007,1,FALSE logic
OVER_VOLTAGE,946688570.5153916,0x19B50007,1,FALSE logic
DISCHARGE_OVER_CURRENT,946688570.5153916,0x19B50007,1,FALSE logic
CHARGE_OVER_CURRENT,946688570.5153916,0x19B50007,1,FALSE logic
CELL_MODULE_OVERHEAT,946688570.5153916,0x19B50007,1,FALSE logic
LEAKAGE,946688570.5153916,0x19B50007,1,FALSE logic
NO_CELL_COMMUNICATION,946688570.5153916,0x19B50007,1,FALSE logic
LOW_VOLTAGE_W,946688570.5153916,0x19B50007,1,FALSE logic
HIGH_CURRENT_W,946688570.5153916,0x19B50007,1,FALSE logic
HIGH_TEMPERATURE_W,946688570.5153916,0x19B50007,1,FALSE logic
CELL_OVERHEAT,946688570.5153916,0x19B50007,1,FALSE logic
NO_CURRENT_SENSOR,946688570.5153916,0x19B50007,1,FALSE logic
PACK_UNDER_VOLTAGE,946688570.5153916,0x19B50007,1,FALSE logic
VALIDITY,946688570.5153916,0x19B50007,1,39 state
APPS_RANGE_ERROR,946688570.5372325,0x18FF1515,1,"FALSE 0 no Error, 1 Error"
SAFETY_OK,946688570.5372325,0x18FF1515,1,"FALSE 0 no Error, 1 Error"
BRAKE,946688570.5372325,0x18FF1515,1,"0 1 noBrake, 2 Brake"
VCU_STATE,946688570.5372325,0x18FF1515,1,0
APS_PERC,946688570.5372325,0x18FF1515,1,"2.56 porcentagem pedal, precisão de 2 casas decimais"
APPS_RANGE_ERROR,946688570.6371422,0x18FF1515,1,"FALSE 0 no Error, 1 Error"
SAFETY_OK,946688570.6371422,0x18FF1515,1,"FALSE 0 no Error, 1 Error"
BRAKE,946688570.6371422,0x18FF1515,1,"0 1 noBrake, 2 Brake"
VCU_STATE,946688570.6371422,0x18FF1515,1,0
APS_PERC,946688570.6371422,0x18FF1515,1,"2.56 porcentagem pedal, precisão de 2 casas decimais"
UNDER_VOLTAGE,946688570.717715,0x19B50007,1,FALSE logic
OVER_VOLTAGE,946688570.717715,0x19B50007,1,FALSE logic
DISCHARGE_OVER_CURRENT,946688570.717715,0x19B50007,1,FALSE logic
CHARGE_OVER_CURRENT,946688570.717715,0x19B50007,1,FALSE logic
CELL_MODULE_OVERHEAT,946688570.717715,0x19B50007,1,FALSE logic
LEAKAGE,946688570.717715,0x19B50007,1,FALSE logic
NO_CELL_COMMUNICATION,946688570.717715,0x19B50007,1,FALSE logic
LOW_VOLTAGE_W,946688570.717715,0x19B50007,1,FALSE logic
HIGH_CURRENT_W,946688570.717715,0x19B50007,1,FALSE logic
HIGH_TEMPERATURE_W,946688570.717715,0x19B50007,1,FALSE logic
CELL_OVERHEAT,946688570.717715,0x19B50007,1,FALSE logic
NO_CURRENT_SENSOR,946688570.717715,0x19B50007,1,FALSE logic
PACK_UNDER_VOLTAGE,946688570.717715,0x19B50007,1,FALSE logic
VALIDITY,946688570.717715,0x19B50007,1,39 state
APPS_RANGE_ERROR,946688570.7371428,0x18FF1515,1,"FALSE 0 no Error, 1 Error"
SAFETY_OK,946688570.7371428,0x18FF1515,1,"FALSE 0 no Error, 1 Error"
BRAKE,946688570.7371428,0x18FF1515,1,"0 1 noBrake, 2 Brake"
VCU_STATE,946688570.7371428,0x18FF1515,1,0
APS_PERC,946688570.7371428,0x18FF1515,1,"2.56 porcentagem pedal, precisão de 2 casas decimais"
APPS_RANGE_ERROR,946688570.8371423,0x18FF1515,1,"FALSE 0 no Error, 1 Error"
SAFETY_OK,946688570.8371423,0x18FF1515,1,"FALSE 0 no Error, 1 Error"
BRAKE,946688570.8371423,0x18FF1515,1,"0 1 noBrake, 2 Brake"
VCU_STATE,946688570.8371423,0x18FF1515,1,0
APS_PERC,946688570.8371423,0x18FF1515,1,"2.56 porcentagem pedal, precisão de 2 casas decimais"
UNDER_VOLTAGE,946688570.9136217,0x19B50007,1,FALSE logic
OVER_VOLTAGE,946688570.9136217,0x19B50007,1,FALSE logic
DISCHARGE_OVER_CURRENT,946688570.9136217,0x19B50007,1,FALSE logic
CHARGE_OVER_CURRENT,946688570.9136217,0x19B50007,1,FALSE logic
CELL_MODULE_OVERHEAT,946688570.9136217,0x19B50007,1,FALSE logic
LEAKAGE,946688570.9136217,0x19B50007,1,FALSE logic
NO_CELL_COMMUNICATION,946688570.9136217,0x19B50007,1,FALSE logic
LOW_VOLTAGE_W,946688570.9136217,0x19B50007,1,FALSE logic
HIGH_CURRENT_W,946688570.9136217,0x19B50007,1,FALSE logic
HIGH_TEMPERATURE_W,946688570.9136217,0x19B50007,1,FALSE logic
CELL_OVERHEAT,946688570.9136217,0x19B50007,1,FALSE logic
NO_CURRENT_SENSOR,946688570.9136217,0x19B50007,1,FALSE logic
PACK_UNDER_VOLTAGE,946688570.9136217,0x19B50007,1,FALSE logic
VALIDITY,946688570.9136217,0x19B50007,1,39 state
APPS_RANGE_ERROR,946688570.937146,0x18FF1515,1,"FALSE 0 no Error, 1 Error"
SAFETY_OK,946688570.937146,0x18FF1515,1,"FALSE 0 no Error, 1 Error"
BRAKE,946688570.937146,0x18FF1515,1,"0 1 noBrake, 2 Brake"
VCU_STATE,946688570.937146,0x18FF1515,1,0
APS_PERC,946688570.937146,0x18FF1515,1,"2.56 porcentagem pedal, precisão de 2 casas decimais"
APPS_RANGE_ERROR,946688571.0371381,0x18FF1515,1,"FALSE 0 no Error, 1 Error"
SAFETY_OK,946688571.0371381,0x18FF1515,1,"FALSE 0 no Error, 1 Error"
BRAKE,946688571.0371381,0x18FF1515,1,"0 1 noBrake, 2 Brake"
VCU_STATE,946688571.0371381,0x18FF1515,1,0
APS_PERC,946688571.0371381,0x18FF1515,1,"2.56 porcentagem pedal, precisão de 2 casas decimais"
UNDER_VOLTAGE,946688571.1128949,0x19B50007,1,FALSE logic
OVER_VOLTAGE,946688571.1128949,0x19B50007,1,FALSE logic
DISCHARGE_OVER_CURRENT,946688571.1128949,0x19B50007,1,FALSE logic
CHARGE_OVER_CURRENT,946688571.1128949,0x19B50007,1,FALSE logic
CELL_MODULE_OVERHEAT,946688571.1128949,0x19B50007,1,FALSE logic
LEAKAGE,946688571.1128949,0x19B50007,1,FALSE logic
NO_CELL_COMMUNICATION,946688571.1128949,0x19B50007,1,FALSE logic
LOW_VOLTAGE_W,946688571.1128949,0x19B50007,1,FALSE logic
HIGH_CURRENT_W,946688571.1128949,0x19B50007,1,FALSE logic
HIGH_TEMPERATURE_W,946688571.1128949,0x19B50007,1,FALSE logic
CELL_OVERHEAT,946688571.1128949,0x19B50007,1,FALSE logic
NO_CURRENT_SENSOR,946688571.1128949,0x19B50007,1,FALSE logic
PACK_UNDER_VOLTAGE,946688571.1128949,0x19B50007,1,FALSE logic
VALIDITY,946688571.1128949,0x19B50007,1,39 state
APPS_RANGE_ERROR,946688571.1371392,0x18FF1515,1,"FALSE 0 no Error, 1 Error"
SAFETY_OK,946688571.1371392,0x18FF1515,1,"FALSE 0 no Error, 1 Error"
BRAKE,946688571.1371392,0x18FF1515,1,"0 1 noBrake, 2 Brake"
VCU_STATE,946688571.1371392,0x18FF1515,1,0
APS_PERC,946688571.1371392,0x18FF1515,1,"2.56 porcentagem pedal, precisão de 2 casas decimais"
APPS_RANGE_ERROR,946688571.2371365,0x18FF1515,1,"FALSE 0 no Error, 1 Error"
SAFETY_OK,946688571.2371365,0x18FF1515,1,"FALSE 0 no Error, 1 Error"
BRAKE,946688571.2371365,0x18FF1515,1,"0 1 noBrake, 2 Brake"
VCU_STATE,946688571.2371365,0x18FF1515,1,0
APS_PERC,946688571.2371365,0x18FF1515,1,"2.56 porcentagem pedal, precisão de 2 casas decimais"
UNDER_VOLTAGE,946688571.3155411,0x19B50007,1,FALSE logic
OVER_VOLTAGE,946688571.3155411,0x19B50007,1,FALSE logic
DISCHARGE_OVER_CURRENT,946688571.3155411,0x19B50007,1,FALSE logic
CHARGE_OVER_CURRENT,946688571.3155411,0x19B50007,1,FALSE logic
CELL_MODULE_OVERHEAT,946688571.3155411,0x19B50007,1,FALSE logic
LEAKAGE,946688571.3155411,0x19B50007,1,FALSE logic
NO_CELL_COMMUNICATION,946688571.3155411,0x19B50007,1,FALSE logic
LOW_VOLTAGE_W,946688571.3155411,0x19B50007,1,FALSE logic
HIGH_CURRENT_W,946688571.3155411,0x19B50007,1,FALSE logic
HIGH_TEMPERATURE_W,946688571.3155411,0x19B50007,1,FALSE logic
CELL_OVERHEAT,946688571.3155411,0x19B50007,1,FALSE logic
NO_CURRENT_SENSOR,946688571.3155411,0x19B50007,1,FALSE logic
PACK_UNDER_VOLTAGE,946688571.3155411,0x19B50007,1,FALSE logic
VALIDITY,946688571.3155411,0x19B50007,1,39 state
APPS_RANGE_ERROR,946688571.3371332,0x18FF1515,1,"FALSE 0 no Error, 1 Error"
SAFETY_OK,946688571.3371332,0x18FF1515,1,"FALSE 0 no Error, 1 Error"
BRAKE,946688571.3371332,0x18FF1515,1,"0 1 noBrake, 2 Brake"
VCU_STATE,946688571.3371332,0x18FF1515,1,0
APS_PERC,946688571.3371332,0x18FF1515,1,"2.56 porcentagem pedal, precisão de 2 casas decimais"
APPS_RANGE_ERROR,946688571.43714,0x18FF1515,1,"FALSE 0 no Error, 1 Error"
SAFETY_OK,946688571.43714,0x18FF1515,1,"FALSE 0 no Error, 1 Error"
BRAKE,946688571.43714,0x18FF1515,1,"0 1 noBrake, 2 Brake"
VCU_STATE,946688571.43714,0x18FF1515,1,0
APS_PERC,946688571.43714,0x18FF1515,1,"2.56 porcentagem pedal, precisão de 2 casas decimais"
UNDER_VOLTAGE,946688571.514404,0x19B50007,1,FALSE logic
OVER_VOLTAGE,946688571.514404,0x19B50007,1,FALSE logic
DISCHARGE_OVER_CURRENT,946688571.514404,0x19B50007,1,FALSE logic
CHARGE_OVER_CURRENT,946688571.514404,0x19B50007,1,FALSE logic
CELL_MODULE_OVERHEAT,946688571.514404,0x19B50007,1,FALSE logic
LEAKAGE,946688571.514404,0x19B50007,1,FALSE logic
NO_CELL_COMMUNICATION,946688571.514404,0x19B50007,1,FALSE logic
LOW_VOLTAGE_W,946688571.514404,0x19B50007,1,FALSE logic
HIGH_CURRENT_W,946688571.514404,0x19B50007,1,FALSE logic
HIGH_TEMPERATURE_W,946688571.514404,0x19B50007,1,FALSE logic
CELL_OVERHEAT,946688571.514404,0x19B50007,1,FALSE logic
NO_CURRENT_SENSOR,946688571.514404,0x19B50007,1,FALSE logic
PACK_UNDER_VOLTAGE,946688571.514404,0x19B50007,1,FALSE logic
VALIDITY,946688571.514404,0x19B50007,1,39 state
APPS_RANGE_ERROR,946688571.5371703,0x18FF1515,1,"FALSE 0 no Error, 1 Error"
SAFETY_OK,946688571.5371703,0x18FF1515,1,"FALSE 0 no Error, 1 Error"
BRAKE,946688571.5371703,0x18FF1515,1,"0 1 noBrake, 2 Brake"
VCU_STATE,946688571.5371703,0x18FF1515,1,0
APS_PERC,946688571.5371703,0x18FF1515,1,"2.56 porcentagem pedal, precisão de 2 casas decimais"
APPS_RANGE_ERROR,946688571.6371293,0x18FF1515,1,"FALSE 0 no Error, 1 Error"
SAFETY_OK,946688571.6371293,0x18FF1515,1,"FALSE 0 no Error, 1 Error"
BRAKE,946688571.6371293,0x18FF1515,1,"0 1 noBrake, 2 Brake"
VCU_STATE,946688571.6371293,0x18FF1515,1,0
APS_PERC,946688571.6371293,0x18FF1515,1,"2.56 porcentagem pedal, precisão de 2 casas decimais"
UNDER_VOLTAGE,946688571.7123518,0x19B50007,1,FALSE logic
OVER_VOLTAGE,946688571.7123518,0x19B50007,1,FALSE logic
DISCHARGE_OVER_CURRENT,946688571.7123518,0x19B50007,1,FALSE logic
CHARGE_OVER_CURRENT,946688571.7123518,0x19B50007,1,FALSE logic
CELL_MODULE_OVERHEAT,946688571.7123518,0x19B50007,1,FALSE logic
LEAKAGE,946688571.7123518,0x19B50007,1,FALSE logic
NO_CELL_COMMUNICATION,946688571.7123518,0x19B50007,1,FALSE logic
LOW_VOLTAGE_W,946688571.7123518,0x19B50007,1,FALSE logic
HIGH_CURRENT_W,946688571.7123518,0x19B50007,1,FALSE logic
HIGH_TEMPERATURE_W,946688571.7123518,0x19B50007,1,FALSE logic
CELL_OVERHEAT,946688571.7123518,0x19B50007,1,FALSE logic
NO_CURRENT_SENSOR,946688571.7123518,0x19B50007,1,FALSE logic
PACK_UNDER_VOLTAGE,946688571.7123518,0x19B50007,1,FALSE logic
VALIDITY,946688571.7123518,0x19B50007,1,39 state
APPS_RANGE_ERROR,946688571.7371316,0x18FF1515,1,"FALSE 0 no Error, 1 Error"
SAFETY_OK,946688571.7371316,0x18FF1515,1,"FALSE 0 no Error, 1 Error"
BRAKE,946688571.7371316,0x18FF1515,1,"0 1 noBrake, 2 Brake"
VCU_STATE,946688571.7371316,0x18FF1515,1,0
APS_PERC,946688571.7371316,0x18FF1515,1,"2.56 porcentagem pedal, precisão de 2 casas decimais"
APPS_RANGE_ERROR,946688571.8371311,0x18FF1515,1,"FALSE 0 no Error, 1 Error"
SAFETY_OK,946688571.8371311,0x18FF1515,1,"FALSE 0 no Error, 1 Error"
BRAKE,946688571.8371311,0x18FF1515,1,"0 1 noBrake, 2 Brake"
VCU_STATE,946688571.8371311,0x18FF1515,1,0
APS_PERC,946688571.8371311,0x18FF1515,1,"2.56 porcentagem pedal, precisão de 2 casas decimais"
UNDER_VOLTAGE,946688571.9105774,0x19B50007,1,FALSE logic
OVER_VOLTAGE,946688571.9105774,0x19B50007,1,FALSE logic
DISCHARGE_OVER_CURRENT,946688571.9105774,0x19B50007,1,FALSE logic
CHARGE_OVER_CURRENT,946688571.9105774,0x19B50007,1,FALSE logic
CELL_MODULE_OVERHEAT,946688571.9105774,0x19B50007,1,FALSE logic
LEAKAGE,946688571.9105774,0x19B50007,1,FALSE logic
NO_CELL_COMMUNICATION,946688571.9105774,0x19B50007,1,FALSE logic
LOW_VOLTAGE_W,946688571.9105774,0x19B50007,1,FALSE logic
HIGH_CURRENT_W,946688571.9105774,0x19B50007,1,FALSE logic
HIGH_TEMPERATURE_W,946688571.9105774,0x19B50007,1,FALSE logic
CELL_OVERHEAT,946688571.9105774,0x19B50007,1,FALSE logic
NO_CURRENT_SENSOR,946688571.9105774,0x19B50007,1,FALSE logic
PACK_UNDER_VOLTAGE,946688571.9105774,0x19B50007,1,FALSE logic
VALIDITY,946688571.9105774,0x19B50007,1,39 state
APPS_RANGE_ERROR,946688571.9371245,0x18FF1515,1,"FALSE 0 no Error, 1 Error"
SAFETY_OK,946688571.9371245,0x18FF1515,1,"FALSE 0 no Error, 1 Error"
BRAKE,946688571.9371245,0x18FF1515,1,"0 1 noBrake, 2 Brake"
VCU_STATE,946688571.9371245,0x18FF1515,1,0
APS_PERC,946688571.9371245,0x18FF1515,1,"2.56 porcentagem pedal, precisão de 2 casas decimais"
APPS_RANGE_ERROR,946688572.0371271,0x18FF1515,1,"FALSE 0 no Error, 1 Error"
SAFETY_OK,946688572.0371271,0x18FF1515,1,"FALSE 0 no Error, 1 Error"
BRAKE,946688572.0371271,0x18FF1515,1,"0 1 noBrake, 2 Brake"
VCU_STATE,946688572.0371271,0x18FF1515,1,0
APS_PERC,946688572.0371271,0x18FF1515,1,"2.56 porcentagem pedal, precisão de 2 casas decimais"
UNDER_VOLTAGE,946688572.1112245,0x19B50007,1,FALSE logic
OVER_VOLTAGE,946688572.1112245,0x19B50007,1,FALSE logic
DISCHARGE_OVER_CURRENT,946688572.1112245,0x19B50007,1,FALSE logic
CHARGE_OVER_CURRENT,946688572.1112245,0x19B50007,1,FALSE logic
CELL_MODULE_OVERHEAT,946688572.1112245,0x19B50007,1,FALSE logic
LEAKAGE,946688572.1112245,0x19B50007,1,FALSE logic
NO_CELL_COMMUNICATION,946688572.1112245,0x19B50007,1,FALSE logic
LOW_VOLTAGE_W,946688572.1112245,0x19B50007,1,FALSE logic
HIGH_CURRENT_W,946688572.1112245,0x19B50007,1,FALSE logic
HIGH_TEMPERATURE_W,946688572.1112245,0x19B50007,1,FALSE logic
CELL_OVERHEAT,946688572.1112245,0x19B50007,1,FALSE logic
NO_CURRENT_SENSOR,946688572.1112245,0x19B50007,1,FALSE logic
PACK_UNDER_VOLTAGE,946688572.1112245,0x19B50007,1,FALSE logic
VALIDITY,946688572.1112245,0x19B50007,1,39 state
APPS_RANGE_ERROR,946688572.1371242,0x18FF1515,1,"FALSE 0 no Error, 1 Error"
SAFETY_OK,946688572.1371242,0x18FF1515,1,"FALSE 0 no Error, 1 Error"
BRAKE,946688572.1371242,0x18FF1515,1,"0 1 noBrake, 2 Brake"
VCU_STATE,946688572.1371242,0x18FF1515,1,0
APS_PERC,946688572.1371242,0x18FF1515,1,"2.56 porcentagem pedal, precisão de 2 casas decimais"
APPS_RANGE_ERROR,946688572.2371321,0x18FF1515,1,"FALSE 0 no Error, 1 Error"
SAFETY_OK,946688572.2371321,0x18FF1515,1,"FALSE 0 no Error, 1 Error"
BRAKE,946688572.2371321,0x18FF1515,1,"0 1 noBrake, 2 Brake"
VCU_STATE,946688572.2371321,0x18FF1515,1,0
APS_PERC,946688572.2371321,0x18FF1515,1,"2.56 porcentagem pedal, precisão de 2 casas decimais"
UNDER_VOLTAGE,946688572.3095982,0x19B50007,1,FALSE logic
OVER_VOLTAGE,946688572.3095982,0x19B50007,1,FALSE logic
DISCHARGE_OVER_CURRENT,946688572.3095982,0x19B50007,1,FALSE logic
CHARGE_OVER_CURRENT,946688572.3095982,0x19B50007,1,FALSE logic
CELL_MODULE_OVERHEAT,946688572.3095982,0x19B50007,1,FALSE logic
LEAKAGE,946688572.3095982,0x19B50007,1,FALSE logic
NO_CELL_COMMUNICATION,946688572.3095982,0x19B50007,1,FALSE logic
LOW_VOLTAGE_W,946688572.3095982,0x19B50007,1,FALSE logic
HIGH_CURRENT_W,946688572.3095982,0x19B50007,1,FALSE logic
HIGH_TEMPERATURE_W,946688572.3095982,0x19B50007,1,FALSE logic
CELL_OVERHEAT,946688572.3095982,0x19B50007,1,FALSE logic
NO_CURRENT_SENSOR,946688572.3095982,0x19B50007,1,FALSE logic
PACK_UNDER_VOLTAGE,946688572.3095982,0x19B50007,1,FALSE logic
VALIDITY,946688572.3095982,0x19B50007,1,39 state
APPS_RANGE_ERROR,946688572.337131,0x18FF1515,1,"FALSE 0 no Error, 1 Error"
SAFETY_OK,946688572.337131,0x18FF1515,1,"FALSE 0 no Error, 1 Error"
BRAKE,946688572.337131,0x18FF1515,1,"0 1 noBrake, 2 Brake"
VCU_STATE,946688572.337131,0x18FF1515,1,0
APS_PERC,946688572.337131,0x18FF1515,1,"2.56 porcentagem pedal, precisão de 2 casas decimais"
APPS_RANGE_ERROR,946688572.4371268,0x18FF1515,1,"FALSE 0 no Error, 1 Error"
SAFETY_OK,946688572.4371268,0x18FF1515,1,"FALSE 0 no Error, 1 Error"
BRAKE,946688572.4371268,0x18FF1515,1,"0 1 noBrake, 2 Brake"
VCU_STATE,946688572.4371268,0x18FF1515,1,0
APS_PERC,946688572.4371268,0x18FF1515,1,"2.56 porcentagem pedal, precisão de 2 casas decimais"
UNDER_VOLTAGE,946688572.5163664,0x19B50007,1,FALSE logic
OVER_VOLTAGE,946688572.5163664,0x19B50007,1,FALSE logic
DISCHARGE_OVER_CURRENT,946688572.5163664,0x19B50007,1,FALSE logic
CHARGE_OVER_CURRENT,946688572.5163664,0x19B50007,1,FALSE logic
CELL_MODULE_OVERHEAT,946688572.5163664,0x19B50007,1,FALSE logic
LEAKAGE,946688572.5163664,0x19B50007,1,FALSE logic
NO_CELL_COMMUNICATION,946688572.5163664,0x19B50007,1,FALSE logic
LOW_VOLTAGE_W,946688572.5163664,0x19B50007,1,FALSE logic
HIGH_CURRENT_W,946688572.5163664,0x19B50007,1,FALSE logic
HIGH_TEMPERATURE_W,946688572.5163664,0x19B50007,1,FALSE logic
CELL_OVERHEAT,946688572.5163664,0x19B50007,1,FALSE logic
NO_CURRENT_SENSOR,946688572.5163664,0x19B50007,1,FALSE logic
PACK_UNDER_VOLTAGE,946688572.5163664,0x19B50007,1,FALSE logic
VALIDITY,946688572.5163664,0x19B50007,1,39 state
APPS_RANGE_ERROR,946688572.5371275,0x18FF1515,1,"FALSE 0 no Error, 1 Error"
SAFETY_OK,946688572.5371275,0x18FF1515,1,"FALSE 0 no Error, 1 Error"
BRAKE,946688572.5371275,0x18FF1515,1,"0 1 noBrake, 2 Brake"
VCU_STATE,946688572.5371275,0x18FF1515,1,0
APS_PERC,946688572.5371275,0x18FF1515,1,"2.56 porcentagem pedal, precisão de 2 casas decimais"
APPS_RANGE_ERROR,946688572.6371235,0x18FF1515,1,"FALSE 0 no Error, 1 Error"
SAFETY_OK,946688572.6371235,0x18FF1515,1,"FALSE 0 no Error, 1 Error"
BRAKE,946688572.6371235,0x18FF1515,1,"0 1 noBrake, 2 Brake"
VCU_STATE,946688572.6371235,0x18FF1515,1,0
APS_PERC,946688572.6371235,0x18FF1515,1,"2.56 porcentagem pedal, precisão de 2 casas decimais"
UNDER_VOLTAGE,946688572.7088829,0x19B50007,1,FALSE logic
OVER_VOLTAGE,946688572.7088829,0x19B50007,1,FALSE logic
DISCHARGE_OVER_CURRENT,946688572.7088829,0x19B50007,1,FALSE logic
CHARGE_OVER_CURRENT,946688572.7088829,0x19B50007,1,FALSE logic
CELL_MODULE_OVERHEAT,946688572.7088829,0x19B50007,1,FALSE logic
LEAKAGE,946688572.7088829,0x19B50007,1,FALSE logic
NO_CELL_COMMUNICATION,946688572.7088829,0x19B50007,1,FALSE logic
LOW_VOLTAGE_W,946688572.7088829,0x19B50007,1,FALSE logic
HIGH_CURRENT_W,946688572.7088829,0x19B50007,1,FALSE logic
HIGH_TEMPERATURE_W,946688572.7088829,0x19B50007,1,FALSE logic
CELL_OVERHEAT,946688572.7088829,0x19B50007,1,FALSE logic
NO_CURRENT_SENSOR,946688572.7088829,0x19B50007,1,FALSE logic
PACK_UNDER_VOLTAGE,946688572.7088829,0x19B50007,1,FALSE logic
VALIDITY,946688572.7088829,0x19B50007,1,39 state
APPS_RANGE_ERROR,946688572.7371253,0x18FF1515,1,"FALSE 0 no Error, 1 Error"
SAFETY_OK,946688572.7371253,0x18FF1515,1,"FALSE 0 no Error, 1 Error"
BRAKE,946688572.7371253,0x18FF1515,1,"0 1 noBrake, 2 Brake"
VCU_STATE,946688572.7371253,0x18FF1515,1,0
APS_PERC,946688572.7371253,0x18FF1515,1,"2.56 porcentagem pedal, precisão de 2 casas decimais"
APPS_RANGE_ERROR,946688572.8371251,0x18FF1515,1,"FALSE 0 no Error, 1 Error"
SAFETY_OK,946688572.8371251,0x18FF1515,1,"FALSE 0 no Error, 1 Error"
BRAKE,946688572.8371251,0x18FF1515,1,"0 1 noBrake, 2 Brake"
VCU_STATE,946688572.8371251,0x18FF1515,1,0
APS_PERC,946688572.8371251,0x18FF1515,1,"2.56 porcentagem pedal, precisão de 2 casas decimais"
TCELL_0,946688572.8634758,0x19B50800,1,-100.00 °C
TCELL_0,946688572.8640442,0x19B50800,1,28.00 °C
TCELL_1,946688572.8640442,0x19B50800,1,28.00 °C
TCELL_2,946688572.8640442,0x19B50800,1,28.00 °C
TCELL_3,946688572.8640442,0x19B50800,1,28.00 °C
TCELL_4,946688572.8640442,0x19B50800,1,28.00 °C
TCELL_5,946688572.8640442,0x19B50800,1,155.00 °C
TCELL_6,946688572.8640442,0x19B50800,1,155.00 °C
TCELL_7,946688572.8640442,0x19B50800,1,155.00 °C
TCELL_8,946688572.8784246,0x19B50801,1,155.00 °C
TCELL_9,946688572.8784246,0x19B50801,1,155.00 °C
TCELL_10,946688572.8784246,0x19B50801,1,155.00 °C
TCELL_11,946688572.8784246,0x19B50801,1,155.00 °C
TCELL_12,946688572.8784246,0x19B50801,1,155.00 °C
TCELL_13,946688572.8784246,0x19B50801,1,155.00 °C
TCELL_14,946688572.8784246,0x19B50801,1,155.00 °C
TCELL_15,946688572.8784246,0x19B50801,1,155.00 °C
TCELL_16,946688572.8916905,0x19B50802,1,28.00 °C
TCELL_17,946688572.8916905,0x19B50802,1,28.00 °C
TCELL_18,946688572.8916905,0x19B50802,1,28.00 °C
TCELL_19,946688572.8916905,0x19B50802,1,29.00 °C
TCELL_20,946688572.8916905,0x19B50802,1,28.00 °C
TCELL_21,946688572.8916905,0x19B50802,1,155.00 °C
TCELL_22,946688572.8916905,0x19B50802,1,155.00 °C
TCELL_23,946688572.8916905,0x19B50802,1,155.00 °C
TCELL_24,946688572.9045005,0x19B50803,1,155.00 °C
TCELL_25,946688572.9045005,0x19B50803,1,155.00 °C
TCELL_26,946688572.9045005,0x19B50803,1,155.00 °C
TCELL_27,946688572.9045005,0x19B50803,1,155.00 °C
TCELL_28,946688572.9045005,0x19B50803,1,155.00 °C
TCELL_29,946688572.9045005,0x19B50803,1,155.00 °C
TCELL_30,946688572.9045005,0x19B50803,1,155.00 °C
TCELL_31,946688572.9045005,0x19B50803,1,155.00 °C
UNDER_VOLTAGE,946688572.9138726,0x19B50007,1,FALSE logic
OVER_VOLTAGE,946688572.9138726,0x19B50007,1,FALSE logic
DISCHARGE_OVER_CURRENT,946688572.9138726,0x19B50007,1,FALSE logic
CHARGE_OVER_CURRENT,946688572.9138726,0x19B50007,1,FALSE logic
CELL_MODULE_OVERHEAT,946688572.9138726,0x19B50007,1,FALSE logic
LEAKAGE,946688572.9138726,0x19B50007,1,FALSE logic
NO_CELL_COMMUNICATION,946688572.9138726,0x19B50007,1,FALSE logic
LOW_VOLTAGE_W,946688572.9138726,0x19B50007,1,FALSE logic
HIGH_CURRENT_W,946688572.9138726,0x19B50007,1,FALSE logic
HIGH_TEMPERATURE_W,946688572.9138726,0x19B50007,1,FALSE logic
CELL_OVERHEAT,946688572.9138726,0x19B50007,1,FALSE logic
NO_CURRENT_SENSOR,946688572.9138726,0x19B50007,1,FALSE logic
PACK_UNDER_VOLTAGE,946688572.9138726,0x19B50007,1,FALSE logic
VALIDITY,946688572.9138726,0x19B50007,1,39 state
APPS_RANGE_ERROR,946688572.9371203,0x18FF1515,1,"FALSE 0 no Error, 1 Error"
SAFETY_OK,946688572.9371203,0x18FF1515,1,"FALSE 0 no Error, 1 Error"
BRAKE,946688572.9371203,0x18FF1515,1,"0 1 noBrake, 2 Brake"
VCU_STATE,946688572.9371203,0x18FF1515,1,0
APS_PERC,946688572.9371203,0x18FF1515,1,"2.56 porcentagem pedal, precisão de 2 casas decimais"
APPS_RANGE_ERROR,946688573.037117,0x18FF1515,1,"FALSE 0 no Error, 1 Error"
SAFETY_OK,946688573.037117,0x18FF1515,1,"FALSE 0 no Error, 1 Error"
BRAKE,946688573.037117,0x18FF1515,1,"0 1 noBrake, 2 Brake"
VCU_STATE,946688573.037117,0x18FF1515,1,0
APS_PERC,946688573.037117,0x18FF1515,1,"2.56 porcentagem pedal, precisão de 2 casas decimais"
UNDER_VOLTAGE,946688573.1098202,0x19B50007,1,FALSE logic
OVER_VOLTAGE,946688573.1098202,0x19B50007,1,FALSE logic
DISCHARGE_OVER_CURRENT,946688573.1098202,0x19B50007,1,FALSE logic
CHARGE_OVER_CURRENT,946688573.1098202,0x19B50007,1,FALSE logic
CELL_MODULE_OVERHEAT,946688573.1098202,0x19B50007,1,FALSE logic
LEAKAGE,946688573.1098202,0x19B50007,1,FALSE logic
NO_CELL_COMMUNICATION,946688573.1098202,0x19B50007,1,FALSE logic
LOW_VOLTAGE_W,946688573.1098202,0x19B50007,1,FALSE logic
HIGH_CURRENT_W,946688573.1098202,0x19B50007,1,FALSE logic
HIGH_TEMPERATURE_W,946688573.1098202,0x19B50007,1,FALSE logic
CELL_OVERHEAT,946688573.1098202,0x19B50007,1,FALSE logic
NO_CURRENT_SENSOR,946688573.1098202,0x19B50007,1,FALSE logic
PACK_UNDER_VOLTAGE,946688573.1098202,0x19B50007,1,FALSE logic
VALIDITY,946688573.1098202,0x19B50007,1,39 state
APPS_RANGE_ERROR,946688573.1371216,0x18FF1515,1,"FALSE 0 no Error, 1 Error"
SAFETY_OK,946688573.1371216,0x18FF1515,1,"FALSE 0 no Error, 1 Error"
BRAKE,946688573.1371216,0x18FF1515,1,"0 1 noBrake, 2 Brake"
VCU_STATE,946688573.1371216,0x18FF1515,1,0
APS_PERC,946688573.1371216,0x18FF1515,1,"2.56 porcentagem pedal, precisão de 2 casas decimais"
APPS_RANGE_ERROR,946688573.2371196,0x18FF1515,1,"FALSE 0 no Error, 1 Error"
SAFETY_OK,946688573.2371196,0x18FF1515,1,"FALSE 0 no Error, 1 Error"
BRAKE,946688573.2371196,0x18FF1515,1,"0 1 noBrake, 2 Brake"
VCU_STATE,946688573.2371196,0x18FF1515,1,0
APS_PERC,946688573.2371196,0x18FF1515,1,"2.56 porcentagem pedal, precisão de 2 casas decimais"
UNDER_VOLTAGE,946688573.3078592,0x19B50007,1,FALSE logic
OVER_VOLTAGE,946688573.3078592,0x19B50007,1,FALSE logic
DISCHARGE_OVER_CURRENT,946688573.3078592,0x19B50007,1,FALSE logic
CHARGE_OVER_CURRENT,946688573.3078592,0x19B50007,1,FALSE logic
CELL_MODULE_OVERHEAT,946688573.3078592,0x19B50007,1,FALSE logic
LEAKAGE,946688573.3078592,0x19B50007,1,FALSE logic
NO_CELL_COMMUNICATION,946688573.3078592,0x19B50007,1,FALSE logic
LOW_VOLTAGE_W,946688573.3078592,0x19B50007,1,FALSE logic
HIGH_CURRENT_W,946688573.3078592,0x19B50007,1,FALSE logic
HIGH_TEMPERATURE_W,946688573.3078592,0x19B50007,1,FALSE logic
CELL_OVERHEAT,946688573.3078592,0x19B50007,1,FALSE logic
NO_CURRENT_SENSOR,946688573.3078592,0x19B50007,1,FALSE logic
PACK_UNDER_VOLTAGE,946688573.3078592,0x19B50007,1,FALSE logic
VALIDITY,946688573.3078592,0x19B50007,1,39 state
VCELL_0,946688573.3236389,0x19B50100,1,2.00 V
VCELL_0,946688573.3242007,0x19B50100,1,3.96 V
VCELL_1,946688573.3242007,0x19B50100,1,3.95 V
VCELL_2,946688573.3242007,0x19B50100,1,3.95 V
VCELL_3,946688573.3242007,0x19B50100,1,3.95 V
VCELL_4,946688573.3242007,0x19B50100,1,3.95 V
VCELL_5,946688573.3242007,0x19B50100,1,3.95 V
VCELL_6,946688573.3242007,0x19B50100,1,3.95 V
VCELL_7,946688573.3242007,0x19B50100,1,3.95 V
VCELL_8,946688573.336536,0x19B50101,1,3.95 V
VCELL_9,946688573.336536,0x19B50101,1,3.95 V
VCELL_10,946688573.336536,0x19B50101,1,3.95 V
VCELL_11,946688573.336536,0x19B50101,1,3.95 V
VCELL_12,946688573.336536,0x19B50101,1,3.95 V
VCELL_13,946688573.336536,0x19B50101,1,3.95 V
VCELL_14,946688573.336536,0x19B50101,1,3.95 V
VCELL_15,946688573.336536,0x19B50101,1,3.95 V
APPS_RANGE_ERROR,946688573.3371229,0x18FF1515,1,"FALSE 0 no Error, 1 Error"
SAFETY_OK,946688573.3371229,0x18FF1515,1,"FALSE 0 no Error, 1 Error"
BRAKE,946688573.3371229,0x18FF1515,1,"0 1 noBrake, 2 Brake"
VCU_STATE,946688573.3371229,0x18FF1515,1,0
APS_PERC,946688573.3371229,0x18FF1515,1,"2.56 porcentagem pedal, precisão de 2 casas decimais"
VCELL_16,946688573.3501986,0x19B50102,1,3.95 V
VCELL_17,946688573.3501986,0x19B50102,1,3.95 V
VCELL_18,946688573.3501986,0x19B50102,1,3.95 V
VCELL_19,946688573.3501986,0x19B50102,1,3.95 V
VCELL_20,946688573.3501986,0x19B50102,1,3.95 V
VCELL_21,946688573.3501986,0x19B50102,1,3.97 V
VCELL_22,946688573.3501986,0x19B50102,1,3.95 V
VCELL_23,946688573.3501986,0x19B50102,1,3.95 V
VCELL_24,946688573.362447,0x19B50103,1,3.95 V
VCELL_25,946688573.362447,0x19B50103,1,3.96 V
VCELL_26,946688573.362447,0x19B50103,1,3.95 V
VCELL_27,946688573.362447,0x19B50103,1,3.95 V
VCELL_28,946688573.362447,0x19B50103,1,3.97 V
VCELL_29,946688573.362447,0x19B50103,1,3.95 V
VCELL_30,946688573.362447,0x19B50103,1,3.95 V
VCELL_31,946688573.362447,0x19B50103,1,3.95 V
VCELL_32,946688573.3858274,0x19B50104,1,3.94 V
VCELL_33,946688573.3858274,0x19B50104,1,3.95 V
VCELL_34,946688573.3858274,0x19B50104,1,3.95 V
VCELL_35,946688573.3858274,0x19B50104,1,3.95 V
VCELL_36,946688573.3858274,0x19B50104,1,3.95 V
VCELL_37,946688573.3858274,0x19B50104,1,3.95 V
VCELL_38,946688573.3858274,0x19B50104,1,3.95 V
VCELL_39,946688573.3858274,0x19B50104,1,3.95 V
VCELL_40,946688573.4010967,0x19B50105,1,3.95 V
VCELL_41,946688573.4010967,0x19B50105,1,3.95 V
VCELL_42,946688573.4010967,0x19B50105,1,3.95 V
VCELL_43,946688573.4010967,0x19B50105,1,3.95 V
VCELL_44,946688573.4010967,0x19B50105,1,3.95 V
VCELL_45,946688573.4010967,0x19B50105,1,3.95 V
VCELL_46,946688573.4010967,0x19B50105,1,3.95 V
VCELL_47,946688573.4010967,0x19B50105,1,3.95 V
VCELL_48,946688573.4139919,0x19B50106,1,3.95 V
VCELL_49,946688573.4139919,0x19B50106,1,3.95 V
VCELL_50,946688573.4139919,0x19B50106,1,3.95 V
VCELL_51,946688573.4139919,0x19B50106,1,3.95 V
VCELL_52,946688573.4139919,0x19B50106,1,3.95 V
VCELL_53,946688573.4139919,0x19B50106,1,3.95 V
VCELL_54,946688573.4139919,0x19B50106,1,3.95 V
VCELL_55,946688573.4139919,0x19B50106,1,3.95 V
VCELL_56,946688573.4266479,0x19B50107,1,3.95 V
VCELL_57,946688573.4266479,0x19B50107,1,3.95 V
VCELL_58,946688573.4266479,0x19B50107,1,3.95 V
VCELL_59,946688573.4266479,0x19B50107,1,3.95 V
VCELL_60,946688573.4266479,0x19B50107,1,3.95 V
VCELL_61,946688573.4266479,0x19B50107,1,3.95 V
VCELL_62,946688573.4266479,0x19B50107,1,3.95 V
VCELL_63,946688573.4266479,0x19B50107,1,3.95 V
APPS_RANGE_ERROR,946688573.4371191,0x18FF1515,1,"FALSE 0 no Error, 1 Error"
SAFETY_OK,946688573.4371191,0x18FF1515,1,"FALSE 0 no Error, 1 Error"
BRAKE,946688573.4371191,0x18FF1515,1,"0 1 noBrake, 2 Brake"
VCU_STATE,946688573.4371191,0x18FF1515,1,0
APS_PERC,946688573.4371191,0x18FF1515,1,"2.56 porcentagem pedal, precisão de 2 casas decimais"
VCELL_64,946688573.4401032,0x19B50108,1,3.92 V
VCELL_65,946688573.4401032,0x19B50108,1,3.94 V
VCELL_66,946688573.4401032,0x19B50108,1,3.95 V
VCELL_67,946688573.4401032,0x19B50108,1,3.95 V
VCELL_68,946688573.4401032,0x19B50108,1,3.96 V
VCELL_69,946688573.4401032,0x19B50108,1,3.96 V
VCELL_70,946688573.4401032,0x19B50108,1,3.94 V
VCELL_71,946688573.4401032,0x19B50108,1,3.95 V
VCELL_72,946688573.4525503,0x19B50109,1,3.97 V
VCELL_73,946688573.4525503,0x19B50109,1,3.95 V
VCELL_74,946688573.4525503,0x19B50109,1,3.95 V
VCELL_75,946688573.4525503,0x19B50109,1,3.96 V
VCELL_76,946688573.4525503,0x19B50109,1,3.94 V
VCELL_77,946688573.4525503,0x19B50109,1,3.95 V
VCELL_78,946688573.4525503,0x19B50109,1,3.95 V
VCELL_79,946688573.4525503,0x19B50109,1,3.95 V
VCELL_80,946688573.4759408,0x19B5010A,1,3.95 V
VCELL_81,946688573.4759408,0x19B5010A,1,3.95 V
VCELL_82,946688573.4759408,0x19B5010A,1,3.95 V
VCELL_83,946688573.4759408,0x19B5010A,1,3.95 V
VCELL_84,946688573.4759408,0x19B5010A,1,3.95 V
VCELL_85,946688573.4759408,0x19B5010A,1,3.95 V
VCELL_86,946688573.4759408,0x19B5010A,1,3.95 V
VCELL_87,946688573.4759408,0x19B5010A,1,3.95 V
VCELL_88,946688573.4882725,0x19B5010B,1,3.95 V
VCELL_89,946688573.4882725,0x19B5010B,1,3.95 V
VCELL_90,946688573.4882725,0x19B5010B,1,3.95 V
VCELL_91,946688573.4882725,0x19B5010B,1,3.98 V
VCELL_92,946688573.4882725,0x19B5010B,1,3.97 V
VCELL_93,946688573.4882725,0x19B5010B,1,3.95 V
VCELL_94,946688573.4882725,0x19B5010B,1,3.95 V
VCELL_95,946688573.4882725,0x19B5010B,1,3.95 V
UNDER_VOLTAGE,946688573.5118357,0x19B50007,1,FALSE logic
OVER_VOLTAGE,946688573.5118357,0x19B50007,1,FALSE logic
DISCHARGE_OVER_CURRENT,946688573.5118357,0x19B50007,1,FALSE logic
CHARGE_OVER_CURRENT,946688573.5118357,0x19B50007,1,FALSE logic
CELL_MODULE_OVERHEAT,946688573.5118357,0x19B50007,1,FALSE logic
LEAKAGE,946688573.5118357,0x19B50007,1,FALSE logic
NO_CELL_COMMUNICATION,946688573.5118357,0x19B50007,1,FALSE logic
LOW_VOLTAGE_W,946688573.5118357,0x19B50007,1,FALSE logic
HIGH_CURRENT_W,946688573.5118357,0x19B50007,1,FALSE logic
HIGH_TEMPERATURE_W,946688573.5118357,0x19B50007,1,FALSE logic
CELL_OVERHEAT,946688573.5118357,0x19B50007,1,FALSE logic
NO_CURRENT_SENSOR,946688573.5118357,0x19B50007,1,FALSE logic
PACK_UNDER_VOLTAGE,946688573.5118357,0x19B50007,1,FALSE logic
VALIDITY,946688573.5118357,0x19B50007,1,39 state
APPS_RANGE_ERROR,946688573.5371152,0x18FF1515,1,"FALSE 0 no Error, 1 Error"
SAFETY_OK,946688573.5371152,0x18FF1515,1,"FALSE 0 no Error, 1 Error"
BRAKE,946688573.5371152,0x18FF1515,1,"0 1 noBrake, 2 Brake"
VCU_STATE,946688573.5371152,0x18FF1515,1,0
APS_PERC,946688573.5371152,0x18FF1515,1,"2.56 porcentagem pedal, precisão de 2 casas decimais"
APPS_RANGE_ERROR,946688573.6371824,0x18FF1515,1,"FALSE 0 no Error, 1 Error"
SAFETY_OK,946688573.6371824,0x18FF1515,1,"FALSE 0 no Error, 1 Error"
BRAKE,946688573.6371824,0x18FF1515,1,"0 1 noBrake, 2 Brake"
VCU_STATE,946688573.6371824,0x18FF1515,1,0
APS_PERC,946688573.6371824,0x18FF1515,1,"2.56 porcentagem pedal, precisão de 2 casas decimais"
UNDER_VOLTAGE,946688573.7123325,0x19B50007,1,FALSE logic
OVER_VOLTAGE,946688573.7123325,0x19B50007,1,FALSE logic
DISCHARGE_OVER_CURRENT,946688573.7123325,0x19B50007,1,FALSE logic
CHARGE_OVER_CURRENT,946688573.7123325,0x19B50007,1,FALSE logic
CELL_MODULE_OVERHEAT,946688573.7123325,0x19B50007,1,FALSE logic
LEAKAGE,946688573.7123325,0x19B50007,1,FALSE logic
NO_CELL_COMMUNICATION,946688573.7123325,0x19B50007,1,FALSE logic
LOW_VOLTAGE_W,946688573.7123325,0x19B50007,1,FALSE logic
HIGH_CURRENT_W,946688573.7123325,0x19B50007,1,FALSE logic
HIGH_TEMPERATURE_W,946688573.7123325,0x19B50007,1,FALSE logic
CELL_OVERHEAT,946688573.7123325,0x19B50007,1,FALSE logic
NO_CURRENT_SENSOR,946688573.7123325,0x19B50007,1,FALSE logic
PACK_UNDER_VOLTAGE,946688573.7123325,0x19B50007,1,FALSE logic
VALIDITY,946688573.7123325,0x19B50007,1,39 state
APPS_RANGE_ERROR,946688573.7371124,0x18FF1515,1,"FALSE 0 no Error, 1 Error"
SAFETY_OK,946688573.7371124,0x18FF1515,1,"FALSE 0 no Error, 1 Error"
BRAKE,946688573.7371124,0x18FF1515,1,"0 1 noBrake, 2 Brake"
VCU_STATE,946688573.7371124,0x18FF1515,1,0
APS_PERC,946688573.7371124,0x18FF1515,1,"2.56 porcentagem pedal, precisão de 2 casas decimais"
APPS_RANGE_ERROR,946688573.8371108,0x18FF1515,1,"FALSE 0 no Error, 1 Error"
SAFETY_OK,946688573.8371108,0x18FF1515,1,"FALSE 0 no Error, 1 Error"
BRAKE,946688573.8371108,0x18FF1515,1,"0 1 noBrake, 2 Brake"
VCU_STATE,946688573.8371108,0x18FF1515,1,0
APS_PERC,946688573.8371108,0x18FF1515,1,"2.56 porcentagem pedal, precisão de 2 casas decimais"
UNDER_VOLTAGE,946688573.9190636,0x19B50007,1,FALSE logic
OVER_VOLTAGE,946688573.9190636,0x19B50007,1,FALSE logic
DISCHARGE_OVER_CURRENT,946688573.9190636,0x19B50007,1,FALSE logic
CHARGE_OVER_CURRENT,946688573.9190636,0x19B50007,1,FALSE logic
CELL_MODULE_OVERHEAT,946688573.9190636,0x19B50007,1,FALSE logic
LEAKAGE,946688573.9190636,0x19B50007,1,FALSE logic
NO_CELL_COMMUNICATION,946688573.9190636,0x19B50007,1,FALSE logic
LOW_VOLTAGE_W,946688573.9190636,0x19B50007,1,FALSE logic
HIGH_CURRENT_W,946688573.9190636,0x19B50007,1,FALSE logic
HIGH_TEMPERATURE_W,946688573.9190636,0x19B50007,1,FALSE logic
CELL_OVERHEAT,946688573.9190636,0x19B50007,1,FALSE logic
NO_CURRENT_SENSOR,946688573.9190636,0x19B50007,1,FALSE logic
PACK_UNDER_VOLTAGE,946688573.9190636,0x19B50007,1,FALSE logic
VALIDITY,946688573.9190636,0x19B50007,1,39 state
APPS_RANGE_ERROR,946688573.9371088,0x18FF1515,1,"FALSE 0 no Error, 1 Error"
SAFETY_OK,946688573.9371088,0x18FF1515,1,"FALSE 0 no Error, 1 Error"
BRAKE,946688573.9371088,0x18FF1515,1,"0 1 noBrake, 2 Brake"
VCU_STATE,946688573.9371088,0x18FF1515,1,0
APS_PERC,946688573.9371088,0x18FF1515,1,"2.56 porcentagem pedal, precisão de 2 casas decimais"
APPS_RANGE_ERROR,946688574.037113,0x18FF1515,1,"FALSE 0 no Error, 1 Error"
SAFETY_OK,946688574.037113,0x18FF1515,1,"FALSE 0 no Error, 1 Error"
BRAKE,946688574.037113,0x18FF1515,1,"0 1 noBrake, 2 Brake"
VCU_STATE,946688574.037113,0x18FF1515,1,0
APS_PERC,946688574.037113,0x18FF1515,1,"2.56 porcentagem pedal, precisão de 2 casas decimais"
UNDER_VOLTAGE,946688574.1086674,0x19B50007,1,FALSE logic
OVER_VOLTAGE,946688574.1086674,0x19B50007,1,FALSE logic
DISCHARGE_OVER_CURRENT,946688574.1086674,0x19B50007,1,FALSE logic
CHARGE_OVER_CURRENT,946688574.1086674,0x19B50007,1,FALSE logic
CELL_MODULE_OVERHEAT,946688574.1086674,0x19B50007,1,FALSE logic
LEAKAGE,946688574.1086674,0x19B50007,1,FALSE logic
NO_CELL_COMMUNICATION,946688574.1086674,0x19B50007,1,FALSE logic
LOW_VOLTAGE_W,946688574.1086674,0x19B50007,1,FALSE logic
HIGH_CURRENT_W,946688574.1086674,0x19B50007,1,FALSE logic
HIGH_TEMPERATURE_W,946688574.1086674,0x19B50007,1,FALSE logic
CELL_OVERHEAT,946688574.1086674,0x19B50007,1,FALSE logic
NO_CURRENT_SENSOR,946688574.1086674,0x19B50007,1,FALSE logic
PACK_UNDER_VOLTAGE,946688574.1086674,0x19B50007,1,FALSE logic
VALIDITY,946688574.1086674,0x19B50007,1,39 state
APPS_RANGE_ERROR,946688574.1371168,0x18FF1515,1,"FALSE 0 no Error, 1 Error"
SAFETY_OK,946688574.1371168,0x18FF1515,1,"FALSE 0 no Error, 1 Error"
BRAKE,946688574.1371168,0x18FF1515,1,"0 1 noBrake, 2 Brake"
VCU_STATE,946688574.1371168,0x18FF1515,1,0
APS_PERC,946688574.1371168,0x18FF1515,1,"2.56 porcentagem pedal, precisão de 2 casas decimais"
IMD,946688574.1963147,0x103,3,FALSE
BMS,946688574.1963147,0x103,3,FALSE
BSPD,946688574.1963147,0x103,3,FALSE
SAFETY_OK,946688574.1963147,0x103,3,FALSE
GENERAL ERROR,946688574.1963147,0x103,3,FALSE
PRE_CHARGE_TIME_EXCEEDED,946688574.1963147,0x103,3,FALSE
BMS_TIMEOUT,946688574.1963147,0x103,3,FALSE
APPS_RANGE_ERROR,946688574.2370925,0x18FF1515,1,"FALSE 0 no Error, 1 Error"
SAFETY_OK,946688574.2370925,0x18FF1515,1,"FALSE 0 no Error, 1 Error"
BRAKE,946688574.2370925,0x18FF1515,1,"0 1 noBrake, 2 Brake"
VCU_STATE,946688574.2370925,0x18FF1515,1,1
APS_PERC,946688574.2370925,0x18FF1515,1,"10.24 porcentagem pedal, precisão de 2 casas decimais"
IMD,946688574.2965218,0x103,3,FALSE
BMS,946688574.2965218,0x103,3,FALSE
BSPD,946688574.2965218,0x103,3,FALSE
SAFETY_OK,946688574.2965218,0x103,3,FALSE
GENERAL ERROR,946688574.2965218,0x103,3,FALSE
PRE_CHARGE_TIME_EXCEEDED,946688574.2965218,0x103,3,FALSE
BMS_TIMEOUT,946688574.2965218,0x103,3,FALSE
UNDER_VOLTAGE,946688574.3150085,0x19B50007,1,FALSE logic
OVER_VOLTAGE,946688574.3150085,0x19B50007,1,FALSE logic
DISCHARGE_OVER_CURRENT,946688574.3150085,0x19B50007,1,FALSE logic
CHARGE_OVER_CURRENT,946688574.3150085,0x19B50007,1,FALSE logic
CELL_MODULE_OVERHEAT,946688574.3150085,0x19B50007,1,FALSE logic
LEAKAGE,946688574.3150085,0x19B50007,1,FALSE logic
NO_CELL_COMMUNICATION,946688574.3150085,0x19B50007,1,FALSE logic
LOW_VOLTAGE_W,946688574.3150085,0x19B50007,1,FALSE logic
HIGH_CURRENT_W,946688574.3150085,0x19B50007,1,FALSE logic
HIGH_TEMPERATURE_W,946688574.3150085,0x19B50007,1,FALSE logic
CELL_OVERHEAT,946688574.3150085,0x19B50007,1,FALSE logic
NO_CURRENT_SENSOR,946688574.3150085,0x19B50007,1,FALSE logic
PACK_UNDER_VOLTAGE,946688574.3150085,0x19B50007,1,FALSE logic
VALIDITY,946688574.3150085,0x19B50007,1,39 state
APPS_RANGE_ERROR,946688574.3370974,0x18FF1515,1,"FALSE 0 no Error, 1 Error"
SAFETY_OK,946688574.3370974,0x18FF1515,1,"FALSE 0 no Error, 1 Error"
BRAKE,946688574.3370974,0x18FF1515,1,"0 1 noBrake, 2 Brake"
VCU_STATE,946688574.3370974,0x18FF1515,1,1
APS_PERC,946688574.3370974,0x18FF1515,1,"10.24 porcentagem pedal, precisão de 2 casas decimais"
IMD,946688574.3965769,0x103,3,FALSE
BMS,946688574.3965769,0x103,3,FALSE
BSPD,946688574.3965769,0x103,3,FALSE
SAFETY_OK,946688574.3965769,0x103,3,FALSE
GENERAL ERROR,946688574.3965769,0x103,3,FALSE
PRE_CHARGE_TIME_EXCEEDED,946688574.3965769,0x103,3,FALSE
BMS_TIMEOUT,946688574.3965769,0x103,3,FALSE
APPS_RANGE_ERROR,946688574.4371016,0x18FF1515,1,"FALSE 0 no Error, 1 Error"
SAFETY_OK,946688574.4371016,0x18FF1515,1,"FALSE 0 no Error, 1 Error"
BRAKE,946688574.4371016,0x18FF1515,1,"0 1 noBrake, 2 Brake"
VCU_STATE,946688574.4371016,0x18FF1515,1,1
APS_PERC,946688574.4371016,0x18FF1515,1,"10.24 porcentagem pedal, precisão de 2 casas decimais"
IMD,946688574.4965531,0x103,3,FALSE
BMS,946688574.4965531,0x103,3,FALSE
BSPD,946688574.4965531,0x103,3,FALSE
SAFETY_OK,946688574.4965531,0x103,3,FALSE
GENERAL ERROR,946688574.4965531,0x103,3,FALSE
PRE_CHARGE_TIME_EXCEEDED,946688574.4965531,0x103,3,FALSE
BMS_TIMEOUT,946688574.4965531,0x103,3,FALSE
UNDER_VOLTAGE,946688574.507609,0x19B50007,1,FALSE logic
OVER_VOLTAGE,946688574.507609,0x19B50007,1,FALSE logic
DISCHARGE_OVER_CURRENT,946688574.507609,0x19B50007,1,FALSE logic
CHARGE_OVER_CURRENT,946688574.507609,0x19B50007,1,FALSE logic
CELL_MODULE_OVERHEAT,946688574.507609,0x19B50007,1,FALSE logic
LEAKAGE,946688574.507609,0x19B50007,1,FALSE logic
NO_CELL_COMMUNICATION,946688574.507609,0x19B50007,1,FALSE logic
LOW_VOLTAGE_W,946688574.507609,0x19B50007,1,FALSE logic
HIGH_CURRENT_W,946688574.507609,0x19B50007,1,FALSE logic
HIGH_TEMPERATURE_W,946688574.507609,0x19B50007,1,FALSE logic
CELL_OVERHEAT,946688574.507609,0x19B50007,1,FALSE logic
NO_CURRENT_SENSOR,946688574.507609,0x19B50007,1,FALSE logic
PACK_UNDER_VOLTAGE,946688574.507609,0x19B50007,1,FALSE logic
VALIDITY,946688574.507609,0x19B50007,1,39 state
APPS_RANGE_ERROR,946688574.5371017,0x18FF1515,1,"FALSE 0 no Error, 1 Error"
SAFETY_OK,946688574.5371017,0x18FF1515,1,"FALSE 0 no Error, 1 Error"
BRAKE,946688574.5371017,0x18FF1515,1,"0 1 noBrake, 2 Brake"
VCU_STATE,946688574.5371017,0x18FF1515,1,1
APS_PERC,946688574.5371017,0x18FF1515,1,"10.24 porcentagem pedal, precisão de 2 casas decimais"
IMD,946688574.5965674,0x103,3,FALSE
BMS,946688574.5965674,0x103,3,FALSE
BSPD,946688574.5965674,0x103,3,FALSE
SAFETY_OK,946688574.5965674,0x103,3,FALSE
GENERAL ERROR,946688574.5965674,0x103,3,FALSE
PRE_CHARGE_TIME_EXCEEDED,946688574.5965674,0x103,3,FALSE
BMS_TIMEOUT,946688574.5965674,0x103,3,FALSE
APPS_RANGE_ERROR,946688574.6370966,0x18FF1515,1,"FALSE 0 no Error, 1 Error"
SAFETY_OK,946688574.6370966,0x18FF1515,1,"FALSE 0 no Error, 1 Error"
BRAKE,946688574.6370966,0x18FF1515,1,"0 1 noBrake, 2 Brake"
VCU_STATE,946688574.6370966,0x18FF1515,1,1
APS_PERC,946688574.6370966,0x18FF1515,1,"10.24 porcentagem pedal, precisão de 2 casas decimais"
